id,sku,name,url_key,url_path,type,author_name,book_cover,brand_name,short_description,price,list_price,badges,badges_new,discount,discount_rate,rating_average,review_count,order_count,favourite_count,thumbnail_url,thumbnail_width,thumbnail_height,freegift_items,has_ebook,inventory_status,is_visible,productset_id,productset_group_name,seller,is_flower,is_gift_card,inventory,url_attendant_input_form,option_color,stock_item,salable_type,seller_product_id,installment_info,url_review,bundle_deal,quantity_sold,tiki_live,original_price,shippable,impression_info,advertisement,availability,primary_category_path,product_reco_score,seller_id,visible_impression_info,badges_v3
279218500,2077980967165,Ship of Theseus - NXB Trẻ,ship-of-theseus-01-nxb-tre-p279218500,ship-of-theseus-01-nxb-tre-p279218500.html?spid=279533768,,,,,,46000,0,[],"[{'code': 'tikinow', 'icon': 'https://salt.tikicdn.com/ts/tka/a8/31/b6/802e2c99dcce64c67aa2648edb15dd25.png', 'icon_height': 16, 'icon_width': 32, 'placement': 'delivery_info', 'text': 'Giao siêu tốc 2h', 'type': 'delivery_info_badge'}, {'code': 'authentic_brand', 'icon': 'https://salt.tikicdn.com/ts/tka/69/cf/22/1be823299ae34c7ddcd922e73abd4909.png', 'icon_height': 20, 'icon_width': 89, 'placement': 'under_product_image', 'type': 'icon_badge'}, {'code': 'brand_name', 'placement': 'above_product_name', 'text': 'TOSHIYA HIGASHIMOTO', 'text_color': '#808089', 'type': 'text_above_product_name'}, {'arr_text': [{'value': '9 Các tập'}], 'code': 'variant_count', 'placement': 'under_rating_v2', 'text_color': '#808089', 'type': 'text_box'}]",4000,8,5.0,19,0,0,https://salt.tikicdn.com/cache/280x280/ts/product/c2/ab/a4/2042f682afa3a2e2c10ab635be3b6f45.jpg,280,280,[],False,,False,253,,,False,False,,,[],,,279533768,,,False,"{'text': 'Đã bán 273', 'value': 273}",,50000,True,"[{'impression_id': 'thanos-Qx0NREXpcb59wcza-X3FqK0mh', 'metadata': {'astra_reward': 0, 'category': 8322, 'delivery_zone': 'VN039006001', 'discount_rate': 8, 'flags': {}, 'is_ad': 0, 'is_astra_plus': 0, 'is_official_store': 0, 'is_tikinow': 1, 'is_tikipro': 0, 'is_trusted_store': 0, 'mpid': 279218500, 'params': {'_v': 'filter_revamp', 'category': '8322', 'limit': '40', 'page': '1'}, 'position': 1, 'price': 46000, 'quantity_sold': 273, 'rating': 5, 'request_id': 'Qx0NREXpcb59wcza', 'spid': 279533768, 'tiki_verified': 0}, 'checksum': ''}]",,1,1/2/8322/316/1084,0,1,"{'amplitude': {'all_time_quantity_sold': 273, 'category_l1_name': 'Nhà Sách Tiki', 'category_l2_name': 'Sách tiếng Việt', 'deboosted_high_price_diff_position': 0, 'earliest_delivery_estimate': 0, 'is_authentic': 1, 'is_best_offer_available': False, 'is_flash_deal': False, 'is_freeship_xtra': False, 'is_gift_available': False, 'is_hero': False, 'is_high_price_penalty': False, 'is_imported': False, 'is_top_brand': True, 'joined_strategy_rerank': False, 'layout': 'grid_view', 'master_product_sku': '6401000467429', 'number_of_reviews': 19, 'order_route': 'same_province', 'partner_rewards_amount': 0, 'price': 46000, 'primary_category_name': 'Truyện Tranh, Manga, Comic', 'product_rating': 5, 'search_rank': 0, 'seller_id': 1, 'seller_product_id': 279533768, 'seller_product_sku': '2077980967165', 'seller_type': 'OFFICIAL_STORE', 'standard_delivery_estimate': 0, 'tiki_verified': 0, 'tikinow_delivery_estimate': 0.21, 'tikipro_delivery_estimate': 0, 'variant': True}}","[{'code': 'product_image_badge', 'image': 'https://salt.tikicdn.com/ts/upload/c2/bc/6d/ff18cc8968e2bbb43f7ac58efbfafdff.png', 'placement': 'badge_overlay_product_image', 'type': 'image_badge'}]"
279157961,6850954652338,Sách Hikaru - Kì Thủ Cờ Vây - Ultimate Edition ( Chọn Tập),hikaru-ki-thu-co-vay-ultimate-edition-tap-1-p279157961,hikaru-ki-thu-co-vay-ultimate-edition-tap-1-p279157961.html?spid=279277884,,,,,,72200,0,[],"[{'code': 'tikinow', 'icon': 'https://salt.tikicdn.com/ts/tka/a8/31/b6/802e2c99dcce64c67aa2648edb15dd25.png', 'icon_height': 16, 'icon_width': 32, 'placement': 'delivery_info', 'text': 'Giao siêu tốc 2h', 'type': 'delivery_info_badge'}, {'code': 'authentic_brand', 'icon': 'https://salt.tikicdn.com/ts/tka/69/cf/22/1be823299ae34c7ddcd922e73abd4909.png', 'icon_height': 20, 'icon_width': 89, 'placement': 'under_product_image', 'type': 'icon_badge'}, {'code': 'brand_name', 'placement': 'above_product_name', 'text': 'TAKESHI OBATA, YUMI HOTTA', 'text_color': '#808089', 'type': 'text_above_product_name'}, {'arr_text': [{'value': '6 Tập'}], 'code': 'variant_count', 'placement': 'under_rating_v2', 'text_color': '#808089', 'type': 'text_box'}]",7800,10,5.0,19,0,0,https://salt.tikicdn.com/cache/280x280/ts/product/ce/64/6e/f32da4f01390a14826435efad65a9562.jpg,280,280,[],False,,False,253,,,False,False,,,[],,,279277884,,,False,"{'text': 'Đã bán 367', 'value': 367}",,80000,True,"[{'impression_id': 'thanos-Qx0NREXpcb59wcza-q7vAEr9J', 'metadata': {'astra_reward': 0, 'category': 8322, 'delivery_zone': 'VN039006001', 'discount_rate': 10, 'flags': {}, 'is_ad': 0, 'is_astra_plus': 0, 'is_official_store': 0, 'is_tikinow': 1, 'is_tikipro': 0, 'is_trusted_store': 0, 'mpid': 279157961, 'params': {'_v': 'filter_revamp', 'category': '8322', 'limit': '40', 'page': '1'}, 'position': 2, 'price': 72200, 'quantity_sold': 367, 'rating': 5, 'request_id': 'Qx0NREXpcb59wcza', 'spid': 279277884, 'tiki_verified': 0}, 'checksum': ''}]",,1,1/2/8322/316/1084,0,1,"{'amplitude': {'all_time_quantity_sold': 367, 'category_l1_name': 'Nhà Sách Tiki', 'category_l2_name': 'Sách tiếng Việt', 'deboosted_high_price_diff_position': 0, 'earliest_delivery_estimate': 0, 'is_authentic': 1, 'is_best_offer_available': False, 'is_flash_deal': False, 'is_freeship_xtra': False, 'is_gift_available': False, 'is_hero': False, 'is_high_price_penalty': False, 'is_imported': False, 'is_top_brand': False, 'joined_strategy_rerank': False, 'layout': 'grid_view', 'master_product_sku': '2731949549333', 'number_of_reviews': 19, 'order_route': 'same_province', 'partner_rewards_amount': 0, 'price': 72200, 'primary_category_name': 'Truyện Tranh, Manga, Comic', 'product_rating': 5, 'search_rank': 0, 'seller_id': 1, 'seller_product_id': 279277884, 'seller_product_sku': '6850954652338', 'seller_type': 'OFFICIAL_STORE', 'standard_delivery_estimate': 0, 'tiki_verified': 0, 'tikinow_delivery_estimate': 0.21, 'tikipro_delivery_estimate': 0, 'variant': True}}","[{'code': 'product_image_badge', 'image': 'https://salt.tikicdn.com/ts/upload/c2/bc/6d/ff18cc8968e2bbb43f7ac58efbfafdff.png', 'placement': 'badge_overlay_product_image', 'type': 'image_badge'}]"
279112904,8740385161745,Thám Tử Lừng Danh Conan - Tập 107,tham-tu-lung-danh-conan-tap-107-p279112904,tham-tu-lung-danh-conan-tap-107-p279112904.html?spid=279112916,,,,,,23750,0,[],"[{'code': 'tikinow', 'icon': 'https://salt.tikicdn.com/ts/tka/a8/31/b6/802e2c99dcce64c67aa2648edb15dd25.png', 'icon_height': 16, 'icon_width': 32, 'placement': 'delivery_info', 'text': 'Giao siêu tốc 2h', 'type': 'delivery_info_badge'}, {'code': 'authentic_brand', 'icon': 'https://salt.tikicdn.com/ts/tka/69/cf/22/1be823299ae34c7ddcd922e73abd4909.png', 'icon_height': 20, 'icon_width': 89, 'placement': 'under_product_image', 'type': 'icon_badge'}, {'code': 'brand_name', 'placement': 'above_product_name', 'text': 'GOSHO AOYAMA', 'text_color': '#808089', 'type': 'text_above_product_name'}, {'arr_text': [{'value': '1 Tập'}], 'code': 'variant_count', 'placement': 'under_rating_v2', 'text_color': '#808089', 'type': 'text_box'}]",1250,5,5.0,20,0,0,https://salt.tikicdn.com/cache/280x280/ts/product/5b/8c/d8/760d6721d631b232b540673126d238a2.jpg,280,280,[],False,,False,253,,,False,False,,,[],,,279112916,,,False,"{'text': 'Đã bán 262', 'value': 262}",,25000,True,"[{'impression_id': 'thanos-Qx0NREXpcb59wcza-EtwIWjJh', 'metadata': {'astra_reward': 0, 'category': 8322, 'delivery_zone': 'VN039006001', 'discount_rate': 5, 'flags': {}, 'is_ad': 0, 'is_astra_plus': 0, 'is_official_store': 0, 'is_tikinow': 1, 'is_tikipro': 0, 'is_trusted_store': 0, 'mpid': 279112904, 'params': {'_v': 'filter_revamp', 'category': '8322', 'limit': '40', 'page': '1'}, 'position': 3, 'price': 23750, 'quantity_sold': 262, 'rating': 5, 'request_id': 'Qx0NREXpcb59wcza', 'spid': 279112916, 'tiki_verified': 0}, 'checksum': ''}]",,1,1/2/8322/316/1084,0,1,"{'amplitude': {'all_time_quantity_sold': 262, 'category_l1_name': 'Nhà Sách Tiki', 'category_l2_name': 'Sách tiếng Việt', 'deboosted_high_price_diff_position': 0, 'earliest_delivery_estimate': 0, 'is_authentic': 1, 'is_best_offer_available': False, 'is_flash_deal': False, 'is_freeship_xtra': False, 'is_gift_available': False, 'is_hero': False, 'is_high_price_penalty': False, 'is_imported': False, 'is_top_brand': False, 'joined_strategy_rerank': False, 'layout': 'grid_view', 'master_product_sku': '8481760878074', 'number_of_reviews': 20, 'order_route': 'same_province', 'partner_rewards_amount': 0, 'price': 23750, 'primary_category_name': 'Truyện Tranh, Manga, Comic', 'product_rating': 5, 'search_rank': 0, 'seller_id': 1, 'seller_product_id': 279112916, 'seller_product_sku': '8740385161745', 'seller_type': 'OFFICIAL_STORE', 'standard_delivery_estimate': 0, 'tiki_verified': 0, 'tikinow_delivery_estimate': 0.21, 'tikipro_delivery_estimate': 0, 'variant': True}}","[{'code': 'product_image_badge', 'image': 'https://salt.tikicdn.com/ts/upload/c2/bc/6d/ff18cc8968e2bbb43f7ac58efbfafdff.png', 'placement': 'badge_overlay_product_image', 'type': 'image_badge'}]"
278997061,1389576092296,Sách Tô Màu Phát Triển Trí Não Bộ Cho Bé 1-5 Tuổi - [Từ Tập 11 - Tập 20] - Chọn Tập Lẻ,sach-to-mau-phat-trien-tri-nao-bo-cho-be-1-5-tuoi-tu-tap-11-tap-20-chon-tap-le-p278997061,sach-to-mau-phat-trien-tri-nao-bo-cho-be-1-5-tuoi-tu-tap-11-tap-20-chon-tap-le-p278997061.html?spid=278997091,,,,,,10971,0,[],"[{'code': 'tikinow', 'icon': 'https://salt.tikicdn.com/ts/tka/a8/31/b6/802e2c99dcce64c67aa2648edb15dd25.png', 'icon_height': 16, 'icon_width': 32, 'placement': 'delivery_info', 'text': 'Giao siêu tốc 2h', 'type': 'delivery_info_badge'}, {'code': 'authentic_brand', 'icon': 'https://salt.tikicdn.com/ts/tka/69/cf/22/1be823299ae34c7ddcd922e73abd4909.png', 'icon_height': 20, 'icon_width': 89, 'placement': 'under_product_image', 'type': 'icon_badge'}, {'code': 'brand_name', 'placement': 'above_product_name', 'text': 'PHẠM NGỌC ĐIỆP', 'text_color': '#808089', 'type': 'text_above_product_name'}, {'arr_text': [{'value': '9 Tập'}], 'code': 'variant_count', 'placement': 'under_rating_v2', 'text_color': '#808089', 'type': 'text_box'}]",5029,31,5.0,1,0,0,https://salt.tikicdn.com/cache/280x280/ts/product/c2/2c/60/cf3cc397d6db05e5b41677e0db309d91.jpg,280,280,[],False,,False,252,,,False,False,,,[],,,278997091,,,False,"{'text': 'Đã bán 199', 'value': 199}",,16000,True,"[{'impression_id': 'thanos-Qx0NREXpcb59wcza-q1DU5HrO', 'metadata': {'astra_reward': 0, 'category': 8322, 'delivery_zone': 'VN039006001', 'discount_rate': 31, 'flags': {}, 'is_ad': 0, 'is_astra_plus': 0, 'is_official_store': 0, 'is_tikinow': 1, 'is_tikipro': 0, 'is_trusted_store': 0, 'mpid': 278997061, 'params': {'_v': 'filter_revamp', 'category': '8322', 'limit': '40', 'page': '1'}, 'position': 4, 'price': 10971, 'quantity_sold': 199, 'rating': 5, 'request_id': 'Qx0NREXpcb59wcza', 'spid': 278997091, 'tiki_verified': 0}, 'checksum': ''}]",,1,1/2/8322/316/393/856,0,1,"{'amplitude': {'all_time_quantity_sold': 199, 'category_l1_name': 'Nhà Sách Tiki', 'category_l2_name': 'Sách tiếng Việt', 'category_l3_name': 'Sách thiếu nhi ', 'deboosted_high_price_diff_position': 0, 'earliest_delivery_estimate': 0, 'is_authentic': 1, 'is_best_offer_available': False, 'is_flash_deal': False, 'is_freeship_xtra': False, 'is_gift_available': False, 'is_hero': False, 'is_high_price_penalty': False, 'is_imported': False, 'is_top_brand': False, 'joined_strategy_rerank': False, 'layout': 'grid_view', 'master_product_sku': '4717896301828', 'number_of_reviews': 1, 'order_route': 'same_province', 'partner_rewards_amount': 0, 'price': 10971, 'primary_category_name': 'Tô màu - Luyện chữ  ', 'product_rating': 5, 'search_rank': 0, 'seller_id': 1, 'seller_product_id': 278997091, 'seller_product_sku': '1389576092296', 'seller_type': 'OFFICIAL_STORE', 'standard_delivery_estimate': 0, 'tiki_verified': 0, 'tikinow_delivery_estimate': 0.21, 'tikipro_delivery_estimate': 0, 'variant': True}}","[{'code': 'product_image_badge', 'image': 'https://salt.tikicdn.com/ts/upload/c2/bc/6d/ff18cc8968e2bbb43f7ac58efbfafdff.png', 'placement': 'badge_overlay_product_image', 'type': 'image_badge'}]"
278968251,5253947526573,Hàng Xóm Của Tôi TOTORO (Truyện tranh màu) - [Chọn Tập Lẻ,hang-xom-cua-toi-totoro-truyen-tranh-mau-chon-tap-le-p278968251,hang-xom-cua-toi-totoro-truyen-tranh-mau-chon-tap-le-p278968251.html?spid=279180521,,,,,,71250,0,[],"[{'code': 'tikinow', 'icon': 'https://salt.tikicdn.com/ts/tka/a8/31/b6/802e2c99dcce64c67aa2648edb15dd25.png', 'icon_height': 16, 'icon_width': 32, 'placement': 'delivery_info', 'text': 'Giao siêu tốc 2h', 'type': 'delivery_info_badge'}, {'code': 'authentic_brand', 'icon': 'https://salt.tikicdn.com/ts/tka/69/cf/22/1be823299ae34c7ddcd922e73abd4909.png', 'icon_height': 20, 'icon_width': 89, 'placement': 'under_product_image', 'type': 'icon_badge'}, {'code': 'brand_name', 'placement': 'above_product_name', 'text': 'TỪ BỘ PHIM CỦA HAYAO MIYAZAKI', 'text_color': '#808089', 'type': 'text_above_product_name'}, {'arr_text': [{'value': '4 Tập'}], 'code': 'variant_count', 'placement': 'under_rating_v2', 'text_color': '#808089', 'type': 'text_box'}]",3750,5,5.0,5,0,0,https://salt.tikicdn.com/cache/280x280/ts/product/e9/bc/9c/3cf5174081e94941bf233e060636ca07.jpg,280,280,[],False,,False,253,,,False,False,,,[],,,279180521,,,False,"{'text': 'Đã bán 165', 'value': 165}",,75000,True,"[{'impression_id': 'thanos-Qx0NREXpcb59wcza-dJaGb0HP', 'metadata': {'astra_reward': 0, 'category': 8322, 'delivery_zone': 'VN039006001', 'discount_rate': 5, 'flags': {}, 'is_ad': 0, 'is_astra_plus': 0, 'is_official_store': 0, 'is_tikinow': 1, 'is_tikipro': 0, 'is_trusted_store': 0, 'mpid': 278968251, 'params': {'_v': 'filter_revamp', 'category': '8322', 'limit': '40', 'page': '1'}, 'position': 5, 'price': 71250, 'quantity_sold': 165, 'rating': 5, 'request_id': 'Qx0NREXpcb59wcza', 'spid': 279180521, 'tiki_verified': 0}, 'checksum': ''}]",,1,1/2/8322/316/1084,0,1,"{'amplitude': {'all_time_quantity_sold': 165, 'category_l1_name': 'Nhà Sách Tiki', 'category_l2_name': 'Sách tiếng Việt', 'deboosted_high_price_diff_position': 0, 'earliest_delivery_estimate': 0, 'is_authentic': 1, 'is_best_offer_available': False, 'is_flash_deal': False, 'is_freeship_xtra': False, 'is_gift_available': False, 'is_hero': False, 'is_high_price_penalty': False, 'is_imported': False, 'is_top_brand': False, 'joined_strategy_rerank': False, 'layout': 'grid_view', 'master_product_sku': '1985534154598', 'number_of_reviews': 5, 'order_route': 'same_province', 'partner_rewards_amount': 0, 'price': 71250, 'primary_category_name': 'Truyện Tranh, Manga, Comic', 'product_rating': 5, 'search_rank': 0, 'seller_id': 1, 'seller_product_id': 279180521, 'seller_product_sku': '5253947526573', 'seller_type': 'OFFICIAL_STORE', 'standard_delivery_estimate': 0, 'tiki_verified': 0, 'tikinow_delivery_estimate': 0.21, 'tikipro_delivery_estimate': 0, 'variant': True}}","[{'code': 'product_image_badge', 'image': 'https://salt.tikicdn.com/ts/upload/c2/bc/6d/ff18cc8968e2bbb43f7ac58efbfafdff.png', 'placement': 'badge_overlay_product_image', 'type': 'image_badge'}]"
278967562,7133308969741,Monster - Deluxe Edition –  [Chọn Tập Lẻ,monster-deluxe-edition-chon-tap-le-p278967562,monster-deluxe-edition-chon-tap-le-p278967562.html?spid=278706877,,,,,,115900,0,[],"[{'code': 'tikinow', 'icon': 'https://salt.tikicdn.com/ts/tka/a8/31/b6/802e2c99dcce64c67aa2648edb15dd25.png', 'icon_height': 16, 'icon_width': 32, 'placement': 'delivery_info', 'text': 'Giao siêu tốc 2h', 'type': 'delivery_info_badge'}, {'code': 'authentic_brand', 'icon': 'https://salt.tikicdn.com/ts/tka/69/cf/22/1be823299ae34c7ddcd922e73abd4909.png', 'icon_height': 20, 'icon_width': 89, 'placement': 'under_product_image', 'type': 'icon_badge'}, {'code': 'brand_name', 'placement': 'above_product_name', 'text': 'NAOKI URASAWA', 'text_color': '#808089', 'type': 'text_above_product_name'}, {'arr_text': [{'value': '5 Tập'}], 'code': 'variant_count', 'placement': 'under_rating_v2', 'text_color': '#808089', 'type': 'text_box'}]",0,0,5.0,54,0,0,https://salt.tikicdn.com/cache/280x280/ts/product/e8/15/85/ea72f19277cdf1ac534690e766cc9548.jpg,280,280,[],False,,False,253,,,False,False,,,[],,,278706877,,,False,"{'text': 'Đã bán 509', 'value': 509}",,115900,True,"[{'impression_id': 'thanos-Qx0NREXpcb59wcza-CQEwHOET', 'metadata': {'astra_reward': 0, 'category': 8322, 'delivery_zone': 'VN039006001', 'discount_rate': 0, 'flags': {}, 'is_ad': 0, 'is_astra_plus': 0, 'is_official_store': 0, 'is_tikinow': 1, 'is_tikipro': 0, 'is_trusted_store': 0, 'mpid': 278967562, 'params': {'_v': 'filter_revamp', 'category': '8322', 'limit': '40', 'page': '1'}, 'position': 6, 'price': 115900, 'quantity_sold': 509, 'rating': 5, 'request_id': 'Qx0NREXpcb59wcza', 'spid': 278706877, 'tiki_verified': 0}, 'checksum': ''}]",,1,1/2/8322/316/1084,0,1,"{'amplitude': {'all_time_quantity_sold': 509, 'category_l1_name': 'Nhà Sách Tiki', 'category_l2_name': 'Sách tiếng Việt', 'deboosted_high_price_diff_position': 0, 'earliest_delivery_estimate': 0, 'is_authentic': 1, 'is_best_offer_available': False, 'is_flash_deal': False, 'is_freeship_xtra': False, 'is_gift_available': False, 'is_hero': False, 'is_high_price_penalty': False, 'is_imported': False, 'is_top_brand': False, 'joined_strategy_rerank': False, 'master_product_sku': '1448024990429', 'number_of_reviews': 54, 'order_route': 'same_province', 'partner_rewards_amount': 0, 'price': 115900, 'primary_category_name': 'Truyện Tranh, Manga, Comic', 'product_rating': 5, 'search_rank': 0, 'seller_id': 1, 'seller_product_id': 278706877, 'seller_product_sku': '7133308969741', 'seller_type': 'OFFICIAL_STORE', 'standard_delivery_estimate': 0, 'tiki_verified': 0, 'tikinow_delivery_estimate': 0.21, 'tikipro_delivery_estimate': 0, 'variant': True}}","[{'code': 'product_image_badge', 'image': 'https://salt.tikicdn.com/ts/upload/c2/bc/6d/ff18cc8968e2bbb43f7ac58efbfafdff.png', 'placement': 'badge_overlay_product_image', 'type': 'image_badge'}]"
278879928,3387922714872,Sách Nếu Như Không Thể Nói Nếu Như & Có Ai Giữ Giùm Những Lãng Quên & Thức Dậy Anh Vẫn Là Mơ - Tái Bản 2025,sach-neu-nhu-khong-the-noi-neu-nhu-co-ai-giu-gium-nhung-lang-quen-thuc-day-anh-van-la-mo-tai-ban-2025-p278879928,sach-neu-nhu-khong-the-noi-neu-nhu-co-ai-giu-gium-nhung-lang-quen-thuc-day-anh-van-la-mo-tai-ban-2025-p278879928.html?spid=278879977,,,,,,75600,0,[],"[{'code': 'tikinow', 'icon': 'https://salt.tikicdn.com/ts/tka/a8/31/b6/802e2c99dcce64c67aa2648edb15dd25.png', 'icon_height': 16, 'icon_width': 32, 'placement': 'delivery_info', 'text': 'Giao siêu tốc 2h', 'type': 'delivery_info_badge'}, {'code': 'authentic_brand', 'icon': 'https://salt.tikicdn.com/ts/tka/69/cf/22/1be823299ae34c7ddcd922e73abd4909.png', 'icon_height': 20, 'icon_width': 89, 'placement': 'under_product_image', 'type': 'icon_badge'}, {'code': 'brand_name', 'placement': 'above_product_name', 'text': 'JUN PHẠM (365 BAND)', 'text_color': '#808089', 'type': 'text_above_product_name'}, {'arr_text': [{'value': '4 Phân loại'}], 'code': 'variant_count', 'placement': 'under_rating_v2', 'text_color': '#808089', 'type': 'text_box'}]",29400,28,5.0,12,0,0,https://salt.tikicdn.com/cache/280x280/ts/product/0e/48/42/7461470e8250a6a256af74cec0f876d7.jpg,280,280,[],False,,False,251,,,False,False,,,[],,,278879977,,,False,"{'text': 'Đã bán 312', 'value': 312}",,105000,True,"[{'impression_id': 'thanos-Qx0NREXpcb59wcza-UmrxEKl1', 'metadata': {'astra_reward': 0, 'category': 8322, 'delivery_zone': 'VN039006001', 'discount_rate': 28, 'flags': {}, 'is_ad': 0, 'is_astra_plus': 0, 'is_official_store': 0, 'is_tikinow': 1, 'is_tikipro': 0, 'is_trusted_store': 0, 'mpid': 278879928, 'params': {'_v': 'filter_revamp', 'category': '8322', 'limit': '40', 'page': '1'}, 'position': 7, 'price': 75600, 'quantity_sold': 312, 'rating': 5, 'request_id': 'Qx0NREXpcb59wcza', 'spid': 278879977, 'tiki_verified': 0}, 'checksum': ''}]",,1,1/2/8322/316/839/845/68000,0,1,"{'amplitude': {'all_time_quantity_sold': 312, 'category_l1_name': 'Nhà Sách Tiki', 'category_l2_name': 'Sách tiếng Việt', 'category_l3_name': 'Sách văn học', 'category_l4_name': 'Truyện ngắn - Tản văn - Tạp Văn', 'deboosted_high_price_diff_position': 0, 'earliest_delivery_estimate': 0, 'is_authentic': 1, 'is_best_offer_available': False, 'is_flash_deal': False, 'is_freeship_xtra': False, 'is_gift_available': False, 'is_hero': False, 'is_high_price_penalty': False, 'is_imported': False, 'is_top_brand': True, 'joined_strategy_rerank': False, 'layout': 'grid_view', 'master_product_sku': '9977089702255', 'number_of_reviews': 12, 'order_route': 'same_province', 'partner_rewards_amount': 0, 'price': 75600, 'primary_category_name': 'Truyện ngắn - Tản văn - Tạp Văn Việt Nam', 'product_rating': 5, 'search_rank': 0, 'seller_id': 1, 'seller_product_id': 278879977, 'seller_product_sku': '3387922714872', 'seller_type': 'OFFICIAL_STORE', 'standard_delivery_estimate': 0, 'tiki_verified': 0, 'tikinow_delivery_estimate': 0.21, 'tikipro_delivery_estimate': 0, 'variant': True}}","[{'code': 'product_image_badge', 'image': 'https://salt.tikicdn.com/ts/upload/c2/bc/6d/ff18cc8968e2bbb43f7ac58efbfafdff.png', 'placement': 'badge_overlay_product_image', 'type': 'image_badge'}]"
278856619,7270417063111,Sách Cô Bé Hàng Xóm Và Bốn Viên Kẹo (Nguyễn Nhật Ánh) - 2 phiên bản & quà tặng kèm,sach-co-be-hang-xom-va-bon-vien-keo-p278856619,sach-co-be-hang-xom-va-bon-vien-keo-p278856619.html?spid=278856627,,,,,,86000,0,[],"[{'code': 'tikinow', 'icon': 'https://salt.tikicdn.com/ts/tka/a8/31/b6/802e2c99dcce64c67aa2648edb15dd25.png', 'icon_height': 16, 'icon_width': 32, 'placement': 'delivery_info', 'text': 'Giao siêu tốc 2h', 'type': 'delivery_info_badge'}, {'code': 'authentic_brand', 'icon': 'https://salt.tikicdn.com/ts/tka/69/cf/22/1be823299ae34c7ddcd922e73abd4909.png', 'icon_height': 20, 'icon_width': 89, 'placement': 'under_product_image', 'type': 'icon_badge'}, {'code': 'brand_name', 'placement': 'above_product_name', 'text': 'NGUYỄN NHẬT ÁNH', 'text_color': '#808089', 'type': 'text_above_product_name'}, {'arr_text': [{'value': '2 Loại bìa'}], 'code': 'variant_count', 'placement': 'under_rating_v2', 'text_color': '#808089', 'type': 'text_box'}]",29000,25,5.0,71,0,0,https://salt.tikicdn.com/cache/280x280/ts/product/8d/dd/76/399dd35734df5ea5998df57e6fb3553b.png,280,280,[],False,,False,251,,,False,False,,,[],,,278856627,,,False,"{'text': 'Đã bán 876', 'value': 876}",,115000,True,"[{'impression_id': 'thanos-Qx0NREXpcb59wcza-hMyuW5PY', 'metadata': {'astra_reward': 0, 'category': 8322, 'delivery_zone': 'VN039006001', 'discount_rate': 25, 'flags': {}, 'is_ad': 0, 'is_astra_plus': 0, 'is_official_store': 0, 'is_tikinow': 1, 'is_tikipro': 0, 'is_trusted_store': 0, 'mpid': 278856619, 'params': {'_v': 'filter_revamp', 'category': '8322', 'limit': '40', 'page': '1'}, 'position': 8, 'price': 86000, 'quantity_sold': 876, 'rating': 5, 'request_id': 'Qx0NREXpcb59wcza', 'spid': 278856627, 'tiki_verified': 0}, 'checksum': ''}]",,1,1/2/8322/316/839/844/67996,0,1,"{'amplitude': {'all_time_quantity_sold': 876, 'category_l1_name': 'Nhà Sách Tiki', 'category_l2_name': 'Sách tiếng Việt', 'category_l3_name': 'Sách văn học', 'category_l4_name': 'Tiểu Thuyết', 'deboosted_high_price_diff_position': 0, 'earliest_delivery_estimate': 0, 'is_authentic': 1, 'is_best_offer_available': False, 'is_flash_deal': False, 'is_freeship_xtra': False, 'is_gift_available': False, 'is_hero': False, 'is_high_price_penalty': False, 'is_imported': False, 'is_top_brand': True, 'joined_strategy_rerank': False, 'layout': 'grid_view', 'master_product_sku': '8181521199193', 'number_of_reviews': 71, 'order_route': 'same_province', 'partner_rewards_amount': 0, 'price': 86000, 'primary_category_name': 'Tiểu Thuyết Phương Đông', 'product_rating': 5, 'search_rank': 0, 'seller_id': 1, 'seller_product_id': 278856627, 'seller_product_sku': '7270417063111', 'seller_type': 'OFFICIAL_STORE', 'standard_delivery_estimate': 0, 'tiki_verified': 0, 'tikinow_delivery_estimate': 0.21, 'tikipro_delivery_estimate': 0, 'variant': True}}","[{'code': 'product_image_badge', 'image': 'https://salt.tikicdn.com/ts/upload/c2/bc/6d/ff18cc8968e2bbb43f7ac58efbfafdff.png', 'placement': 'badge_overlay_product_image', 'type': 'image_badge'}]"
278790552,5279422848901,Bộ Truyện One Piece [Chọn Tập Lẻ,bo-truyen-one-piece-chon-tap-le-p278790552,bo-truyen-one-piece-chon-tap-le-p278790552.html?spid=278790687,,,,,,22800,0,[],"[{'code': 'tikinow', 'icon': 'https://salt.tikicdn.com/ts/tka/a8/31/b6/802e2c99dcce64c67aa2648edb15dd25.png', 'icon_height': 16, 'icon_width': 32, 'placement': 'delivery_info', 'text': 'Giao siêu tốc 2h', 'type': 'delivery_info_badge'}, {'code': 'authentic_brand', 'icon': 'https://salt.tikicdn.com/ts/tka/69/cf/22/1be823299ae34c7ddcd922e73abd4909.png', 'icon_height': 20, 'icon_width': 89, 'placement': 'under_product_image', 'type': 'icon_badge'}, {'code': 'brand_name', 'placement': 'above_product_name', 'text': 'EIICHIRO ODA', 'text_color': '#808089', 'type': 'text_above_product_name'}, {'arr_text': [{'value': '100 Tập'}], 'code': 'variant_count', 'placement': 'under_rating_v2', 'text_color': '#808089', 'type': 'text_box'}]",2200,9,5.0,271,0,0,https://salt.tikicdn.com/cache/280x280/ts/product/45/bb/b9/76349f438a48121700cfab25a56588e4.jpg,280,280,[],False,,False,253,,,False,False,,,[],,,278790687,,,False,"{'text': 'Đã bán 346', 'value': 346}",,25000,True,"[{'impression_id': 'thanos-Qx0NREXpcb59wcza-1PolE0u6', 'metadata': {'astra_reward': 0, 'category': 8322, 'delivery_zone': 'VN039006001', 'discount_rate': 9, 'flags': {}, 'is_ad': 0, 'is_astra_plus': 0, 'is_official_store': 0, 'is_tikinow': 1, 'is_tikipro': 0, 'is_trusted_store': 0, 'mpid': 278790552, 'params': {'_v': 'filter_revamp', 'category': '8322', 'limit': '40', 'page': '1'}, 'position': 9, 'price': 22800, 'quantity_sold': 346, 'rating': 5, 'request_id': 'Qx0NREXpcb59wcza', 'spid': 278790687, 'tiki_verified': 0}, 'checksum': ''}]",,1,1/2/8322/316/1084,0,1,"{'amplitude': {'all_time_quantity_sold': 346, 'category_l1_name': 'Nhà Sách Tiki', 'category_l2_name': 'Sách tiếng Việt', 'deboosted_high_price_diff_position': 0, 'earliest_delivery_estimate': 0, 'is_authentic': 1, 'is_best_offer_available': False, 'is_flash_deal': False, 'is_freeship_xtra': False, 'is_gift_available': False, 'is_hero': False, 'is_high_price_penalty': False, 'is_imported': False, 'is_top_brand': False, 'joined_strategy_rerank': False, 'layout': 'grid_view', 'master_product_sku': '5178819868028', 'number_of_reviews': 271, 'order_route': 'same_province', 'partner_rewards_amount': 0, 'price': 22800, 'primary_category_name': 'Truyện Tranh, Manga, Comic', 'product_rating': 5, 'search_rank': 0, 'seller_id': 1, 'seller_product_id': 278790687, 'seller_product_sku': '5279422848901', 'seller_type': 'OFFICIAL_STORE', 'standard_delivery_estimate': 0, 'tiki_verified': 0, 'tikinow_delivery_estimate': 0.21, 'tikipro_delivery_estimate': 0, 'variant': True}}","[{'code': 'product_image_badge', 'image': 'https://salt.tikicdn.com/ts/upload/c2/bc/6d/ff18cc8968e2bbb43f7ac58efbfafdff.png', 'placement': 'badge_overlay_product_image', 'type': 'image_badge'}]"
278788044,1059755635864,Sách BEASTARS [Chọn Tập Lẻ,sach-beastars-chon-tap-le-p278788044,sach-beastars-chon-tap-le-p278788044.html?spid=279374884,,,,,,28350,0,[],"[{'code': 'tikinow', 'icon': 'https://salt.tikicdn.com/ts/tka/a8/31/b6/802e2c99dcce64c67aa2648edb15dd25.png', 'icon_height': 16, 'icon_width': 32, 'placement': 'delivery_info', 'text': 'Giao siêu tốc 2h', 'type': 'delivery_info_badge'}, {'code': 'authentic_brand', 'icon': 'https://salt.tikicdn.com/ts/tka/69/cf/22/1be823299ae34c7ddcd922e73abd4909.png', 'icon_height': 20, 'icon_width': 89, 'placement': 'under_product_image', 'type': 'icon_badge'}, {'code': 'brand_name', 'placement': 'above_product_name', 'text': 'PARU ITAGAKI', 'text_color': '#808089', 'type': 'text_above_product_name'}, {'arr_text': [{'value': '11 Tập'}], 'code': 'variant_count', 'placement': 'under_rating_v2', 'text_color': '#808089', 'type': 'text_box'}]",3150,10,5.0,9,0,0,https://salt.tikicdn.com/cache/280x280/ts/product/cf/cd/76/462107c046bc3eef9a0f92b32e9a65cc.jpg,280,280,[],False,,False,253,,,False,False,,,[],,,279374884,,,False,"{'text': 'Đã bán 273', 'value': 273}",,31500,True,"[{'impression_id': 'thanos-Qx0NREXpcb59wcza-fOwtVnC1', 'metadata': {'astra_reward': 0, 'category': 8322, 'delivery_zone': 'VN039006001', 'discount_rate': 10, 'flags': {}, 'is_ad': 0, 'is_astra_plus': 0, 'is_official_store': 0, 'is_tikinow': 1, 'is_tikipro': 0, 'is_trusted_store': 0, 'mpid': 278788044, 'params': {'_v': 'filter_revamp', 'category': '8322', 'limit': '40', 'page': '1'}, 'position': 10, 'price': 28350, 'quantity_sold': 273, 'rating': 5, 'request_id': 'Qx0NREXpcb59wcza', 'spid': 279374884, 'tiki_verified': 0}, 'checksum': ''}]",,1,1/2/8322/316/1084,0,1,"{'amplitude': {'all_time_quantity_sold': 273, 'category_l1_name': 'Nhà Sách Tiki', 'category_l2_name': 'Sách tiếng Việt', 'deboosted_high_price_diff_position': 0, 'earliest_delivery_estimate': 0, 'is_authentic': 1, 'is_best_offer_available': False, 'is_flash_deal': False, 'is_freeship_xtra': False, 'is_gift_available': False, 'is_hero': False, 'is_high_price_penalty': False, 'is_imported': False, 'is_top_brand': False, 'joined_strategy_rerank': False, 'layout': 'grid_view', 'master_product_sku': '9784798108237', 'number_of_reviews': 9, 'order_route': 'same_province', 'partner_rewards_amount': 0, 'price': 28350, 'primary_category_name': 'Truyện Tranh, Manga, Comic', 'product_rating': 5, 'search_rank': 0, 'seller_id': 1, 'seller_product_id': 279374884, 'seller_product_sku': '1059755635864', 'seller_type': 'OFFICIAL_STORE', 'standard_delivery_estimate': 0, 'tiki_verified': 0, 'tikinow_delivery_estimate': 0.21, 'tikipro_delivery_estimate': 0, 'variant': True}}","[{'code': 'product_image_badge', 'image': 'https://salt.tikicdn.com/ts/upload/c2/bc/6d/ff18cc8968e2bbb43f7ac58efbfafdff.png', 'placement': 'badge_overlay_product_image', 'type': 'image_badge'}]"
278785576,8935036685391,Sách Dragon Ball - 7 Viên Ngọc Rồng [Chọn Tập Lẻ] - Tập 1,sach-dragon-ball-7-vien-ngoc-rong-chon-tap-le-p278785576,sach-dragon-ball-7-vien-ngoc-rong-chon-tap-le-p278785576.html?spid=92281,,,,,,28500,0,[],"[{'code': 'tikinow', 'icon': 'https://salt.tikicdn.com/ts/tka/a8/31/b6/802e2c99dcce64c67aa2648edb15dd25.png', 'icon_height': 16, 'icon_width': 32, 'placement': 'delivery_info', 'text': 'Giao siêu tốc 2h', 'type': 'delivery_info_badge'}, {'code': 'authentic_brand', 'icon': 'https://salt.tikicdn.com/ts/tka/69/cf/22/1be823299ae34c7ddcd922e73abd4909.png', 'icon_height': 20, 'icon_width': 89, 'placement': 'under_product_image', 'type': 'icon_badge'}, {'code': 'brand_name', 'placement': 'above_product_name', 'text': 'AKIRA TORIYAMA', 'text_color': '#808089', 'type': 'text_above_product_name'}, {'arr_text': [{'value': '41 Tập'}], 'code': 'variant_count', 'placement': 'under_rating_v2', 'text_color': '#808089', 'type': 'text_box'}]",1500,5,4.8,4,0,0,https://salt.tikicdn.com/cache/280x280/ts/product/9d/3f/a2/a3b6b5baf3111b7817e8649f857cc25f.jpg,280,280,[],False,,False,253,,,False,False,,,[],,,92281,,,False,"{'text': 'Đã bán 404', 'value': 404}",,30000,True,"[{'impression_id': 'thanos-Qx0NREXpcb59wcza-EoEpJ1CU', 'metadata': {'astra_reward': 0, 'category': 8322, 'delivery_zone': 'VN039006001', 'discount_rate': 5, 'flags': {}, 'is_ad': 0, 'is_astra_plus': 0, 'is_official_store': 0, 'is_tikinow': 1, 'is_tikipro': 0, 'is_trusted_store': 0, 'mpid': 278785576, 'params': {'_v': 'filter_revamp', 'category': '8322', 'limit': '40', 'page': '1'}, 'position': 11, 'price': 28500, 'quantity_sold': 404, 'rating': 4.8, 'request_id': 'Qx0NREXpcb59wcza', 'spid': 92281, 'tiki_verified': 1}, 'checksum': ''}]",,1,1/2/8322/316/1084,0,1,"{'amplitude': {'all_time_quantity_sold': 404, 'category_l1_name': 'Nhà Sách Tiki', 'category_l2_name': 'Sách tiếng Việt', 'deboosted_high_price_diff_position': 0, 'earliest_delivery_estimate': 0, 'is_authentic': 1, 'is_best_offer_available': False, 'is_flash_deal': False, 'is_freeship_xtra': False, 'is_gift_available': False, 'is_hero': False, 'is_high_price_penalty': False, 'is_imported': False, 'is_top_brand': False, 'joined_strategy_rerank': False, 'layout': 'grid_view', 'master_product_sku': '6844760652808', 'number_of_reviews': 4, 'order_route': 'same_province', 'partner_rewards_amount': 0, 'price': 28500, 'primary_category_name': 'Truyện Tranh, Manga, Comic', 'product_rating': 4.8, 'search_rank': 0, 'seller_id': 1, 'seller_product_id': 92281, 'seller_product_sku': '8935036685391', 'seller_type': 'OFFICIAL_STORE', 'standard_delivery_estimate': 0, 'tiki_verified': 1, 'tikinow_delivery_estimate': 0.21, 'tikipro_delivery_estimate': 0, 'variant': True}}","[{'code': 'product_image_badge', 'image': 'https://salt.tikicdn.com/ts/upload/c2/bc/6d/ff18cc8968e2bbb43f7ac58efbfafdff.png', 'placement': 'badge_overlay_product_image', 'type': 'image_badge'}]"
278777861,7825609102300,Bộ Sách Quiz! Khoa Học Kì Thú [Chọn Tập Lẻ,bo-sach-quiz-khoa-hoc-ki-thu-p278777861,bo-sach-quiz-khoa-hoc-ki-thu-p278777861.html?spid=278826432,,,,,,55200,0,[],"[{'code': 'tikinow', 'icon': 'https://salt.tikicdn.com/ts/tka/a8/31/b6/802e2c99dcce64c67aa2648edb15dd25.png', 'icon_height': 16, 'icon_width': 32, 'placement': 'delivery_info', 'text': 'Giao siêu tốc 2h', 'type': 'delivery_info_badge'}, {'code': 'authentic_brand', 'icon': 'https://salt.tikicdn.com/ts/tka/69/cf/22/1be823299ae34c7ddcd922e73abd4909.png', 'icon_height': 20, 'icon_width': 89, 'placement': 'under_product_image', 'type': 'icon_badge'}, {'code': 'brand_name', 'placement': 'above_product_name', 'text': 'NHIỀU TÁC GIẢ', 'text_color': '#808089', 'type': 'text_above_product_name'}, {'arr_text': [{'value': '36 Tập'}], 'code': 'variant_count', 'placement': 'under_rating_v2', 'text_color': '#808089', 'type': 'text_box'}]",19800,26,5.0,24,0,0,https://salt.tikicdn.com/cache/280x280/ts/product/51/c4/8e/1ef71a75a9b53f43f8efed80ba918760.jpg,280,280,[],False,,False,252,,,False,False,,,[],,,278826432,,,False,"{'text': 'Đã bán 945', 'value': 945}",,75000,True,"[{'impression_id': 'thanos-Qx0NREXpcb59wcza-G5s4S4zd', 'metadata': {'astra_reward': 0, 'category': 8322, 'delivery_zone': 'VN039006001', 'discount_rate': 26, 'flags': {}, 'is_ad': 0, 'is_astra_plus': 0, 'is_official_store': 0, 'is_tikinow': 1, 'is_tikipro': 0, 'is_trusted_store': 0, 'mpid': 278777861, 'params': {'_v': 'filter_revamp', 'category': '8322', 'limit': '40', 'page': '1'}, 'position': 12, 'price': 55200, 'quantity_sold': 945, 'rating': 5, 'request_id': 'Qx0NREXpcb59wcza', 'spid': 278826432, 'tiki_verified': 0}, 'checksum': ''}]",,1,1/2/8322/316/393/853,0,1,"{'amplitude': {'all_time_quantity_sold': 945, 'category_l1_name': 'Nhà Sách Tiki', 'category_l2_name': 'Sách tiếng Việt', 'category_l3_name': 'Sách thiếu nhi ', 'deboosted_high_price_diff_position': 0, 'earliest_delivery_estimate': 0, 'is_authentic': 1, 'is_best_offer_available': False, 'is_flash_deal': False, 'is_freeship_xtra': False, 'is_gift_available': False, 'is_hero': False, 'is_high_price_penalty': False, 'is_imported': False, 'is_top_brand': False, 'joined_strategy_rerank': False, 'layout': 'grid_view', 'master_product_sku': '6635841683218', 'number_of_reviews': 24, 'order_route': 'same_province', 'partner_rewards_amount': 0, 'price': 55200, 'primary_category_name': 'Kiến thức - Bách khoa', 'product_rating': 5, 'search_rank': 0, 'seller_id': 1, 'seller_product_id': 278826432, 'seller_product_sku': '7825609102300', 'seller_type': 'OFFICIAL_STORE', 'standard_delivery_estimate': 0, 'tiki_verified': 0, 'tikinow_delivery_estimate': 0.21, 'tikipro_delivery_estimate': 0, 'variant': True}}","[{'code': 'product_image_badge', 'image': 'https://salt.tikicdn.com/ts/upload/c2/bc/6d/ff18cc8968e2bbb43f7ac58efbfafdff.png', 'placement': 'badge_overlay_product_image', 'type': 'image_badge'}]"
278777851,7416096546300,Sách Ma Đạo Tổ Sư - Tái Bản,sach-ma-dao-to-su-tai-ban-2025-p278777851,sach-ma-dao-to-su-tai-ban-2025-p278777851.html?spid=278777815,,,,,,112800,0,[],"[{'code': 'tikinow', 'icon': 'https://salt.tikicdn.com/ts/tka/a8/31/b6/802e2c99dcce64c67aa2648edb15dd25.png', 'icon_height': 16, 'icon_width': 32, 'placement': 'delivery_info', 'text': 'Giao siêu tốc 2h', 'type': 'delivery_info_badge'}, {'code': 'authentic_brand', 'icon': 'https://salt.tikicdn.com/ts/tka/69/cf/22/1be823299ae34c7ddcd922e73abd4909.png', 'icon_height': 20, 'icon_width': 89, 'placement': 'under_product_image', 'type': 'icon_badge'}, {'code': 'brand_name', 'placement': 'above_product_name', 'text': 'MẶC HƯƠNG ĐỒNG KHỨU', 'text_color': '#808089', 'type': 'text_above_product_name'}, {'arr_text': [{'value': '4 Tập'}], 'code': 'variant_count', 'placement': 'under_rating_v2', 'text_color': '#808089', 'type': 'text_box'}]",66200,37,5.0,32,0,0,https://salt.tikicdn.com/cache/280x280/ts/product/55/4d/4e/594faa28c6cfb08030790452323b8592.jpg,280,280,[],False,,False,251,,,False,False,,,[],,,278777815,,,False,"{'text': 'Đã bán 158', 'value': 158}",,179000,True,"[{'impression_id': 'thanos-Qx0NREXpcb59wcza-IBM06A4k', 'metadata': {'astra_reward': 0, 'category': 8322, 'delivery_zone': 'VN039006001', 'discount_rate': 37, 'flags': {}, 'is_ad': 0, 'is_astra_plus': 0, 'is_official_store': 0, 'is_tikinow': 1, 'is_tikipro': 0, 'is_trusted_store': 0, 'mpid': 278777851, 'params': {'_v': 'filter_revamp', 'category': '8322', 'limit': '40', 'page': '1'}, 'position': 13, 'price': 112800, 'quantity_sold': 158, 'rating': 5, 'request_id': 'Qx0NREXpcb59wcza', 'spid': 278777815, 'tiki_verified': 0}, 'checksum': ''}]",,1,1/2/8322/316/839/1367/67998,0,1,"{'amplitude': {'all_time_quantity_sold': 158, 'category_l1_name': 'Nhà Sách Tiki', 'category_l2_name': 'Sách tiếng Việt', 'category_l3_name': 'Sách văn học', 'category_l4_name': 'Truyện đam mỹ', 'deboosted_high_price_diff_position': 0, 'earliest_delivery_estimate': 0, 'is_authentic': 1, 'is_best_offer_available': False, 'is_flash_deal': False, 'is_freeship_xtra': False, 'is_gift_available': False, 'is_hero': False, 'is_high_price_penalty': False, 'is_imported': False, 'is_top_brand': True, 'joined_strategy_rerank': False, 'layout': 'grid_view', 'master_product_sku': '8456195250922', 'number_of_reviews': 32, 'order_route': 'same_province', 'partner_rewards_amount': 0, 'price': 112800, 'primary_category_name': 'Truyện Chữ Đam Mỹ', 'product_rating': 5, 'search_rank': 0, 'seller_id': 1, 'seller_product_id': 278777815, 'seller_product_sku': '7416096546300', 'seller_type': 'OFFICIAL_STORE', 'standard_delivery_estimate': 0, 'tiki_verified': 0, 'tikinow_delivery_estimate': 0.21, 'tikipro_delivery_estimate': 0, 'variant': True}}","[{'code': 'product_image_badge', 'image': 'https://salt.tikicdn.com/ts/upload/c2/bc/6d/ff18cc8968e2bbb43f7ac58efbfafdff.png', 'placement': 'badge_overlay_product_image', 'type': 'image_badge'}]"
278715265,3464365804665,Sách Hà Thanh Hải Yến - Ngang Qua Ngõ Nhỏ Bình An,sach-ha-thanh-hai-yen-ngang-qua-ngo-nho-binh-an-p278715265,sach-ha-thanh-hai-yen-ngang-qua-ngo-nho-binh-an-p278715265.html?spid=278715267,,,,,,122200,0,[],"[{'code': 'authentic_brand', 'icon': 'https://salt.tikicdn.com/ts/tka/69/cf/22/1be823299ae34c7ddcd922e73abd4909.png', 'icon_height': 20, 'icon_width': 89, 'placement': 'under_product_image', 'type': 'icon_badge'}, {'code': 'brand_name', 'placement': 'above_product_name', 'text': 'QUẤT TỬ BẤT TOAN', 'text_color': '#808089', 'type': 'text_above_product_name'}, {'code': 'delivery_info_badge', 'placement': 'delivery_info', 'text': 'Giao chủ nhật, 09/08', 'type': 'delivery_info_badge'}]",73800,38,5.0,7,0,0,https://salt.tikicdn.com/cache/280x280/ts/product/54/69/83/0f4ebd56f46546fa2f6f7a04e4363319.jpg,280,280,[],False,,False,251,,,False,False,,,[],,,278715267,,,False,"{'text': 'Đã bán 69', 'value': 69}",,196000,True,"[{'impression_id': 'thanos-Qx0NREXpcb59wcza-Sn49MiFF', 'metadata': {'astra_reward': 0, 'category': 8322, 'delivery_date': '2026/08/09', 'delivery_info_badge_text': 'Giao chủ nhật, 09/08', 'delivery_zone': 'VN039006001', 'discount_rate': 38, 'flags': {}, 'is_ad': 0, 'is_astra_plus': 0, 'is_official_store': 0, 'is_tikinow': 0, 'is_tikipro': 0, 'is_trusted_store': 0, 'mpid': 278715265, 'params': {'_v': 'filter_revamp', 'category': '8322', 'limit': '40', 'page': '1'}, 'position': 14, 'price': 122200, 'quantity_sold': 69, 'rating': 5, 'request_id': 'Qx0NREXpcb59wcza', 'spid': 278715267, 'tiki_verified': 0}, 'checksum': ''}]",,1,1/2/8322/316/839/844/67996,0,1,"{'amplitude': {'all_time_quantity_sold': 69, 'category_l1_name': 'Nhà Sách Tiki', 'category_l2_name': 'Sách tiếng Việt', 'category_l3_name': 'Sách văn học', 'category_l4_name': 'Tiểu Thuyết', 'deboosted_high_price_diff_position': 0, 'earliest_delivery_estimate': 0, 'is_authentic': 1, 'is_best_offer_available': False, 'is_flash_deal': False, 'is_freeship_xtra': False, 'is_gift_available': False, 'is_hero': False, 'is_high_price_penalty': False, 'is_imported': False, 'is_top_brand': False, 'joined_strategy_rerank': False, 'layout': 'grid_view', 'master_product_sku': '3523769691324', 'number_of_reviews': 7, 'order_route': 'hn_hcm', 'partner_rewards_amount': 0, 'price': 122200, 'primary_category_name': 'Tiểu Thuyết Phương Đông', 'product_rating': 5, 'search_rank': 0, 'seller_id': 1, 'seller_product_id': 278715267, 'seller_product_sku': '3464365804665', 'seller_type': 'OFFICIAL_STORE', 'standard_delivery_estimate': 4.067, 'tiki_verified': 0, 'tikinow_delivery_estimate': 0, 'tikipro_delivery_estimate': 0, 'variant': False}}","[{'code': 'product_image_badge', 'image': 'https://salt.tikicdn.com/ts/upload/c2/bc/6d/ff18cc8968e2bbb43f7ac58efbfafdff.png', 'placement': 'badge_overlay_product_image', 'type': 'image_badge'}]"
278710197,6442590967022,Rắc Rối Đáng Yêu - Love☆Com,rac-roi-dang-yeu-love-com-p278710197,rac-roi-dang-yeu-love-com-p278710197.html?spid=279394160,,,,,,45000,0,[],"[{'code': 'tikinow', 'icon': 'https://salt.tikicdn.com/ts/tka/a8/31/b6/802e2c99dcce64c67aa2648edb15dd25.png', 'icon_height': 16, 'icon_width': 32, 'placement': 'delivery_info', 'text': 'Giao siêu tốc 2h', 'type': 'delivery_info_badge'}, {'code': 'authentic_brand', 'icon': 'https://salt.tikicdn.com/ts/tka/69/cf/22/1be823299ae34c7ddcd922e73abd4909.png', 'icon_height': 20, 'icon_width': 89, 'placement': 'under_product_image', 'type': 'icon_badge'}, {'code': 'brand_name', 'placement': 'above_product_name', 'text': 'AYA NAKAHARA', 'text_color': '#808089', 'type': 'text_above_product_name'}, {'arr_text': [{'value': '11 Loại bìa'}], 'code': 'variant_count', 'placement': 'under_rating_v2', 'text_color': '#808089', 'type': 'text_box'}]",5000,10,5.0,10,0,0,https://salt.tikicdn.com/cache/280x280/ts/product/8f/b5/b1/26472cf041bded25135737c8ca68c19a.png,280,280,[],False,,False,253,,,False,False,,,[],,,279394160,,,False,"{'text': 'Đã bán 235', 'value': 235}",,50000,True,"[{'impression_id': 'thanos-Qx0NREXpcb59wcza-pRhRlANr', 'metadata': {'astra_reward': 0, 'category': 8322, 'delivery_zone': 'VN039006001', 'discount_rate': 10, 'flags': {}, 'is_ad': 0, 'is_astra_plus': 0, 'is_official_store': 0, 'is_tikinow': 1, 'is_tikipro': 0, 'is_trusted_store': 0, 'mpid': 278710197, 'params': {'_v': 'filter_revamp', 'category': '8322', 'limit': '40', 'page': '1'}, 'position': 15, 'price': 45000, 'quantity_sold': 235, 'rating': 5, 'request_id': 'Qx0NREXpcb59wcza', 'spid': 279394160, 'tiki_verified': 0}, 'checksum': ''}]",,1,1/2/8322/316/1084,0,1,"{'amplitude': {'all_time_quantity_sold': 235, 'category_l1_name': 'Nhà Sách Tiki', 'category_l2_name': 'Sách tiếng Việt', 'deboosted_high_price_diff_position': 0, 'earliest_delivery_estimate': 0, 'is_authentic': 1, 'is_best_offer_available': False, 'is_flash_deal': False, 'is_freeship_xtra': False, 'is_gift_available': False, 'is_hero': False, 'is_high_price_penalty': False, 'is_imported': False, 'is_top_brand': True, 'joined_strategy_rerank': False, 'layout': 'grid_view', 'master_product_sku': '4314276112975', 'number_of_reviews': 10, 'order_route': 'same_province', 'partner_rewards_amount': 0, 'price': 45000, 'primary_category_name': 'Truyện Tranh, Manga, Comic', 'product_rating': 5, 'search_rank': 0, 'seller_id': 1, 'seller_product_id': 279394160, 'seller_product_sku': '6442590967022', 'seller_type': 'OFFICIAL_STORE', 'standard_delivery_estimate': 0, 'tiki_verified': 0, 'tikinow_delivery_estimate': 0.21, 'tikipro_delivery_estimate': 0, 'variant': True}}","[{'code': 'product_image_badge', 'image': 'https://salt.tikicdn.com/ts/upload/c2/bc/6d/ff18cc8968e2bbb43f7ac58efbfafdff.png', 'placement': 'badge_overlay_product_image', 'type': 'image_badge'}]"
278706881,9475914638112,Itto - Sóng Gió Cầu Trường - [Tái Bản 2025,itto-song-gio-cau-truong-tai-ban-2025-p278706881,itto-song-gio-cau-truong-tai-ban-2025-p278706881.html?spid=278706948,,,,,,23750,0,[],"[{'code': 'tikinow', 'icon': 'https://salt.tikicdn.com/ts/tka/a8/31/b6/802e2c99dcce64c67aa2648edb15dd25.png', 'icon_height': 16, 'icon_width': 32, 'placement': 'delivery_info', 'text': 'Giao siêu tốc 2h', 'type': 'delivery_info_badge'}, {'code': 'authentic_brand', 'icon': 'https://salt.tikicdn.com/ts/tka/69/cf/22/1be823299ae34c7ddcd922e73abd4909.png', 'icon_height': 20, 'icon_width': 89, 'placement': 'under_product_image', 'type': 'icon_badge'}, {'code': 'brand_name', 'placement': 'above_product_name', 'text': 'MOTOKI MONMA', 'text_color': '#808089', 'type': 'text_above_product_name'}, {'arr_text': [{'value': '26 Tập'}], 'code': 'variant_count', 'placement': 'under_rating_v2', 'text_color': '#808089', 'type': 'text_box'}]",1250,5,5.0,35,0,0,https://salt.tikicdn.com/cache/280x280/ts/product/38/50/f4/a3dbd11704e9e225018f7e49791bd1f4.jpg,280,280,[],False,,False,253,,,False,False,,,[],,,278706948,,,False,"{'text': 'Đã bán 207', 'value': 207}",,25000,True,"[{'impression_id': 'thanos-Qx0NREXpcb59wcza-IVW9yqIg', 'metadata': {'astra_reward': 0, 'category': 8322, 'delivery_zone': 'VN039006001', 'discount_rate': 5, 'flags': {}, 'is_ad': 0, 'is_astra_plus': 0, 'is_official_store': 0, 'is_tikinow': 1, 'is_tikipro': 0, 'is_trusted_store': 0, 'mpid': 278706881, 'params': {'_v': 'filter_revamp', 'category': '8322', 'limit': '40', 'page': '1'}, 'position': 16, 'price': 23750, 'quantity_sold': 207, 'rating': 5, 'request_id': 'Qx0NREXpcb59wcza', 'spid': 278706948, 'tiki_verified': 0}, 'checksum': ''}]",,1,1/2/8322/316/1084,0,1,"{'amplitude': {'all_time_quantity_sold': 207, 'category_l1_name': 'Nhà Sách Tiki', 'category_l2_name': 'Sách tiếng Việt', 'deboosted_high_price_diff_position': 0, 'earliest_delivery_estimate': 0, 'is_authentic': 1, 'is_best_offer_available': False, 'is_flash_deal': False, 'is_freeship_xtra': False, 'is_gift_available': False, 'is_hero': False, 'is_high_price_penalty': False, 'is_imported': False, 'is_top_brand': False, 'joined_strategy_rerank': False, 'layout': 'grid_view', 'master_product_sku': '9094112887010', 'number_of_reviews': 35, 'order_route': 'same_province', 'partner_rewards_amount': 0, 'price': 23750, 'primary_category_name': 'Truyện Tranh, Manga, Comic', 'product_rating': 5, 'search_rank': 0, 'seller_id': 1, 'seller_product_id': 278706948, 'seller_product_sku': '9475914638112', 'seller_type': 'OFFICIAL_STORE', 'standard_delivery_estimate': 0, 'tiki_verified': 0, 'tikinow_delivery_estimate': 0.21, 'tikipro_delivery_estimate': 0, 'variant': True}}","[{'code': 'product_image_badge', 'image': 'https://salt.tikicdn.com/ts/upload/c2/bc/6d/ff18cc8968e2bbb43f7ac58efbfafdff.png', 'placement': 'badge_overlay_product_image', 'type': 'image_badge'}]"
278523761,4782402126854,Siêu Quậy Teppei Tập 1 – Tập 31,sieu-quay-teppei-tap-1-tap-31-p278523761,sieu-quay-teppei-tap-1-tap-31-p278523761.html?spid=278523800,,,,,,22500,0,[],"[{'code': 'tikinow', 'icon': 'https://salt.tikicdn.com/ts/tka/a8/31/b6/802e2c99dcce64c67aa2648edb15dd25.png', 'icon_height': 16, 'icon_width': 32, 'placement': 'delivery_info', 'text': 'Giao siêu tốc 2h', 'type': 'delivery_info_badge'}, {'code': 'authentic_brand', 'icon': 'https://salt.tikicdn.com/ts/tka/69/cf/22/1be823299ae34c7ddcd922e73abd4909.png', 'icon_height': 20, 'icon_width': 89, 'placement': 'under_product_image', 'type': 'icon_badge'}, {'code': 'brand_name', 'placement': 'above_product_name', 'text': 'TETSUYA CHIBA', 'text_color': '#808089', 'type': 'text_above_product_name'}, {'arr_text': [{'value': '31 Tập'}], 'code': 'variant_count', 'placement': 'under_rating_v2', 'text_color': '#808089', 'type': 'text_box'}]",2500,10,5.0,11,0,0,https://salt.tikicdn.com/cache/280x280/ts/product/18/03/59/5ce8ee59a55dec6d629f5c3df445fe53.jpg,280,280,[],False,,False,253,,,False,False,,,[],,,278523800,,,False,"{'text': 'Đã bán 294', 'value': 294}",,25000,True,"[{'impression_id': 'thanos-Qx0NREXpcb59wcza-TwNq70ud', 'metadata': {'astra_reward': 0, 'category': 8322, 'delivery_zone': 'VN039006001', 'discount_rate': 10, 'flags': {}, 'is_ad': 0, 'is_astra_plus': 0, 'is_official_store': 0, 'is_tikinow': 1, 'is_tikipro': 0, 'is_trusted_store': 0, 'mpid': 278523761, 'params': {'_v': 'filter_revamp', 'category': '8322', 'limit': '40', 'page': '1'}, 'position': 17, 'price': 22500, 'quantity_sold': 294, 'rating': 5, 'request_id': 'Qx0NREXpcb59wcza', 'spid': 278523800, 'tiki_verified': 0}, 'checksum': ''}]",,1,1/2/8322/316/1084,0,1,"{'amplitude': {'all_time_quantity_sold': 294, 'category_l1_name': 'Nhà Sách Tiki', 'category_l2_name': 'Sách tiếng Việt', 'deboosted_high_price_diff_position': 0, 'earliest_delivery_estimate': 0, 'is_authentic': 1, 'is_best_offer_available': False, 'is_flash_deal': False, 'is_freeship_xtra': False, 'is_gift_available': False, 'is_hero': False, 'is_high_price_penalty': False, 'is_imported': False, 'is_top_brand': False, 'joined_strategy_rerank': False, 'master_product_sku': '3688007664490', 'number_of_reviews': 11, 'order_route': 'same_province', 'partner_rewards_amount': 0, 'price': 22500, 'primary_category_name': 'Truyện Tranh, Manga, Comic', 'product_rating': 5, 'search_rank': 0, 'seller_id': 1, 'seller_product_id': 278523800, 'seller_product_sku': '4782402126854', 'seller_type': 'OFFICIAL_STORE', 'standard_delivery_estimate': 0, 'tiki_verified': 0, 'tikinow_delivery_estimate': 0.21, 'tikipro_delivery_estimate': 0, 'variant': True}}","[{'code': 'product_image_badge', 'image': 'https://salt.tikicdn.com/ts/upload/c2/bc/6d/ff18cc8968e2bbb43f7ac58efbfafdff.png', 'placement': 'badge_overlay_product_image', 'type': 'image_badge'}]"
278496130,6351745807817,Thanh Gươm Diệt Quỷ,thanh-guom-diet-quy-tap-1-tan-khoc-p278496130,thanh-guom-diet-quy-tap-1-tan-khoc-p278496130.html?spid=48035298,,,,,,28500,0,[],"[{'code': 'tikinow', 'icon': 'https://salt.tikicdn.com/ts/tka/a8/31/b6/802e2c99dcce64c67aa2648edb15dd25.png', 'icon_height': 16, 'icon_width': 32, 'placement': 'delivery_info', 'text': 'Giao siêu tốc 2h', 'type': 'delivery_info_badge'}, {'code': 'authentic_brand', 'icon': 'https://salt.tikicdn.com/ts/tka/69/cf/22/1be823299ae34c7ddcd922e73abd4909.png', 'icon_height': 20, 'icon_width': 89, 'placement': 'under_product_image', 'type': 'icon_badge'}, {'code': 'brand_name', 'placement': 'above_product_name', 'text': 'KOYOHARU GOTOUGE', 'text_color': '#808089', 'type': 'text_above_product_name'}, {'arr_text': [{'value': '23 Tập'}], 'code': 'variant_count', 'placement': 'under_rating_v2', 'text_color': '#808089', 'type': 'text_box'}]",1500,5,5.0,529,0,0,https://salt.tikicdn.com/cache/280x280/ts/product/b7/b1/25/a9e0e4098a18e09c4db601285fd1203d.jpg,280,280,[],False,,False,253,,,False,False,,,[],,,48035298,,,False,"{'text': 'Đã bán 4525', 'value': 4525}",,30000,True,"[{'impression_id': 'thanos-Qx0NREXpcb59wcza-FKqCHVxu', 'metadata': {'astra_reward': 0, 'category': 8322, 'delivery_zone': 'VN039006001', 'discount_rate': 5, 'flags': {}, 'is_ad': 0, 'is_astra_plus': 0, 'is_official_store': 0, 'is_tikinow': 1, 'is_tikipro': 0, 'is_trusted_store': 0, 'mpid': 278496130, 'params': {'_v': 'filter_revamp', 'category': '8322', 'limit': '40', 'page': '1'}, 'position': 18, 'price': 28500, 'quantity_sold': 4525, 'rating': 5, 'request_id': 'Qx0NREXpcb59wcza', 'spid': 48035298, 'tiki_verified': 1}, 'checksum': ''}]",,1,1/2/8322/316/1084,0,1,"{'amplitude': {'all_time_quantity_sold': 4525, 'category_l1_name': 'Nhà Sách Tiki', 'category_l2_name': 'Sách tiếng Việt', 'deboosted_high_price_diff_position': 0, 'earliest_delivery_estimate': 0, 'is_authentic': 1, 'is_best_offer_available': False, 'is_flash_deal': False, 'is_freeship_xtra': False, 'is_gift_available': False, 'is_hero': False, 'is_high_price_penalty': False, 'is_imported': False, 'is_top_brand': False, 'joined_strategy_rerank': False, 'layout': 'grid_view', 'master_product_sku': '6286902619121', 'number_of_reviews': 529, 'order_route': 'same_province', 'partner_rewards_amount': 0, 'price': 28500, 'primary_category_name': 'Truyện Tranh, Manga, Comic', 'product_rating': 5, 'search_rank': 0, 'seller_id': 1, 'seller_product_id': 48035298, 'seller_product_sku': '6351745807817', 'seller_type': 'OFFICIAL_STORE', 'standard_delivery_estimate': 0, 'tiki_verified': 1, 'tikinow_delivery_estimate': 0.21, 'tikipro_delivery_estimate': 0, 'variant': True}}","[{'code': 'product_image_badge', 'image': 'https://salt.tikicdn.com/ts/upload/c2/bc/6d/ff18cc8968e2bbb43f7ac58efbfafdff.png', 'placement': 'badge_overlay_product_image', 'type': 'image_badge'}]"
278463126,3393233852155,Komi - Nữ Thần Sợ Giao Tiếp ( Chọn Tập Lẻ),komi-nu-than-so-giao-tiep-chon-tap-le-p278463126,komi-nu-than-so-giao-tiep-chon-tap-le-p278463126.html?spid=144779881,,,,,,27000,0,[],"[{'code': 'tikinow', 'icon': 'https://salt.tikicdn.com/ts/tka/a8/31/b6/802e2c99dcce64c67aa2648edb15dd25.png', 'icon_height': 16, 'icon_width': 32, 'placement': 'delivery_info', 'text': 'Giao siêu tốc 2h', 'type': 'delivery_info_badge'}, {'code': 'authentic_brand', 'icon': 'https://salt.tikicdn.com/ts/tka/69/cf/22/1be823299ae34c7ddcd922e73abd4909.png', 'icon_height': 20, 'icon_width': 89, 'placement': 'under_product_image', 'type': 'icon_badge'}, {'code': 'brand_name', 'placement': 'above_product_name', 'text': 'TOMOHITO ODA', 'text_color': '#808089', 'type': 'text_above_product_name'}, {'arr_text': [{'value': '23 Tập'}], 'code': 'variant_count', 'placement': 'under_rating_v2', 'text_color': '#808089', 'type': 'text_box'}]",3000,10,4.8,361,0,0,https://salt.tikicdn.com/cache/280x280/ts/product/07/b0/a1/a6f2adf545825eb674beaa4704c7c485.jpg,280,280,[],False,,False,253,,,False,False,,,[],,,144779881,,,False,"{'text': 'Đã bán 975', 'value': 975}",,30000,True,"[{'impression_id': 'thanos-Qx0NREXpcb59wcza-XhKaC0vR', 'metadata': {'astra_reward': 0, 'category': 8322, 'delivery_zone': 'VN039006001', 'discount_rate': 10, 'flags': {}, 'is_ad': 0, 'is_astra_plus': 0, 'is_official_store': 0, 'is_tikinow': 1, 'is_tikipro': 0, 'is_trusted_store': 0, 'mpid': 278463126, 'params': {'_v': 'filter_revamp', 'category': '8322', 'limit': '40', 'page': '1'}, 'position': 19, 'price': 27000, 'quantity_sold': 975, 'rating': 4.8, 'request_id': 'Qx0NREXpcb59wcza', 'spid': 144779881, 'tiki_verified': 1}, 'checksum': ''}]",,1,1/2/8322/316/1084,0,1,"{'amplitude': {'all_time_quantity_sold': 975, 'category_l1_name': 'Nhà Sách Tiki', 'category_l2_name': 'Sách tiếng Việt', 'deboosted_high_price_diff_position': 0, 'earliest_delivery_estimate': 0, 'is_authentic': 1, 'is_best_offer_available': False, 'is_flash_deal': False, 'is_freeship_xtra': False, 'is_gift_available': False, 'is_hero': False, 'is_high_price_penalty': False, 'is_imported': False, 'is_top_brand': True, 'joined_strategy_rerank': False, 'layout': 'grid_view', 'master_product_sku': '7922944037110', 'number_of_reviews': 361, 'order_route': 'same_province', 'partner_rewards_amount': 0, 'price': 27000, 'primary_category_name': 'Truyện Tranh, Manga, Comic', 'product_rating': 4.8, 'search_rank': 0, 'seller_id': 1, 'seller_product_id': 144779881, 'seller_product_sku': '3393233852155', 'seller_type': 'OFFICIAL_STORE', 'standard_delivery_estimate': 0, 'tiki_verified': 1, 'tikinow_delivery_estimate': 0.21, 'tikipro_delivery_estimate': 0, 'variant': True}}","[{'code': 'product_image_badge', 'image': 'https://salt.tikicdn.com/ts/upload/c2/bc/6d/ff18cc8968e2bbb43f7ac58efbfafdff.png', 'placement': 'badge_overlay_product_image', 'type': 'image_badge'}]"
278275166,8578876490146,Hoa Thơm Kiêu Hãnh (Chọn tập lẻ),hoa-thom-kieu-hanh-p278275166,hoa-thom-kieu-hanh-p278275166.html?spid=278758607,,,,,,50000,0,[],"[{'code': 'tikinow', 'icon': 'https://salt.tikicdn.com/ts/tka/a8/31/b6/802e2c99dcce64c67aa2648edb15dd25.png', 'icon_height': 16, 'icon_width': 32, 'placement': 'delivery_info', 'text': 'Giao siêu tốc 2h', 'type': 'delivery_info_badge'}, {'code': 'authentic_brand', 'icon': 'https://salt.tikicdn.com/ts/tka/69/cf/22/1be823299ae34c7ddcd922e73abd4909.png', 'icon_height': 20, 'icon_width': 89, 'placement': 'under_product_image', 'type': 'icon_badge'}, {'code': 'brand_name', 'placement': 'above_product_name', 'text': 'SAKA MIKAMI', 'text_color': '#808089', 'type': 'text_above_product_name'}, {'arr_text': [{'value': '23 Loại bìa'}], 'code': 'variant_count', 'placement': 'under_rating_v2', 'text_color': '#808089', 'type': 'text_box'}]",5000,9,5.0,12,0,0,https://salt.tikicdn.com/cache/280x280/ts/product/76/59/fd/f7f3d4b89449371b6dcdd4c56a0222f0.png,280,280,[],False,,False,253,,,False,False,,,[],,,278758607,,,False,"{'text': 'Đã bán 657', 'value': 657}",,55000,True,"[{'impression_id': 'thanos-Qx0NREXpcb59wcza-bL6u2raQ', 'metadata': {'astra_reward': 0, 'category': 8322, 'delivery_zone': 'VN039006001', 'discount_rate': 9, 'flags': {}, 'is_ad': 0, 'is_astra_plus': 0, 'is_official_store': 0, 'is_tikinow': 1, 'is_tikipro': 0, 'is_trusted_store': 0, 'mpid': 278275166, 'params': {'_v': 'filter_revamp', 'category': '8322', 'limit': '40', 'page': '1'}, 'position': 20, 'price': 50000, 'quantity_sold': 657, 'rating': 5, 'request_id': 'Qx0NREXpcb59wcza', 'spid': 278758607, 'tiki_verified': 0}, 'checksum': ''}]",,1,1/2/8322/316/1084,0,1,"{'amplitude': {'all_time_quantity_sold': 657, 'category_l1_name': 'Nhà Sách Tiki', 'category_l2_name': 'Sách tiếng Việt', 'deboosted_high_price_diff_position': 0, 'earliest_delivery_estimate': 0, 'is_authentic': 1, 'is_best_offer_available': False, 'is_flash_deal': False, 'is_freeship_xtra': False, 'is_gift_available': False, 'is_hero': False, 'is_high_price_penalty': False, 'is_imported': False, 'is_top_brand': True, 'joined_strategy_rerank': False, 'layout': 'grid_view', 'master_product_sku': '5370798614986', 'number_of_reviews': 12, 'order_route': 'same_province', 'partner_rewards_amount': 0, 'price': 50000, 'primary_category_name': 'Truyện Tranh, Manga, Comic', 'product_rating': 5, 'search_rank': 0, 'seller_id': 1, 'seller_product_id': 278758607, 'seller_product_sku': '8578876490146', 'seller_type': 'OFFICIAL_STORE', 'standard_delivery_estimate': 0, 'tiki_verified': 0, 'tikinow_delivery_estimate': 0.21, 'tikipro_delivery_estimate': 0, 'variant': True}}","[{'code': 'product_image_badge', 'image': 'https://salt.tikicdn.com/ts/upload/c2/bc/6d/ff18cc8968e2bbb43f7ac58efbfafdff.png', 'placement': 'badge_overlay_product_image', 'type': 'image_badge'}]"
277962612,7214410887570,Sách Thiên Quan Tứ Phúc,sach-thien-quan-tu-phuc-p277962612,sach-thien-quan-tu-phuc-p277962612.html?spid=277962709,,,,,,107600,0,[],"[{'code': 'tikinow', 'icon': 'https://salt.tikicdn.com/ts/tka/a8/31/b6/802e2c99dcce64c67aa2648edb15dd25.png', 'icon_height': 16, 'icon_width': 32, 'placement': 'delivery_info', 'text': 'Giao siêu tốc 2h', 'type': 'delivery_info_badge'}, {'code': 'authentic_brand', 'icon': 'https://salt.tikicdn.com/ts/tka/69/cf/22/1be823299ae34c7ddcd922e73abd4909.png', 'icon_height': 20, 'icon_width': 89, 'placement': 'under_product_image', 'type': 'icon_badge'}, {'code': 'brand_name', 'placement': 'above_product_name', 'text': 'MẶC HƯƠNG ĐỒNG KHỨU', 'text_color': '#808089', 'type': 'text_above_product_name'}, {'arr_text': [{'value': '7 Tập'}], 'code': 'variant_count', 'placement': 'under_rating_v2', 'text_color': '#808089', 'type': 'text_box'}]",61400,36,4.8,82,0,0,https://salt.tikicdn.com/cache/280x280/ts/product/13/3a/7f/0a56c1775cff9ccbe7093179ab58841b.jpg,280,280,[],False,,False,251,,,False,False,,,[],,,277962709,,,False,"{'text': 'Đã bán 490', 'value': 490}",,169000,True,"[{'impression_id': 'thanos-Qx0NREXpcb59wcza-hJfAVQsI', 'metadata': {'astra_reward': 0, 'category': 8322, 'delivery_zone': 'VN039006001', 'discount_rate': 36, 'flags': {}, 'is_ad': 0, 'is_astra_plus': 0, 'is_official_store': 0, 'is_tikinow': 1, 'is_tikipro': 0, 'is_trusted_store': 0, 'mpid': 277962612, 'params': {'_v': 'filter_revamp', 'category': '8322', 'limit': '40', 'page': '1'}, 'position': 21, 'price': 107600, 'quantity_sold': 490, 'rating': 4.8, 'request_id': 'Qx0NREXpcb59wcza', 'spid': 277962709, 'tiki_verified': 0}, 'checksum': ''}]",,1,1/2/8322/316/839/1367/67998,0,1,"{'amplitude': {'all_time_quantity_sold': 490, 'category_l1_name': 'Nhà Sách Tiki', 'category_l2_name': 'Sách tiếng Việt', 'category_l3_name': 'Sách văn học', 'category_l4_name': 'Truyện đam mỹ', 'deboosted_high_price_diff_position': 0, 'earliest_delivery_estimate': 0, 'is_authentic': 1, 'is_best_offer_available': False, 'is_flash_deal': False, 'is_freeship_xtra': False, 'is_gift_available': False, 'is_hero': True, 'is_high_price_penalty': False, 'is_imported': False, 'is_top_brand': True, 'joined_strategy_rerank': False, 'master_product_sku': '2055936955609', 'number_of_reviews': 82, 'order_route': 'same_province', 'partner_rewards_amount': 0, 'price': 107600, 'primary_category_name': 'Truyện Chữ Đam Mỹ', 'product_rating': 4.8, 'search_rank': 0, 'seller_id': 1, 'seller_product_id': 277962709, 'seller_product_sku': '7214410887570', 'seller_type': 'OFFICIAL_STORE', 'standard_delivery_estimate': 0, 'tiki_verified': 0, 'tikinow_delivery_estimate': 0.21, 'tikipro_delivery_estimate': 0, 'variant': True}}","[{'code': 'product_image_badge', 'image': 'https://salt.tikicdn.com/ts/upload/12/e2/4a/c5226426ee9429b0050449ae5403c9cf.png', 'placement': 'badge_overlay_product_image', 'type': 'image_badge'}]"
277591013,1480601209903,Bộ Truyện - Itto - Cơn lốc sân cỏ,bo-truyen-itto-con-loc-san-co-p277591013,bo-truyen-itto-con-loc-san-co-p277591013.html?spid=277591041,,,,,,166250,0,[],"[{'code': 'tikinow', 'icon': 'https://salt.tikicdn.com/ts/tka/a8/31/b6/802e2c99dcce64c67aa2648edb15dd25.png', 'icon_height': 16, 'icon_width': 32, 'placement': 'delivery_info', 'text': 'Giao siêu tốc 2h', 'type': 'delivery_info_badge'}, {'code': 'authentic_brand', 'icon': 'https://salt.tikicdn.com/ts/tka/69/cf/22/1be823299ae34c7ddcd922e73abd4909.png', 'icon_height': 20, 'icon_width': 89, 'placement': 'under_product_image', 'type': 'icon_badge'}, {'code': 'brand_name', 'placement': 'above_product_name', 'text': 'MOTOKI MONMA', 'text_color': '#808089', 'type': 'text_above_product_name'}, {'arr_text': [{'value': '6 Tập'}], 'code': 'variant_count', 'placement': 'under_rating_v2', 'text_color': '#808089', 'type': 'text_box'}]",8750,5,5.0,18,0,0,https://salt.tikicdn.com/cache/280x280/ts/product/ee/a3/6d/90350a148954441b862fef623662bc15.png,280,280,[],False,,False,253,,,False,False,,,[],,,277591041,,,False,"{'text': 'Đã bán 205', 'value': 205}",,175000,True,"[{'impression_id': 'thanos-Qx0NREXpcb59wcza-hv2y6b0z', 'metadata': {'astra_reward': 0, 'category': 8322, 'delivery_zone': 'VN039006001', 'discount_rate': 5, 'flags': {}, 'is_ad': 0, 'is_astra_plus': 0, 'is_official_store': 0, 'is_tikinow': 1, 'is_tikipro': 0, 'is_trusted_store': 0, 'mpid': 277591013, 'params': {'_v': 'filter_revamp', 'category': '8322', 'limit': '40', 'page': '1'}, 'position': 22, 'price': 166250, 'quantity_sold': 205, 'rating': 5, 'request_id': 'Qx0NREXpcb59wcza', 'spid': 277591041, 'tiki_verified': 0}, 'checksum': ''}]",,1,1/2/8322/316/1084,0,1,"{'amplitude': {'all_time_quantity_sold': 205, 'category_l1_name': 'Nhà Sách Tiki', 'category_l2_name': 'Sách tiếng Việt', 'deboosted_high_price_diff_position': 0, 'earliest_delivery_estimate': 0, 'is_authentic': 1, 'is_best_offer_available': False, 'is_flash_deal': False, 'is_freeship_xtra': False, 'is_gift_available': False, 'is_hero': False, 'is_high_price_penalty': False, 'is_imported': False, 'is_top_brand': False, 'joined_strategy_rerank': False, 'layout': 'grid_view', 'master_product_sku': '9895540588351', 'number_of_reviews': 18, 'order_route': 'same_province', 'partner_rewards_amount': 0, 'price': 166250, 'primary_category_name': 'Truyện Tranh, Manga, Comic', 'product_rating': 5, 'search_rank': 0, 'seller_id': 1, 'seller_product_id': 277591041, 'seller_product_sku': '1480601209903', 'seller_type': 'OFFICIAL_STORE', 'standard_delivery_estimate': 0, 'tiki_verified': 0, 'tikinow_delivery_estimate': 0.21, 'tikipro_delivery_estimate': 0, 'variant': True}}","[{'code': 'product_image_badge', 'image': 'https://salt.tikicdn.com/ts/upload/c2/bc/6d/ff18cc8968e2bbb43f7ac58efbfafdff.png', 'placement': 'badge_overlay_product_image', 'type': 'image_badge'}]"
277228103,7843184151148,Sách Husky Và Sư Tôn Mèo Trắng Của Hắn,sach-husky-va-su-ton-meo-trang-cua-han-p277228103,sach-husky-va-su-ton-meo-trang-cua-han-p277228103.html?spid=278093887,,,,,,111600,0,[],"[{'code': 'tikinow', 'icon': 'https://salt.tikicdn.com/ts/tka/a8/31/b6/802e2c99dcce64c67aa2648edb15dd25.png', 'icon_height': 16, 'icon_width': 32, 'placement': 'delivery_info', 'text': 'Giao siêu tốc 2h', 'type': 'delivery_info_badge'}, {'code': 'authentic_brand', 'icon': 'https://salt.tikicdn.com/ts/tka/69/cf/22/1be823299ae34c7ddcd922e73abd4909.png', 'icon_height': 20, 'icon_width': 89, 'placement': 'under_product_image', 'type': 'icon_badge'}, {'code': 'brand_name', 'placement': 'above_product_name', 'text': 'NHỤC BAO BẤT CẬT NHỤC', 'text_color': '#808089', 'type': 'text_above_product_name'}, {'arr_text': [{'value': '9 Tập'}], 'code': 'variant_count', 'placement': 'under_rating_v2', 'text_color': '#808089', 'type': 'text_box'}]",57400,34,5.0,22,0,0,https://salt.tikicdn.com/cache/280x280/ts/product/03/95/d3/51264ff7dde931adcd490145124bd3a7.jpg,280,280,[],False,,False,251,,,False,False,,,[],,,278093887,,,False,"{'text': 'Đã bán 248', 'value': 248}",,169000,True,"[{'impression_id': 'thanos-Qx0NREXpcb59wcza-O6pujCFY', 'metadata': {'astra_reward': 0, 'category': 8322, 'delivery_zone': 'VN039006001', 'discount_rate': 34, 'flags': {}, 'is_ad': 0, 'is_astra_plus': 0, 'is_official_store': 0, 'is_tikinow': 1, 'is_tikipro': 0, 'is_trusted_store': 0, 'mpid': 277228103, 'params': {'_v': 'filter_revamp', 'category': '8322', 'limit': '40', 'page': '1'}, 'position': 23, 'price': 111600, 'quantity_sold': 248, 'rating': 5, 'request_id': 'Qx0NREXpcb59wcza', 'spid': 278093887, 'tiki_verified': 0}, 'checksum': ''}]",,1,1/2/8322/316/839/1367/67998,0,1,"{'amplitude': {'all_time_quantity_sold': 248, 'category_l1_name': 'Nhà Sách Tiki', 'category_l2_name': 'Sách tiếng Việt', 'category_l3_name': 'Sách văn học', 'category_l4_name': 'Truyện đam mỹ', 'deboosted_high_price_diff_position': 0, 'earliest_delivery_estimate': 0, 'is_authentic': 1, 'is_best_offer_available': False, 'is_flash_deal': False, 'is_freeship_xtra': False, 'is_gift_available': False, 'is_hero': True, 'is_high_price_penalty': False, 'is_imported': False, 'is_top_brand': True, 'joined_strategy_rerank': False, 'layout': 'grid_view', 'master_product_sku': '8006513886070', 'number_of_reviews': 22, 'order_route': 'same_province', 'partner_rewards_amount': 0, 'price': 111600, 'primary_category_name': 'Truyện Chữ Đam Mỹ', 'product_rating': 5, 'search_rank': 0, 'seller_id': 1, 'seller_product_id': 278093887, 'seller_product_sku': '7843184151148', 'seller_type': 'OFFICIAL_STORE', 'standard_delivery_estimate': 0, 'tiki_verified': 0, 'tikinow_delivery_estimate': 0.21, 'tikipro_delivery_estimate': 0, 'variant': True}}","[{'code': 'product_image_badge', 'image': 'https://salt.tikicdn.com/ts/upload/12/e2/4a/c5226426ee9429b0050449ae5403c9cf.png', 'placement': 'badge_overlay_product_image', 'type': 'image_badge'}]"
276933744,3016046623423,Combo Giáo Trình Chuẩn HSK 1 - Sách Bài Học và Bài tập (Bộ 2 cuốn),combo-giao-trinh-chuan-hsk-1-sach-bai-hoc-va-bai-tap-bo-2-cuon-p276933744,combo-giao-trinh-chuan-hsk-1-sach-bai-hoc-va-bai-tap-bo-2-cuon-p276933744.html?spid=276949257,,,,,,296000,0,[],"[{'code': 'tikinow', 'icon': 'https://salt.tikicdn.com/ts/tka/a8/31/b6/802e2c99dcce64c67aa2648edb15dd25.png', 'icon_height': 16, 'icon_width': 32, 'placement': 'delivery_info', 'text': 'Giao siêu tốc 2h', 'type': 'delivery_info_badge'}, {'code': 'authentic_brand', 'icon': 'https://salt.tikicdn.com/ts/tka/69/cf/22/1be823299ae34c7ddcd922e73abd4909.png', 'icon_height': 20, 'icon_width': 89, 'placement': 'under_product_image', 'type': 'icon_badge'}, {'code': 'brand_name', 'placement': 'above_product_name', 'text': 'KHƯƠNG LỆ BÌNH', 'text_color': '#808089', 'type': 'text_above_product_name'}]",60000,17,4.6,14,0,0,https://salt.tikicdn.com/cache/280x280/ts/product/26/ee/7c/bd0123f3c723217c7be3dcf292c43d17.png,280,280,[],False,,False,239,,,False,False,,,[],,,276949257,,,False,"{'text': 'Đã bán 855', 'value': 855}",,356000,True,"[{'impression_id': 'thanos-Qx0NREXpcb59wcza-XUkJAkIf', 'metadata': {'astra_reward': 0, 'category': 8322, 'delivery_zone': 'VN039006001', 'discount_rate': 17, 'flags': {}, 'is_ad': 0, 'is_astra_plus': 0, 'is_official_store': 0, 'is_tikinow': 1, 'is_tikipro': 0, 'is_trusted_store': 0, 'mpid': 276933744, 'params': {'_v': 'filter_revamp', 'category': '8322', 'limit': '40', 'page': '1'}, 'position': 24, 'price': 296000, 'quantity_sold': 855, 'rating': 4.6, 'request_id': 'Qx0NREXpcb59wcza', 'spid': 276949257, 'tiki_verified': 0}, 'checksum': ''}]",,1,1/2/8322/316/887/1881/67867,0,1,"{'amplitude': {'all_time_quantity_sold': 855, 'category_l1_name': 'Nhà Sách Tiki', 'category_l2_name': 'Sách tiếng Việt', 'category_l3_name': 'Sách Học Ngoại Ngữ', 'category_l4_name': 'Sách Học Tiếng Hoa', 'deboosted_high_price_diff_position': 0, 'earliest_delivery_estimate': 0, 'is_authentic': 1, 'is_best_offer_available': False, 'is_flash_deal': False, 'is_freeship_xtra': False, 'is_gift_available': False, 'is_hero': False, 'is_high_price_penalty': False, 'is_imported': False, 'is_top_brand': True, 'joined_strategy_rerank': False, 'layout': 'grid_view', 'master_product_sku': '8979162397748', 'number_of_reviews': 14, 'order_route': 'same_province', 'partner_rewards_amount': 0, 'price': 296000, 'primary_category_name': 'Luyện thi Tiếng Hoa HSK', 'product_rating': 4.6, 'search_rank': 0, 'seller_id': 1, 'seller_product_id': 276949257, 'seller_product_sku': '3016046623423', 'seller_type': 'OFFICIAL_STORE', 'standard_delivery_estimate': 0, 'tiki_verified': 0, 'tikinow_delivery_estimate': 0.21, 'tikipro_delivery_estimate': 0, 'variant': False}}","[{'code': 'product_image_badge', 'image': 'https://salt.tikicdn.com/ts/upload/c2/bc/6d/ff18cc8968e2bbb43f7ac58efbfafdff.png', 'placement': 'badge_overlay_product_image', 'type': 'image_badge'}]"
276659602,3422895486057,Series các tập Claymore,claymore-01-sat-thu-mat-bac-p276659602,claymore-01-sat-thu-mat-bac-p276659602.html?spid=277815806,,,,,,35000,0,[],"[{'code': 'tikinow', 'icon': 'https://salt.tikicdn.com/ts/tka/a8/31/b6/802e2c99dcce64c67aa2648edb15dd25.png', 'icon_height': 16, 'icon_width': 32, 'placement': 'delivery_info', 'text': 'Giao siêu tốc 2h', 'type': 'delivery_info_badge'}, {'code': 'authentic_brand', 'icon': 'https://salt.tikicdn.com/ts/tka/69/cf/22/1be823299ae34c7ddcd922e73abd4909.png', 'icon_height': 20, 'icon_width': 89, 'placement': 'under_product_image', 'type': 'icon_badge'}, {'code': 'brand_name', 'placement': 'above_product_name', 'text': 'NORIHIRO YAGI', 'text_color': '#808089', 'type': 'text_above_product_name'}, {'arr_text': [{'value': '17 Tập'}], 'code': 'variant_count', 'placement': 'under_rating_v2', 'text_color': '#808089', 'type': 'text_box'}]",5000,13,5.0,64,0,0,https://salt.tikicdn.com/cache/280x280/ts/product/a2/16/6b/7b7e3608d31f44e4be0f640f4bc04f55.jpg,280,280,[],False,,False,253,,,False,False,,,[],,,277815806,,,False,"{'text': 'Đã bán 854', 'value': 854}",,40000,True,"[{'impression_id': 'thanos-Qx0NREXpcb59wcza-eQ81jFEO', 'metadata': {'astra_reward': 0, 'category': 8322, 'delivery_zone': 'VN039006001', 'discount_rate': 13, 'flags': {}, 'is_ad': 0, 'is_astra_plus': 0, 'is_official_store': 0, 'is_tikinow': 1, 'is_tikipro': 0, 'is_trusted_store': 0, 'mpid': 276659602, 'params': {'_v': 'filter_revamp', 'category': '8322', 'limit': '40', 'page': '1'}, 'position': 25, 'price': 35000, 'quantity_sold': 854, 'rating': 5, 'request_id': 'Qx0NREXpcb59wcza', 'spid': 277815806, 'tiki_verified': 0}, 'checksum': ''}]",,1,1/2/8322/316/1084,0,1,"{'amplitude': {'all_time_quantity_sold': 854, 'category_l1_name': 'Nhà Sách Tiki', 'category_l2_name': 'Sách tiếng Việt', 'deboosted_high_price_diff_position': 0, 'earliest_delivery_estimate': 0, 'is_authentic': 1, 'is_best_offer_available': False, 'is_flash_deal': False, 'is_freeship_xtra': False, 'is_gift_available': False, 'is_hero': True, 'is_high_price_penalty': False, 'is_imported': False, 'is_top_brand': True, 'joined_strategy_rerank': False, 'layout': 'grid_view', 'master_product_sku': '6400576746486', 'number_of_reviews': 64, 'order_route': 'same_province', 'partner_rewards_amount': 0, 'price': 35000, 'primary_category_name': 'Truyện Tranh, Manga, Comic', 'product_rating': 5, 'search_rank': 0, 'seller_id': 1, 'seller_product_id': 277815806, 'seller_product_sku': '3422895486057', 'seller_type': 'OFFICIAL_STORE', 'standard_delivery_estimate': 0, 'tiki_verified': 0, 'tikinow_delivery_estimate': 0.21, 'tikipro_delivery_estimate': 0, 'variant': True}}","[{'code': 'product_image_badge', 'image': 'https://salt.tikicdn.com/ts/upload/12/e2/4a/c5226426ee9429b0050449ae5403c9cf.png', 'placement': 'badge_overlay_product_image', 'type': 'image_badge'}]"
276657645,6045140063403,Sách Hệ Thống Tự Cứu Của Nhân Vật Phản Diện (Tái bản),sach-he-thong-tu-cuu-cua-nhan-vat-phan-dien-tai-ban-p276657645,sach-he-thong-tu-cuu-cua-nhan-vat-phan-dien-tai-ban-p276657645.html?spid=276657705,,,,,,109800,0,[],"[{'code': 'tikinow', 'icon': 'https://salt.tikicdn.com/ts/tka/a8/31/b6/802e2c99dcce64c67aa2648edb15dd25.png', 'icon_height': 16, 'icon_width': 32, 'placement': 'delivery_info', 'text': 'Giao siêu tốc 2h', 'type': 'delivery_info_badge'}, {'code': 'authentic_brand', 'icon': 'https://salt.tikicdn.com/ts/tka/69/cf/22/1be823299ae34c7ddcd922e73abd4909.png', 'icon_height': 20, 'icon_width': 89, 'placement': 'under_product_image', 'type': 'icon_badge'}, {'code': 'brand_name', 'placement': 'above_product_name', 'text': 'MẶC HƯƠNG ĐỒNG KHỨU', 'text_color': '#808089', 'type': 'text_above_product_name'}, {'arr_text': [{'value': '3 Tập'}], 'code': 'variant_count', 'placement': 'under_rating_v2', 'text_color': '#808089', 'type': 'text_box'}]",69200,39,4.6,39,0,0,https://salt.tikicdn.com/cache/280x280/ts/product/d5/88/c0/c59e20d5375e192b4c1791e84922f563.jpg,280,280,[],False,,False,251,,,False,False,,,[],,,276657705,,,False,"{'text': 'Đã bán 163', 'value': 163}",,179000,True,"[{'impression_id': 'thanos-Qx0NREXpcb59wcza-GukOvQxl', 'metadata': {'astra_reward': 0, 'category': 8322, 'delivery_zone': 'VN039006001', 'discount_rate': 39, 'flags': {}, 'is_ad': 0, 'is_astra_plus': 0, 'is_official_store': 0, 'is_tikinow': 1, 'is_tikipro': 0, 'is_trusted_store': 0, 'mpid': 276657645, 'params': {'_v': 'filter_revamp', 'category': '8322', 'limit': '40', 'page': '1'}, 'position': 26, 'price': 109800, 'quantity_sold': 163, 'rating': 4.6, 'request_id': 'Qx0NREXpcb59wcza', 'spid': 276657705, 'tiki_verified': 0}, 'checksum': ''}]",,1,1/2/8322/316/839/1367/67998,0,1,"{'amplitude': {'all_time_quantity_sold': 163, 'category_l1_name': 'Nhà Sách Tiki', 'category_l2_name': 'Sách tiếng Việt', 'category_l3_name': 'Sách văn học', 'category_l4_name': 'Truyện đam mỹ', 'deboosted_high_price_diff_position': 0, 'earliest_delivery_estimate': 0, 'is_authentic': 1, 'is_best_offer_available': False, 'is_flash_deal': False, 'is_freeship_xtra': False, 'is_gift_available': False, 'is_hero': True, 'is_high_price_penalty': False, 'is_imported': False, 'is_top_brand': True, 'joined_strategy_rerank': False, 'master_product_sku': '5580119291483', 'number_of_reviews': 39, 'order_route': 'same_province', 'partner_rewards_amount': 0, 'price': 109800, 'primary_category_name': 'Truyện Chữ Đam Mỹ', 'product_rating': 4.6, 'search_rank': 0, 'seller_id': 1, 'seller_product_id': 276657705, 'seller_product_sku': '6045140063403', 'seller_type': 'OFFICIAL_STORE', 'standard_delivery_estimate': 0, 'tiki_verified': 0, 'tikinow_delivery_estimate': 0.21, 'tikipro_delivery_estimate': 0, 'variant': True}}","[{'code': 'product_image_badge', 'image': 'https://salt.tikicdn.com/ts/upload/12/e2/4a/c5226426ee9429b0050449ae5403c9cf.png', 'placement': 'badge_overlay_product_image', 'type': 'image_badge'}]"
274363543,6686838013309,Sách Con Đường Chẳng Mấy Ai Đi,sach-con-duong-chang-may-ai-di-p274363543,sach-con-duong-chang-may-ai-di-p274363543.html?spid=274363544,,,,,,115000,0,[],"[{'code': 'tikinow', 'icon': 'https://salt.tikicdn.com/ts/tka/a8/31/b6/802e2c99dcce64c67aa2648edb15dd25.png', 'icon_height': 16, 'icon_width': 32, 'placement': 'delivery_info', 'text': 'Giao siêu tốc 2h', 'type': 'delivery_info_badge'}, {'code': 'authentic_brand', 'icon': 'https://salt.tikicdn.com/ts/tka/69/cf/22/1be823299ae34c7ddcd922e73abd4909.png', 'icon_height': 20, 'icon_width': 89, 'placement': 'under_product_image', 'type': 'icon_badge'}, {'code': 'brand_name', 'placement': 'above_product_name', 'text': 'M. SCOTT PECK', 'text_color': '#808089', 'type': 'text_above_product_name'}]",50000,30,5.0,312,0,0,https://salt.tikicdn.com/cache/280x280/ts/product/d4/f6/43/8469d61f7c9a88c07936f8aff14ace7c.jpg,280,280,[],False,,False,243,,,False,False,,,[],,,274363544,,,False,"{'text': 'Đã bán 6319', 'value': 6319}",,165000,True,"[{'impression_id': 'thanos-Qx0NREXpcb59wcza-phKdcmg2', 'metadata': {'astra_reward': 0, 'category': 8322, 'delivery_zone': 'VN039006001', 'discount_rate': 30, 'flags': {}, 'is_ad': 0, 'is_astra_plus': 0, 'is_official_store': 0, 'is_tikinow': 1, 'is_tikipro': 0, 'is_trusted_store': 0, 'mpid': 274363543, 'params': {'_v': 'filter_revamp', 'category': '8322', 'limit': '40', 'page': '1'}, 'position': 27, 'price': 115000, 'quantity_sold': 6319, 'rating': 5, 'request_id': 'Qx0NREXpcb59wcza', 'spid': 274363544, 'tiki_verified': 1}, 'checksum': ''}]",,1,1/2/8322/316/870/871,0,1,"{'amplitude': {'all_time_quantity_sold': 6319, 'category_l1_name': 'Nhà Sách Tiki', 'category_l2_name': 'Sách tiếng Việt', 'category_l3_name': 'Sách kỹ năng sống', 'deboosted_high_price_diff_position': 0, 'earliest_delivery_estimate': 0, 'is_authentic': 1, 'is_best_offer_available': False, 'is_flash_deal': False, 'is_freeship_xtra': False, 'is_gift_available': False, 'is_hero': True, 'is_high_price_penalty': False, 'is_imported': False, 'is_top_brand': False, 'joined_strategy_rerank': False, 'master_product_sku': '6778152837712', 'number_of_reviews': 312, 'order_route': 'same_province', 'partner_rewards_amount': 0, 'price': 115000, 'primary_category_name': 'Sách tư duy - Kỹ năng sống', 'product_rating': 5, 'search_rank': 0, 'seller_id': 1, 'seller_product_id': 274363544, 'seller_product_sku': '6686838013309', 'seller_type': 'OFFICIAL_STORE', 'standard_delivery_estimate': 0, 'tiki_verified': 1, 'tikinow_delivery_estimate': 0.21, 'tikipro_delivery_estimate': 0, 'variant': False}}","[{'code': 'product_image_badge', 'image': 'https://salt.tikicdn.com/ts/upload/12/e2/4a/c5226426ee9429b0050449ae5403c9cf.png', 'placement': 'badge_overlay_product_image', 'type': 'image_badge'}]"
273819808,3981544195117,Sách Tâm Lý Học Về Tiền,sach-tam-ly-hoc-ve-tien-p273819808,sach-tam-ly-hoc-ve-tien-p273819808.html?spid=75953558,,,,,,150600,0,[],"[{'code': 'tikinow', 'icon': 'https://salt.tikicdn.com/ts/tka/a8/31/b6/802e2c99dcce64c67aa2648edb15dd25.png', 'icon_height': 16, 'icon_width': 32, 'placement': 'delivery_info', 'text': 'Giao siêu tốc 2h', 'type': 'delivery_info_badge'}, {'code': 'authentic_brand', 'icon': 'https://salt.tikicdn.com/ts/tka/69/cf/22/1be823299ae34c7ddcd922e73abd4909.png', 'icon_height': 20, 'icon_width': 89, 'placement': 'under_product_image', 'type': 'icon_badge'}, {'code': 'brand_name', 'placement': 'above_product_name', 'text': 'MORGAN HOUSEL', 'text_color': '#808089', 'type': 'text_above_product_name'}, {'arr_text': [{'value': '1 Phiên bản'}], 'code': 'variant_count', 'placement': 'under_rating_v2', 'text_color': '#808089', 'type': 'text_box'}]",88400,37,4.8,3795,0,0,https://salt.tikicdn.com/cache/280x280/ts/product/83/23/b7/14a42ae4f66c9b8b298aaef4b9671442.jpg,280,280,[],False,,False,242,,,False,False,,,[],,,75953558,,,False,"{'text': 'Đã bán 28855', 'value': 28855}",,239000,True,"[{'impression_id': 'thanos-Qx0NREXpcb59wcza-DSOP71Fb', 'metadata': {'astra_reward': 0, 'category': 8322, 'delivery_zone': 'VN039006001', 'discount_rate': 37, 'flags': {}, 'is_ad': 0, 'is_astra_plus': 0, 'is_official_store': 0, 'is_tikinow': 1, 'is_tikipro': 0, 'is_trusted_store': 0, 'mpid': 273819808, 'params': {'_v': 'filter_revamp', 'category': '8322', 'limit': '40', 'page': '1'}, 'position': 28, 'price': 150600, 'quantity_sold': 28855, 'rating': 4.8, 'request_id': 'Qx0NREXpcb59wcza', 'spid': 75953558, 'tiki_verified': 1}, 'checksum': ''}]",,1,1/2/8322/316/846/67904/67915,0,1,"{'amplitude': {'all_time_quantity_sold': 28855, 'category_l1_name': 'Nhà Sách Tiki', 'category_l2_name': 'Sách tiếng Việt', 'category_l3_name': 'Sách kinh tế', 'category_l4_name': 'Sách tài chính', 'deboosted_high_price_diff_position': 0, 'earliest_delivery_estimate': 0, 'is_authentic': 1, 'is_best_offer_available': False, 'is_flash_deal': False, 'is_freeship_xtra': False, 'is_gift_available': False, 'is_hero': True, 'is_high_price_penalty': False, 'is_imported': False, 'is_top_brand': True, 'joined_strategy_rerank': False, 'layout': 'grid_view', 'master_product_sku': '3092195659088', 'number_of_reviews': 3795, 'order_route': 'same_province', 'partner_rewards_amount': 0, 'price': 150600, 'primary_category_name': 'Tài chính cá nhân', 'product_rating': 4.8, 'search_rank': 0, 'seller_id': 1, 'seller_product_id': 75953558, 'seller_product_sku': '3981544195117', 'seller_type': 'OFFICIAL_STORE', 'standard_delivery_estimate': 0, 'tiki_verified': 1, 'tikinow_delivery_estimate': 0.21, 'tikipro_delivery_estimate': 0, 'variant': True}}","[{'code': 'product_image_badge', 'image': 'https://salt.tikicdn.com/ts/upload/12/e2/4a/c5226426ee9429b0050449ae5403c9cf.png', 'placement': 'badge_overlay_product_image', 'type': 'image_badge'}]"
272188850,2306451311526,Soul Eater,soul-eater-p272188850,soul-eater-p272188850.html?spid=274972079,,,,,,86000,0,[],"[{'code': 'tikinow', 'icon': 'https://salt.tikicdn.com/ts/tka/a8/31/b6/802e2c99dcce64c67aa2648edb15dd25.png', 'icon_height': 16, 'icon_width': 32, 'placement': 'delivery_info', 'text': 'Giao siêu tốc 2h', 'type': 'delivery_info_badge'}, {'code': 'authentic_brand', 'icon': 'https://salt.tikicdn.com/ts/tka/69/cf/22/1be823299ae34c7ddcd922e73abd4909.png', 'icon_height': 20, 'icon_width': 89, 'placement': 'under_product_image', 'type': 'icon_badge'}, {'code': 'brand_name', 'placement': 'above_product_name', 'text': 'ATSUSHI OHKUBO', 'text_color': '#808089', 'type': 'text_above_product_name'}, {'arr_text': [{'value': '8 Tập'}], 'code': 'variant_count', 'placement': 'under_rating_v2', 'text_color': '#808089', 'type': 'text_box'}]",9000,9,5.0,30,0,0,https://salt.tikicdn.com/cache/280x280/ts/product/ed/b1/67/bcdd0484dad506c81d3fb4a33cb8b2db.jpg,280,280,[],False,,False,253,,,False,False,,,[],,,274972079,,,False,"{'text': 'Đã bán 308', 'value': 308}",,95000,True,"[{'impression_id': 'thanos-Qx0NREXpcb59wcza-FoyAMDtX', 'metadata': {'astra_reward': 0, 'category': 8322, 'delivery_zone': 'VN039006001', 'discount_rate': 9, 'flags': {}, 'is_ad': 0, 'is_astra_plus': 0, 'is_official_store': 0, 'is_tikinow': 1, 'is_tikipro': 0, 'is_trusted_store': 0, 'mpid': 272188850, 'params': {'_v': 'filter_revamp', 'category': '8322', 'limit': '40', 'page': '1'}, 'position': 29, 'price': 86000, 'quantity_sold': 308, 'rating': 5, 'request_id': 'Qx0NREXpcb59wcza', 'spid': 274972079, 'tiki_verified': 1}, 'checksum': ''}]",,1,1/2/8322/316/1084,0,1,"{'amplitude': {'all_time_quantity_sold': 308, 'category_l1_name': 'Nhà Sách Tiki', 'category_l2_name': 'Sách tiếng Việt', 'deboosted_high_price_diff_position': 0, 'earliest_delivery_estimate': 0, 'is_authentic': 1, 'is_best_offer_available': False, 'is_flash_deal': False, 'is_freeship_xtra': False, 'is_gift_available': False, 'is_hero': False, 'is_high_price_penalty': False, 'is_imported': False, 'is_top_brand': True, 'joined_strategy_rerank': False, 'layout': 'grid_view', 'master_product_sku': '8229005083492', 'number_of_reviews': 30, 'order_route': 'same_province', 'partner_rewards_amount': 0, 'price': 86000, 'primary_category_name': 'Truyện Tranh, Manga, Comic', 'product_rating': 5, 'search_rank': 0, 'seller_id': 1, 'seller_product_id': 274972079, 'seller_product_sku': '2306451311526', 'seller_type': 'OFFICIAL_STORE', 'standard_delivery_estimate': 0, 'tiki_verified': 1, 'tikinow_delivery_estimate': 0.21, 'tikipro_delivery_estimate': 0, 'variant': True}}","[{'code': 'product_image_badge', 'image': 'https://salt.tikicdn.com/ts/upload/c2/bc/6d/ff18cc8968e2bbb43f7ac58efbfafdff.png', 'placement': 'badge_overlay_product_image', 'type': 'image_badge'}]"
262664014,1338695080121,Combo Doraemon Truyện Ngắn,combo-doraemon-truyen-ngan-p262664014,combo-doraemon-truyen-ngan-p262664014.html?spid=262664018,,,,,,222300,0,[],"[{'code': 'tikinow', 'icon': 'https://salt.tikicdn.com/ts/tka/a8/31/b6/802e2c99dcce64c67aa2648edb15dd25.png', 'icon_height': 16, 'icon_width': 32, 'placement': 'delivery_info', 'text': 'Giao siêu tốc 2h', 'type': 'delivery_info_badge'}, {'code': 'authentic_brand', 'icon': 'https://salt.tikicdn.com/ts/tka/69/cf/22/1be823299ae34c7ddcd922e73abd4909.png', 'icon_height': 20, 'icon_width': 89, 'placement': 'under_product_image', 'type': 'icon_badge'}, {'code': 'brand_name', 'placement': 'above_product_name', 'text': 'FUJIKO-F-FUJIO', 'text_color': '#808089', 'type': 'text_above_product_name'}, {'arr_text': [{'value': '3 Phân loại'}], 'code': 'variant_count', 'placement': 'under_rating_v2', 'text_color': '#808089', 'type': 'text_box'}]",27700,11,5.0,32,0,0,https://salt.tikicdn.com/cache/280x280/ts/product/ca/53/ac/d6aae32e85f9fe104a8b601d467a2afc.jpg,280,280,[],False,,False,253,,,False,False,,,[],,,262664018,,,False,"{'text': 'Đã bán 472', 'value': 472}",,250000,True,"[{'impression_id': 'thanos-Qx0NREXpcb59wcza-Yksi4beS', 'metadata': {'astra_reward': 0, 'category': 8322, 'delivery_zone': 'VN039006001', 'discount_rate': 11, 'flags': {}, 'is_ad': 0, 'is_astra_plus': 0, 'is_official_store': 0, 'is_tikinow': 1, 'is_tikipro': 0, 'is_trusted_store': 0, 'mpid': 262664014, 'params': {'_v': 'filter_revamp', 'category': '8322', 'limit': '40', 'page': '1'}, 'position': 30, 'price': 222300, 'quantity_sold': 472, 'rating': 5, 'request_id': 'Qx0NREXpcb59wcza', 'spid': 262664018, 'tiki_verified': 1}, 'checksum': ''}]",,1,1/2/8322/316/1084,0,1,"{'amplitude': {'all_time_quantity_sold': 472, 'category_l1_name': 'Nhà Sách Tiki', 'category_l2_name': 'Sách tiếng Việt', 'deboosted_high_price_diff_position': 0, 'earliest_delivery_estimate': 0, 'is_authentic': 1, 'is_best_offer_available': False, 'is_flash_deal': False, 'is_freeship_xtra': False, 'is_gift_available': False, 'is_hero': False, 'is_high_price_penalty': False, 'is_imported': False, 'is_top_brand': True, 'joined_strategy_rerank': False, 'layout': 'grid_view', 'master_product_sku': '8631175590760', 'number_of_reviews': 32, 'order_route': 'same_province', 'partner_rewards_amount': 0, 'price': 222300, 'primary_category_name': 'Truyện Tranh, Manga, Comic', 'product_rating': 5, 'search_rank': 0, 'seller_id': 1, 'seller_product_id': 262664018, 'seller_product_sku': '1338695080121', 'seller_type': 'OFFICIAL_STORE', 'standard_delivery_estimate': 0, 'tiki_verified': 1, 'tikinow_delivery_estimate': 0.21, 'tikipro_delivery_estimate': 0, 'variant': True}}","[{'code': 'product_image_badge', 'image': 'https://salt.tikicdn.com/ts/upload/c2/bc/6d/ff18cc8968e2bbb43f7ac58efbfafdff.png', 'placement': 'badge_overlay_product_image', 'type': 'image_badge'}]"
249876840,2607905004016,"Sách Beartown - Thị trấn nhỏ, giấc mơ lớn",sach-beartown-thi-tran-nho-giac-mo-lon-p249876840,sach-beartown-thi-tran-nho-giac-mo-lon-p249876840.html?spid=249876841,,,,,,172000,0,[],"[{'code': 'tikinow', 'icon': 'https://salt.tikicdn.com/ts/tka/a8/31/b6/802e2c99dcce64c67aa2648edb15dd25.png', 'icon_height': 16, 'icon_width': 32, 'placement': 'delivery_info', 'text': 'Giao siêu tốc 2h', 'type': 'delivery_info_badge'}, {'code': 'authentic_brand', 'icon': 'https://salt.tikicdn.com/ts/tka/69/cf/22/1be823299ae34c7ddcd922e73abd4909.png', 'icon_height': 20, 'icon_width': 89, 'placement': 'under_product_image', 'type': 'icon_badge'}, {'code': 'brand_name', 'placement': 'above_product_name', 'text': 'FREDRIK BACKMAN', 'text_color': '#808089', 'type': 'text_above_product_name'}]",38000,18,5.0,210,0,0,https://salt.tikicdn.com/cache/280x280/ts/product/a3/ef/a1/048355239396f0f7f123e7993a0e0066.jpg,280,280,[],False,,False,251,,,False,False,,,[],,,249876841,,,False,"{'text': 'Đã bán 2267', 'value': 2267}",,210000,True,"[{'impression_id': 'thanos-Qx0NREXpcb59wcza-HDg9AKV0', 'metadata': {'astra_reward': 0, 'category': 8322, 'delivery_zone': 'VN039006001', 'discount_rate': 18, 'flags': {}, 'is_ad': 0, 'is_astra_plus': 0, 'is_official_store': 0, 'is_tikinow': 1, 'is_tikipro': 0, 'is_trusted_store': 0, 'mpid': 249876840, 'params': {'_v': 'filter_revamp', 'category': '8322', 'limit': '40', 'page': '1'}, 'position': 31, 'price': 172000, 'quantity_sold': 2267, 'rating': 5, 'request_id': 'Qx0NREXpcb59wcza', 'spid': 249876841, 'tiki_verified': 1}, 'checksum': ''}]",,1,1/2/8322/316/839/6750,0,1,"{'amplitude': {'all_time_quantity_sold': 2267, 'category_l1_name': 'Nhà Sách Tiki', 'category_l2_name': 'Sách tiếng Việt', 'category_l3_name': 'Sách văn học', 'deboosted_high_price_diff_position': 0, 'earliest_delivery_estimate': 0, 'is_authentic': 1, 'is_best_offer_available': False, 'is_flash_deal': False, 'is_freeship_xtra': False, 'is_gift_available': False, 'is_hero': False, 'is_high_price_penalty': False, 'is_imported': False, 'is_top_brand': True, 'joined_strategy_rerank': False, 'master_product_sku': '4754647446871', 'number_of_reviews': 210, 'order_route': 'same_province', 'partner_rewards_amount': 0, 'price': 172000, 'primary_category_name': 'Truyện dài', 'product_rating': 5, 'search_rank': 0, 'seller_id': 1, 'seller_product_id': 249876841, 'seller_product_sku': '2607905004016', 'seller_type': 'OFFICIAL_STORE', 'standard_delivery_estimate': 0, 'tiki_verified': 1, 'tikinow_delivery_estimate': 0.21, 'tikipro_delivery_estimate': 0, 'variant': False}}","[{'code': 'product_image_badge', 'image': 'https://salt.tikicdn.com/ts/upload/c2/bc/6d/ff18cc8968e2bbb43f7ac58efbfafdff.png', 'placement': 'badge_overlay_product_image', 'type': 'image_badge'}]"
202879294,2941052630815,Sách Người Đàn Ông Mang Tên Ove (Tái Bản 2022),sach-nguoi-dan-ong-mang-ten-ove-tai-ban-2022-p202879294,sach-nguoi-dan-ong-mang-ten-ove-tai-ban-2022-p202879294.html?spid=202879295,,,,,,128000,0,[],"[{'code': 'tikinow', 'icon': 'https://salt.tikicdn.com/ts/tka/a8/31/b6/802e2c99dcce64c67aa2648edb15dd25.png', 'icon_height': 16, 'icon_width': 32, 'placement': 'delivery_info', 'text': 'Giao siêu tốc 2h', 'type': 'delivery_info_badge'}, {'code': 'authentic_brand', 'icon': 'https://salt.tikicdn.com/ts/tka/69/cf/22/1be823299ae34c7ddcd922e73abd4909.png', 'icon_height': 20, 'icon_width': 89, 'placement': 'under_product_image', 'type': 'icon_badge'}, {'code': 'brand_name', 'placement': 'above_product_name', 'text': 'FREDRIK BACKMAN', 'text_color': '#808089', 'type': 'text_above_product_name'}]",32000,20,5.0,546,0,0,https://salt.tikicdn.com/cache/280x280/ts/product/06/6e/ae/9bcc2a16b8726403b2870ef2e3eeee30.jpg,280,280,[],False,,False,251,,,False,False,,,[],,,202879295,,,False,"{'text': 'Đã bán 6704', 'value': 6704}",,160000,True,"[{'impression_id': 'thanos-Qx0NREXpcb59wcza-tYuXGVdw', 'metadata': {'astra_reward': 0, 'category': 8322, 'delivery_zone': 'VN039006001', 'discount_rate': 20, 'flags': {}, 'is_ad': 0, 'is_astra_plus': 0, 'is_official_store': 0, 'is_tikinow': 1, 'is_tikipro': 0, 'is_trusted_store': 0, 'mpid': 202879294, 'params': {'_v': 'filter_revamp', 'category': '8322', 'limit': '40', 'page': '1'}, 'position': 32, 'price': 128000, 'quantity_sold': 6704, 'rating': 5, 'request_id': 'Qx0NREXpcb59wcza', 'spid': 202879295, 'tiki_verified': 1}, 'checksum': ''}]",,1,1/2/8322/316/839/845/67999,0,1,"{'amplitude': {'all_time_quantity_sold': 6704, 'category_l1_name': 'Nhà Sách Tiki', 'category_l2_name': 'Sách tiếng Việt', 'category_l3_name': 'Sách văn học', 'category_l4_name': 'Truyện ngắn - Tản văn - Tạp Văn', 'deboosted_high_price_diff_position': 0, 'earliest_delivery_estimate': 0, 'is_authentic': 1, 'is_best_offer_available': False, 'is_flash_deal': False, 'is_freeship_xtra': False, 'is_gift_available': False, 'is_hero': False, 'is_high_price_penalty': False, 'is_imported': False, 'is_top_brand': True, 'joined_strategy_rerank': False, 'layout': 'grid_view', 'master_product_sku': '7387168030853', 'number_of_reviews': 546, 'order_route': 'same_province', 'partner_rewards_amount': 0, 'price': 128000, 'primary_category_name': 'Truyện ngắn - Tản văn - Tạp Văn Nước Ngoài', 'product_rating': 5, 'search_rank': 0, 'seller_id': 1, 'seller_product_id': 202879295, 'seller_product_sku': '2941052630815', 'seller_type': 'OFFICIAL_STORE', 'standard_delivery_estimate': 0, 'tiki_verified': 1, 'tikinow_delivery_estimate': 0.21, 'tikipro_delivery_estimate': 0, 'variant': False}}","[{'code': 'product_image_badge', 'image': 'https://salt.tikicdn.com/ts/upload/c2/bc/6d/ff18cc8968e2bbb43f7ac58efbfafdff.png', 'placement': 'badge_overlay_product_image', 'type': 'image_badge'}]"
190335975,7071459372174,Combo 2 cuốn Truyện Dành Cho Thiếu Nhi : Tuổi Thơ Dữ Dội - Tập 1 + 2 (Tái Bản),combo-2-cuon-truyen-danh-cho-thieu-nhi-tuoi-tho-du-doi-tap-1-2-tai-ban-p190335975,combo-2-cuon-truyen-danh-cho-thieu-nhi-tuoi-tho-du-doi-tap-1-2-tai-ban-p190335975.html?spid=273817532,,,,,,120000,0,[],"[{'code': 'tikinow', 'icon': 'https://salt.tikicdn.com/ts/tka/a8/31/b6/802e2c99dcce64c67aa2648edb15dd25.png', 'icon_height': 16, 'icon_width': 32, 'placement': 'delivery_info', 'text': 'Giao siêu tốc 2h', 'type': 'delivery_info_badge'}, {'code': 'authentic_brand', 'icon': 'https://salt.tikicdn.com/ts/tka/69/cf/22/1be823299ae34c7ddcd922e73abd4909.png', 'icon_height': 20, 'icon_width': 89, 'placement': 'under_product_image', 'type': 'icon_badge'}, {'code': 'brand_name', 'placement': 'above_product_name', 'text': 'PHÙNG QUÁN', 'text_color': '#808089', 'type': 'text_above_product_name'}]",40000,25,5.0,177,0,0,https://salt.tikicdn.com/cache/280x280/ts/product/2a/ec/ed/406ca9007519dddbbefde9de1ad8cc07.png,280,280,[],False,,False,252,,,False,False,,,[],,,273817532,,,False,"{'text': 'Đã bán 1808', 'value': 1808}",,160000,True,"[{'impression_id': 'thanos-Qx0NREXpcb59wcza-QfAMpz48', 'metadata': {'astra_reward': 0, 'category': 8322, 'delivery_zone': 'VN039006001', 'discount_rate': 25, 'flags': {}, 'is_ad': 0, 'is_astra_plus': 0, 'is_official_store': 0, 'is_tikinow': 1, 'is_tikipro': 0, 'is_trusted_store': 0, 'mpid': 190335975, 'params': {'_v': 'filter_revamp', 'category': '8322', 'limit': '40', 'page': '1'}, 'position': 33, 'price': 120000, 'quantity_sold': 1808, 'rating': 5, 'request_id': 'Qx0NREXpcb59wcza', 'spid': 273817532, 'tiki_verified': 1}, 'checksum': ''}]",,1,1/2/8322/316/393/1754,0,1,"{'amplitude': {'all_time_quantity_sold': 1808, 'category_l1_name': 'Nhà Sách Tiki', 'category_l2_name': 'Sách tiếng Việt', 'category_l3_name': 'Sách thiếu nhi ', 'deboosted_high_price_diff_position': 0, 'earliest_delivery_estimate': 0, 'is_authentic': 1, 'is_best_offer_available': False, 'is_flash_deal': False, 'is_freeship_xtra': False, 'is_gift_available': False, 'is_hero': True, 'is_high_price_penalty': False, 'is_imported': False, 'is_top_brand': True, 'joined_strategy_rerank': False, 'master_product_sku': '6939903082631', 'number_of_reviews': 177, 'order_route': 'same_province', 'partner_rewards_amount': 0, 'price': 120000, 'primary_category_name': 'Văn học thiếu nhi', 'product_rating': 5, 'search_rank': 0, 'seller_id': 1, 'seller_product_id': 273817532, 'seller_product_sku': '7071459372174', 'seller_type': 'OFFICIAL_STORE', 'standard_delivery_estimate': 0, 'tiki_verified': 1, 'tikinow_delivery_estimate': 0.21, 'tikipro_delivery_estimate': 0, 'variant': False}}","[{'code': 'product_image_badge', 'image': 'https://salt.tikicdn.com/ts/upload/12/e2/4a/c5226426ee9429b0050449ae5403c9cf.png', 'placement': 'badge_overlay_product_image', 'type': 'image_badge'}]"
165030729,3609643138096,Sách Những Kẻ Âu Lo,sach-nhung-ke-au-lo-p165030729,sach-nhung-ke-au-lo-p165030729.html?spid=165030730,,,,,,149000,0,[],"[{'code': 'tikinow', 'icon': 'https://salt.tikicdn.com/ts/tka/a8/31/b6/802e2c99dcce64c67aa2648edb15dd25.png', 'icon_height': 16, 'icon_width': 32, 'placement': 'delivery_info', 'text': 'Giao siêu tốc 2h', 'type': 'delivery_info_badge'}, {'code': 'authentic_brand', 'icon': 'https://salt.tikicdn.com/ts/tka/69/cf/22/1be823299ae34c7ddcd922e73abd4909.png', 'icon_height': 20, 'icon_width': 89, 'placement': 'under_product_image', 'type': 'icon_badge'}, {'code': 'brand_name', 'placement': 'above_product_name', 'text': 'FREDRIK BACKMAN', 'text_color': '#808089', 'type': 'text_above_product_name'}]",31000,17,5.0,204,0,0,https://salt.tikicdn.com/cache/280x280/ts/product/8a/af/c9/8973d97deb158e597d1631166f843ab4.jpg,280,280,[],False,,False,251,,,False,False,,,[],,,165030730,,,False,"{'text': 'Đã bán 2285', 'value': 2285}",,180000,True,"[{'impression_id': 'thanos-Qx0NREXpcb59wcza-PYGHbGJK', 'metadata': {'astra_reward': 0, 'category': 8322, 'delivery_zone': 'VN039006001', 'discount_rate': 17, 'flags': {}, 'is_ad': 0, 'is_astra_plus': 0, 'is_official_store': 0, 'is_tikinow': 1, 'is_tikipro': 0, 'is_trusted_store': 0, 'mpid': 165030729, 'params': {'_v': 'filter_revamp', 'category': '8322', 'limit': '40', 'page': '1'}, 'position': 34, 'price': 149000, 'quantity_sold': 2285, 'rating': 5, 'request_id': 'Qx0NREXpcb59wcza', 'spid': 165030730, 'tiki_verified': 1}, 'checksum': ''}]",,1,1/2/8322/316/839/6750,0,1,"{'amplitude': {'all_time_quantity_sold': 2285, 'category_l1_name': 'Nhà Sách Tiki', 'category_l2_name': 'Sách tiếng Việt', 'category_l3_name': 'Sách văn học', 'deboosted_high_price_diff_position': 0, 'earliest_delivery_estimate': 0, 'is_authentic': 1, 'is_best_offer_available': False, 'is_flash_deal': False, 'is_freeship_xtra': False, 'is_gift_available': False, 'is_hero': True, 'is_high_price_penalty': False, 'is_imported': False, 'is_top_brand': True, 'joined_strategy_rerank': False, 'master_product_sku': '1605330498488', 'number_of_reviews': 204, 'order_route': 'same_province', 'partner_rewards_amount': 0, 'price': 149000, 'primary_category_name': 'Truyện dài', 'product_rating': 5, 'search_rank': 0, 'seller_id': 1, 'seller_product_id': 165030730, 'seller_product_sku': '3609643138096', 'seller_type': 'OFFICIAL_STORE', 'standard_delivery_estimate': 0, 'tiki_verified': 1, 'tikinow_delivery_estimate': 0.21, 'tikipro_delivery_estimate': 0, 'variant': False}}","[{'code': 'product_image_badge', 'image': 'https://salt.tikicdn.com/ts/upload/12/e2/4a/c5226426ee9429b0050449ae5403c9cf.png', 'placement': 'badge_overlay_product_image', 'type': 'image_badge'}]"
115078652,2357579759275,Sách Huấn Luyện Cảm Xúc Để Con Trẻ Phát Triển Toàn Diện,sach-huan-luyen-cam-xuc-de-con-tre-phat-trien-toan-dien-p115078652,sach-huan-luyen-cam-xuc-de-con-tre-phat-trien-toan-dien-p115078652.html?spid=115078654,,,,,,142560,0,[],"[{'code': 'tikinow', 'icon': 'https://salt.tikicdn.com/ts/tka/a8/31/b6/802e2c99dcce64c67aa2648edb15dd25.png', 'icon_height': 16, 'icon_width': 32, 'placement': 'delivery_info', 'text': 'Giao siêu tốc 2h', 'type': 'delivery_info_badge'}, {'code': 'authentic_brand', 'icon': 'https://salt.tikicdn.com/ts/tka/69/cf/22/1be823299ae34c7ddcd922e73abd4909.png', 'icon_height': 20, 'icon_width': 89, 'placement': 'under_product_image', 'type': 'icon_badge'}, {'code': 'brand_name', 'placement': 'above_product_name', 'text': 'CHRISTINA SUNGAIE CHOI, PECK CHO', 'text_color': '#808089', 'type': 'text_above_product_name'}]",55440,28,5.0,91,0,0,https://salt.tikicdn.com/cache/280x280/ts/product/01/6f/d2/e5a158a6029a142a29932acf9b4422ae.jpg,280,280,[],False,,False,243,,,False,False,,,[],,,115078654,,,False,"{'text': 'Đã bán 1184', 'value': 1184}",,198000,True,"[{'impression_id': 'thanos-Qx0NREXpcb59wcza-tf605j6L', 'metadata': {'astra_reward': 0, 'category': 8322, 'delivery_zone': 'VN039006001', 'discount_rate': 28, 'flags': {}, 'is_ad': 0, 'is_astra_plus': 0, 'is_official_store': 0, 'is_tikinow': 1, 'is_tikipro': 0, 'is_trusted_store': 0, 'mpid': 115078652, 'params': {'_v': 'filter_revamp', 'category': '8322', 'limit': '40', 'page': '1'}, 'position': 35, 'price': 142560, 'quantity_sold': 1184, 'rating': 5, 'request_id': 'Qx0NREXpcb59wcza', 'spid': 115078654, 'tiki_verified': 1}, 'checksum': ''}]",,1,1/2/8322/316/870/871,0,1,"{'amplitude': {'all_time_quantity_sold': 1184, 'category_l1_name': 'Nhà Sách Tiki', 'category_l2_name': 'Sách tiếng Việt', 'category_l3_name': 'Sách kỹ năng sống', 'deboosted_high_price_diff_position': 0, 'earliest_delivery_estimate': 0, 'is_authentic': 1, 'is_best_offer_available': False, 'is_flash_deal': False, 'is_freeship_xtra': False, 'is_gift_available': False, 'is_hero': True, 'is_high_price_penalty': False, 'is_imported': False, 'is_top_brand': True, 'joined_strategy_rerank': False, 'layout': 'grid_view', 'master_product_sku': '2298050016289', 'number_of_reviews': 91, 'order_route': 'same_province', 'partner_rewards_amount': 0, 'price': 142560, 'primary_category_name': 'Sách tư duy - Kỹ năng sống', 'product_rating': 5, 'search_rank': 0, 'seller_id': 1, 'seller_product_id': 115078654, 'seller_product_sku': '2357579759275', 'seller_type': 'OFFICIAL_STORE', 'standard_delivery_estimate': 0, 'tiki_verified': 1, 'tikinow_delivery_estimate': 0.21, 'tikipro_delivery_estimate': 0, 'variant': False}}","[{'code': 'product_image_badge', 'image': 'https://salt.tikicdn.com/ts/upload/12/e2/4a/c5226426ee9429b0050449ae5403c9cf.png', 'placement': 'badge_overlay_product_image', 'type': 'image_badge'}]"
91947689,9849183363227,Sách 7 Thói Quen Hiệu Quả (The 7 Habits Of Highly Effective People) - Stephen R. Covey - PACE Books,sach-7-thoi-quen-hieu-qua-the-7-habits-of-highly-effective-people-stephen-r-covey-pace-books-p91947689,sach-7-thoi-quen-hieu-qua-the-7-habits-of-highly-effective-people-stephen-r-covey-pace-books-p91947689.html?spid=91947690,,,,,,169200,0,[],"[{'code': 'tikinow', 'icon': 'https://salt.tikicdn.com/ts/tka/a8/31/b6/802e2c99dcce64c67aa2648edb15dd25.png', 'icon_height': 16, 'icon_width': 32, 'placement': 'delivery_info', 'text': 'Giao siêu tốc 2h', 'type': 'delivery_info_badge'}, {'code': 'authentic_brand', 'icon': 'https://salt.tikicdn.com/ts/tka/69/cf/22/1be823299ae34c7ddcd922e73abd4909.png', 'icon_height': 20, 'icon_width': 89, 'placement': 'under_product_image', 'type': 'icon_badge'}, {'code': 'brand_name', 'placement': 'above_product_name', 'text': 'STEPHEN R. COVEY', 'text_color': '#808089', 'type': 'text_above_product_name'}]",80800,32,5.0,1001,0,0,https://salt.tikicdn.com/cache/280x280/ts/product/06/6b/5d/f61341e6bf1d194850402fce1f92edc1.jpg,280,280,[],False,,False,243,,,False,False,,,[],,,91947690,,,False,"{'text': 'Đã bán 9894', 'value': 9894}",,250000,True,"[{'impression_id': 'thanos-Qx0NREXpcb59wcza-h565ipL3', 'metadata': {'astra_reward': 0, 'category': 8322, 'delivery_zone': 'VN039006001', 'discount_rate': 32, 'flags': {}, 'is_ad': 0, 'is_astra_plus': 0, 'is_official_store': 0, 'is_tikinow': 1, 'is_tikipro': 0, 'is_trusted_store': 0, 'mpid': 91947689, 'params': {'_v': 'filter_revamp', 'category': '8322', 'limit': '40', 'page': '1'}, 'position': 36, 'price': 169200, 'quantity_sold': 9894, 'rating': 5, 'request_id': 'Qx0NREXpcb59wcza', 'spid': 91947690, 'tiki_verified': 1}, 'checksum': ''}]",,1,1/2/8322/316/870/871,0,1,"{'amplitude': {'all_time_quantity_sold': 9894, 'category_l1_name': 'Nhà Sách Tiki', 'category_l2_name': 'Sách tiếng Việt', 'category_l3_name': 'Sách kỹ năng sống', 'deboosted_high_price_diff_position': 0, 'earliest_delivery_estimate': 0, 'is_authentic': 1, 'is_best_offer_available': False, 'is_flash_deal': False, 'is_freeship_xtra': False, 'is_gift_available': False, 'is_hero': True, 'is_high_price_penalty': False, 'is_imported': False, 'is_top_brand': False, 'joined_strategy_rerank': False, 'layout': 'grid_view', 'master_product_sku': '9240011208173', 'number_of_reviews': 1001, 'order_route': 'same_province', 'partner_rewards_amount': 0, 'price': 169200, 'primary_category_name': 'Sách tư duy - Kỹ năng sống', 'product_rating': 5, 'search_rank': 0, 'seller_id': 1, 'seller_product_id': 91947690, 'seller_product_sku': '9849183363227', 'seller_type': 'OFFICIAL_STORE', 'standard_delivery_estimate': 0, 'tiki_verified': 1, 'tikinow_delivery_estimate': 0.21, 'tikipro_delivery_estimate': 0, 'variant': False}}","[{'code': 'product_image_badge', 'image': 'https://salt.tikicdn.com/ts/upload/12/e2/4a/c5226426ee9429b0050449ae5403c9cf.png', 'placement': 'badge_overlay_product_image', 'type': 'image_badge'}]"
13920941,9512634836678,Combo Doraemon - Truyện Dài (Trọn Bộ 24 Cuốn) - Tái Bản,combo-doraemon-truyen-dai-tron-bo-24-cuon-tai-ban-p13920941,combo-doraemon-truyen-dai-tron-bo-24-cuon-tai-ban-p13920941.html?spid=13920942,,,,,,529200,0,[],"[{'code': 'tikinow', 'icon': 'https://salt.tikicdn.com/ts/tka/a8/31/b6/802e2c99dcce64c67aa2648edb15dd25.png', 'icon_height': 16, 'icon_width': 32, 'placement': 'delivery_info', 'text': 'Giao siêu tốc 2h', 'type': 'delivery_info_badge'}, {'code': 'authentic_brand', 'icon': 'https://salt.tikicdn.com/ts/tka/69/cf/22/1be823299ae34c7ddcd922e73abd4909.png', 'icon_height': 20, 'icon_width': 89, 'placement': 'under_product_image', 'type': 'icon_badge'}, {'code': 'brand_name', 'placement': 'above_product_name', 'text': 'FUJIKO.F.FUJIO', 'text_color': '#808089', 'type': 'text_above_product_name'}]",67800,11,5.0,864,0,0,https://salt.tikicdn.com/cache/280x280/ts/product/0f/ca/d5/a5e2d426d94abbc1e732acf0357059ac.jpg,280,280,[],False,,False,253,,,False,False,,,[],,,13920942,,,False,"{'text': 'Đã bán 4941', 'value': 4941}",,597000,True,"[{'impression_id': 'thanos-Qx0NREXpcb59wcza-98B49YJR', 'metadata': {'astra_reward': 0, 'category': 8322, 'delivery_zone': 'VN039006001', 'discount_rate': 11, 'flags': {}, 'is_ad': 0, 'is_astra_plus': 0, 'is_official_store': 0, 'is_tikinow': 1, 'is_tikipro': 0, 'is_trusted_store': 0, 'mpid': 13920941, 'params': {'_v': 'filter_revamp', 'category': '8322', 'limit': '40', 'page': '1'}, 'position': 37, 'price': 529200, 'quantity_sold': 4941, 'rating': 5, 'request_id': 'Qx0NREXpcb59wcza', 'spid': 13920942, 'tiki_verified': 1}, 'checksum': ''}]",,1,1/2/8322/316/1084,0,1,"{'amplitude': {'all_time_quantity_sold': 4941, 'category_l1_name': 'Nhà Sách Tiki', 'category_l2_name': 'Sách tiếng Việt', 'deboosted_high_price_diff_position': 0, 'earliest_delivery_estimate': 0, 'is_authentic': 1, 'is_best_offer_available': False, 'is_flash_deal': False, 'is_freeship_xtra': False, 'is_gift_available': False, 'is_hero': False, 'is_high_price_penalty': False, 'is_imported': False, 'is_top_brand': False, 'joined_strategy_rerank': False, 'master_product_sku': '1274087632990', 'number_of_reviews': 864, 'order_route': 'same_province', 'partner_rewards_amount': 0, 'price': 529200, 'primary_category_name': 'Truyện Tranh, Manga, Comic', 'product_rating': 5, 'search_rank': 0, 'seller_id': 1, 'seller_product_id': 13920942, 'seller_product_sku': '9512634836678', 'seller_type': 'OFFICIAL_STORE', 'standard_delivery_estimate': 0, 'tiki_verified': 1, 'tikinow_delivery_estimate': 0.21, 'tikipro_delivery_estimate': 0, 'variant': False}}","[{'code': 'product_image_badge', 'image': 'https://salt.tikicdn.com/ts/upload/c2/bc/6d/ff18cc8968e2bbb43f7ac58efbfafdff.png', 'placement': 'badge_overlay_product_image', 'type': 'image_badge'}]"
2987219,4663459952878,Sách Giáo Trình Chuẩn YCT 1 (Kèm file MP3),sach-giao-trinh-chuan-yct-1-kem-file-mp3-p2987219,sach-giao-trinh-chuan-yct-1-kem-file-mp3-p2987219.html?spid=2987563,,,,,,115000,0,[],"[{'code': 'tikinow', 'icon': 'https://salt.tikicdn.com/ts/tka/a8/31/b6/802e2c99dcce64c67aa2648edb15dd25.png', 'icon_height': 16, 'icon_width': 32, 'placement': 'delivery_info', 'text': 'Giao siêu tốc 2h', 'type': 'delivery_info_badge'}, {'code': 'authentic_brand', 'icon': 'https://salt.tikicdn.com/ts/tka/69/cf/22/1be823299ae34c7ddcd922e73abd4909.png', 'icon_height': 20, 'icon_width': 89, 'placement': 'under_product_image', 'type': 'icon_badge'}, {'code': 'brand_name', 'placement': 'above_product_name', 'text': 'TS. NGUYỄN THỊ MINH HỒNG', 'text_color': '#808089', 'type': 'text_above_product_name'}]",23000,17,4.8,180,0,0,https://salt.tikicdn.com/cache/280x280/ts/product/3e/52/39/79aba7847d86327cc7465f4e2a8d8cce.jpg,280,280,[],False,,False,239,,,False,False,,,[],,,2987563,,,False,"{'text': 'Đã bán 2996', 'value': 2996}",,138000,True,"[{'impression_id': 'thanos-Qx0NREXpcb59wcza-e0wmw6fn', 'metadata': {'astra_reward': 0, 'category': 8322, 'delivery_zone': 'VN039006001', 'discount_rate': 17, 'flags': {}, 'is_ad': 0, 'is_astra_plus': 0, 'is_official_store': 0, 'is_tikinow': 1, 'is_tikipro': 0, 'is_trusted_store': 0, 'mpid': 2987219, 'params': {'_v': 'filter_revamp', 'category': '8322', 'limit': '40', 'page': '1'}, 'position': 38, 'price': 115000, 'quantity_sold': 2996, 'rating': 4.8, 'request_id': 'Qx0NREXpcb59wcza', 'spid': 2987563, 'tiki_verified': 1}, 'checksum': ''}]",,1,1/2/8322/316/887/1881/67869,0,1,"{'amplitude': {'all_time_quantity_sold': 2996, 'category_l1_name': 'Nhà Sách Tiki', 'category_l2_name': 'Sách tiếng Việt', 'category_l3_name': 'Sách Học Ngoại Ngữ', 'category_l4_name': 'Sách Học Tiếng Hoa', 'deboosted_high_price_diff_position': 0, 'earliest_delivery_estimate': 0, 'is_authentic': 1, 'is_best_offer_available': False, 'is_flash_deal': False, 'is_freeship_xtra': False, 'is_gift_available': False, 'is_hero': False, 'is_high_price_penalty': False, 'is_imported': False, 'is_top_brand': False, 'joined_strategy_rerank': False, 'layout': 'grid_view', 'master_product_sku': '2777073017522', 'number_of_reviews': 180, 'order_route': 'same_province', 'partner_rewards_amount': 0, 'price': 115000, 'primary_category_name': 'Sách học tiếng hoa - khác', 'product_rating': 4.8, 'search_rank': 0, 'seller_id': 1, 'seller_product_id': 2987563, 'seller_product_sku': '4663459952878', 'seller_type': 'OFFICIAL_STORE', 'standard_delivery_estimate': 0, 'tiki_verified': 1, 'tikinow_delivery_estimate': 0.21, 'tikipro_delivery_estimate': 0, 'variant': False}}","[{'code': 'product_image_badge', 'image': 'https://salt.tikicdn.com/ts/upload/c2/bc/6d/ff18cc8968e2bbb43f7ac58efbfafdff.png', 'placement': 'badge_overlay_product_image', 'type': 'image_badge'}]"
1080002,2515250328913,Sách Boxset Harry Potter - Tiếng Việt (Trọn Bộ 7 Tập),sach-boxset-harry-potter-tieng-viet-tron-bo-7-tap-p1080002,sach-boxset-harry-potter-tieng-viet-tron-bo-7-tap-p1080002.html?spid=1080024,,,,,,1473000,0,[],"[{'code': 'tikinow', 'icon': 'https://salt.tikicdn.com/ts/tka/a8/31/b6/802e2c99dcce64c67aa2648edb15dd25.png', 'icon_height': 16, 'icon_width': 32, 'placement': 'delivery_info', 'text': 'Giao siêu tốc 2h', 'type': 'delivery_info_badge'}, {'code': 'authentic_brand', 'icon': 'https://salt.tikicdn.com/ts/tka/69/cf/22/1be823299ae34c7ddcd922e73abd4909.png', 'icon_height': 20, 'icon_width': 89, 'placement': 'under_product_image', 'type': 'icon_badge'}, {'code': 'brand_name', 'placement': 'above_product_name', 'text': 'J. K. ROWLING', 'text_color': '#808089', 'type': 'text_above_product_name'}]",277000,16,4.7,1607,0,0,https://salt.tikicdn.com/cache/280x280/ts/product/a2/47/fa/02e6e8df58b3a0daa8665fe195da3caa.jpg,280,280,[],False,,False,251,,,False,False,,,[],,,1080024,,,False,"{'text': 'Đã bán 10881', 'value': 10881}",,1750000,True,"[{'impression_id': 'thanos-Qx0NREXpcb59wcza-pgmrIzYO', 'metadata': {'astra_reward': 0, 'category': 8322, 'delivery_zone': 'VN039006001', 'discount_rate': 16, 'flags': {}, 'is_ad': 0, 'is_astra_plus': 0, 'is_official_store': 0, 'is_tikinow': 1, 'is_tikipro': 0, 'is_trusted_store': 0, 'mpid': 1080002, 'params': {'_v': 'filter_revamp', 'category': '8322', 'limit': '40', 'page': '1'}, 'position': 39, 'price': 1473000, 'quantity_sold': 10881, 'rating': 4.7, 'request_id': 'Qx0NREXpcb59wcza', 'spid': 1080024, 'tiki_verified': 1}, 'checksum': ''}]",,1,1/2/8322/316/839/840,0,1,"{'amplitude': {'all_time_quantity_sold': 10881, 'category_l1_name': 'Nhà Sách Tiki', 'category_l2_name': 'Sách tiếng Việt', 'category_l3_name': 'Sách văn học', 'deboosted_high_price_diff_position': 0, 'earliest_delivery_estimate': 0, 'is_authentic': 1, 'is_best_offer_available': False, 'is_flash_deal': False, 'is_freeship_xtra': False, 'is_gift_available': False, 'is_hero': True, 'is_high_price_penalty': False, 'is_imported': False, 'is_top_brand': True, 'joined_strategy_rerank': False, 'master_product_sku': '2519625242415', 'number_of_reviews': 1607, 'order_route': 'same_province', 'partner_rewards_amount': 0, 'price': 1473000, 'primary_category_name': 'Truyện Giả tưởng - Huyền Bí - Phiêu Lưu', 'product_rating': 4.7, 'search_rank': 0, 'seller_id': 1, 'seller_product_id': 1080024, 'seller_product_sku': '2515250328913', 'seller_type': 'OFFICIAL_STORE', 'standard_delivery_estimate': 0, 'tiki_verified': 1, 'tikinow_delivery_estimate': 0.21, 'tikipro_delivery_estimate': 0, 'variant': False}}","[{'code': 'product_image_badge', 'image': 'https://salt.tikicdn.com/ts/upload/12/e2/4a/c5226426ee9429b0050449ae5403c9cf.png', 'placement': 'badge_overlay_product_image', 'type': 'image_badge'}]"
540039,9786045854655,Sách Giáo Trình Chuẩn HSK 1 - Bài Học (Kèm file MP3),sach-giao-trinh-chuan-hsk-1-bai-hoc-kem-file-mp3-p540039,sach-giao-trinh-chuan-hsk-1-bai-hoc-kem-file-mp3-p540039.html?spid=262528,,,,,,165000,0,[],"[{'code': 'tikinow', 'icon': 'https://salt.tikicdn.com/ts/tka/a8/31/b6/802e2c99dcce64c67aa2648edb15dd25.png', 'icon_height': 16, 'icon_width': 32, 'placement': 'delivery_info', 'text': 'Giao siêu tốc 2h', 'type': 'delivery_info_badge'}, {'code': 'authentic_brand', 'icon': 'https://salt.tikicdn.com/ts/tka/69/cf/22/1be823299ae34c7ddcd922e73abd4909.png', 'icon_height': 20, 'icon_width': 89, 'placement': 'under_product_image', 'type': 'icon_badge'}, {'code': 'brand_name', 'placement': 'above_product_name', 'text': 'KHƯƠNG LỆ BÌNH', 'text_color': '#808089', 'type': 'text_above_product_name'}]",33000,17,4.8,962,0,0,https://salt.tikicdn.com/cache/280x280/ts/product/92/37/db/3e0bd4d2f16e4e5fa8d1c8cc59b55506.jpg,280,280,[],False,,False,239,,,False,False,,,[],,,262528,,,False,"{'text': 'Đã bán 8588', 'value': 8588}",,198000,True,"[{'impression_id': 'thanos-Qx0NREXpcb59wcza-AY0pWVfU', 'metadata': {'astra_reward': 0, 'category': 8322, 'delivery_zone': 'VN039006001', 'discount_rate': 17, 'flags': {}, 'is_ad': 0, 'is_astra_plus': 0, 'is_official_store': 0, 'is_tikinow': 1, 'is_tikipro': 0, 'is_trusted_store': 0, 'mpid': 540039, 'params': {'_v': 'filter_revamp', 'category': '8322', 'limit': '40', 'page': '1'}, 'position': 40, 'price': 165000, 'quantity_sold': 8588, 'rating': 4.8, 'request_id': 'Qx0NREXpcb59wcza', 'spid': 262528, 'tiki_verified': 1}, 'checksum': ''}]",,1,1/2/8322/316/887/1881/67867,0,1,"{'amplitude': {'all_time_quantity_sold': 8588, 'category_l1_name': 'Nhà Sách Tiki', 'category_l2_name': 'Sách tiếng Việt', 'category_l3_name': 'Sách Học Ngoại Ngữ', 'category_l4_name': 'Sách Học Tiếng Hoa', 'deboosted_high_price_diff_position': 0, 'earliest_delivery_estimate': 0, 'is_authentic': 1, 'is_best_offer_available': False, 'is_flash_deal': False, 'is_freeship_xtra': False, 'is_gift_available': False, 'is_hero': False, 'is_high_price_penalty': False, 'is_imported': False, 'is_top_brand': True, 'joined_strategy_rerank': False, 'master_product_sku': '2399543351471', 'number_of_reviews': 962, 'order_route': 'same_province', 'partner_rewards_amount': 0, 'price': 165000, 'primary_category_name': 'Luyện thi Tiếng Hoa HSK', 'product_rating': 4.8, 'search_rank': 0, 'seller_id': 1, 'seller_product_id': 262528, 'seller_product_sku': '9786045854655', 'seller_type': 'OFFICIAL_STORE', 'standard_delivery_estimate': 0, 'tiki_verified': 1, 'tikinow_delivery_estimate': 0.21, 'tikipro_delivery_estimate': 0, 'variant': False}}","[{'code': 'product_image_badge', 'image': 'https://salt.tikicdn.com/ts/upload/c2/bc/6d/ff18cc8968e2bbb43f7ac58efbfafdff.png', 'placement': 'badge_overlay_product_image', 'type': 'image_badge'}]"
279428996,4255257928333,Sách Chú Thuật Hồi Chiến - Tập 28,sach-chu-thuat-hoi-chien-tap-28-p279428996,sach-chu-thuat-hoi-chien-tap-28-p279428996.html?spid=279429139,,,,,,28500,0,[],"[{'code': 'tikinow', 'icon': 'https://salt.tikicdn.com/ts/tka/a8/31/b6/802e2c99dcce64c67aa2648edb15dd25.png', 'icon_height': 16, 'icon_width': 32, 'placement': 'delivery_info', 'text': 'Giao siêu tốc 2h', 'type': 'delivery_info_badge'}, {'code': 'authentic_brand', 'icon': 'https://salt.tikicdn.com/ts/tka/69/cf/22/1be823299ae34c7ddcd922e73abd4909.png', 'icon_height': 20, 'icon_width': 89, 'placement': 'under_product_image', 'type': 'icon_badge'}, {'code': 'brand_name', 'placement': 'above_product_name', 'text': 'GEGE AKUTAMI', 'text_color': '#808089', 'type': 'text_above_product_name'}, {'arr_text': [{'value': '2 Phiên bản'}], 'code': 'variant_count', 'placement': 'under_rating_v2', 'text_color': '#808089', 'type': 'text_box'}]",1500,5,5.0,1,0,0,https://salt.tikicdn.com/cache/280x280/ts/product/49/61/48/6899e2cb5e3791b546295437cb59cc6e.jpg,280,280,[],False,,False,253,,,False,False,,,[],,,279429139,,,False,"{'text': 'Đã bán 56', 'value': 56}",,30000,True,"[{'impression_id': 'thanos-qQlYCKqNKbHVBznf-6upKdrfF', 'metadata': {'astra_reward': 0, 'category': 8322, 'delivery_zone': 'VN039006001', 'discount_rate': 5, 'flags': {}, 'is_ad': 0, 'is_astra_plus': 0, 'is_official_store': 0, 'is_tikinow': 1, 'is_tikipro': 0, 'is_trusted_store': 0, 'mpid': 279428996, 'params': {'_v': 'filter_revamp', 'category': '8322', 'limit': '40', 'page': '2'}, 'position': 1, 'price': 28500, 'quantity_sold': 56, 'rating': 5, 'request_id': 'qQlYCKqNKbHVBznf', 'spid': 279429139, 'tiki_verified': 0}, 'checksum': ''}]",,1,1/2/8322/316/1084,0,1,"{'amplitude': {'all_time_quantity_sold': 56, 'category_l1_name': 'Nhà Sách Tiki', 'category_l2_name': 'Sách tiếng Việt', 'deboosted_high_price_diff_position': 0, 'earliest_delivery_estimate': 0, 'is_authentic': 1, 'is_best_offer_available': False, 'is_flash_deal': False, 'is_freeship_xtra': False, 'is_gift_available': False, 'is_hero': False, 'is_high_price_penalty': False, 'is_imported': False, 'is_top_brand': False, 'joined_strategy_rerank': False, 'layout': 'grid_view', 'master_product_sku': '5458290813857', 'number_of_reviews': 1, 'order_route': 'same_province', 'partner_rewards_amount': 0, 'price': 28500, 'primary_category_name': 'Truyện Tranh, Manga, Comic', 'product_rating': 5, 'search_rank': 0, 'seller_id': 1, 'seller_product_id': 279429139, 'seller_product_sku': '4255257928333', 'seller_type': 'OFFICIAL_STORE', 'standard_delivery_estimate': 0, 'tiki_verified': 0, 'tikinow_delivery_estimate': 0.21, 'tikipro_delivery_estimate': 0, 'variant': True}}","[{'code': 'product_image_badge', 'image': 'https://salt.tikicdn.com/ts/upload/c2/bc/6d/ff18cc8968e2bbb43f7ac58efbfafdff.png', 'placement': 'badge_overlay_product_image', 'type': 'image_badge'}]"
279394165,3373518982046,Thám tử thừa kế,tham-tu-thua-ke-p279394165,tham-tu-thua-ke-p279394165.html?spid=279493247,,,,,,50000,0,[],"[{'code': 'tikinow', 'icon': 'https://salt.tikicdn.com/ts/tka/a8/31/b6/802e2c99dcce64c67aa2648edb15dd25.png', 'icon_height': 16, 'icon_width': 32, 'placement': 'delivery_info', 'text': 'Giao siêu tốc 2h', 'type': 'delivery_info_badge'}, {'code': 'authentic_brand', 'icon': 'https://salt.tikicdn.com/ts/tka/69/cf/22/1be823299ae34c7ddcd922e73abd4909.png', 'icon_height': 20, 'icon_width': 89, 'placement': 'under_product_image', 'type': 'icon_badge'}, {'code': 'brand_name', 'placement': 'above_product_name', 'text': 'YUMIE NISHIOGI', 'text_color': '#808089', 'type': 'text_above_product_name'}, {'arr_text': [{'value': '5 Tập'}], 'code': 'variant_count', 'placement': 'under_rating_v2', 'text_color': '#808089', 'type': 'text_box'}]",5000,9,0.0,0,0,0,https://salt.tikicdn.com/cache/280x280/ts/product/71/94/0a/cac8d918a2292b7939a0e1b23f44ee0e.jpg,280,280,[],False,,False,253,,,False,False,,,[],,,279493247,,,False,"{'text': 'Đã bán 88', 'value': 88}",,55000,True,"[{'impression_id': 'thanos-qQlYCKqNKbHVBznf-EHjXHNio', 'metadata': {'astra_reward': 0, 'category': 8322, 'delivery_zone': 'VN039006001', 'discount_rate': 9, 'flags': {}, 'is_ad': 0, 'is_astra_plus': 0, 'is_official_store': 0, 'is_tikinow': 1, 'is_tikipro': 0, 'is_trusted_store': 0, 'mpid': 279394165, 'params': {'_v': 'filter_revamp', 'category': '8322', 'limit': '40', 'page': '2'}, 'position': 2, 'price': 50000, 'quantity_sold': 88, 'rating': 0, 'request_id': 'qQlYCKqNKbHVBznf', 'spid': 279493247, 'tiki_verified': 0}, 'checksum': ''}]",,1,1/2/8322/316/1084,0,1,"{'amplitude': {'all_time_quantity_sold': 88, 'category_l1_name': 'Nhà Sách Tiki', 'category_l2_name': 'Sách tiếng Việt', 'deboosted_high_price_diff_position': 0, 'earliest_delivery_estimate': 0, 'is_authentic': 1, 'is_best_offer_available': False, 'is_flash_deal': False, 'is_freeship_xtra': False, 'is_gift_available': False, 'is_hero': False, 'is_high_price_penalty': False, 'is_imported': False, 'is_top_brand': True, 'joined_strategy_rerank': False, 'layout': 'grid_view', 'master_product_sku': '6758643940188', 'number_of_reviews': 0, 'order_route': 'same_province', 'partner_rewards_amount': 0, 'price': 50000, 'primary_category_name': 'Truyện Tranh, Manga, Comic', 'product_rating': 0, 'search_rank': 0, 'seller_id': 1, 'seller_product_id': 279493247, 'seller_product_sku': '3373518982046', 'seller_type': 'OFFICIAL_STORE', 'standard_delivery_estimate': 0, 'tiki_verified': 0, 'tikinow_delivery_estimate': 0.21, 'tikipro_delivery_estimate': 0, 'variant': True}}","[{'code': 'product_image_badge', 'image': 'https://salt.tikicdn.com/ts/upload/c2/bc/6d/ff18cc8968e2bbb43f7ac58efbfafdff.png', 'placement': 'badge_overlay_product_image', 'type': 'image_badge'}]"
279374424,8477829202593,Sách Chú Thuật Hồi Chiến - Tập 27,chu-thuat-hoi-chien-tap-27-p279374424,chu-thuat-hoi-chien-tap-27-p279374424.html?spid=279375119,,,,,,28500,0,[],"[{'code': 'tikinow', 'icon': 'https://salt.tikicdn.com/ts/tka/a8/31/b6/802e2c99dcce64c67aa2648edb15dd25.png', 'icon_height': 16, 'icon_width': 32, 'placement': 'delivery_info', 'text': 'Giao siêu tốc 2h', 'type': 'delivery_info_badge'}, {'code': 'authentic_brand', 'icon': 'https://salt.tikicdn.com/ts/tka/69/cf/22/1be823299ae34c7ddcd922e73abd4909.png', 'icon_height': 20, 'icon_width': 89, 'placement': 'under_product_image', 'type': 'icon_badge'}, {'code': 'brand_name', 'placement': 'above_product_name', 'text': 'GEGE AKUTAMI', 'text_color': '#808089', 'type': 'text_above_product_name'}, {'arr_text': [{'value': '2 Tập'}], 'code': 'variant_count', 'placement': 'under_rating_v2', 'text_color': '#808089', 'type': 'text_box'}]",1500,5,5.0,1,0,0,https://salt.tikicdn.com/cache/280x280/ts/product/15/59/54/59c2dcc13ef19b7d6329449254a0e18f.jpg,280,280,[],False,,False,253,,,False,False,,,[],,,279375119,,,False,"{'text': 'Đã bán 38', 'value': 38}",,30000,True,"[{'impression_id': 'thanos-qQlYCKqNKbHVBznf-KSJlCdVs', 'metadata': {'astra_reward': 0, 'category': 8322, 'delivery_zone': 'VN039006001', 'discount_rate': 5, 'flags': {}, 'is_ad': 0, 'is_astra_plus': 0, 'is_official_store': 0, 'is_tikinow': 1, 'is_tikipro': 0, 'is_trusted_store': 0, 'mpid': 279374424, 'params': {'_v': 'filter_revamp', 'category': '8322', 'limit': '40', 'page': '2'}, 'position': 3, 'price': 28500, 'quantity_sold': 38, 'rating': 5, 'request_id': 'qQlYCKqNKbHVBznf', 'spid': 279375119, 'tiki_verified': 0}, 'checksum': ''}]",,1,1/2/8322/316/1084,0,1,"{'amplitude': {'all_time_quantity_sold': 38, 'category_l1_name': 'Nhà Sách Tiki', 'category_l2_name': 'Sách tiếng Việt', 'deboosted_high_price_diff_position': 0, 'earliest_delivery_estimate': 0, 'is_authentic': 1, 'is_best_offer_available': False, 'is_flash_deal': False, 'is_freeship_xtra': False, 'is_gift_available': False, 'is_hero': False, 'is_high_price_penalty': False, 'is_imported': False, 'is_top_brand': False, 'joined_strategy_rerank': False, 'layout': 'grid_view', 'master_product_sku': '5985976199354', 'number_of_reviews': 1, 'order_route': 'same_province', 'partner_rewards_amount': 0, 'price': 28500, 'primary_category_name': 'Truyện Tranh, Manga, Comic', 'product_rating': 5, 'search_rank': 0, 'seller_id': 1, 'seller_product_id': 279375119, 'seller_product_sku': '8477829202593', 'seller_type': 'OFFICIAL_STORE', 'standard_delivery_estimate': 0, 'tiki_verified': 0, 'tikinow_delivery_estimate': 0.21, 'tikipro_delivery_estimate': 0, 'variant': True}}","[{'code': 'product_image_badge', 'image': 'https://salt.tikicdn.com/ts/upload/c2/bc/6d/ff18cc8968e2bbb43f7ac58efbfafdff.png', 'placement': 'badge_overlay_product_image', 'type': 'image_badge'}]"
279313607,2374806832523,Bộ Sách Tô Màu 6 Cuốn Họa Sĩ Nhí Vẽ Thế Giới,bo-sach-to-mau-6-cuon-hoa-si-nhi-ve-the-gioi-p279313607,bo-sach-to-mau-6-cuon-hoa-si-nhi-ve-the-gioi-p279313607.html?spid=279313712,,,,,,15000,0,[],"[{'code': 'tikinow', 'icon': 'https://salt.tikicdn.com/ts/tka/a8/31/b6/802e2c99dcce64c67aa2648edb15dd25.png', 'icon_height': 16, 'icon_width': 32, 'placement': 'delivery_info', 'text': 'Giao siêu tốc 2h', 'type': 'delivery_info_badge'}, {'code': 'authentic_brand', 'icon': 'https://salt.tikicdn.com/ts/tka/69/cf/22/1be823299ae34c7ddcd922e73abd4909.png', 'icon_height': 20, 'icon_width': 89, 'placement': 'under_product_image', 'type': 'icon_badge'}, {'code': 'brand_name', 'placement': 'above_product_name', 'text': 'NHIỀU TÁC GIẢ', 'text_color': '#808089', 'type': 'text_above_product_name'}, {'arr_text': [{'value': '6 Phiên bản'}], 'code': 'variant_count', 'placement': 'under_rating_v2', 'text_color': '#808089', 'type': 'text_box'}]",5000,25,0.0,0,0,0,https://salt.tikicdn.com/cache/280x280/ts/product/88/ee/a2/0875b2eb281d160fbdabf276c2bb039d.png,280,280,[],False,,False,252,,,False,False,,,[],,,279313712,,,False,,,20000,True,"[{'impression_id': 'thanos-qQlYCKqNKbHVBznf-O11d8A6e', 'metadata': {'astra_reward': 0, 'category': 8322, 'delivery_zone': 'VN039006001', 'discount_rate': 25, 'flags': {}, 'is_ad': 0, 'is_astra_plus': 0, 'is_official_store': 0, 'is_tikinow': 1, 'is_tikipro': 0, 'is_trusted_store': 0, 'mpid': 279313607, 'params': {'_v': 'filter_revamp', 'category': '8322', 'limit': '40', 'page': '2'}, 'position': 4, 'price': 15000, 'quantity_sold': 0, 'rating': 0, 'request_id': 'qQlYCKqNKbHVBznf', 'spid': 279313712, 'tiki_verified': 0}, 'checksum': ''}]",,1,1/2/8322/316/393/853,0,1,"{'amplitude': {'all_time_quantity_sold': 0, 'category_l1_name': 'Nhà Sách Tiki', 'category_l2_name': 'Sách tiếng Việt', 'category_l3_name': 'Sách thiếu nhi ', 'deboosted_high_price_diff_position': 0, 'earliest_delivery_estimate': 0, 'is_authentic': 1, 'is_best_offer_available': False, 'is_flash_deal': False, 'is_freeship_xtra': False, 'is_gift_available': False, 'is_hero': False, 'is_high_price_penalty': False, 'is_imported': False, 'is_top_brand': False, 'joined_strategy_rerank': False, 'layout': 'grid_view', 'master_product_sku': '8699548917952', 'number_of_reviews': 0, 'order_route': 'same_province', 'partner_rewards_amount': 0, 'price': 15000, 'primary_category_name': 'Kiến thức - Bách khoa', 'product_rating': 0, 'search_rank': 0, 'seller_id': 1, 'seller_product_id': 279313712, 'seller_product_sku': '2374806832523', 'seller_type': 'OFFICIAL_STORE', 'standard_delivery_estimate': 0, 'tiki_verified': 0, 'tikinow_delivery_estimate': 0.21, 'tikipro_delivery_estimate': 0, 'variant': True}}","[{'code': 'product_image_badge', 'image': 'https://salt.tikicdn.com/ts/upload/c2/bc/6d/ff18cc8968e2bbb43f7ac58efbfafdff.png', 'placement': 'badge_overlay_product_image', 'type': 'image_badge'}]"
279292568,4334497017667,Song Mệnh Cõi Hoàng Tuyền,song-menh-coi-hoang-tuyen-p279292568,song-menh-coi-hoang-tuyen-p279292568.html?spid=279580424,,,,,,31500,0,[],"[{'code': 'tikinow', 'icon': 'https://salt.tikicdn.com/ts/tka/a8/31/b6/802e2c99dcce64c67aa2648edb15dd25.png', 'icon_height': 16, 'icon_width': 32, 'placement': 'delivery_info', 'text': 'Giao siêu tốc 2h', 'type': 'delivery_info_badge'}, {'code': 'authentic_brand', 'icon': 'https://salt.tikicdn.com/ts/tka/69/cf/22/1be823299ae34c7ddcd922e73abd4909.png', 'icon_height': 20, 'icon_width': 89, 'placement': 'under_product_image', 'type': 'icon_badge'}, {'code': 'brand_name', 'placement': 'above_product_name', 'text': 'HIROMU ARAKAWA', 'text_color': '#808089', 'type': 'text_above_product_name'}, {'arr_text': [{'value': '9 Tập'}], 'code': 'variant_count', 'placement': 'under_rating_v2', 'text_color': '#808089', 'type': 'text_box'}]",3500,10,4.8,6,0,0,https://salt.tikicdn.com/cache/280x280/ts/product/23/5e/17/ca88ee0e8c7799a2f6c0224f6cff66f8.jpg,280,280,[],False,,False,253,,,False,False,,,[],,,279580424,,,False,"{'text': 'Đã bán 124', 'value': 124}",,35000,True,"[{'impression_id': 'thanos-qQlYCKqNKbHVBznf-MApEs7lg', 'metadata': {'astra_reward': 0, 'category': 8322, 'delivery_zone': 'VN039006001', 'discount_rate': 10, 'flags': {}, 'is_ad': 0, 'is_astra_plus': 0, 'is_official_store': 0, 'is_tikinow': 1, 'is_tikipro': 0, 'is_trusted_store': 0, 'mpid': 279292568, 'params': {'_v': 'filter_revamp', 'category': '8322', 'limit': '40', 'page': '2'}, 'position': 5, 'price': 31500, 'quantity_sold': 124, 'rating': 4.8, 'request_id': 'qQlYCKqNKbHVBznf', 'spid': 279580424, 'tiki_verified': 0}, 'checksum': ''}]",,1,1/2/8322/316/1084,0,1,"{'amplitude': {'all_time_quantity_sold': 124, 'category_l1_name': 'Nhà Sách Tiki', 'category_l2_name': 'Sách tiếng Việt', 'deboosted_high_price_diff_position': 0, 'earliest_delivery_estimate': 0, 'is_authentic': 1, 'is_best_offer_available': False, 'is_flash_deal': False, 'is_freeship_xtra': False, 'is_gift_available': False, 'is_hero': False, 'is_high_price_penalty': False, 'is_imported': False, 'is_top_brand': False, 'joined_strategy_rerank': False, 'layout': 'grid_view', 'master_product_sku': '9862919970022', 'number_of_reviews': 6, 'order_route': 'same_province', 'partner_rewards_amount': 0, 'price': 31500, 'primary_category_name': 'Truyện Tranh, Manga, Comic', 'product_rating': 4.8, 'search_rank': 0, 'seller_id': 1, 'seller_product_id': 279580424, 'seller_product_sku': '4334497017667', 'seller_type': 'OFFICIAL_STORE', 'standard_delivery_estimate': 0, 'tiki_verified': 0, 'tikinow_delivery_estimate': 0.21, 'tikipro_delivery_estimate': 0, 'variant': True}}","[{'code': 'product_image_badge', 'image': 'https://salt.tikicdn.com/ts/upload/c2/bc/6d/ff18cc8968e2bbb43f7ac58efbfafdff.png', 'placement': 'badge_overlay_product_image', 'type': 'image_badge'}]"
279236031,9516729447893,"Điệu múa chim công, có ai thấy không",dieu-mua-chim-cong-co-ai-thay-khong-p279236031,dieu-mua-chim-cong-co-ai-thay-khong-p279236031.html?spid=279236035,,,,,,52000,0,[],"[{'code': 'tikinow', 'icon': 'https://salt.tikicdn.com/ts/tka/a8/31/b6/802e2c99dcce64c67aa2648edb15dd25.png', 'icon_height': 16, 'icon_width': 32, 'placement': 'delivery_info', 'text': 'Giao siêu tốc 2h', 'type': 'delivery_info_badge'}, {'code': 'authentic_brand', 'icon': 'https://salt.tikicdn.com/ts/tka/69/cf/22/1be823299ae34c7ddcd922e73abd4909.png', 'icon_height': 20, 'icon_width': 89, 'placement': 'under_product_image', 'type': 'icon_badge'}, {'code': 'brand_name', 'placement': 'above_product_name', 'text': 'RITO ASAMI', 'text_color': '#808089', 'type': 'text_above_product_name'}, {'arr_text': [{'value': '7 Các tập'}], 'code': 'variant_count', 'placement': 'under_rating_v2', 'text_color': '#808089', 'type': 'text_box'}]",4000,7,5.0,10,0,0,https://salt.tikicdn.com/cache/280x280/ts/product/8f/29/67/0ec4618b5bf47135b275df4408c716e4.png,280,280,[],False,,False,253,,,False,False,,,[],,,279236035,,,False,"{'text': 'Đã bán 103', 'value': 103}",,56000,True,"[{'impression_id': 'thanos-qQlYCKqNKbHVBznf-7WAyQvwO', 'metadata': {'astra_reward': 0, 'category': 8322, 'delivery_zone': 'VN039006001', 'discount_rate': 7, 'flags': {}, 'is_ad': 0, 'is_astra_plus': 0, 'is_official_store': 0, 'is_tikinow': 1, 'is_tikipro': 0, 'is_trusted_store': 0, 'mpid': 279236031, 'params': {'_v': 'filter_revamp', 'category': '8322', 'limit': '40', 'page': '2'}, 'position': 6, 'price': 52000, 'quantity_sold': 103, 'rating': 5, 'request_id': 'qQlYCKqNKbHVBznf', 'spid': 279236035, 'tiki_verified': 0}, 'checksum': ''}]",,1,1/2/8322/316/1084,0,1,"{'amplitude': {'all_time_quantity_sold': 103, 'category_l1_name': 'Nhà Sách Tiki', 'category_l2_name': 'Sách tiếng Việt', 'deboosted_high_price_diff_position': 0, 'earliest_delivery_estimate': 0, 'is_authentic': 1, 'is_best_offer_available': False, 'is_flash_deal': False, 'is_freeship_xtra': False, 'is_gift_available': False, 'is_hero': False, 'is_high_price_penalty': False, 'is_imported': False, 'is_top_brand': True, 'joined_strategy_rerank': False, 'layout': 'grid_view', 'master_product_sku': '8956561167582', 'number_of_reviews': 10, 'order_route': 'same_province', 'partner_rewards_amount': 0, 'price': 52000, 'primary_category_name': 'Truyện Tranh, Manga, Comic', 'product_rating': 5, 'search_rank': 0, 'seller_id': 1, 'seller_product_id': 279236035, 'seller_product_sku': '9516729447893', 'seller_type': 'OFFICIAL_STORE', 'standard_delivery_estimate': 0, 'tiki_verified': 0, 'tikinow_delivery_estimate': 0.21, 'tikipro_delivery_estimate': 0, 'variant': True}}","[{'code': 'product_image_badge', 'image': 'https://salt.tikicdn.com/ts/upload/c2/bc/6d/ff18cc8968e2bbb43f7ac58efbfafdff.png', 'placement': 'badge_overlay_product_image', 'type': 'image_badge'}]"
279235202,7386388584149,Sách Khúc Hát Đêm Thâu [Chọn Tập,sach-khuc-hat-dem-thau-chon-tap-p279235202,sach-khuc-hat-dem-thau-chon-tap-p279235202.html?spid=279558959,,,,,,31500,0,[],"[{'code': 'tikinow', 'icon': 'https://salt.tikicdn.com/ts/tka/a8/31/b6/802e2c99dcce64c67aa2648edb15dd25.png', 'icon_height': 16, 'icon_width': 32, 'placement': 'delivery_info', 'text': 'Giao siêu tốc 2h', 'type': 'delivery_info_badge'}, {'code': 'authentic_brand', 'icon': 'https://salt.tikicdn.com/ts/tka/69/cf/22/1be823299ae34c7ddcd922e73abd4909.png', 'icon_height': 20, 'icon_width': 89, 'placement': 'under_product_image', 'type': 'icon_badge'}, {'code': 'brand_name', 'placement': 'above_product_name', 'text': 'KOTOYAMA', 'text_color': '#808089', 'type': 'text_above_product_name'}, {'arr_text': [{'value': '7 Tập'}], 'code': 'variant_count', 'placement': 'under_rating_v2', 'text_color': '#808089', 'type': 'text_box'}]",3500,10,4.2,5,0,0,https://salt.tikicdn.com/cache/280x280/ts/product/a8/89/97/ef510faa4a9b86ecec50cc2954e644c4.jpg,280,280,[],False,,False,253,,,False,False,,,[],,,279558959,,,False,"{'text': 'Đã bán 241', 'value': 241}",,35000,True,"[{'impression_id': 'thanos-qQlYCKqNKbHVBznf-lPyrmlda', 'metadata': {'astra_reward': 0, 'category': 8322, 'delivery_zone': 'VN039006001', 'discount_rate': 10, 'flags': {}, 'is_ad': 0, 'is_astra_plus': 0, 'is_official_store': 0, 'is_tikinow': 1, 'is_tikipro': 0, 'is_trusted_store': 0, 'mpid': 279235202, 'params': {'_v': 'filter_revamp', 'category': '8322', 'limit': '40', 'page': '2'}, 'position': 7, 'price': 31500, 'quantity_sold': 241, 'rating': 4.2, 'request_id': 'qQlYCKqNKbHVBznf', 'spid': 279558959, 'tiki_verified': 0}, 'checksum': ''}]",,1,1/2/8322/316/1084,0,1,"{'amplitude': {'all_time_quantity_sold': 241, 'category_l1_name': 'Nhà Sách Tiki', 'category_l2_name': 'Sách tiếng Việt', 'deboosted_high_price_diff_position': 0, 'earliest_delivery_estimate': 0, 'is_authentic': 1, 'is_best_offer_available': False, 'is_flash_deal': False, 'is_freeship_xtra': False, 'is_gift_available': False, 'is_hero': False, 'is_high_price_penalty': False, 'is_imported': False, 'is_top_brand': False, 'joined_strategy_rerank': False, 'layout': 'grid_view', 'master_product_sku': '5152421290424', 'number_of_reviews': 5, 'order_route': 'same_province', 'partner_rewards_amount': 0, 'price': 31500, 'primary_category_name': 'Truyện Tranh, Manga, Comic', 'product_rating': 4.2, 'search_rank': 0, 'seller_id': 1, 'seller_product_id': 279558959, 'seller_product_sku': '7386388584149', 'seller_type': 'OFFICIAL_STORE', 'standard_delivery_estimate': 0, 'tiki_verified': 0, 'tikinow_delivery_estimate': 0.21, 'tikipro_delivery_estimate': 0, 'variant': True}}","[{'code': 'product_image_badge', 'image': 'https://salt.tikicdn.com/ts/upload/c2/bc/6d/ff18cc8968e2bbb43f7ac58efbfafdff.png', 'placement': 'badge_overlay_product_image', 'type': 'image_badge'}]"
278756674,6338864898259,Sách Nisekoi - Cặp Đôi Giả Tạo,sach-nisekoi-cap-doi-gia-tao-p278756674,sach-nisekoi-cap-doi-gia-tao-p278756674.html?spid=279558986,,,,,,36000,0,[],"[{'code': 'tikinow', 'icon': 'https://salt.tikicdn.com/ts/tka/a8/31/b6/802e2c99dcce64c67aa2648edb15dd25.png', 'icon_height': 16, 'icon_width': 32, 'placement': 'delivery_info', 'text': 'Giao siêu tốc 2h', 'type': 'delivery_info_badge'}, {'code': 'authentic_brand', 'icon': 'https://salt.tikicdn.com/ts/tka/69/cf/22/1be823299ae34c7ddcd922e73abd4909.png', 'icon_height': 20, 'icon_width': 89, 'placement': 'under_product_image', 'type': 'icon_badge'}, {'code': 'brand_name', 'placement': 'above_product_name', 'text': 'NAOSHI KOMI', 'text_color': '#808089', 'type': 'text_above_product_name'}, {'arr_text': [{'value': '13 Tập'}], 'code': 'variant_count', 'placement': 'under_rating_v2', 'text_color': '#808089', 'type': 'text_box'}]",4000,10,5.0,18,0,0,https://salt.tikicdn.com/cache/280x280/ts/product/bb/6b/d7/6d47701e2e9bc4ea1f1145bf5b7a5d2c.jpg,280,280,[],False,,False,253,,,False,False,,,[],,,279558986,,,False,"{'text': 'Đã bán 244', 'value': 244}",,40000,True,"[{'impression_id': 'thanos-qQlYCKqNKbHVBznf-jpedUDut', 'metadata': {'astra_reward': 0, 'category': 8322, 'delivery_zone': 'VN039006001', 'discount_rate': 10, 'flags': {}, 'is_ad': 0, 'is_astra_plus': 0, 'is_official_store': 0, 'is_tikinow': 1, 'is_tikipro': 0, 'is_trusted_store': 0, 'mpid': 278756674, 'params': {'_v': 'filter_revamp', 'category': '8322', 'limit': '40', 'page': '2'}, 'position': 8, 'price': 36000, 'quantity_sold': 244, 'rating': 5, 'request_id': 'qQlYCKqNKbHVBznf', 'spid': 279558986, 'tiki_verified': 0}, 'checksum': ''}]",,1,1/2/8322/316/1084,0,1,"{'amplitude': {'all_time_quantity_sold': 244, 'category_l1_name': 'Nhà Sách Tiki', 'category_l2_name': 'Sách tiếng Việt', 'deboosted_high_price_diff_position': 0, 'earliest_delivery_estimate': 0, 'is_authentic': 1, 'is_best_offer_available': False, 'is_flash_deal': False, 'is_freeship_xtra': False, 'is_gift_available': False, 'is_hero': False, 'is_high_price_penalty': False, 'is_imported': False, 'is_top_brand': False, 'joined_strategy_rerank': False, 'layout': 'grid_view', 'master_product_sku': '6282739936526', 'number_of_reviews': 18, 'order_route': 'same_province', 'partner_rewards_amount': 0, 'price': 36000, 'primary_category_name': 'Truyện Tranh, Manga, Comic', 'product_rating': 5, 'search_rank': 0, 'seller_id': 1, 'seller_product_id': 279558986, 'seller_product_sku': '6338864898259', 'seller_type': 'OFFICIAL_STORE', 'standard_delivery_estimate': 0, 'tiki_verified': 0, 'tikinow_delivery_estimate': 0.21, 'tikipro_delivery_estimate': 0, 'variant': True}}","[{'code': 'product_image_badge', 'image': 'https://salt.tikicdn.com/ts/upload/c2/bc/6d/ff18cc8968e2bbb43f7ac58efbfafdff.png', 'placement': 'badge_overlay_product_image', 'type': 'image_badge'}]"
278749523,4464857110004,Ngũ Hành Của Tôi Thiếu Em,ngu-hanh-cua-toi-thieu-em-p278749523,ngu-hanh-cua-toi-thieu-em-p278749523.html?spid=279004969,,,,,,109800,0,[],"[{'code': 'tikinow', 'icon': 'https://salt.tikicdn.com/ts/tka/a8/31/b6/802e2c99dcce64c67aa2648edb15dd25.png', 'icon_height': 16, 'icon_width': 32, 'placement': 'delivery_info', 'text': 'Giao siêu tốc 2h', 'type': 'delivery_info_badge'}, {'code': 'authentic_brand', 'icon': 'https://salt.tikicdn.com/ts/tka/69/cf/22/1be823299ae34c7ddcd922e73abd4909.png', 'icon_height': 20, 'icon_width': 89, 'placement': 'under_product_image', 'type': 'icon_badge'}, {'code': 'brand_name', 'placement': 'above_product_name', 'text': 'TÂY TỬ TỰ', 'text_color': '#808089', 'type': 'text_above_product_name'}, {'arr_text': [{'value': '3 Loại bìa'}], 'code': 'variant_count', 'placement': 'under_rating_v2', 'text_color': '#808089', 'type': 'text_box'}]",69200,39,5.0,24,0,0,https://salt.tikicdn.com/cache/280x280/ts/product/55/0b/bb/4085662040f8e10fdad6093ddb7c3874.jpg,280,280,[],False,,False,251,,,False,False,,,[],,,279004969,,,False,"{'text': 'Đã bán 239', 'value': 239}",,179000,True,"[{'impression_id': 'thanos-qQlYCKqNKbHVBznf-2FafCctV', 'metadata': {'astra_reward': 0, 'category': 8322, 'delivery_zone': 'VN039006001', 'discount_rate': 39, 'flags': {}, 'is_ad': 0, 'is_astra_plus': 0, 'is_official_store': 0, 'is_tikinow': 1, 'is_tikipro': 0, 'is_trusted_store': 0, 'mpid': 278749523, 'params': {'_v': 'filter_revamp', 'category': '8322', 'limit': '40', 'page': '2'}, 'position': 9, 'price': 109800, 'quantity_sold': 239, 'rating': 5, 'request_id': 'qQlYCKqNKbHVBznf', 'spid': 279004969, 'tiki_verified': 0}, 'checksum': ''}]",,1,1/2/8322/316/839/1367/67998,0,1,"{'amplitude': {'all_time_quantity_sold': 239, 'category_l1_name': 'Nhà Sách Tiki', 'category_l2_name': 'Sách tiếng Việt', 'category_l3_name': 'Sách văn học', 'category_l4_name': 'Truyện đam mỹ', 'deboosted_high_price_diff_position': 0, 'earliest_delivery_estimate': 0, 'is_authentic': 1, 'is_best_offer_available': False, 'is_flash_deal': False, 'is_freeship_xtra': False, 'is_gift_available': False, 'is_hero': False, 'is_high_price_penalty': False, 'is_imported': False, 'is_top_brand': True, 'joined_strategy_rerank': False, 'layout': 'grid_view', 'master_product_sku': '9928258099554', 'number_of_reviews': 24, 'order_route': 'same_province', 'partner_rewards_amount': 0, 'price': 109800, 'primary_category_name': 'Truyện Chữ Đam Mỹ', 'product_rating': 5, 'search_rank': 0, 'seller_id': 1, 'seller_product_id': 279004969, 'seller_product_sku': '4464857110004', 'seller_type': 'OFFICIAL_STORE', 'standard_delivery_estimate': 0, 'tiki_verified': 0, 'tikinow_delivery_estimate': 0.21, 'tikipro_delivery_estimate': 0, 'variant': True}}","[{'code': 'product_image_badge', 'image': 'https://salt.tikicdn.com/ts/upload/c2/bc/6d/ff18cc8968e2bbb43f7ac58efbfafdff.png', 'placement': 'badge_overlay_product_image', 'type': 'image_badge'}]"
278729052,5486992636939,Doraemon Movie Story Màu - Phiên Bản Mới: Nobita Và Binh Đoàn Người Sắt - Đôi Cánh Thiên Thần,doraemon-movie-story-mau-phien-ban-moi-nobita-va-binh-doan-nguoi-sat-doi-canh-thien-than-p278729052,doraemon-movie-story-mau-phien-ban-moi-nobita-va-binh-doan-nguoi-sat-doi-canh-thien-than-p278729052.html?spid=278729053,,,,,,34300,0,[],"[{'code': 'tikinow', 'icon': 'https://salt.tikicdn.com/ts/tka/a8/31/b6/802e2c99dcce64c67aa2648edb15dd25.png', 'icon_height': 16, 'icon_width': 32, 'placement': 'delivery_info', 'text': 'Giao siêu tốc 2h', 'type': 'delivery_info_badge'}, {'code': 'authentic_brand', 'icon': 'https://salt.tikicdn.com/ts/tka/69/cf/22/1be823299ae34c7ddcd922e73abd4909.png', 'icon_height': 20, 'icon_width': 89, 'placement': 'under_product_image', 'type': 'icon_badge'}, {'code': 'brand_name', 'placement': 'above_product_name', 'text': 'FUJIKO F FUJIO', 'text_color': '#808089', 'type': 'text_above_product_name'}]",700,2,5.0,6,0,0,https://salt.tikicdn.com/cache/280x280/ts/product/45/45/2d/0b11a2f68dbe288f2827b83d190fdbcc.jpg,280,280,[],False,,False,253,,,False,False,,,[],,,278729053,,,False,"{'text': 'Đã bán 43', 'value': 43}",,35000,True,"[{'impression_id': 'thanos-qQlYCKqNKbHVBznf-qd2gVKOe', 'metadata': {'astra_reward': 0, 'category': 8322, 'delivery_zone': 'VN039006001', 'discount_rate': 2, 'flags': {}, 'is_ad': 0, 'is_astra_plus': 0, 'is_official_store': 0, 'is_tikinow': 1, 'is_tikipro': 0, 'is_trusted_store': 0, 'mpid': 278729052, 'params': {'_v': 'filter_revamp', 'category': '8322', 'limit': '40', 'page': '2'}, 'position': 10, 'price': 34300, 'quantity_sold': 43, 'rating': 5, 'request_id': 'qQlYCKqNKbHVBznf', 'spid': 278729053, 'tiki_verified': 0}, 'checksum': ''}]",,1,1/2/8322/316/1084,0,1,"{'amplitude': {'all_time_quantity_sold': 43, 'category_l1_name': 'Nhà Sách Tiki', 'category_l2_name': 'Sách tiếng Việt', 'deboosted_high_price_diff_position': 0, 'earliest_delivery_estimate': 0, 'is_authentic': 1, 'is_best_offer_available': False, 'is_flash_deal': False, 'is_freeship_xtra': False, 'is_gift_available': False, 'is_hero': False, 'is_high_price_penalty': False, 'is_imported': False, 'is_top_brand': False, 'joined_strategy_rerank': False, 'master_product_sku': '1354850329192', 'number_of_reviews': 6, 'order_route': 'same_province', 'partner_rewards_amount': 0, 'price': 34300, 'primary_category_name': 'Truyện Tranh, Manga, Comic', 'product_rating': 5, 'search_rank': 0, 'seller_id': 1, 'seller_product_id': 278729053, 'seller_product_sku': '5486992636939', 'seller_type': 'OFFICIAL_STORE', 'standard_delivery_estimate': 0, 'tiki_verified': 0, 'tikinow_delivery_estimate': 0.21, 'tikipro_delivery_estimate': 0, 'variant': False}}","[{'code': 'product_image_badge', 'image': 'https://salt.tikicdn.com/ts/upload/c2/bc/6d/ff18cc8968e2bbb43f7ac58efbfafdff.png', 'placement': 'badge_overlay_product_image', 'type': 'image_badge'}]"
278684154,8224513520245,Nữ Binh Thần Tốc,nu-binh-than-toc-p278684154,nu-binh-than-toc-p278684154.html?spid=278863077,,,,,,41800,0,[],"[{'code': 'tikinow', 'icon': 'https://salt.tikicdn.com/ts/tka/a8/31/b6/802e2c99dcce64c67aa2648edb15dd25.png', 'icon_height': 16, 'icon_width': 32, 'placement': 'delivery_info', 'text': 'Giao siêu tốc 2h', 'type': 'delivery_info_badge'}, {'code': 'authentic_brand', 'icon': 'https://salt.tikicdn.com/ts/tka/69/cf/22/1be823299ae34c7ddcd922e73abd4909.png', 'icon_height': 20, 'icon_width': 89, 'placement': 'under_product_image', 'type': 'icon_badge'}, {'code': 'brand_name', 'placement': 'above_product_name', 'text': 'KOZUEKO MORIMOTO', 'text_color': '#808089', 'type': 'text_above_product_name'}, {'arr_text': [{'value': '11 Loại bìa'}], 'code': 'variant_count', 'placement': 'under_rating_v2', 'text_color': '#808089', 'type': 'text_box'}]",3200,7,5.0,16,0,0,https://salt.tikicdn.com/cache/280x280/ts/product/dd/ac/d8/08acb18717ad946a91234c5fc43fa15a.png,280,280,[],False,,False,253,,,False,False,,,[],,,278863077,,,False,"{'text': 'Đã bán 242', 'value': 242}",,45000,True,"[{'impression_id': 'thanos-qQlYCKqNKbHVBznf-pMnva8WZ', 'metadata': {'astra_reward': 0, 'category': 8322, 'delivery_zone': 'VN039006001', 'discount_rate': 7, 'flags': {}, 'is_ad': 0, 'is_astra_plus': 0, 'is_official_store': 0, 'is_tikinow': 1, 'is_tikipro': 0, 'is_trusted_store': 0, 'mpid': 278684154, 'params': {'_v': 'filter_revamp', 'category': '8322', 'limit': '40', 'page': '2'}, 'position': 11, 'price': 41800, 'quantity_sold': 242, 'rating': 5, 'request_id': 'qQlYCKqNKbHVBznf', 'spid': 278863077, 'tiki_verified': 0}, 'checksum': ''}]",,1,1/2/8322/316/1084,0,1,"{'amplitude': {'all_time_quantity_sold': 242, 'category_l1_name': 'Nhà Sách Tiki', 'category_l2_name': 'Sách tiếng Việt', 'deboosted_high_price_diff_position': 0, 'earliest_delivery_estimate': 0, 'is_authentic': 1, 'is_best_offer_available': False, 'is_flash_deal': False, 'is_freeship_xtra': False, 'is_gift_available': False, 'is_hero': False, 'is_high_price_penalty': False, 'is_imported': False, 'is_top_brand': True, 'joined_strategy_rerank': False, 'layout': 'grid_view', 'master_product_sku': '5298675071537', 'number_of_reviews': 16, 'order_route': 'same_province', 'partner_rewards_amount': 0, 'price': 41800, 'primary_category_name': 'Truyện Tranh, Manga, Comic', 'product_rating': 5, 'search_rank': 0, 'seller_id': 1, 'seller_product_id': 278863077, 'seller_product_sku': '8224513520245', 'seller_type': 'OFFICIAL_STORE', 'standard_delivery_estimate': 0, 'tiki_verified': 0, 'tikinow_delivery_estimate': 0.21, 'tikipro_delivery_estimate': 0, 'variant': True}}","[{'code': 'product_image_badge', 'image': 'https://salt.tikicdn.com/ts/upload/c2/bc/6d/ff18cc8968e2bbb43f7ac58efbfafdff.png', 'placement': 'badge_overlay_product_image', 'type': 'image_badge'}]"
278423155,9850645324448,"Sách Hồi Ức, Giấc Mơ, Suy Ngẫm - Hành Trình Vào Nội Tâm Của Carl Jung – Nơi Ký Ức, Giấc Mơ Và Triết Lý Giao Thoa",sach-hoi-uc-giac-mo-suy-ngam-hanh-trinh-vao-noi-tam-cua-carl-jung-noi-ky-uc-giac-mo-va-triet-ly-giao-thoa-p278423155,sach-hoi-uc-giac-mo-suy-ngam-hanh-trinh-vao-noi-tam-cua-carl-jung-noi-ky-uc-giac-mo-va-triet-ly-giao-thoa-p278423155.html?spid=278423156,,,,,,246200,0,[],"[{'code': 'tikinow', 'icon': 'https://salt.tikicdn.com/ts/tka/a8/31/b6/802e2c99dcce64c67aa2648edb15dd25.png', 'icon_height': 16, 'icon_width': 32, 'placement': 'delivery_info', 'text': 'Giao siêu tốc 2h', 'type': 'delivery_info_badge'}, {'code': 'authentic_brand', 'icon': 'https://salt.tikicdn.com/ts/tka/69/cf/22/1be823299ae34c7ddcd922e73abd4909.png', 'icon_height': 20, 'icon_width': 89, 'placement': 'under_product_image', 'type': 'icon_badge'}, {'code': 'brand_name', 'placement': 'above_product_name', 'text': 'CARL GUSTAV JUNG', 'text_color': '#808089', 'type': 'text_above_product_name'}]",98800,29,5.0,95,0,0,https://salt.tikicdn.com/cache/280x280/ts/product/f3/52/e9/0924672f5a3326ed1d31c2b6eb39fbe0.png,280,280,[],False,,False,251,,,False,False,,,[],,,278423156,,,False,"{'text': 'Đã bán 1596', 'value': 1596}",,345000,True,"[{'impression_id': 'thanos-qQlYCKqNKbHVBznf-kBzlsrmU', 'metadata': {'astra_reward': 0, 'category': 8322, 'delivery_zone': 'VN039006001', 'discount_rate': 29, 'flags': {}, 'is_ad': 0, 'is_astra_plus': 0, 'is_official_store': 0, 'is_tikinow': 1, 'is_tikipro': 0, 'is_trusted_store': 0, 'mpid': 278423155, 'params': {'_v': 'filter_revamp', 'category': '8322', 'limit': '40', 'page': '2'}, 'position': 12, 'price': 246200, 'quantity_sold': 1596, 'rating': 5, 'request_id': 'qQlYCKqNKbHVBznf', 'spid': 278423156, 'tiki_verified': 0}, 'checksum': ''}]",,1,1/2/8322/316/839/843,0,1,"{'amplitude': {'all_time_quantity_sold': 1596, 'category_l1_name': 'Nhà Sách Tiki', 'category_l2_name': 'Sách tiếng Việt', 'category_l3_name': 'Sách văn học', 'deboosted_high_price_diff_position': 0, 'earliest_delivery_estimate': 0, 'is_authentic': 1, 'is_best_offer_available': False, 'is_flash_deal': False, 'is_freeship_xtra': False, 'is_gift_available': False, 'is_hero': False, 'is_high_price_penalty': False, 'is_imported': False, 'is_top_brand': False, 'joined_strategy_rerank': False, 'master_product_sku': '3671330345750', 'number_of_reviews': 95, 'order_route': 'same_province', 'partner_rewards_amount': 0, 'price': 246200, 'primary_category_name': 'Tiểu sử - Hồi ký', 'product_rating': 5, 'search_rank': 0, 'seller_id': 1, 'seller_product_id': 278423156, 'seller_product_sku': '9850645324448', 'seller_type': 'OFFICIAL_STORE', 'standard_delivery_estimate': 0, 'tiki_verified': 0, 'tikinow_delivery_estimate': 0.21, 'tikipro_delivery_estimate': 0, 'variant': False}}","[{'code': 'product_image_badge', 'image': 'https://salt.tikicdn.com/ts/upload/c2/bc/6d/ff18cc8968e2bbb43f7ac58efbfafdff.png', 'placement': 'badge_overlay_product_image', 'type': 'image_badge'}]"
278123405,9006491782445,Sobotei Dinh Thự Ma Ám (Chọn tập lẻ),sobotei-dinh-thu-ma-am-p278123405,sobotei-dinh-thu-ma-am-p278123405.html?spid=279577166,,,,,,42000,0,[],"[{'code': 'tikinow', 'icon': 'https://salt.tikicdn.com/ts/tka/a8/31/b6/802e2c99dcce64c67aa2648edb15dd25.png', 'icon_height': 16, 'icon_width': 32, 'placement': 'delivery_info', 'text': 'Giao siêu tốc 2h', 'type': 'delivery_info_badge'}, {'code': 'authentic_brand', 'icon': 'https://salt.tikicdn.com/ts/tka/69/cf/22/1be823299ae34c7ddcd922e73abd4909.png', 'icon_height': 20, 'icon_width': 89, 'placement': 'under_product_image', 'type': 'icon_badge'}, {'code': 'brand_name', 'placement': 'above_product_name', 'text': 'KAZUHIRO FUJITA', 'text_color': '#808089', 'type': 'text_above_product_name'}, {'arr_text': [{'value': '24 Loại bìa'}], 'code': 'variant_count', 'placement': 'under_rating_v2', 'text_color': '#808089', 'type': 'text_box'}]",3000,7,5.0,15,0,0,https://salt.tikicdn.com/cache/280x280/ts/product/e8/5f/ed/0a77b790e3622fecb429f6f2d2a65e21.png,280,280,[],False,,False,253,,,False,False,,,[],,,279577166,,,False,"{'text': 'Đã bán 592', 'value': 592}",,45000,True,"[{'impression_id': 'thanos-qQlYCKqNKbHVBznf-nhYvaETf', 'metadata': {'astra_reward': 0, 'category': 8322, 'delivery_zone': 'VN039006001', 'discount_rate': 7, 'flags': {}, 'is_ad': 0, 'is_astra_plus': 0, 'is_official_store': 0, 'is_tikinow': 1, 'is_tikipro': 0, 'is_trusted_store': 0, 'mpid': 278123405, 'params': {'_v': 'filter_revamp', 'category': '8322', 'limit': '40', 'page': '2'}, 'position': 13, 'price': 42000, 'quantity_sold': 592, 'rating': 5, 'request_id': 'qQlYCKqNKbHVBznf', 'spid': 279577166, 'tiki_verified': 0}, 'checksum': ''}]",,1,1/2/8322/316/1084,0,1,"{'amplitude': {'all_time_quantity_sold': 592, 'category_l1_name': 'Nhà Sách Tiki', 'category_l2_name': 'Sách tiếng Việt', 'deboosted_high_price_diff_position': 0, 'earliest_delivery_estimate': 0, 'is_authentic': 1, 'is_best_offer_available': False, 'is_flash_deal': False, 'is_freeship_xtra': False, 'is_gift_available': False, 'is_hero': False, 'is_high_price_penalty': False, 'is_imported': False, 'is_top_brand': True, 'joined_strategy_rerank': False, 'layout': 'grid_view', 'master_product_sku': '1111906073838', 'number_of_reviews': 15, 'order_route': 'same_province', 'partner_rewards_amount': 0, 'price': 42000, 'primary_category_name': 'Truyện Tranh, Manga, Comic', 'product_rating': 5, 'search_rank': 0, 'seller_id': 1, 'seller_product_id': 279577166, 'seller_product_sku': '9006491782445', 'seller_type': 'OFFICIAL_STORE', 'standard_delivery_estimate': 0, 'tiki_verified': 0, 'tikinow_delivery_estimate': 0.21, 'tikipro_delivery_estimate': 0, 'variant': True}}","[{'code': 'product_image_badge', 'image': 'https://salt.tikicdn.com/ts/upload/c2/bc/6d/ff18cc8968e2bbb43f7ac58efbfafdff.png', 'placement': 'badge_overlay_product_image', 'type': 'image_badge'}]"
277397107,7707991901127,Sách Phía Đông Vườn Địa Đàng,sach-phia-dong-vuon-dia-dang-p277397107,sach-phia-dong-vuon-dia-dang-p277397107.html?spid=277397109,,,,,,279000,0,[],"[{'code': 'authentic_brand', 'icon': 'https://salt.tikicdn.com/ts/tka/69/cf/22/1be823299ae34c7ddcd922e73abd4909.png', 'icon_height': 20, 'icon_width': 89, 'placement': 'under_product_image', 'type': 'icon_badge'}, {'code': 'brand_name', 'placement': 'above_product_name', 'text': 'JOHN STEINBECK', 'text_color': '#808089', 'type': 'text_above_product_name'}, {'code': 'delivery_info_badge', 'placement': 'delivery_info', 'text': 'Giao chủ nhật, 09/08', 'type': 'delivery_info_badge'}]",101000,27,4.5,72,0,0,https://salt.tikicdn.com/cache/280x280/ts/product/7f/42/dd/efb5cfe9183da9d02c869a4ad21baca9.jpg,280,280,[],False,,False,249,,,False,False,,,[],,,277397109,,,False,"{'text': 'Đã bán 629', 'value': 629}",,380000,True,"[{'impression_id': 'thanos-qQlYCKqNKbHVBznf-dL6d6ezc', 'metadata': {'astra_reward': 0, 'category': 8322, 'delivery_date': '2026/08/09', 'delivery_info_badge_text': 'Giao chủ nhật, 09/08', 'delivery_zone': 'VN039006001', 'discount_rate': 27, 'flags': {}, 'is_ad': 0, 'is_astra_plus': 0, 'is_official_store': 0, 'is_tikinow': 0, 'is_tikipro': 0, 'is_trusted_store': 0, 'mpid': 277397107, 'params': {'_v': 'filter_revamp', 'category': '8322', 'limit': '40', 'page': '2'}, 'position': 14, 'price': 279000, 'quantity_sold': 629, 'rating': 4.5, 'request_id': 'qQlYCKqNKbHVBznf', 'spid': 277397109, 'tiki_verified': 0}, 'checksum': ''}]",,1,1/2/8322/316/880/9725,0,1,"{'amplitude': {'all_time_quantity_sold': 629, 'category_l1_name': 'Nhà Sách Tiki', 'category_l2_name': 'Sách tiếng Việt', 'category_l3_name': 'Sách Lịch sử', 'deboosted_high_price_diff_position': 0, 'earliest_delivery_estimate': 0, 'is_authentic': 1, 'is_best_offer_available': False, 'is_flash_deal': False, 'is_freeship_xtra': False, 'is_gift_available': False, 'is_hero': True, 'is_high_price_penalty': False, 'is_imported': False, 'is_top_brand': False, 'joined_strategy_rerank': False, 'master_product_sku': '1187802932989', 'number_of_reviews': 72, 'order_route': 'hn_hcm', 'partner_rewards_amount': 0, 'price': 279000, 'primary_category_name': 'Lịch Sử Thế Giới', 'product_rating': 4.5, 'search_rank': 0, 'seller_id': 1, 'seller_product_id': 277397109, 'seller_product_sku': '7707991901127', 'seller_type': 'OFFICIAL_STORE', 'standard_delivery_estimate': 4.067, 'tiki_verified': 0, 'tikinow_delivery_estimate': 0, 'tikipro_delivery_estimate': 0, 'variant': False}}","[{'code': 'product_image_badge', 'image': 'https://salt.tikicdn.com/ts/upload/12/e2/4a/c5226426ee9429b0050449ae5403c9cf.png', 'placement': 'badge_overlay_product_image', 'type': 'image_badge'}]"
276948798,8381376919948,"Sách Lên Đỉnh Núi Mở Tiệm Bánh Mì - Triết lí Wazawaza: Những con người hạnh phúc, 2 loại bánh mì, và doanh thu thường niên 300 triệu Yên",sach-len-dinh-nui-mo-tiem-banh-mi-triet-li-wazawaza-nhung-con-nguoi-hanh-phuc-2-loai-banh-mi-va-doanh-thu-thuong-nien-300-trieu-yen-p276948798,sach-len-dinh-nui-mo-tiem-banh-mi-triet-li-wazawaza-nhung-con-nguoi-hanh-phuc-2-loai-banh-mi-va-doanh-thu-thuong-nien-300-trieu-yen-p276948798.html?spid=276948799,,,,,,108000,0,[],"[{'code': 'tikinow', 'icon': 'https://salt.tikicdn.com/ts/tka/a8/31/b6/802e2c99dcce64c67aa2648edb15dd25.png', 'icon_height': 16, 'icon_width': 32, 'placement': 'delivery_info', 'text': 'Giao siêu tốc 2h', 'type': 'delivery_info_badge'}, {'code': 'authentic_brand', 'icon': 'https://salt.tikicdn.com/ts/tka/69/cf/22/1be823299ae34c7ddcd922e73abd4909.png', 'icon_height': 20, 'icon_width': 89, 'placement': 'under_product_image', 'type': 'icon_badge'}, {'code': 'brand_name', 'placement': 'above_product_name', 'text': 'HIRATA HARUKA', 'text_color': '#808089', 'type': 'text_above_product_name'}]",42000,28,4.8,110,0,0,https://salt.tikicdn.com/cache/280x280/ts/product/b3/4b/aa/12fdbe3f4485afcf50f50fbb6e5dcf8f.png,280,280,[],False,,False,242,,,False,False,,,[],,,276948799,,,False,"{'text': 'Đã bán 2809', 'value': 2809}",,150000,True,"[{'impression_id': 'thanos-qQlYCKqNKbHVBznf-KPlwK6NK', 'metadata': {'astra_reward': 0, 'category': 8322, 'delivery_zone': 'VN039006001', 'discount_rate': 28, 'flags': {}, 'is_ad': 0, 'is_astra_plus': 0, 'is_official_store': 0, 'is_tikinow': 1, 'is_tikipro': 0, 'is_trusted_store': 0, 'mpid': 276948798, 'params': {'_v': 'filter_revamp', 'category': '8322', 'limit': '40', 'page': '2'}, 'position': 15, 'price': 108000, 'quantity_sold': 2809, 'rating': 4.8, 'request_id': 'qQlYCKqNKbHVBznf', 'spid': 276948799, 'tiki_verified': 0}, 'checksum': ''}]",,1,1/2/8322/316/846/847,0,1,"{'amplitude': {'all_time_quantity_sold': 2809, 'category_l1_name': 'Nhà Sách Tiki', 'category_l2_name': 'Sách tiếng Việt', 'category_l3_name': 'Sách kinh tế', 'deboosted_high_price_diff_position': 0, 'earliest_delivery_estimate': 0, 'is_authentic': 1, 'is_best_offer_available': False, 'is_flash_deal': False, 'is_freeship_xtra': False, 'is_gift_available': False, 'is_hero': False, 'is_high_price_penalty': False, 'is_imported': False, 'is_top_brand': False, 'joined_strategy_rerank': False, 'layout': 'grid_view', 'master_product_sku': '2551569601283', 'number_of_reviews': 110, 'order_route': 'same_province', 'partner_rewards_amount': 0, 'price': 108000, 'primary_category_name': 'Bài học kinh doanh', 'product_rating': 4.8, 'search_rank': 0, 'seller_id': 1, 'seller_product_id': 276948799, 'seller_product_sku': '8381376919948', 'seller_type': 'OFFICIAL_STORE', 'standard_delivery_estimate': 0, 'tiki_verified': 0, 'tikinow_delivery_estimate': 0.21, 'tikipro_delivery_estimate': 0, 'variant': False}}","[{'code': 'product_image_badge', 'image': 'https://salt.tikicdn.com/ts/upload/c2/bc/6d/ff18cc8968e2bbb43f7ac58efbfafdff.png', 'placement': 'badge_overlay_product_image', 'type': 'image_badge'}]"
276933752,6727462345434,Combo Giáo Trình Chuẩn HSK 3 - Sách Bài Học và Bài tập (Bộ 2 cuốn),combo-giao-trinh-chuan-hsk-3-sach-bai-hoc-va-bai-tap-bo-2-cuon-p276933752,combo-giao-trinh-chuan-hsk-3-sach-bai-hoc-va-bai-tap-bo-2-cuon-p276933752.html?spid=276949259,,,,,,395000,0,[],"[{'code': 'tikinow', 'icon': 'https://salt.tikicdn.com/ts/tka/a8/31/b6/802e2c99dcce64c67aa2648edb15dd25.png', 'icon_height': 16, 'icon_width': 32, 'placement': 'delivery_info', 'text': 'Giao siêu tốc 2h', 'type': 'delivery_info_badge'}, {'code': 'authentic_brand', 'icon': 'https://salt.tikicdn.com/ts/tka/69/cf/22/1be823299ae34c7ddcd922e73abd4909.png', 'icon_height': 20, 'icon_width': 89, 'placement': 'under_product_image', 'type': 'icon_badge'}, {'code': 'brand_name', 'placement': 'above_product_name', 'text': 'KHƯƠNG LỆ BÌNH', 'text_color': '#808089', 'type': 'text_above_product_name'}]",81000,17,5.0,3,0,0,https://salt.tikicdn.com/cache/280x280/ts/product/d5/87/cc/16ad0a1db48183adee6b39831c3bc104.png,280,280,[],False,,False,239,,,False,False,,,[],,,276949259,,,False,"{'text': 'Đã bán 833', 'value': 833}",,476000,True,"[{'impression_id': 'thanos-qQlYCKqNKbHVBznf-6st7Y85X', 'metadata': {'astra_reward': 0, 'category': 8322, 'delivery_zone': 'VN039006001', 'discount_rate': 17, 'flags': {}, 'is_ad': 0, 'is_astra_plus': 0, 'is_official_store': 0, 'is_tikinow': 1, 'is_tikipro': 0, 'is_trusted_store': 0, 'mpid': 276933752, 'params': {'_v': 'filter_revamp', 'category': '8322', 'limit': '40', 'page': '2'}, 'position': 16, 'price': 395000, 'quantity_sold': 833, 'rating': 5, 'request_id': 'qQlYCKqNKbHVBznf', 'spid': 276949259, 'tiki_verified': 0}, 'checksum': ''}]",,1,1/2/8322/316/887/1881/67867,0,1,"{'amplitude': {'all_time_quantity_sold': 833, 'category_l1_name': 'Nhà Sách Tiki', 'category_l2_name': 'Sách tiếng Việt', 'category_l3_name': 'Sách Học Ngoại Ngữ', 'category_l4_name': 'Sách Học Tiếng Hoa', 'deboosted_high_price_diff_position': 0, 'earliest_delivery_estimate': 0, 'is_authentic': 1, 'is_best_offer_available': False, 'is_flash_deal': False, 'is_freeship_xtra': False, 'is_gift_available': False, 'is_hero': False, 'is_high_price_penalty': False, 'is_imported': False, 'is_top_brand': True, 'joined_strategy_rerank': False, 'master_product_sku': '2964485436787', 'number_of_reviews': 3, 'order_route': 'same_province', 'partner_rewards_amount': 0, 'price': 395000, 'primary_category_name': 'Luyện thi Tiếng Hoa HSK', 'product_rating': 5, 'search_rank': 0, 'seller_id': 1, 'seller_product_id': 276949259, 'seller_product_sku': '6727462345434', 'seller_type': 'OFFICIAL_STORE', 'standard_delivery_estimate': 0, 'tiki_verified': 0, 'tikinow_delivery_estimate': 0.21, 'tikipro_delivery_estimate': 0, 'variant': False}}","[{'code': 'product_image_badge', 'image': 'https://salt.tikicdn.com/ts/upload/c2/bc/6d/ff18cc8968e2bbb43f7ac58efbfafdff.png', 'placement': 'badge_overlay_product_image', 'type': 'image_badge'}]"
276883579,2766735468827,Sống Sáng - Phan Việt - Sáng Books,song-sang-dong-sach-sang-phan-viet-sang-books-p276883579,song-sang-dong-sach-sang-phan-viet-sang-books-p276883579.html?spid=276886801,,,,,,200000,0,[],"[{'code': 'tikinow', 'icon': 'https://salt.tikicdn.com/ts/tka/a8/31/b6/802e2c99dcce64c67aa2648edb15dd25.png', 'icon_height': 16, 'icon_width': 32, 'placement': 'delivery_info', 'text': 'Giao siêu tốc 2h', 'type': 'delivery_info_badge'}, {'code': 'authentic_brand', 'icon': 'https://salt.tikicdn.com/ts/tka/69/cf/22/1be823299ae34c7ddcd922e73abd4909.png', 'icon_height': 20, 'icon_width': 89, 'placement': 'under_product_image', 'type': 'icon_badge'}, {'code': 'video_icon', 'icon': 'https://salt.tikicdn.com/ts/upload/d5/f3/6f/fdd40db52ff4afe497d0c2240dcfd25b.png', 'icon_height': 28, 'icon_width': 28, 'placement': 'bottom_right', 'type': 'icon_badge'}, {'code': 'brand_name', 'placement': 'above_product_name', 'text': 'PHAN VIỆT', 'text_color': '#808089', 'type': 'text_above_product_name'}, {'code': 'text_deal', 'placement': 'under_rating_v2', 'promotions': [{'icon': 'https://salt.tikicdn.com/ts/upload/56/12/53/7e524d144a7251570f53c968526c68bd.png', 'icon_height': 16, 'icon_width': 16, 'text': 'Mua 5 giảm 5%'}], 'text_color': '#808089', 'type': 'icon_text_promotion'}, {'arr_text': [{'value': '2 Loại bìa'}], 'code': 'variant_count', 'placement': 'under_rating_v2', 'text_color': '#808089', 'type': 'text_box'}]",0,0,5.0,59,0,0,https://salt.tikicdn.com/cache/280x280/ts/product/98/7d/6f/d0c841d1981fb3471683252eab50919a.jpg,280,280,[],False,,False,243,,,False,False,,,[],,,276886801,,,False,"{'text': 'Đã bán 1244', 'value': 1244}",,200000,True,"[{'impression_id': 'thanos-qQlYCKqNKbHVBznf-cY1GrUvV', 'metadata': {'astra_reward': 0, 'category': 8322, 'delivery_zone': 'VN039006001', 'discount_rate': 0, 'flags': {}, 'is_ad': 0, 'is_astra_plus': 0, 'is_official_store': 0, 'is_tikinow': 1, 'is_tikipro': 0, 'is_trusted_store': 0, 'mpid': 276883579, 'params': {'_v': 'filter_revamp', 'category': '8322', 'limit': '40', 'page': '2'}, 'position': 17, 'price': 200000, 'quantity_sold': 1244, 'rating': 5, 'request_id': 'qQlYCKqNKbHVBznf', 'spid': 276886801, 'tiki_verified': 0}, 'checksum': ''}]",,1,1/2/8322/316/870/871,0,356985,"{'amplitude': {'all_time_quantity_sold': 1244, 'category_l1_name': 'Nhà Sách Tiki', 'category_l2_name': 'Sách tiếng Việt', 'category_l3_name': 'Sách kỹ năng sống', 'combo_deal_id': '71519', 'deboosted_high_price_diff_position': 0, 'earliest_delivery_estimate': 0, 'is_authentic': 1, 'is_best_offer_available': False, 'is_flash_deal': False, 'is_freeship_xtra': True, 'is_gift_available': False, 'is_hero': False, 'is_high_price_penalty': False, 'is_imported': False, 'is_top_brand': False, 'joined_strategy_rerank': False, 'layout': 'grid_view', 'master_product_sku': '7853206998598', 'number_of_reviews': 59, 'order_route': 'same_province', 'partner_rewards_amount': 0, 'price': 200000, 'primary_category_name': 'Sách tư duy - Kỹ năng sống', 'product_rating': 5, 'search_rank': 0, 'seller_id': 356985, 'seller_product_id': 276886801, 'seller_product_sku': '2766735468827', 'seller_type': 'OFFICIAL_STORE', 'standard_delivery_estimate': 0, 'tiki_verified': 0, 'tikinow_delivery_estimate': 0.21, 'tikipro_delivery_estimate': 0, 'variant': True}}","[{'code': 'product_image_badge', 'image': 'https://salt.tikicdn.com/ts/upload/f7/9e/83/ab28365ea395893fe5abac88b5103444.png', 'placement': 'badge_overlay_product_image', 'type': 'image_badge'}]"
276425570,4264850350569,Thám Tử Lừng Danh Conan (Bản Nâng Cấp) - [Chọn Tập Lẻ,tham-tu-lung-danh-conan-ban-nang-cap-p276425570,tham-tu-lung-danh-conan-ban-nang-cap-p276425570.html?spid=276428296,,,,,,32300,0,[],"[{'code': 'tikinow', 'icon': 'https://salt.tikicdn.com/ts/tka/a8/31/b6/802e2c99dcce64c67aa2648edb15dd25.png', 'icon_height': 16, 'icon_width': 32, 'placement': 'delivery_info', 'text': 'Giao siêu tốc 2h', 'type': 'delivery_info_badge'}, {'code': 'authentic_brand', 'icon': 'https://salt.tikicdn.com/ts/tka/69/cf/22/1be823299ae34c7ddcd922e73abd4909.png', 'icon_height': 20, 'icon_width': 89, 'placement': 'under_product_image', 'type': 'icon_badge'}, {'code': 'brand_name', 'placement': 'above_product_name', 'text': 'GOSHO AOYAMA', 'text_color': '#808089', 'type': 'text_above_product_name'}, {'arr_text': [{'value': '23 Loại bìa'}], 'code': 'variant_count', 'placement': 'under_rating_v2', 'text_color': '#808089', 'type': 'text_box'}]",2700,8,5.0,8,0,0,https://salt.tikicdn.com/cache/280x280/ts/product/a9/60/ae/e1a4a44814cf2eb5dc110aed1e1b10a1.jpg,280,280,[],False,,False,253,,,False,False,,,[],,,276428296,,,False,"{'text': 'Đã bán 312', 'value': 312}",,35000,True,"[{'impression_id': 'thanos-qQlYCKqNKbHVBznf-wOvQe8xQ', 'metadata': {'astra_reward': 0, 'category': 8322, 'delivery_zone': 'VN039006001', 'discount_rate': 8, 'flags': {}, 'is_ad': 0, 'is_astra_plus': 0, 'is_official_store': 0, 'is_tikinow': 1, 'is_tikipro': 0, 'is_trusted_store': 0, 'mpid': 276425570, 'params': {'_v': 'filter_revamp', 'category': '8322', 'limit': '40', 'page': '2'}, 'position': 18, 'price': 32300, 'quantity_sold': 312, 'rating': 5, 'request_id': 'qQlYCKqNKbHVBznf', 'spid': 276428296, 'tiki_verified': 0}, 'checksum': ''}]",,1,1/2/8322/316/1084,0,1,"{'amplitude': {'all_time_quantity_sold': 312, 'category_l1_name': 'Nhà Sách Tiki', 'category_l2_name': 'Sách tiếng Việt', 'deboosted_high_price_diff_position': 0, 'earliest_delivery_estimate': 0, 'is_authentic': 1, 'is_best_offer_available': False, 'is_flash_deal': False, 'is_freeship_xtra': False, 'is_gift_available': False, 'is_hero': False, 'is_high_price_penalty': False, 'is_imported': False, 'is_top_brand': True, 'joined_strategy_rerank': False, 'layout': 'grid_view', 'master_product_sku': '8883615599375', 'number_of_reviews': 8, 'order_route': 'same_province', 'partner_rewards_amount': 0, 'price': 32300, 'primary_category_name': 'Truyện Tranh, Manga, Comic', 'product_rating': 5, 'search_rank': 0, 'seller_id': 1, 'seller_product_id': 276428296, 'seller_product_sku': '4264850350569', 'seller_type': 'OFFICIAL_STORE', 'standard_delivery_estimate': 0, 'tiki_verified': 0, 'tikinow_delivery_estimate': 0.21, 'tikipro_delivery_estimate': 0, 'variant': True}}","[{'code': 'product_image_badge', 'image': 'https://salt.tikicdn.com/ts/upload/c2/bc/6d/ff18cc8968e2bbb43f7ac58efbfafdff.png', 'placement': 'badge_overlay_product_image', 'type': 'image_badge'}]"
276078455,3402064088276,Series các tập Gachiakuta,series-cac-tap-gachiakuta-p276078455,series-cac-tap-gachiakuta-p276078455.html?spid=276585109,,,,,,39800,0,[],"[{'code': 'tikinow', 'icon': 'https://salt.tikicdn.com/ts/tka/a8/31/b6/802e2c99dcce64c67aa2648edb15dd25.png', 'icon_height': 16, 'icon_width': 32, 'placement': 'delivery_info', 'text': 'Giao siêu tốc 2h', 'type': 'delivery_info_badge'}, {'code': 'authentic_brand', 'icon': 'https://salt.tikicdn.com/ts/tka/69/cf/22/1be823299ae34c7ddcd922e73abd4909.png', 'icon_height': 20, 'icon_width': 89, 'placement': 'under_product_image', 'type': 'icon_badge'}, {'code': 'brand_name', 'placement': 'above_product_name', 'text': 'KEI URANA', 'text_color': '#808089', 'type': 'text_above_product_name'}, {'arr_text': [{'value': '12 Tập'}], 'code': 'variant_count', 'placement': 'under_rating_v2', 'text_color': '#808089', 'type': 'text_box'}]",5200,12,5.0,19,0,0,https://salt.tikicdn.com/cache/280x280/ts/product/cf/65/65/8ab83164de7541864ba99ecda57a092b.jpg,280,280,[],False,,False,253,,,False,False,,,[],,,276585109,,,False,"{'text': 'Đã bán 385', 'value': 385}",,45000,True,"[{'impression_id': 'thanos-qQlYCKqNKbHVBznf-dVX3WC5T', 'metadata': {'astra_reward': 0, 'category': 8322, 'delivery_zone': 'VN039006001', 'discount_rate': 12, 'flags': {}, 'is_ad': 0, 'is_astra_plus': 0, 'is_official_store': 0, 'is_tikinow': 1, 'is_tikipro': 0, 'is_trusted_store': 0, 'mpid': 276078455, 'params': {'_v': 'filter_revamp', 'category': '8322', 'limit': '40', 'page': '2'}, 'position': 19, 'price': 39800, 'quantity_sold': 385, 'rating': 5, 'request_id': 'qQlYCKqNKbHVBznf', 'spid': 276585109, 'tiki_verified': 0}, 'checksum': ''}]",,1,1/2/8322/316/1084,0,1,"{'amplitude': {'all_time_quantity_sold': 385, 'category_l1_name': 'Nhà Sách Tiki', 'category_l2_name': 'Sách tiếng Việt', 'deboosted_high_price_diff_position': 0, 'earliest_delivery_estimate': 0, 'is_authentic': 1, 'is_best_offer_available': False, 'is_flash_deal': False, 'is_freeship_xtra': False, 'is_gift_available': False, 'is_hero': True, 'is_high_price_penalty': False, 'is_imported': False, 'is_top_brand': True, 'joined_strategy_rerank': False, 'master_product_sku': '7374509097697', 'number_of_reviews': 19, 'order_route': 'same_province', 'partner_rewards_amount': 0, 'price': 39800, 'primary_category_name': 'Truyện Tranh, Manga, Comic', 'product_rating': 5, 'search_rank': 0, 'seller_id': 1, 'seller_product_id': 276585109, 'seller_product_sku': '3402064088276', 'seller_type': 'OFFICIAL_STORE', 'standard_delivery_estimate': 0, 'tiki_verified': 0, 'tikinow_delivery_estimate': 0.21, 'tikipro_delivery_estimate': 0, 'variant': True}}","[{'code': 'product_image_badge', 'image': 'https://salt.tikicdn.com/ts/upload/12/e2/4a/c5226426ee9429b0050449ae5403c9cf.png', 'placement': 'badge_overlay_product_image', 'type': 'image_badge'}]"
276019606,1352776752767,Sách Không Gia Đình (Tái Bản),sach-khong-gia-dinh-tai-ban-p276019606,sach-khong-gia-dinh-tai-ban-p276019606.html?spid=278938671,,,,,,120000,0,[],"[{'code': 'authentic_brand', 'icon': 'https://salt.tikicdn.com/ts/tka/69/cf/22/1be823299ae34c7ddcd922e73abd4909.png', 'icon_height': 20, 'icon_width': 89, 'placement': 'under_product_image', 'type': 'icon_badge'}, {'code': 'brand_name', 'placement': 'above_product_name', 'text': 'HECTOR MALOT', 'text_color': '#808089', 'type': 'text_above_product_name'}, {'code': 'delivery_info_badge', 'placement': 'delivery_info', 'text': 'Giao chủ nhật, 09/08', 'type': 'delivery_info_badge'}, {'arr_text': [{'value': '2 Loại bìa'}], 'code': 'variant_count', 'placement': 'under_rating_v2', 'text_color': '#808089', 'type': 'text_box'}]",55000,31,5.0,208,0,0,https://salt.tikicdn.com/cache/280x280/ts/product/80/75/41/3dda9144589da135ec3a24364eb2cb70.jpg,280,280,[],False,,False,251,,,False,False,,,[],,,278938671,,,False,"{'text': 'Đã bán 488', 'value': 488}",,175000,True,"[{'impression_id': 'thanos-qQlYCKqNKbHVBznf-uJy6LdZw', 'metadata': {'astra_reward': 0, 'category': 8322, 'delivery_date': '2026/08/09', 'delivery_info_badge_text': 'Giao chủ nhật, 09/08', 'delivery_zone': 'VN039006001', 'discount_rate': 31, 'flags': {}, 'is_ad': 0, 'is_astra_plus': 0, 'is_official_store': 0, 'is_tikinow': 0, 'is_tikipro': 0, 'is_trusted_store': 0, 'mpid': 276019606, 'params': {'_v': 'filter_revamp', 'category': '8322', 'limit': '40', 'page': '2'}, 'position': 20, 'price': 120000, 'quantity_sold': 488, 'rating': 5, 'request_id': 'qQlYCKqNKbHVBznf', 'spid': 278938671, 'tiki_verified': 0}, 'checksum': ''}]",,1,1/2/8322/316/839/842/67994,0,1,"{'amplitude': {'all_time_quantity_sold': 488, 'category_l1_name': 'Nhà Sách Tiki', 'category_l2_name': 'Sách tiếng Việt', 'category_l3_name': 'Sách văn học', 'category_l4_name': 'Tác phẩm kinh điển', 'deboosted_high_price_diff_position': 0, 'earliest_delivery_estimate': 0, 'is_authentic': 1, 'is_best_offer_available': False, 'is_flash_deal': False, 'is_freeship_xtra': False, 'is_gift_available': False, 'is_hero': False, 'is_high_price_penalty': False, 'is_imported': False, 'is_top_brand': True, 'joined_strategy_rerank': False, 'layout': 'grid_view', 'master_product_sku': '8891367440184', 'number_of_reviews': 208, 'order_route': 'hn_hcm', 'partner_rewards_amount': 0, 'price': 120000, 'primary_category_name': 'Tác Phẩm Kinh Điển Nước Ngoài', 'product_rating': 5, 'search_rank': 0, 'seller_id': 1, 'seller_product_id': 278938671, 'seller_product_sku': '1352776752767', 'seller_type': 'OFFICIAL_STORE', 'standard_delivery_estimate': 4.067, 'tiki_verified': 0, 'tikinow_delivery_estimate': 0, 'tikipro_delivery_estimate': 0, 'variant': True}}","[{'code': 'product_image_badge', 'image': 'https://salt.tikicdn.com/ts/upload/c2/bc/6d/ff18cc8968e2bbb43f7ac58efbfafdff.png', 'placement': 'badge_overlay_product_image', 'type': 'image_badge'}]"
273746688,2202593298234,Sách Địa Cầu Online,sach-dia-cau-online-p273746688,sach-dia-cau-online-p273746688.html?spid=273204606,,,,,,129400,0,[],"[{'code': 'tikinow', 'icon': 'https://salt.tikicdn.com/ts/tka/a8/31/b6/802e2c99dcce64c67aa2648edb15dd25.png', 'icon_height': 16, 'icon_width': 32, 'placement': 'delivery_info', 'text': 'Giao siêu tốc 2h', 'type': 'delivery_info_badge'}, {'code': 'authentic_brand', 'icon': 'https://salt.tikicdn.com/ts/tka/69/cf/22/1be823299ae34c7ddcd922e73abd4909.png', 'icon_height': 20, 'icon_width': 89, 'placement': 'under_product_image', 'type': 'icon_badge'}, {'code': 'brand_name', 'placement': 'above_product_name', 'text': 'MẠC THẦN HOAN', 'text_color': '#808089', 'type': 'text_above_product_name'}, {'arr_text': [{'value': '5 Tập'}], 'code': 'variant_count', 'placement': 'under_rating_v2', 'text_color': '#808089', 'type': 'text_box'}]",69600,35,4.8,25,0,0,https://salt.tikicdn.com/cache/280x280/ts/product/73/77/a9/af29aa90601619b3264697c9cd54637e.jpg,280,280,[],False,,False,251,,,False,False,,,[],,,273204606,,,False,"{'text': 'Đã bán 91', 'value': 91}",,199000,True,"[{'impression_id': 'thanos-qQlYCKqNKbHVBznf-xhuAv7u3', 'metadata': {'astra_reward': 0, 'category': 8322, 'delivery_zone': 'VN039006001', 'discount_rate': 35, 'flags': {}, 'is_ad': 0, 'is_astra_plus': 0, 'is_official_store': 0, 'is_tikinow': 1, 'is_tikipro': 0, 'is_trusted_store': 0, 'mpid': 273746688, 'params': {'_v': 'filter_revamp', 'category': '8322', 'limit': '40', 'page': '2'}, 'position': 21, 'price': 129400, 'quantity_sold': 91, 'rating': 4.8, 'request_id': 'qQlYCKqNKbHVBznf', 'spid': 273204606, 'tiki_verified': 1}, 'checksum': ''}]",,1,1/2/8322/316/839/1367/67998,0,1,"{'amplitude': {'all_time_quantity_sold': 91, 'category_l1_name': 'Nhà Sách Tiki', 'category_l2_name': 'Sách tiếng Việt', 'category_l3_name': 'Sách văn học', 'category_l4_name': 'Truyện đam mỹ', 'deboosted_high_price_diff_position': 0, 'earliest_delivery_estimate': 0, 'is_authentic': 1, 'is_best_offer_available': False, 'is_flash_deal': False, 'is_freeship_xtra': False, 'is_gift_available': False, 'is_hero': False, 'is_high_price_penalty': False, 'is_imported': False, 'is_top_brand': True, 'joined_strategy_rerank': False, 'layout': 'grid_view', 'master_product_sku': '2841918708169', 'number_of_reviews': 25, 'order_route': 'same_province', 'partner_rewards_amount': 0, 'price': 129400, 'primary_category_name': 'Truyện Chữ Đam Mỹ', 'product_rating': 4.8, 'search_rank': 0, 'seller_id': 1, 'seller_product_id': 273204606, 'seller_product_sku': '2202593298234', 'seller_type': 'OFFICIAL_STORE', 'standard_delivery_estimate': 0, 'tiki_verified': 1, 'tikinow_delivery_estimate': 0.21, 'tikipro_delivery_estimate': 0, 'variant': True}}","[{'code': 'product_image_badge', 'image': 'https://salt.tikicdn.com/ts/upload/c2/bc/6d/ff18cc8968e2bbb43f7ac58efbfafdff.png', 'placement': 'badge_overlay_product_image', 'type': 'image_badge'}]"
273691914,6315290790035,Sách Trăm năm cô đơn,sach-tram-nam-co-don-p273691914,sach-tram-nam-co-don-p273691914.html?spid=273691915,,,,,,176250,0,[],"[{'code': 'tikinow', 'icon': 'https://salt.tikicdn.com/ts/tka/a8/31/b6/802e2c99dcce64c67aa2648edb15dd25.png', 'icon_height': 16, 'icon_width': 32, 'placement': 'delivery_info', 'text': 'Giao siêu tốc 2h', 'type': 'delivery_info_badge'}, {'code': 'authentic_brand', 'icon': 'https://salt.tikicdn.com/ts/tka/69/cf/22/1be823299ae34c7ddcd922e73abd4909.png', 'icon_height': 20, 'icon_width': 89, 'placement': 'under_product_image', 'type': 'icon_badge'}, {'code': 'brand_name', 'placement': 'above_product_name', 'text': 'GABRIEL GARCIA MÁRQUEZ', 'text_color': '#808089', 'type': 'text_above_product_name'}]",58750,25,4.7,37,0,0,https://salt.tikicdn.com/cache/280x280/ts/product/e6/95/e7/276c30977c682d31dbd32a554b3f2858.jpg,280,280,[],False,,False,251,,,False,False,,,[],,,273691915,,,False,"{'text': 'Đã bán 512', 'value': 512}",,235000,True,"[{'impression_id': 'thanos-qQlYCKqNKbHVBznf-WDi1UtN7', 'metadata': {'astra_reward': 0, 'category': 8322, 'delivery_zone': 'VN039006001', 'discount_rate': 25, 'flags': {}, 'is_ad': 0, 'is_astra_plus': 0, 'is_official_store': 0, 'is_tikinow': 1, 'is_tikipro': 0, 'is_trusted_store': 0, 'mpid': 273691914, 'params': {'_v': 'filter_revamp', 'category': '8322', 'limit': '40', 'page': '2'}, 'position': 22, 'price': 176250, 'quantity_sold': 512, 'rating': 4.7, 'request_id': 'qQlYCKqNKbHVBznf', 'spid': 273691915, 'tiki_verified': 1}, 'checksum': ''}]",,1,1/2/8322/316/839/844,0,1,"{'amplitude': {'all_time_quantity_sold': 512, 'category_l1_name': 'Nhà Sách Tiki', 'category_l2_name': 'Sách tiếng Việt', 'category_l3_name': 'Sách văn học', 'deboosted_high_price_diff_position': 0, 'earliest_delivery_estimate': 0, 'is_authentic': 1, 'is_best_offer_available': False, 'is_flash_deal': False, 'is_freeship_xtra': False, 'is_gift_available': False, 'is_hero': False, 'is_high_price_penalty': False, 'is_imported': False, 'is_top_brand': False, 'joined_strategy_rerank': False, 'layout': 'grid_view', 'master_product_sku': '3210103536175', 'number_of_reviews': 37, 'order_route': 'same_province', 'partner_rewards_amount': 0, 'price': 176250, 'primary_category_name': 'Tiểu Thuyết', 'product_rating': 4.7, 'search_rank': 0, 'seller_id': 1, 'seller_product_id': 273691915, 'seller_product_sku': '6315290790035', 'seller_type': 'OFFICIAL_STORE', 'standard_delivery_estimate': 0, 'tiki_verified': 1, 'tikinow_delivery_estimate': 0.21, 'tikipro_delivery_estimate': 0, 'variant': False}}","[{'code': 'product_image_badge', 'image': 'https://salt.tikicdn.com/ts/upload/c2/bc/6d/ff18cc8968e2bbb43f7ac58efbfafdff.png', 'placement': 'badge_overlay_product_image', 'type': 'image_badge'}]"
273182700,4948822780002,Combo Dragon Ball Super,combo-dragon-ball-super-p273182700,combo-dragon-ball-super-p273182700.html?spid=277815791,,,,,,662400,0,[],"[{'code': 'tikinow', 'icon': 'https://salt.tikicdn.com/ts/tka/a8/31/b6/802e2c99dcce64c67aa2648edb15dd25.png', 'icon_height': 16, 'icon_width': 32, 'placement': 'delivery_info', 'text': 'Giao siêu tốc 2h', 'type': 'delivery_info_badge'}, {'code': 'authentic_brand', 'icon': 'https://salt.tikicdn.com/ts/tka/69/cf/22/1be823299ae34c7ddcd922e73abd4909.png', 'icon_height': 20, 'icon_width': 89, 'placement': 'under_product_image', 'type': 'icon_badge'}, {'code': 'brand_name', 'placement': 'above_product_name', 'text': 'AKIRA TORIYAMA, TOYOTAROU', 'text_color': '#808089', 'type': 'text_above_product_name'}, {'arr_text': [{'value': '1 Phiên bản sách'}], 'code': 'variant_count', 'placement': 'under_rating_v2', 'text_color': '#808089', 'type': 'text_box'}]",27600,4,5.0,17,0,0,https://salt.tikicdn.com/cache/280x280/ts/product/95/29/89/b26dd0ae7ae7b6ac2eb86e4019ecb93d.jpg,280,280,[],False,,False,253,,,False,False,,,[],,,277815791,,,False,"{'text': 'Đã bán 136', 'value': 136}",,690000,True,"[{'impression_id': 'thanos-qQlYCKqNKbHVBznf-qyXkMjCo', 'metadata': {'astra_reward': 0, 'category': 8322, 'delivery_zone': 'VN039006001', 'discount_rate': 4, 'flags': {}, 'is_ad': 0, 'is_astra_plus': 0, 'is_official_store': 0, 'is_tikinow': 1, 'is_tikipro': 0, 'is_trusted_store': 0, 'mpid': 273182700, 'params': {'_v': 'filter_revamp', 'category': '8322', 'limit': '40', 'page': '2'}, 'position': 23, 'price': 662400, 'quantity_sold': 136, 'rating': 5, 'request_id': 'qQlYCKqNKbHVBznf', 'spid': 277815791, 'tiki_verified': 0}, 'checksum': ''}]",,1,1/2/8322/316/1084,0,1,"{'amplitude': {'all_time_quantity_sold': 136, 'category_l1_name': 'Nhà Sách Tiki', 'category_l2_name': 'Sách tiếng Việt', 'deboosted_high_price_diff_position': 0, 'earliest_delivery_estimate': 0, 'is_authentic': 1, 'is_best_offer_available': False, 'is_flash_deal': False, 'is_freeship_xtra': False, 'is_gift_available': False, 'is_hero': True, 'is_high_price_penalty': False, 'is_imported': False, 'is_top_brand': True, 'joined_strategy_rerank': False, 'master_product_sku': '1471726990471', 'number_of_reviews': 17, 'order_route': 'same_province', 'partner_rewards_amount': 0, 'price': 662400, 'primary_category_name': 'Truyện Tranh, Manga, Comic', 'product_rating': 5, 'search_rank': 0, 'seller_id': 1, 'seller_product_id': 277815791, 'seller_product_sku': '4948822780002', 'seller_type': 'OFFICIAL_STORE', 'standard_delivery_estimate': 0, 'tiki_verified': 0, 'tikinow_delivery_estimate': 0.21, 'tikipro_delivery_estimate': 0, 'variant': True}}","[{'code': 'product_image_badge', 'image': 'https://salt.tikicdn.com/ts/upload/12/e2/4a/c5226426ee9429b0050449ae5403c9cf.png', 'placement': 'badge_overlay_product_image', 'type': 'image_badge'}]"
272447731,6953261932032,Sách Xông vào lối âm dương,sach-xong-vao-loi-am-duong-p272447731,sach-xong-vao-loi-am-duong-p272447731.html?spid=275705489,,,,,,109900,0,[],"[{'code': 'tikinow', 'icon': 'https://salt.tikicdn.com/ts/tka/a8/31/b6/802e2c99dcce64c67aa2648edb15dd25.png', 'icon_height': 16, 'icon_width': 32, 'placement': 'delivery_info', 'text': 'Giao siêu tốc 2h', 'type': 'delivery_info_badge'}, {'code': 'authentic_brand', 'icon': 'https://salt.tikicdn.com/ts/tka/69/cf/22/1be823299ae34c7ddcd922e73abd4909.png', 'icon_height': 20, 'icon_width': 89, 'placement': 'under_product_image', 'type': 'icon_badge'}, {'code': 'brand_name', 'placement': 'above_product_name', 'text': 'MỘC HỀ NƯƠNG', 'text_color': '#808089', 'type': 'text_above_product_name'}, {'arr_text': [{'value': '3 Tập'}], 'code': 'variant_count', 'placement': 'under_rating_v2', 'text_color': '#808089', 'type': 'text_box'}]",59100,35,5.0,82,0,0,https://salt.tikicdn.com/cache/280x280/ts/product/b3/0b/2a/dc0de0a226c6aa642e8df72ec1ab970d.jpg,280,280,[],False,,False,251,,,False,False,,,[],,,275705489,,,False,"{'text': 'Đã bán 279', 'value': 279}",,169000,True,"[{'impression_id': 'thanos-qQlYCKqNKbHVBznf-aL9hQfmW', 'metadata': {'astra_reward': 0, 'category': 8322, 'delivery_zone': 'VN039006001', 'discount_rate': 35, 'flags': {}, 'is_ad': 0, 'is_astra_plus': 0, 'is_official_store': 0, 'is_tikinow': 1, 'is_tikipro': 0, 'is_trusted_store': 0, 'mpid': 272447731, 'params': {'_v': 'filter_revamp', 'category': '8322', 'limit': '40', 'page': '2'}, 'position': 24, 'price': 109900, 'quantity_sold': 279, 'rating': 5, 'request_id': 'qQlYCKqNKbHVBznf', 'spid': 275705489, 'tiki_verified': 0}, 'checksum': ''}]",,1,1/2/8322/316/839/1367/67998,0,1,"{'amplitude': {'all_time_quantity_sold': 279, 'category_l1_name': 'Nhà Sách Tiki', 'category_l2_name': 'Sách tiếng Việt', 'category_l3_name': 'Sách văn học', 'category_l4_name': 'Truyện đam mỹ', 'deboosted_high_price_diff_position': 0, 'earliest_delivery_estimate': 0, 'is_authentic': 1, 'is_best_offer_available': False, 'is_flash_deal': False, 'is_freeship_xtra': False, 'is_gift_available': False, 'is_hero': True, 'is_high_price_penalty': False, 'is_imported': False, 'is_top_brand': True, 'joined_strategy_rerank': False, 'layout': 'grid_view', 'master_product_sku': '2013013188747', 'number_of_reviews': 82, 'order_route': 'same_province', 'partner_rewards_amount': 0, 'price': 109900, 'primary_category_name': 'Truyện Chữ Đam Mỹ', 'product_rating': 5, 'search_rank': 0, 'seller_id': 1, 'seller_product_id': 275705489, 'seller_product_sku': '6953261932032', 'seller_type': 'OFFICIAL_STORE', 'standard_delivery_estimate': 0, 'tiki_verified': 0, 'tikinow_delivery_estimate': 0.21, 'tikipro_delivery_estimate': 0, 'variant': True}}","[{'code': 'product_image_badge', 'image': 'https://salt.tikicdn.com/ts/upload/12/e2/4a/c5226426ee9429b0050449ae5403c9cf.png', 'placement': 'badge_overlay_product_image', 'type': 'image_badge'}]"
263035841,1826640116773,Sách Vòng Quanh Thế Giới,sach-vong-quanh-the-gioi-p263035841,sach-vong-quanh-the-gioi-p263035841.html?spid=277926164,,,,,,9120,0,[],"[{'code': 'tikinow', 'icon': 'https://salt.tikicdn.com/ts/tka/a8/31/b6/802e2c99dcce64c67aa2648edb15dd25.png', 'icon_height': 16, 'icon_width': 32, 'placement': 'delivery_info', 'text': 'Giao siêu tốc 2h', 'type': 'delivery_info_badge'}, {'code': 'authentic_brand', 'icon': 'https://salt.tikicdn.com/ts/tka/69/cf/22/1be823299ae34c7ddcd922e73abd4909.png', 'icon_height': 20, 'icon_width': 89, 'placement': 'under_product_image', 'type': 'icon_badge'}, {'code': 'brand_name', 'placement': 'above_product_name', 'text': 'NGUYỄN HÀO, TUẤN HUỲNH', 'text_color': '#808089', 'type': 'text_above_product_name'}, {'arr_text': [{'value': '30 Phân loại'}], 'code': 'variant_count', 'placement': 'under_rating_v2', 'text_color': '#808089', 'type': 'text_box'}]",2880,24,4.8,6,0,0,https://salt.tikicdn.com/cache/280x280/ts/product/be/c0/b9/f628e36f8c68747006d40a8707517203.jpg,280,280,[],False,,False,252,,,False,False,,,[],,,277926164,,,False,"{'text': 'Đã bán 696', 'value': 696}",,12000,True,"[{'impression_id': 'thanos-qQlYCKqNKbHVBznf-Ic653TEu', 'metadata': {'astra_reward': 0, 'category': 8322, 'delivery_zone': 'VN039006001', 'discount_rate': 24, 'flags': {}, 'is_ad': 0, 'is_astra_plus': 0, 'is_official_store': 0, 'is_tikinow': 1, 'is_tikipro': 0, 'is_trusted_store': 0, 'mpid': 263035841, 'params': {'_v': 'filter_revamp', 'category': '8322', 'limit': '40', 'page': '2'}, 'position': 25, 'price': 9120, 'quantity_sold': 696, 'rating': 4.8, 'request_id': 'qQlYCKqNKbHVBznf', 'spid': 277926164, 'tiki_verified': 0}, 'checksum': ''}]",,1,1/2/8322/316/393/853,0,1,"{'amplitude': {'all_time_quantity_sold': 696, 'category_l1_name': 'Nhà Sách Tiki', 'category_l2_name': 'Sách tiếng Việt', 'category_l3_name': 'Sách thiếu nhi ', 'deboosted_high_price_diff_position': 0, 'earliest_delivery_estimate': 0, 'is_authentic': 1, 'is_best_offer_available': False, 'is_flash_deal': False, 'is_freeship_xtra': False, 'is_gift_available': False, 'is_hero': True, 'is_high_price_penalty': False, 'is_imported': False, 'is_top_brand': True, 'joined_strategy_rerank': False, 'master_product_sku': '3670759165985', 'number_of_reviews': 6, 'order_route': 'same_province', 'partner_rewards_amount': 0, 'price': 9120, 'primary_category_name': 'Kiến thức - Bách khoa', 'product_rating': 4.8, 'search_rank': 0, 'seller_id': 1, 'seller_product_id': 277926164, 'seller_product_sku': '1826640116773', 'seller_type': 'OFFICIAL_STORE', 'standard_delivery_estimate': 0, 'tiki_verified': 0, 'tikinow_delivery_estimate': 0.21, 'tikipro_delivery_estimate': 0, 'variant': True}}","[{'code': 'product_image_badge', 'image': 'https://salt.tikicdn.com/ts/upload/12/e2/4a/c5226426ee9429b0050449ae5403c9cf.png', 'placement': 'badge_overlay_product_image', 'type': 'image_badge'}]"
194960730,2130478532976,Sách Nỗi buồn chiến tranh,sach-noi-buon-chien-tranh-p194960730,sach-noi-buon-chien-tranh-p194960730.html?spid=194960731,,,,,,99000,0,[],"[{'code': 'tikinow', 'icon': 'https://salt.tikicdn.com/ts/tka/a8/31/b6/802e2c99dcce64c67aa2648edb15dd25.png', 'icon_height': 16, 'icon_width': 32, 'placement': 'delivery_info', 'text': 'Giao siêu tốc 2h', 'type': 'delivery_info_badge'}, {'code': 'authentic_brand', 'icon': 'https://salt.tikicdn.com/ts/tka/69/cf/22/1be823299ae34c7ddcd922e73abd4909.png', 'icon_height': 20, 'icon_width': 89, 'placement': 'under_product_image', 'type': 'icon_badge'}, {'code': 'brand_name', 'placement': 'above_product_name', 'text': 'BẢO NINH', 'text_color': '#808089', 'type': 'text_above_product_name'}]",31000,24,5.0,357,0,0,https://salt.tikicdn.com/cache/280x280/ts/product/5d/9b/ea/cc61ab0dd4ed7f00589fc7c49d7ca1dd.jpg,280,280,[],False,,False,251,,,False,False,,,[],,,194960731,,,False,"{'text': 'Đã bán 4717', 'value': 4717}",,130000,True,"[{'impression_id': 'thanos-qQlYCKqNKbHVBznf-cszv58rX', 'metadata': {'astra_reward': 0, 'category': 8322, 'delivery_zone': 'VN039006001', 'discount_rate': 24, 'flags': {}, 'is_ad': 0, 'is_astra_plus': 0, 'is_official_store': 0, 'is_tikinow': 1, 'is_tikipro': 0, 'is_trusted_store': 0, 'mpid': 194960730, 'params': {'_v': 'filter_revamp', 'category': '8322', 'limit': '40', 'page': '2'}, 'position': 26, 'price': 99000, 'quantity_sold': 4717, 'rating': 5, 'request_id': 'qQlYCKqNKbHVBznf', 'spid': 194960731, 'tiki_verified': 1}, 'checksum': ''}]",,1,1/2/8322/316/839/842/67995,0,1,"{'amplitude': {'all_time_quantity_sold': 4717, 'category_l1_name': 'Nhà Sách Tiki', 'category_l2_name': 'Sách tiếng Việt', 'category_l3_name': 'Sách văn học', 'category_l4_name': 'Tác phẩm kinh điển', 'deboosted_high_price_diff_position': 0, 'earliest_delivery_estimate': 0, 'is_authentic': 1, 'is_best_offer_available': False, 'is_flash_deal': False, 'is_freeship_xtra': False, 'is_gift_available': False, 'is_hero': False, 'is_high_price_penalty': False, 'is_imported': False, 'is_top_brand': True, 'joined_strategy_rerank': False, 'master_product_sku': '3853955433686', 'number_of_reviews': 357, 'order_route': 'same_province', 'partner_rewards_amount': 0, 'price': 99000, 'primary_category_name': 'Tác Phẩm Kinh Điển Việt Nam', 'product_rating': 5, 'search_rank': 0, 'seller_id': 1, 'seller_product_id': 194960731, 'seller_product_sku': '2130478532976', 'seller_type': 'OFFICIAL_STORE', 'standard_delivery_estimate': 0, 'tiki_verified': 1, 'tikinow_delivery_estimate': 0.21, 'tikipro_delivery_estimate': 0, 'variant': False}}","[{'code': 'product_image_badge', 'image': 'https://salt.tikicdn.com/ts/upload/c2/bc/6d/ff18cc8968e2bbb43f7ac58efbfafdff.png', 'placement': 'badge_overlay_product_image', 'type': 'image_badge'}]"
192909292,2796064819933,Sách Án Mạng Trên Chuyến Tàu Tốc Hành Phương Đông,sach-an-mang-tren-chuyen-tau-toc-hanh-phuong-dong-p192909292,sach-an-mang-tren-chuyen-tau-toc-hanh-phuong-dong-p192909292.html?spid=192909295,,,,,,98000,0,[],"[{'code': 'tikinow', 'icon': 'https://salt.tikicdn.com/ts/tka/a8/31/b6/802e2c99dcce64c67aa2648edb15dd25.png', 'icon_height': 16, 'icon_width': 32, 'placement': 'delivery_info', 'text': 'Giao siêu tốc 2h', 'type': 'delivery_info_badge'}, {'code': 'authentic_brand', 'icon': 'https://salt.tikicdn.com/ts/tka/69/cf/22/1be823299ae34c7ddcd922e73abd4909.png', 'icon_height': 20, 'icon_width': 89, 'placement': 'under_product_image', 'type': 'icon_badge'}, {'code': 'brand_name', 'placement': 'above_product_name', 'text': 'AGATHA CHRISTIE', 'text_color': '#808089', 'type': 'text_above_product_name'}]",22000,18,5.0,146,0,0,https://salt.tikicdn.com/cache/280x280/ts/product/9b/cf/e9/4b8df2c8ff2a835a132874b066fb254e.jpg,280,280,[],False,,False,251,,,False,False,,,[],,,192909295,,,False,"{'text': 'Đã bán 974', 'value': 974}",,120000,True,"[{'impression_id': 'thanos-qQlYCKqNKbHVBznf-CtwFrTxq', 'metadata': {'astra_reward': 0, 'category': 8322, 'delivery_zone': 'VN039006001', 'discount_rate': 18, 'flags': {}, 'is_ad': 0, 'is_astra_plus': 0, 'is_official_store': 0, 'is_tikinow': 1, 'is_tikipro': 0, 'is_trusted_store': 0, 'mpid': 192909292, 'params': {'_v': 'filter_revamp', 'category': '8322', 'limit': '40', 'page': '2'}, 'position': 27, 'price': 98000, 'quantity_sold': 974, 'rating': 5, 'request_id': 'qQlYCKqNKbHVBznf', 'spid': 192909295, 'tiki_verified': 1}, 'checksum': ''}]",,1,1/2/8322/316/839/664,0,1,"{'amplitude': {'all_time_quantity_sold': 974, 'category_l1_name': 'Nhà Sách Tiki', 'category_l2_name': 'Sách tiếng Việt', 'category_l3_name': 'Sách văn học', 'deboosted_high_price_diff_position': 0, 'earliest_delivery_estimate': 0, 'is_authentic': 1, 'is_best_offer_available': False, 'is_flash_deal': False, 'is_freeship_xtra': False, 'is_gift_available': False, 'is_hero': False, 'is_high_price_penalty': False, 'is_imported': False, 'is_top_brand': True, 'joined_strategy_rerank': False, 'master_product_sku': '4595635353509', 'number_of_reviews': 146, 'order_route': 'same_province', 'partner_rewards_amount': 0, 'price': 98000, 'primary_category_name': 'Truyện trinh thám', 'product_rating': 5, 'search_rank': 0, 'seller_id': 1, 'seller_product_id': 192909295, 'seller_product_sku': '2796064819933', 'seller_type': 'OFFICIAL_STORE', 'standard_delivery_estimate': 0, 'tiki_verified': 1, 'tikinow_delivery_estimate': 0.21, 'tikipro_delivery_estimate': 0, 'variant': False}}","[{'code': 'product_image_badge', 'image': 'https://salt.tikicdn.com/ts/upload/c2/bc/6d/ff18cc8968e2bbb43f7ac58efbfafdff.png', 'placement': 'badge_overlay_product_image', 'type': 'image_badge'}]"
176831144,6976389347407,Combo 23 Tập Thanh Gươm Diệt Quỷ (Tập 1-23),combo-23-tap-thanh-guom-diet-quy-tap-1-23-p176831144,combo-23-tap-thanh-guom-diet-quy-tap-1-23-p176831144.html?spid=176831145,,,,,,662400,0,[],"[{'code': 'tikinow', 'icon': 'https://salt.tikicdn.com/ts/tka/a8/31/b6/802e2c99dcce64c67aa2648edb15dd25.png', 'icon_height': 16, 'icon_width': 32, 'placement': 'delivery_info', 'text': 'Giao siêu tốc 2h', 'type': 'delivery_info_badge'}, {'code': 'authentic_brand', 'icon': 'https://salt.tikicdn.com/ts/tka/69/cf/22/1be823299ae34c7ddcd922e73abd4909.png', 'icon_height': 20, 'icon_width': 89, 'placement': 'under_product_image', 'type': 'icon_badge'}, {'code': 'brand_name', 'placement': 'above_product_name', 'text': 'KOYOHARU GOTOUGE', 'text_color': '#808089', 'type': 'text_above_product_name'}]",27600,4,5.0,50,0,0,https://salt.tikicdn.com/cache/280x280/ts/product/0d/66/98/1d8c31f55ec280bb0e27226f8eb2cdb8.jpg,280,280,[],False,,False,253,,,False,False,,,[],,,176831145,,,False,"{'text': 'Đã bán 341', 'value': 341}",,690000,True,"[{'impression_id': 'thanos-qQlYCKqNKbHVBznf-A86zNzZq', 'metadata': {'astra_reward': 0, 'category': 8322, 'delivery_zone': 'VN039006001', 'discount_rate': 4, 'flags': {}, 'is_ad': 0, 'is_astra_plus': 0, 'is_official_store': 0, 'is_tikinow': 1, 'is_tikipro': 0, 'is_trusted_store': 0, 'mpid': 176831144, 'params': {'_v': 'filter_revamp', 'category': '8322', 'limit': '40', 'page': '2'}, 'position': 28, 'price': 662400, 'quantity_sold': 341, 'rating': 5, 'request_id': 'qQlYCKqNKbHVBznf', 'spid': 176831145, 'tiki_verified': 1}, 'checksum': ''}]",,1,1/2/8322/316/1084,0,1,"{'amplitude': {'all_time_quantity_sold': 341, 'category_l1_name': 'Nhà Sách Tiki', 'category_l2_name': 'Sách tiếng Việt', 'deboosted_high_price_diff_position': 0, 'earliest_delivery_estimate': 0, 'is_authentic': 1, 'is_best_offer_available': False, 'is_flash_deal': False, 'is_freeship_xtra': False, 'is_gift_available': False, 'is_hero': False, 'is_high_price_penalty': False, 'is_imported': False, 'is_top_brand': True, 'joined_strategy_rerank': False, 'layout': 'grid_view', 'master_product_sku': '6562200185259', 'number_of_reviews': 50, 'order_route': 'same_province', 'partner_rewards_amount': 0, 'price': 662400, 'primary_category_name': 'Truyện Tranh, Manga, Comic', 'product_rating': 5, 'search_rank': 0, 'seller_id': 1, 'seller_product_id': 176831145, 'seller_product_sku': '6976389347407', 'seller_type': 'OFFICIAL_STORE', 'standard_delivery_estimate': 0, 'tiki_verified': 1, 'tikinow_delivery_estimate': 0.21, 'tikipro_delivery_estimate': 0, 'variant': False}}","[{'code': 'product_image_badge', 'image': 'https://salt.tikicdn.com/ts/upload/c2/bc/6d/ff18cc8968e2bbb43f7ac58efbfafdff.png', 'placement': 'badge_overlay_product_image', 'type': 'image_badge'}]"
170708233,3237884477663,Sách Thay Đổi Tí Hon - Hiệu Quả Bất Ngờ Atomic Habits (Tái Bản Lần 4),sach-thay-doi-ti-hon-hieu-qua-bat-ngo-atomic-habits-tai-ban-lan-4-p170708233,sach-thay-doi-ti-hon-hieu-qua-bat-ngo-atomic-habits-tai-ban-lan-4-p170708233.html?spid=170708234,,,,,,149000,0,[],"[{'code': 'tikinow', 'icon': 'https://salt.tikicdn.com/ts/tka/a8/31/b6/802e2c99dcce64c67aa2648edb15dd25.png', 'icon_height': 16, 'icon_width': 32, 'placement': 'delivery_info', 'text': 'Giao siêu tốc 2h', 'type': 'delivery_info_badge'}, {'code': 'authentic_brand', 'icon': 'https://salt.tikicdn.com/ts/tka/69/cf/22/1be823299ae34c7ddcd922e73abd4909.png', 'icon_height': 20, 'icon_width': 89, 'placement': 'under_product_image', 'type': 'icon_badge'}, {'code': 'brand_name', 'placement': 'above_product_name', 'text': 'JAMES CLEAR', 'text_color': '#808089', 'type': 'text_above_product_name'}]",40000,21,4.8,897,0,0,https://salt.tikicdn.com/cache/280x280/ts/product/10/01/7a/d7d57affcfba13e7f75d74d1e858e41e.jpg,280,280,[],False,,False,243,,,False,False,,,[],,,170708234,,,False,"{'text': 'Đã bán 12319', 'value': 12319}",,189000,True,"[{'impression_id': 'thanos-qQlYCKqNKbHVBznf-K3NJMcSH', 'metadata': {'astra_reward': 0, 'category': 8322, 'delivery_zone': 'VN039006001', 'discount_rate': 21, 'flags': {}, 'is_ad': 0, 'is_astra_plus': 0, 'is_official_store': 0, 'is_tikinow': 1, 'is_tikipro': 0, 'is_trusted_store': 0, 'mpid': 170708233, 'params': {'_v': 'filter_revamp', 'category': '8322', 'limit': '40', 'page': '2'}, 'position': 29, 'price': 149000, 'quantity_sold': 12319, 'rating': 4.8, 'request_id': 'qQlYCKqNKbHVBznf', 'spid': 170708234, 'tiki_verified': 1}, 'checksum': ''}]",,1,1/2/8322/316/870/871,0,1,"{'amplitude': {'all_time_quantity_sold': 12319, 'category_l1_name': 'Nhà Sách Tiki', 'category_l2_name': 'Sách tiếng Việt', 'category_l3_name': 'Sách kỹ năng sống', 'deboosted_high_price_diff_position': 0, 'earliest_delivery_estimate': 0, 'is_authentic': 1, 'is_best_offer_available': False, 'is_flash_deal': False, 'is_freeship_xtra': False, 'is_gift_available': False, 'is_hero': False, 'is_high_price_penalty': False, 'is_imported': False, 'is_top_brand': False, 'joined_strategy_rerank': False, 'layout': 'grid_view', 'master_product_sku': '2330392359694', 'number_of_reviews': 897, 'order_route': 'same_province', 'partner_rewards_amount': 0, 'price': 149000, 'primary_category_name': 'Sách tư duy - Kỹ năng sống', 'product_rating': 4.8, 'search_rank': 0, 'seller_id': 1, 'seller_product_id': 170708234, 'seller_product_sku': '3237884477663', 'seller_type': 'OFFICIAL_STORE', 'standard_delivery_estimate': 0, 'tiki_verified': 1, 'tikinow_delivery_estimate': 0.21, 'tikipro_delivery_estimate': 0, 'variant': False}}","[{'code': 'product_image_badge', 'image': 'https://salt.tikicdn.com/ts/upload/c2/bc/6d/ff18cc8968e2bbb43f7ac58efbfafdff.png', 'placement': 'badge_overlay_product_image', 'type': 'image_badge'}]"
140416370,7946352110059,Sách Flow - Dòng Chảy,sach-flow-dong-chay-p140416370,sach-flow-dong-chay-p140416370.html?spid=140416372,,,,,,175560,0,[],"[{'code': 'tikinow', 'icon': 'https://salt.tikicdn.com/ts/tka/a8/31/b6/802e2c99dcce64c67aa2648edb15dd25.png', 'icon_height': 16, 'icon_width': 32, 'placement': 'delivery_info', 'text': 'Giao siêu tốc 2h', 'type': 'delivery_info_badge'}, {'code': 'authentic_brand', 'icon': 'https://salt.tikicdn.com/ts/tka/69/cf/22/1be823299ae34c7ddcd922e73abd4909.png', 'icon_height': 20, 'icon_width': 89, 'placement': 'under_product_image', 'type': 'icon_badge'}, {'code': 'brand_name', 'placement': 'above_product_name', 'text': 'MIHALY CSIKSZENTMIHALYI', 'text_color': '#808089', 'type': 'text_above_product_name'}]",52440,23,5.0,802,0,0,https://salt.tikicdn.com/cache/280x280/media/catalog/producttmp/b8/97/4f/b3858b9d285701420eaebb6dba56beaf.jpg,280,280,[],False,,False,243,,,False,False,,,[],,,140416372,,,False,"{'text': 'Đã bán 9376', 'value': 9376}",,228000,True,"[{'impression_id': 'thanos-qQlYCKqNKbHVBznf-yquXgh23', 'metadata': {'astra_reward': 0, 'category': 8322, 'delivery_zone': 'VN039006001', 'discount_rate': 23, 'flags': {}, 'is_ad': 0, 'is_astra_plus': 0, 'is_official_store': 0, 'is_tikinow': 1, 'is_tikipro': 0, 'is_trusted_store': 0, 'mpid': 140416370, 'params': {'_v': 'filter_revamp', 'category': '8322', 'limit': '40', 'page': '2'}, 'position': 30, 'price': 175560, 'quantity_sold': 9376, 'rating': 5, 'request_id': 'qQlYCKqNKbHVBznf', 'spid': 140416372, 'tiki_verified': 1}, 'checksum': ''}]",,1,1/2/8322/316/870/67929/872,0,1,"{'amplitude': {'all_time_quantity_sold': 9376, 'category_l1_name': 'Nhà Sách Tiki', 'category_l2_name': 'Sách tiếng Việt', 'category_l3_name': 'Sách kỹ năng sống', 'category_l4_name': 'Sách kỹ năng mềm', 'deboosted_high_price_diff_position': 0, 'earliest_delivery_estimate': 0, 'is_authentic': 1, 'is_best_offer_available': False, 'is_flash_deal': False, 'is_freeship_xtra': False, 'is_gift_available': False, 'is_hero': True, 'is_high_price_penalty': False, 'is_imported': False, 'is_top_brand': True, 'joined_strategy_rerank': False, 'master_product_sku': '7822684494840', 'number_of_reviews': 802, 'order_route': 'same_province', 'partner_rewards_amount': 0, 'price': 175560, 'primary_category_name': 'Nghệ thuật sống', 'product_rating': 5, 'search_rank': 0, 'seller_id': 1, 'seller_product_id': 140416372, 'seller_product_sku': '7946352110059', 'seller_type': 'OFFICIAL_STORE', 'standard_delivery_estimate': 0, 'tiki_verified': 1, 'tikinow_delivery_estimate': 0.21, 'tikipro_delivery_estimate': 0, 'variant': False}}","[{'code': 'product_image_badge', 'image': 'https://salt.tikicdn.com/ts/upload/12/e2/4a/c5226426ee9429b0050449ae5403c9cf.png', 'placement': 'badge_overlay_product_image', 'type': 'image_badge'}]"
109017985,7255202170163,"Sách Thiên Tài Bên Trái, Kẻ Điên Bên Phải (Tái Bản)",sach-thien-tai-ben-trai-ke-dien-ben-phai-tai-ban-p109017985,sach-thien-tai-ben-trai-ke-dien-ben-phai-tai-ban-p109017985.html?spid=109017987,,,,,,128880,0,[],"[{'code': 'tikinow', 'icon': 'https://salt.tikicdn.com/ts/tka/a8/31/b6/802e2c99dcce64c67aa2648edb15dd25.png', 'icon_height': 16, 'icon_width': 32, 'placement': 'delivery_info', 'text': 'Giao siêu tốc 2h', 'type': 'delivery_info_badge'}, {'code': 'authentic_brand', 'icon': 'https://salt.tikicdn.com/ts/tka/69/cf/22/1be823299ae34c7ddcd922e73abd4909.png', 'icon_height': 20, 'icon_width': 89, 'placement': 'under_product_image', 'type': 'icon_badge'}, {'code': 'brand_name', 'placement': 'above_product_name', 'text': 'CAO MINH', 'text_color': '#808089', 'type': 'text_above_product_name'}]",50120,28,4.8,5493,0,0,https://salt.tikicdn.com/cache/280x280/ts/product/7c/e8/34/4d3636aadb471cad0bf2f45d681e4f23.jpg,280,280,[],False,,False,251,,,False,False,,,[],,,109017987,,,False,"{'text': 'Đã bán 27256', 'value': 27256}",,179000,True,"[{'impression_id': 'thanos-qQlYCKqNKbHVBznf-IbSGMGiJ', 'metadata': {'astra_reward': 0, 'category': 8322, 'delivery_zone': 'VN039006001', 'discount_rate': 28, 'flags': {}, 'is_ad': 0, 'is_astra_plus': 0, 'is_official_store': 0, 'is_tikinow': 1, 'is_tikipro': 0, 'is_trusted_store': 0, 'mpid': 109017985, 'params': {'_v': 'filter_revamp', 'category': '8322', 'limit': '40', 'page': '2'}, 'position': 31, 'price': 128880, 'quantity_sold': 27256, 'rating': 4.8, 'request_id': 'qQlYCKqNKbHVBznf', 'spid': 109017987, 'tiki_verified': 1}, 'checksum': ''}]",,1,1/2/8322/316/839/845/67999,0,1,"{'amplitude': {'all_time_quantity_sold': 27256, 'category_l1_name': 'Nhà Sách Tiki', 'category_l2_name': 'Sách tiếng Việt', 'category_l3_name': 'Sách văn học', 'category_l4_name': 'Truyện ngắn - Tản văn - Tạp Văn', 'deboosted_high_price_diff_position': 0, 'earliest_delivery_estimate': 0, 'is_authentic': 1, 'is_best_offer_available': False, 'is_flash_deal': False, 'is_freeship_xtra': False, 'is_gift_available': False, 'is_hero': False, 'is_high_price_penalty': False, 'is_imported': False, 'is_top_brand': False, 'joined_strategy_rerank': False, 'layout': 'grid_view', 'master_product_sku': '8741635599269', 'number_of_reviews': 5493, 'order_route': 'same_province', 'partner_rewards_amount': 0, 'price': 128880, 'primary_category_name': 'Truyện ngắn - Tản văn - Tạp Văn Nước Ngoài', 'product_rating': 4.8, 'search_rank': 0, 'seller_id': 1, 'seller_product_id': 109017987, 'seller_product_sku': '7255202170163', 'seller_type': 'OFFICIAL_STORE', 'standard_delivery_estimate': 0, 'tiki_verified': 1, 'tikinow_delivery_estimate': 0.21, 'tikipro_delivery_estimate': 0, 'variant': False}}","[{'code': 'product_image_badge', 'image': 'https://salt.tikicdn.com/ts/upload/c2/bc/6d/ff18cc8968e2bbb43f7ac58efbfafdff.png', 'placement': 'badge_overlay_product_image', 'type': 'image_badge'}]"
95289208,1464786139511,Sách Người Bà Tài Giỏi Vùng Saga,sach-nguoi-ba-tai-gioi-vung-saga-p95289208,sach-nguoi-ba-tai-gioi-vung-saga-p95289208.html?spid=95289212,,,,,,96000,0,[],"[{'code': 'tikinow', 'icon': 'https://salt.tikicdn.com/ts/tka/a8/31/b6/802e2c99dcce64c67aa2648edb15dd25.png', 'icon_height': 16, 'icon_width': 32, 'placement': 'delivery_info', 'text': 'Giao siêu tốc 2h', 'type': 'delivery_info_badge'}, {'code': 'authentic_brand', 'icon': 'https://salt.tikicdn.com/ts/tka/69/cf/22/1be823299ae34c7ddcd922e73abd4909.png', 'icon_height': 20, 'icon_width': 89, 'placement': 'under_product_image', 'type': 'icon_badge'}, {'code': 'brand_name', 'placement': 'above_product_name', 'text': 'YOSHICHI SHIMADA', 'text_color': '#808089', 'type': 'text_above_product_name'}]",32000,25,5.0,528,0,0,https://salt.tikicdn.com/cache/280x280/ts/product/7d/09/b8/8f02cdbc986a5b1efe1fcfdbab15374d.jpg,280,280,[],False,,False,251,,,False,False,,,[],,,95289212,,,False,"{'text': 'Đã bán 5561', 'value': 5561}",,128000,True,"[{'impression_id': 'thanos-qQlYCKqNKbHVBznf-VhK7lfSu', 'metadata': {'astra_reward': 0, 'category': 8322, 'delivery_zone': 'VN039006001', 'discount_rate': 25, 'flags': {}, 'is_ad': 0, 'is_astra_plus': 0, 'is_official_store': 0, 'is_tikinow': 1, 'is_tikipro': 0, 'is_trusted_store': 0, 'mpid': 95289208, 'params': {'_v': 'filter_revamp', 'category': '8322', 'limit': '40', 'page': '2'}, 'position': 32, 'price': 96000, 'quantity_sold': 5561, 'rating': 5, 'request_id': 'qQlYCKqNKbHVBznf', 'spid': 95289212, 'tiki_verified': 1}, 'checksum': ''}]",,1,1/2/8322/316/839/845/67999,0,1,"{'amplitude': {'all_time_quantity_sold': 5561, 'category_l1_name': 'Nhà Sách Tiki', 'category_l2_name': 'Sách tiếng Việt', 'category_l3_name': 'Sách văn học', 'category_l4_name': 'Truyện ngắn - Tản văn - Tạp Văn', 'deboosted_high_price_diff_position': 0, 'earliest_delivery_estimate': 0, 'is_authentic': 1, 'is_best_offer_available': False, 'is_flash_deal': False, 'is_freeship_xtra': False, 'is_gift_available': False, 'is_hero': True, 'is_high_price_penalty': False, 'is_imported': False, 'is_top_brand': True, 'joined_strategy_rerank': False, 'master_product_sku': '5862624720479', 'number_of_reviews': 528, 'order_route': 'same_province', 'partner_rewards_amount': 0, 'price': 96000, 'primary_category_name': 'Truyện ngắn - Tản văn - Tạp Văn Nước Ngoài', 'product_rating': 5, 'search_rank': 0, 'seller_id': 1, 'seller_product_id': 95289212, 'seller_product_sku': '1464786139511', 'seller_type': 'OFFICIAL_STORE', 'standard_delivery_estimate': 0, 'tiki_verified': 1, 'tikinow_delivery_estimate': 0.21, 'tikipro_delivery_estimate': 0, 'variant': False}}","[{'code': 'product_image_badge', 'image': 'https://salt.tikicdn.com/ts/upload/12/e2/4a/c5226426ee9429b0050449ae5403c9cf.png', 'placement': 'badge_overlay_product_image', 'type': 'image_badge'}]"
76013378,7649903171399,Sách Storytelling With Data - Kể Chuyện Thông Qua Dữ Liệu (Cuốn Cẩm Nang Hướng Dẫn Trực Quan Hóa Dữ Liệu),sach-storytelling-with-data-ke-chuyen-thong-qua-du-lieu-cuon-cam-nang-huong-dan-truc-quan-hoa-du-lieu-p76013378,sach-storytelling-with-data-ke-chuyen-thong-qua-du-lieu-cuon-cam-nang-huong-dan-truc-quan-hoa-du-lieu-p76013378.html?spid=76013379,,,,,,219300,0,[],"[{'code': 'tikinow', 'icon': 'https://salt.tikicdn.com/ts/tka/a8/31/b6/802e2c99dcce64c67aa2648edb15dd25.png', 'icon_height': 16, 'icon_width': 32, 'placement': 'delivery_info', 'text': 'Giao siêu tốc 2h', 'type': 'delivery_info_badge'}, {'code': 'authentic_brand', 'icon': 'https://salt.tikicdn.com/ts/tka/69/cf/22/1be823299ae34c7ddcd922e73abd4909.png', 'icon_height': 20, 'icon_width': 89, 'placement': 'under_product_image', 'type': 'icon_badge'}, {'code': 'brand_name', 'placement': 'above_product_name', 'text': 'COLE NUSSBAUMER KNAFLIC', 'text_color': '#808089', 'type': 'text_above_product_name'}]",99700,31,5.0,1939,0,0,https://salt.tikicdn.com/cache/280x280/ts/product/b6/0d/3b/305afbf42b8effda0a194b6f690cc2f1.jpg,280,280,[],False,,False,242,,,False,False,,,[],,,76013379,,,False,"{'text': 'Đã bán 12887', 'value': 12887}",,319000,True,"[{'impression_id': 'thanos-qQlYCKqNKbHVBznf-DjxVNjW7', 'metadata': {'astra_reward': 0, 'category': 8322, 'delivery_zone': 'VN039006001', 'discount_rate': 31, 'flags': {}, 'is_ad': 0, 'is_astra_plus': 0, 'is_official_store': 0, 'is_tikinow': 1, 'is_tikipro': 0, 'is_trusted_store': 0, 'mpid': 76013378, 'params': {'_v': 'filter_revamp', 'category': '8322', 'limit': '40', 'page': '2'}, 'position': 33, 'price': 219300, 'quantity_sold': 12887, 'rating': 5, 'request_id': 'qQlYCKqNKbHVBznf', 'spid': 76013379, 'tiki_verified': 1}, 'checksum': ''}]",,1,1/2/8322/316/846/385,0,1,"{'amplitude': {'all_time_quantity_sold': 12887, 'category_l1_name': 'Nhà Sách Tiki', 'category_l2_name': 'Sách tiếng Việt', 'category_l3_name': 'Sách kinh tế', 'deboosted_high_price_diff_position': 0, 'earliest_delivery_estimate': 0, 'is_authentic': 1, 'is_best_offer_available': False, 'is_flash_deal': False, 'is_freeship_xtra': True, 'is_gift_available': False, 'is_hero': True, 'is_high_price_penalty': False, 'is_imported': False, 'is_top_brand': False, 'joined_strategy_rerank': False, 'master_product_sku': '2491493924269', 'number_of_reviews': 1939, 'order_route': 'same_province', 'partner_rewards_amount': 0, 'price': 219300, 'primary_category_name': 'Sách kỹ năng làm việc', 'product_rating': 5, 'search_rank': 0, 'seller_id': 1, 'seller_product_id': 76013379, 'seller_product_sku': '7649903171399', 'seller_type': 'OFFICIAL_STORE', 'standard_delivery_estimate': 0, 'tiki_verified': 1, 'tikinow_delivery_estimate': 0.21, 'tikipro_delivery_estimate': 0, 'variant': False}}","[{'code': 'product_image_badge', 'image': 'https://salt.tikicdn.com/ts/upload/21/c9/ce/ecf520f4346274799396496b3cbbf7d8.png', 'placement': 'badge_overlay_product_image', 'type': 'image_badge'}]"
59511811,4758133426445,Sách Dấu Chân Trên Cát - Nguyên Phong (Tái Bản 2020),sach-dau-chan-tren-cat-nguyen-phong-tai-ban-2020-p59511811,sach-dau-chan-tren-cat-nguyen-phong-tai-ban-2020-p59511811.html?spid=59511812,,,,,,111000,0,[],"[{'code': 'tikinow', 'icon': 'https://salt.tikicdn.com/ts/tka/a8/31/b6/802e2c99dcce64c67aa2648edb15dd25.png', 'icon_height': 16, 'icon_width': 32, 'placement': 'delivery_info', 'text': 'Giao siêu tốc 2h', 'type': 'delivery_info_badge'}, {'code': 'authentic_brand', 'icon': 'https://salt.tikicdn.com/ts/tka/69/cf/22/1be823299ae34c7ddcd922e73abd4909.png', 'icon_height': 20, 'icon_width': 89, 'placement': 'under_product_image', 'type': 'icon_badge'}, {'code': 'brand_name', 'placement': 'above_product_name', 'text': 'NGUYÊN PHONG', 'text_color': '#808089', 'type': 'text_above_product_name'}]",37000,25,4.8,1053,0,0,https://salt.tikicdn.com/cache/280x280/media/catalog/producttmp/11/9d/ef/43df6831778b5581c6e164485a0bab17.jpg,280,280,[],False,,False,241,,,False,False,,,[],,,59511812,,,False,"{'text': 'Đã bán 5512', 'value': 5512}",,148000,True,"[{'impression_id': 'thanos-qQlYCKqNKbHVBznf-WKQO8RtH', 'metadata': {'astra_reward': 0, 'category': 8322, 'delivery_zone': 'VN039006001', 'discount_rate': 25, 'flags': {}, 'is_ad': 0, 'is_astra_plus': 0, 'is_official_store': 0, 'is_tikinow': 1, 'is_tikipro': 0, 'is_trusted_store': 0, 'mpid': 59511811, 'params': {'_v': 'filter_revamp', 'category': '8322', 'limit': '40', 'page': '2'}, 'position': 34, 'price': 111000, 'quantity_sold': 5512, 'rating': 4.8, 'request_id': 'qQlYCKqNKbHVBznf', 'spid': 59511812, 'tiki_verified': 1}, 'checksum': ''}]",,1,1/2/8322/316/861/67980,0,1,"{'amplitude': {'all_time_quantity_sold': 5512, 'category_l1_name': 'Nhà Sách Tiki', 'category_l2_name': 'Sách tiếng Việt', 'category_l3_name': 'Sách Tôn Giáo - Tâm Linh', 'deboosted_high_price_diff_position': 0, 'earliest_delivery_estimate': 0, 'is_authentic': 1, 'is_best_offer_available': False, 'is_flash_deal': False, 'is_freeship_xtra': False, 'is_gift_available': False, 'is_hero': False, 'is_high_price_penalty': False, 'is_imported': False, 'is_top_brand': False, 'joined_strategy_rerank': False, 'layout': 'grid_view', 'master_product_sku': '7588691430731', 'number_of_reviews': 1053, 'order_route': 'same_province', 'partner_rewards_amount': 0, 'price': 111000, 'primary_category_name': 'Tôn Giáo - Tâm Linh Khác', 'product_rating': 4.8, 'search_rank': 0, 'seller_id': 1, 'seller_product_id': 59511812, 'seller_product_sku': '4758133426445', 'seller_type': 'OFFICIAL_STORE', 'standard_delivery_estimate': 0, 'tiki_verified': 1, 'tikinow_delivery_estimate': 0.21, 'tikipro_delivery_estimate': 0, 'variant': False}}","[{'code': 'product_image_badge', 'image': 'https://salt.tikicdn.com/ts/upload/c2/bc/6d/ff18cc8968e2bbb43f7ac58efbfafdff.png', 'placement': 'badge_overlay_product_image', 'type': 'image_badge'}]"
56609155,5408287064343,Sách Trường Ca Achilles (Quà Tặng Kèm: 01 Bookmark + 01 Phụ Lục),sach-truong-ca-achilles-qua-tang-kem-01-bookmark-01-phu-luc-p56609155,sach-truong-ca-achilles-qua-tang-kem-01-bookmark-01-phu-luc-p56609155.html?spid=56609156,,,,,,124800,0,[],"[{'code': 'tikinow', 'icon': 'https://salt.tikicdn.com/ts/tka/a8/31/b6/802e2c99dcce64c67aa2648edb15dd25.png', 'icon_height': 16, 'icon_width': 32, 'placement': 'delivery_info', 'text': 'Giao siêu tốc 2h', 'type': 'delivery_info_badge'}, {'code': 'authentic_brand', 'icon': 'https://salt.tikicdn.com/ts/tka/69/cf/22/1be823299ae34c7ddcd922e73abd4909.png', 'icon_height': 20, 'icon_width': 89, 'placement': 'under_product_image', 'type': 'icon_badge'}, {'code': 'brand_name', 'placement': 'above_product_name', 'text': 'MADELINE MILLER', 'text_color': '#808089', 'type': 'text_above_product_name'}]",31200,20,5.0,807,0,0,https://salt.tikicdn.com/cache/280x280/ts/product/f3/83/73/b7fcc3787a6a987c8c3ec2df3c68b070.jpg,280,280,[],False,,False,251,,,False,False,,,[],,,56609156,,,False,"{'text': 'Đã bán 4214', 'value': 4214}",,156000,True,"[{'impression_id': 'thanos-qQlYCKqNKbHVBznf-NGpSNQfS', 'metadata': {'astra_reward': 0, 'category': 8322, 'delivery_zone': 'VN039006001', 'discount_rate': 20, 'flags': {}, 'is_ad': 0, 'is_astra_plus': 0, 'is_official_store': 0, 'is_tikinow': 1, 'is_tikipro': 0, 'is_trusted_store': 0, 'mpid': 56609155, 'params': {'_v': 'filter_revamp', 'category': '8322', 'limit': '40', 'page': '2'}, 'position': 35, 'price': 124800, 'quantity_sold': 4214, 'rating': 5, 'request_id': 'qQlYCKqNKbHVBznf', 'spid': 56609156, 'tiki_verified': 1}, 'checksum': ''}]",,1,1/2/8322/316/839/844/67997,0,1,"{'amplitude': {'all_time_quantity_sold': 4214, 'category_l1_name': 'Nhà Sách Tiki', 'category_l2_name': 'Sách tiếng Việt', 'category_l3_name': 'Sách văn học', 'category_l4_name': 'Tiểu Thuyết', 'deboosted_high_price_diff_position': 0, 'earliest_delivery_estimate': 0, 'is_authentic': 1, 'is_best_offer_available': False, 'is_flash_deal': False, 'is_freeship_xtra': False, 'is_gift_available': False, 'is_hero': False, 'is_high_price_penalty': False, 'is_imported': False, 'is_top_brand': False, 'joined_strategy_rerank': False, 'master_product_sku': '1196220485440', 'number_of_reviews': 807, 'order_route': 'same_province', 'partner_rewards_amount': 0, 'price': 124800, 'primary_category_name': 'Tiểu Thuyết Phương Tây', 'product_rating': 5, 'search_rank': 0, 'seller_id': 1, 'seller_product_id': 56609156, 'seller_product_sku': '5408287064343', 'seller_type': 'OFFICIAL_STORE', 'standard_delivery_estimate': 0, 'tiki_verified': 1, 'tikinow_delivery_estimate': 0.21, 'tikipro_delivery_estimate': 0, 'variant': False}}","[{'code': 'product_image_badge', 'image': 'https://salt.tikicdn.com/ts/upload/c2/bc/6d/ff18cc8968e2bbb43f7ac58efbfafdff.png', 'placement': 'badge_overlay_product_image', 'type': 'image_badge'}]"
52789367,6624824359331,Sách Nhà Giả Kim (Tái Bản),sach-nha-gia-kim-tai-ban-2020-p52789367,sach-nha-gia-kim-tai-ban-2020-p52789367.html?spid=52789368,,,,,,78000,0,[],"[{'code': 'tikinow', 'icon': 'https://salt.tikicdn.com/ts/tka/a8/31/b6/802e2c99dcce64c67aa2648edb15dd25.png', 'icon_height': 16, 'icon_width': 32, 'placement': 'delivery_info', 'text': 'Giao siêu tốc 2h', 'type': 'delivery_info_badge'}, {'code': 'authentic_brand', 'icon': 'https://salt.tikicdn.com/ts/tka/69/cf/22/1be823299ae34c7ddcd922e73abd4909.png', 'icon_height': 20, 'icon_width': 89, 'placement': 'under_product_image', 'type': 'icon_badge'}, {'code': 'brand_name', 'placement': 'above_product_name', 'text': 'PAULO COELHO', 'text_color': '#808089', 'type': 'text_above_product_name'}]",17000,18,5.0,6086,0,0,https://salt.tikicdn.com/cache/280x280/ts/product/45/3b/fc/aa81d0a534b45706ae1eee1e344e80d9.jpg,280,280,[],False,,False,251,,,False,False,,,[],,,52789368,,,False,"{'text': 'Đã bán 40420', 'value': 40420}",,95000,True,"[{'impression_id': 'thanos-qQlYCKqNKbHVBznf-6hMIUujt', 'metadata': {'astra_reward': 0, 'category': 8322, 'delivery_zone': 'VN039006001', 'discount_rate': 18, 'flags': {}, 'is_ad': 0, 'is_astra_plus': 0, 'is_official_store': 0, 'is_tikinow': 1, 'is_tikipro': 0, 'is_trusted_store': 0, 'mpid': 52789367, 'params': {'_v': 'filter_revamp', 'category': '8322', 'limit': '40', 'page': '2'}, 'position': 36, 'price': 78000, 'quantity_sold': 40420, 'rating': 5, 'request_id': 'qQlYCKqNKbHVBznf', 'spid': 52789368, 'tiki_verified': 1}, 'checksum': ''}]",,1,1/2/8322/316/839/842/67994,0,1,"{'amplitude': {'all_time_quantity_sold': 40420, 'category_l1_name': 'Nhà Sách Tiki', 'category_l2_name': 'Sách tiếng Việt', 'category_l3_name': 'Sách văn học', 'category_l4_name': 'Tác phẩm kinh điển', 'deboosted_high_price_diff_position': 0, 'earliest_delivery_estimate': 0, 'is_authentic': 1, 'is_best_offer_available': False, 'is_flash_deal': False, 'is_freeship_xtra': False, 'is_gift_available': False, 'is_hero': False, 'is_high_price_penalty': False, 'is_imported': False, 'is_top_brand': True, 'joined_strategy_rerank': False, 'master_product_sku': '5279951395588', 'number_of_reviews': 6086, 'order_route': 'same_province', 'partner_rewards_amount': 0, 'price': 78000, 'primary_category_name': 'Tác Phẩm Kinh Điển Nước Ngoài', 'product_rating': 5, 'search_rank': 0, 'seller_id': 1, 'seller_product_id': 52789368, 'seller_product_sku': '6624824359331', 'seller_type': 'OFFICIAL_STORE', 'standard_delivery_estimate': 0, 'tiki_verified': 1, 'tikinow_delivery_estimate': 0.21, 'tikipro_delivery_estimate': 0, 'variant': False}}","[{'code': 'product_image_badge', 'image': 'https://salt.tikicdn.com/ts/upload/c2/bc/6d/ff18cc8968e2bbb43f7ac58efbfafdff.png', 'placement': 'badge_overlay_product_image', 'type': 'image_badge'}]"
17493916,5786941729730,Sách Luyện Nói Tiếng Trung Quốc Cấp Tốc Cho Người Bắt Đầu - Tập 1 (Kèm file MP3) (Tái Bản),sach-luyen-noi-tieng-trung-quoc-cap-toc-cho-nguoi-bat-dau-tap-1-kem-file-mp3-tai-ban-p17493916,sach-luyen-noi-tieng-trung-quoc-cap-toc-cho-nguoi-bat-dau-tap-1-kem-file-mp3-tai-ban-p17493916.html?spid=17493917,,,,,,140000,0,[],"[{'code': 'tikinow', 'icon': 'https://salt.tikicdn.com/ts/tka/a8/31/b6/802e2c99dcce64c67aa2648edb15dd25.png', 'icon_height': 16, 'icon_width': 32, 'placement': 'delivery_info', 'text': 'Giao siêu tốc 2h', 'type': 'delivery_info_badge'}, {'code': 'authentic_brand', 'icon': 'https://salt.tikicdn.com/ts/tka/69/cf/22/1be823299ae34c7ddcd922e73abd4909.png', 'icon_height': 20, 'icon_width': 89, 'placement': 'under_product_image', 'type': 'icon_badge'}, {'code': 'brand_name', 'placement': 'above_product_name', 'text': 'MÃ TIỄN PHI', 'text_color': '#808089', 'type': 'text_above_product_name'}]",28000,17,5.0,85,0,0,https://salt.tikicdn.com/cache/280x280/ts/product/ea/62/e3/db497eb7a453f15ce92e54f7eecdba03.JPG,280,280,[],False,,False,239,,,False,False,,,[],,,17493917,,,False,"{'text': 'Đã bán 1030', 'value': 1030}",,168000,True,"[{'impression_id': 'thanos-qQlYCKqNKbHVBznf-sLTgAA82', 'metadata': {'astra_reward': 0, 'category': 8322, 'delivery_zone': 'VN039006001', 'discount_rate': 17, 'flags': {}, 'is_ad': 0, 'is_astra_plus': 0, 'is_official_store': 0, 'is_tikinow': 1, 'is_tikipro': 0, 'is_trusted_store': 0, 'mpid': 17493916, 'params': {'_v': 'filter_revamp', 'category': '8322', 'limit': '40', 'page': '2'}, 'position': 37, 'price': 140000, 'quantity_sold': 1030, 'rating': 5, 'request_id': 'qQlYCKqNKbHVBznf', 'spid': 17493917, 'tiki_verified': 1}, 'checksum': ''}]",,1,1/2/8322/316/887/1881/67871,0,1,"{'amplitude': {'all_time_quantity_sold': 1030, 'category_l1_name': 'Nhà Sách Tiki', 'category_l2_name': 'Sách tiếng Việt', 'category_l3_name': 'Sách Học Ngoại Ngữ', 'category_l4_name': 'Sách Học Tiếng Hoa', 'deboosted_high_price_diff_position': 0, 'earliest_delivery_estimate': 0, 'is_authentic': 1, 'is_best_offer_available': False, 'is_flash_deal': False, 'is_freeship_xtra': False, 'is_gift_available': False, 'is_hero': False, 'is_high_price_penalty': False, 'is_imported': False, 'is_top_brand': True, 'joined_strategy_rerank': False, 'master_product_sku': '9505649176273', 'number_of_reviews': 85, 'order_route': 'same_province', 'partner_rewards_amount': 0, 'price': 140000, 'primary_category_name': 'Tiếng Hoa Giao Tiếp', 'product_rating': 5, 'search_rank': 0, 'seller_id': 1, 'seller_product_id': 17493917, 'seller_product_sku': '5786941729730', 'seller_type': 'OFFICIAL_STORE', 'standard_delivery_estimate': 0, 'tiki_verified': 1, 'tikinow_delivery_estimate': 0.21, 'tikipro_delivery_estimate': 0, 'variant': False}}","[{'code': 'product_image_badge', 'image': 'https://salt.tikicdn.com/ts/upload/c2/bc/6d/ff18cc8968e2bbb43f7ac58efbfafdff.png', 'placement': 'badge_overlay_product_image', 'type': 'image_badge'}]"
7953305,6908064266186,"Combo Tổng Hợp Chuyên Đề Trọng Tâm Thi Vào 10 Chuyên
Và Học Sinh Giỏi Toán 9",combo-tong-hop-chuyen-de-trong-tam-thi-vao-10-chuyen-va-hoc-sinh-gioi-toan-9-p7953305,combo-tong-hop-chuyen-de-trong-tam-thi-vao-10-chuyen-va-hoc-sinh-gioi-toan-9-p7953305.html?spid=7953306,,,,,,234000,0,[],"[{'code': 'tikinow', 'icon': 'https://salt.tikicdn.com/ts/tka/a8/31/b6/802e2c99dcce64c67aa2648edb15dd25.png', 'icon_height': 16, 'icon_width': 32, 'placement': 'delivery_info', 'text': 'Giao siêu tốc 2h', 'type': 'delivery_info_badge'}, {'code': 'authentic_brand', 'icon': 'https://salt.tikicdn.com/ts/tka/69/cf/22/1be823299ae34c7ddcd922e73abd4909.png', 'icon_height': 20, 'icon_width': 89, 'placement': 'under_product_image', 'type': 'icon_badge'}, {'code': 'brand_name', 'placement': 'above_product_name', 'text': 'NGUYỄN TRUNG KIÊN', 'text_color': '#808089', 'type': 'text_above_product_name'}]",84000,26,4.8,263,0,0,https://salt.tikicdn.com/cache/280x280/ts/product/5b/b7/cb/7497c04ac818e8a46f7c021ca4c855cf.png,280,280,[],False,,False,248,,,False,False,,,[],,,7953306,,,False,"{'text': 'Đã bán 2076', 'value': 2076}",,318000,True,"[{'impression_id': 'thanos-qQlYCKqNKbHVBznf-XEflWTMs', 'metadata': {'astra_reward': 0, 'category': 8322, 'delivery_zone': 'VN039006001', 'discount_rate': 26, 'flags': {}, 'is_ad': 0, 'is_astra_plus': 0, 'is_official_store': 0, 'is_tikinow': 1, 'is_tikipro': 0, 'is_trusted_store': 0, 'mpid': 7953305, 'params': {'_v': 'filter_revamp', 'category': '8322', 'limit': '40', 'page': '2'}, 'position': 38, 'price': 234000, 'quantity_sold': 2076, 'rating': 4.8, 'request_id': 'qQlYCKqNKbHVBznf', 'spid': 7953306, 'tiki_verified': 1}, 'checksum': ''}]",,1,1/2/8322/316/2320/2250,0,1,"{'amplitude': {'all_time_quantity_sold': 2076, 'category_l1_name': 'Nhà Sách Tiki', 'category_l2_name': 'Sách tiếng Việt', 'category_l3_name': 'Sách Tham Khảo', 'deboosted_high_price_diff_position': 0, 'earliest_delivery_estimate': 0, 'is_authentic': 1, 'is_best_offer_available': False, 'is_flash_deal': False, 'is_freeship_xtra': False, 'is_gift_available': False, 'is_hero': True, 'is_high_price_penalty': False, 'is_imported': False, 'is_top_brand': True, 'joined_strategy_rerank': False, 'master_product_sku': '7279052540885', 'number_of_reviews': 263, 'order_route': 'same_province', 'partner_rewards_amount': 0, 'price': 234000, 'primary_category_name': 'Sách tham khảo cấp III', 'product_rating': 4.8, 'search_rank': 0, 'seller_id': 1, 'seller_product_id': 7953306, 'seller_product_sku': '6908064266186', 'seller_type': 'OFFICIAL_STORE', 'standard_delivery_estimate': 0, 'tiki_verified': 1, 'tikinow_delivery_estimate': 0.21, 'tikipro_delivery_estimate': 0, 'variant': False}}","[{'code': 'product_image_badge', 'image': 'https://salt.tikicdn.com/ts/upload/12/e2/4a/c5226426ee9429b0050449ae5403c9cf.png', 'placement': 'badge_overlay_product_image', 'type': 'image_badge'}]"
7833728,6790661817447,Sách Dạy Con Làm Giàu (Tập 1) - Để Không Có Tiền Vẫn Tạo Ra Tiền - Cha Giàu Cha Nghèo (Tái Bản),sach-day-con-lam-giau-tap-1-de-khong-co-tien-van-tao-ra-tien-cha-giau-cha-ngheo-tai-ban-p7833728,sach-day-con-lam-giau-tap-1-de-khong-co-tien-van-tao-ra-tien-cha-giau-cha-ngheo-tai-ban-p7833728.html?spid=7833729,,,,,,57000,0,[],"[{'code': 'tikinow', 'icon': 'https://salt.tikicdn.com/ts/tka/a8/31/b6/802e2c99dcce64c67aa2648edb15dd25.png', 'icon_height': 16, 'icon_width': 32, 'placement': 'delivery_info', 'text': 'Giao siêu tốc 2h', 'type': 'delivery_info_badge'}, {'code': 'authentic_brand', 'icon': 'https://salt.tikicdn.com/ts/tka/69/cf/22/1be823299ae34c7ddcd922e73abd4909.png', 'icon_height': 20, 'icon_width': 89, 'placement': 'under_product_image', 'type': 'icon_badge'}, {'code': 'brand_name', 'placement': 'above_product_name', 'text': 'ROBERT T. KIYOSAKI', 'text_color': '#808089', 'type': 'text_above_product_name'}]",23000,29,4.8,3593,0,0,https://salt.tikicdn.com/cache/280x280/ts/product/17/02/d1/52dde080f00d414a2d441c544c76d9c9.jpg,280,280,[],False,,False,242,,,False,False,,,[],,,7833729,,,False,"{'text': 'Đã bán 38573', 'value': 38573}",,80000,True,"[{'impression_id': 'thanos-qQlYCKqNKbHVBznf-yXp7q2Kn', 'metadata': {'astra_reward': 0, 'category': 8322, 'delivery_zone': 'VN039006001', 'discount_rate': 29, 'flags': {}, 'is_ad': 0, 'is_astra_plus': 0, 'is_official_store': 0, 'is_tikinow': 1, 'is_tikipro': 0, 'is_trusted_store': 0, 'mpid': 7833728, 'params': {'_v': 'filter_revamp', 'category': '8322', 'limit': '40', 'page': '2'}, 'position': 39, 'price': 57000, 'quantity_sold': 38573, 'rating': 4.8, 'request_id': 'qQlYCKqNKbHVBznf', 'spid': 7833729, 'tiki_verified': 1}, 'checksum': ''}]",,1,1/2/8322/316/846/847,0,1,"{'amplitude': {'all_time_quantity_sold': 38573, 'category_l1_name': 'Nhà Sách Tiki', 'category_l2_name': 'Sách tiếng Việt', 'category_l3_name': 'Sách kinh tế', 'deboosted_high_price_diff_position': 0, 'earliest_delivery_estimate': 0, 'is_authentic': 1, 'is_best_offer_available': False, 'is_flash_deal': False, 'is_freeship_xtra': False, 'is_gift_available': False, 'is_hero': True, 'is_high_price_penalty': False, 'is_imported': False, 'is_top_brand': True, 'joined_strategy_rerank': False, 'master_product_sku': '3908993025659', 'number_of_reviews': 3593, 'order_route': 'same_province', 'partner_rewards_amount': 0, 'price': 57000, 'primary_category_name': 'Bài học kinh doanh', 'product_rating': 4.8, 'search_rank': 0, 'seller_id': 1, 'seller_product_id': 7833729, 'seller_product_sku': '6790661817447', 'seller_type': 'OFFICIAL_STORE', 'standard_delivery_estimate': 0, 'tiki_verified': 1, 'tikinow_delivery_estimate': 0.21, 'tikipro_delivery_estimate': 0, 'variant': False}}","[{'code': 'product_image_badge', 'image': 'https://salt.tikicdn.com/ts/upload/12/e2/4a/c5226426ee9429b0050449ae5403c9cf.png', 'placement': 'badge_overlay_product_image', 'type': 'image_badge'}]"
4780917,6036130164453,Sách Người Đua Diều (Tái Bản 2018),sach-nguoi-dua-dieu-tai-ban-2018-p4780917,sach-nguoi-dua-dieu-tai-ban-2018-p4780917.html?spid=4781791,,,,,,99330,0,[],"[{'code': 'authentic_brand', 'icon': 'https://salt.tikicdn.com/ts/tka/69/cf/22/1be823299ae34c7ddcd922e73abd4909.png', 'icon_height': 20, 'icon_width': 89, 'placement': 'under_product_image', 'type': 'icon_badge'}, {'code': 'brand_name', 'placement': 'above_product_name', 'text': 'KHALED HOSSEINI', 'text_color': '#808089', 'type': 'text_above_product_name'}, {'code': 'delivery_info_badge', 'placement': 'delivery_info', 'text': 'Giao chủ nhật, 09/08', 'type': 'delivery_info_badge'}]",29670,23,4.8,2739,0,0,https://salt.tikicdn.com/cache/280x280/ts/product/05/e1/5d/3e64a6f743bc5e0dcad906c58357a158.jpg,280,280,[],False,,False,251,,,False,False,,,[],,,4781791,,,False,"{'text': 'Đã bán 23213', 'value': 23213}",,129000,True,"[{'impression_id': 'thanos-qQlYCKqNKbHVBznf-OnbsVurP', 'metadata': {'astra_reward': 0, 'category': 8322, 'delivery_date': '2026/08/09', 'delivery_info_badge_text': 'Giao chủ nhật, 09/08', 'delivery_zone': 'VN039006001', 'discount_rate': 23, 'flags': {}, 'is_ad': 0, 'is_astra_plus': 0, 'is_official_store': 0, 'is_tikinow': 0, 'is_tikipro': 0, 'is_trusted_store': 0, 'mpid': 4780917, 'params': {'_v': 'filter_revamp', 'category': '8322', 'limit': '40', 'page': '2'}, 'position': 40, 'price': 99330, 'quantity_sold': 23213, 'rating': 4.8, 'request_id': 'qQlYCKqNKbHVBznf', 'spid': 4781791, 'tiki_verified': 1}, 'checksum': ''}]",,1,1/2/8322/316/839/844/67996,0,1,"{'amplitude': {'all_time_quantity_sold': 23213, 'category_l1_name': 'Nhà Sách Tiki', 'category_l2_name': 'Sách tiếng Việt', 'category_l3_name': 'Sách văn học', 'category_l4_name': 'Tiểu Thuyết', 'deboosted_high_price_diff_position': 0, 'earliest_delivery_estimate': 0, 'is_authentic': 1, 'is_best_offer_available': False, 'is_flash_deal': False, 'is_freeship_xtra': False, 'is_gift_available': False, 'is_hero': True, 'is_high_price_penalty': False, 'is_imported': False, 'is_top_brand': True, 'joined_strategy_rerank': False, 'master_product_sku': '3342656016576', 'number_of_reviews': 2739, 'order_route': 'hn_hcm', 'partner_rewards_amount': 0, 'price': 99330, 'primary_category_name': 'Tiểu Thuyết Phương Đông', 'product_rating': 4.8, 'search_rank': 0, 'seller_id': 1, 'seller_product_id': 4781791, 'seller_product_sku': '6036130164453', 'seller_type': 'OFFICIAL_STORE', 'standard_delivery_estimate': 4.067, 'tiki_verified': 1, 'tikinow_delivery_estimate': 0, 'tikipro_delivery_estimate': 0, 'variant': False}}","[{'code': 'product_image_badge', 'image': 'https://salt.tikicdn.com/ts/upload/12/e2/4a/c5226426ee9429b0050449ae5403c9cf.png', 'placement': 'badge_overlay_product_image', 'type': 'image_badge'}]"
