id,name,price,original_price,discount_rate,quantity_sold,rating_average,category,platform,seller,url,da_kiem_tra_gia_ao
KAG_279437167,"Sách Hẹn Gặp Lại, Quốc Vương Của Tôi - Tập 7",125300.0,179000.0,0.3,52,4.6,Sách tiếng Việt,Kaggle,Tiki,https://tiki.vn/sach-hen-gap-lai-quoc-vuong-cua-toi-tap-7-p279437167.html?spid=279437172,False
KAG_279414086,Sách Viết Cũng Là Học - Writing to learn,135200.0,169000.0,0.2,114,5.0,Sách tiếng Việt,Kaggle,Tiki,https://tiki.vn/sach-viet-cung-la-hoc-writing-to-learn-p279414086.html?spid=279414087,False
KAG_279321804,Sách Chờ Ngày Bình Yên,83300.0,119000.0,0.3,67,4.5,Sách tiếng Việt,Kaggle,Tiki,https://tiki.vn/sach-cho-ngay-binh-yen-p279321804.html?spid=279321805,False
KAG_279313607,Bộ Sách Tô Màu 6 Cuốn Họa Sĩ Nhí Vẽ Thế Giới,14000.0,20000.0,0.3,0,0.0,Sách tiếng Việt,Kaggle,Tiki,https://tiki.vn/bo-sach-to-mau-6-cuon-hoa-si-nhi-ve-the-gioi-p279313607.html?spid=279313712,False
KAG_278966679,Sách - Phương Pháp Đặt Câu Hỏi Của Socrates - Khai Mở Tư Duy Phản Biện Và Hiểu Biết Sâu Sắc,93500.0,110000.0,0.15,407,4.6,Sách tiếng Việt,Kaggle,Tiki,https://tiki.vn/sach-phuong-phap-dat-cau-hoi-cua-socrates-khai-mo-tu-duy-phan-bien-va-hieu-biet-sau-sac-p278966679.html?spid=278966681,False
KAG_278949619,Quý tộc nhà nông,61000.0,65000.0,0.06,182,5.0,Sách tiếng Việt,Kaggle,Tiki,https://tiki.vn/quy-toc-nha-nong-01-tang-kem-the-bai-quy-toc-p278949619.html?spid=278949622,False
KAG_278860289,Sách Nguyễn Nhật Ánh - Cô Bé Hàng Xóm Và Bốn Viên Kẹo - Bìa Cứng - Tặng Kèm Random 1 Trong 4 Mẫu Bookmark + Sticker + Sổ Vẽ,174000.0,200000.0,0.13,222,5.0,Sách tiếng Việt,Kaggle,Tiki,https://tiki.vn/sach-co-be-hang-xom-va-bon-vien-keo-bia-cung-tang-kem-random-1-trong-4-mau-bookmark-sticker-so-ve-p278860289.html?spid=278860290,False
KAG_278838097,Sách Tính Bản Ác (M. Scott Peck) - Tuệ Tri,129000.0,185000.0,0.3,521,4.7,Sách tiếng Việt,Kaggle,Tiki,https://tiki.vn/sach-tinh-ban-ac-p278838097.html?spid=278838098,False
KAG_278724728,Sách Giải Mã Tâm Lý Hành Vi Về Tiền,156400.0,239000.0,0.35,874,4.8,Sách tiếng Việt,Kaggle,Tiki,https://tiki.vn/sach-giai-ma-tam-ly-hanh-vi-ve-tien-p278724728.html?spid=278724729,False
KAG_278690049,"Sách Giáo Trình Destination Grammar & Vocabulary B1, B2, C1&C2 (Phân Loại Lẻ)",143000.0,178000.0,0.2,409,4.8,Sách tiếng Việt,Kaggle,Tiki,https://tiki.vn/sach-giao-trinh-destination-grammar-vocabulary-b1-b2-c1-c2-kem-dap-an-phan-loai-le-p278690049.html?spid=278746460,False
KAG_278572376,Combo Perman - Cậu Bé Siêu Nhân,166250.0,175000.0,0.05,186,5.0,Sách tiếng Việt,Kaggle,Tiki,https://tiki.vn/combo-perman-cau-be-sieu-nhan-p278572376.html?spid=278572844,False
KAG_278492587,Sách Kính Vạn Hoa - Bộ 18 Tập [ Phiên Bản Mới,61920.0,86000.0,0.28,179,5.0,Sách tiếng Việt,Kaggle,Tiki,https://tiki.vn/sach-kinh-van-hoa-bo-18-tap-phien-ban-moi-p278492587.html?spid=278492592,False
KAG_277728224,"Sách Nói Chuyện Là Bản Năng, Giữ Miệng Là Tu Dưỡng, Im Lặng Là Trí Tuệ",119100.0,189000.0,0.37,7985,4.8,Sách tiếng Việt,Kaggle,Tiki,https://tiki.vn/sach-noi-chuyen-la-ban-nang-giu-mieng-la-tu-duong-im-lang-la-tri-tue-p277728224.html?spid=212356653,False
KAG_277622005,Sách Boxset Cá Voi Đêm Bão Và Những Câu Chuyện Khác (5 Cuốn),208000.0,260000.0,0.2,168,5.0,Sách tiếng Việt,Kaggle,Tiki,https://tiki.vn/sach-boxset-ca-voi-dem-bao-va-nhung-cau-chuyen-khac-5-cuon-p277622005.html?spid=277622008,False
KAG_277599506,Sách Đôi mắt của Mona,260260.0,338000.0,0.23,520,4.7,Sách tiếng Việt,Kaggle,Tiki,https://tiki.vn/sach-doi-mat-cua-mona-p277599506.html?spid=277599509,False
KAG_276960030,Sách Khi Mọi Điều Không Như Ý,83930.0,109000.0,0.23,3032,5.0,Sách tiếng Việt,Kaggle,Tiki,https://tiki.vn/sach-khi-moi-dieu-khong-nhu-y-p276960030.html?spid=276960033,False
KAG_276944781,Sách Công Cụ Của Những Người Khổng Lồ,310000.0,395000.0,0.22,203,5.0,Sách tiếng Việt,Kaggle,Tiki,https://tiki.vn/sach-cong-cu-cua-nhung-nguoi-khong-lo-p276944781.html?spid=277347896,False
KAG_276471716,Sách Cách Sống,67300.0,99000.0,0.32,886,4.8,Sách tiếng Việt,Kaggle,Tiki,https://tiki.vn/sach-cach-song-p276471716.html?spid=276471719,False
KAG_276285600,Phù thủy và dã thú,49000.0,55000.0,0.11,109,5.0,Sách tiếng Việt,Kaggle,Tiki,https://tiki.vn/phu-thuy-va-da-thu-p276285600.html?spid=276885653,False
KAG_273349964,Cecilia & Lawrence ( Chọn Tập Lẻ),38000.0,40000.0,0.05,84,5.0,Sách tiếng Việt,Kaggle,Tiki,https://tiki.vn/combo-cecilia-lawrence-p273349964.html?spid=278690548,False
KAG_273219497,Series các tập Moriarty the patriot,40000.0,45000.0,0.11,763,5.0,Sách tiếng Việt,Kaggle,Tiki,https://tiki.vn/series-cac-tap-moriarty-the-patriot-p273219497.html?spid=274971985,False
KAG_272367381,Sách Trốn Lên Mái Nhà Để Khóc,57000.0,95000.0,0.4,2875,5.0,Sách tiếng Việt,Kaggle,Tiki,https://tiki.vn/sach-tron-len-mai-nha-de-khoc-p272367381.html?spid=272367383,False
KAG_271916321,"	 Sách Mùa hè không tên (Nguyễn Nhật Ánh) - Tặng kèm Bookmark, Tranh màu",103500.0,130000.0,0.2,5569,5.0,Sách tiếng Việt,Kaggle,Tiki,https://tiki.vn/sach-mua-he-khong-ten-nguyen-nhat-anh-tang-kem-bookmark-tranh-mau-cho-ca-2-phien-ban-tang-them-ngau-nhien-1-trong-2-lot-ly-cho-ban-bia-cung-p271916321.html?spid=271916323,False
KAG_251255482,Doraemon - Chú Mèo Máy Đến Từ Tương Lai Tập 26 (Tái Bản),23750.0,25000.0,0.05,31,5.0,Sách tiếng Việt,Kaggle,Tiki,https://tiki.vn/doraemon-chu-meo-may-den-tu-tuong-lai-tap-26-tai-ban-2023-p251255482.html?spid=251255484,False
KAG_220665663,Sách 30 Tuổi - Mọi Thứ Chỉ Mới Bắt Đầu,103950.0,135000.0,0.23,2765,4.8,Sách tiếng Việt,Kaggle,Tiki,https://tiki.vn/sach-30-tuoi-moi-thu-chi-moi-bat-dau-p220665663.html?spid=220665664,False
KAG_205942263,Sách Tận Hưởng Hành Trình Nuôi Con Sữa Mẹ,116250.0,155000.0,0.25,2618,4.8,Sách tiếng Việt,Kaggle,Tiki,https://tiki.vn/sach-tan-huong-hanh-trinh-nuoi-con-sua-me-p205942263.html?spid=205942266,False
KAG_202450677,Chú Thuật Hồi Chiến Tập 8,28000.0,30000.0,0.07,2629,5.0,Sách tiếng Việt,Kaggle,Tiki,https://tiki.vn/chu-thuat-hoi-chien-tap-8-p202450677.html?spid=202450681,False
KAG_186290796,Sách Còn chút gì để nhớ (Tái Bản 2022),38950.0,43000.0,0.09,1211,5.0,Sách tiếng Việt,Kaggle,Tiki,https://tiki.vn/sach-con-chut-gi-de-nho-tai-ban-2022-p186290796.html?spid=186290799,False
KAG_186286190,Sách Mắt Biếc (Tái Bản 2022),40850.0,43000.0,0.05,690,5.0,Sách tiếng Việt,Kaggle,Tiki,https://tiki.vn/sach-mat-biec-tai-ban-2022-p186286190.html?spid=186286191,False
KAG_170708233,Sách Thay Đổi Tí Hon - Hiệu Quả Bất Ngờ Atomic Habits (Tái Bản Lần 4),129000.0,189000.0,0.32,12362,4.8,Sách tiếng Việt,Kaggle,Tiki,https://tiki.vn/sach-thay-doi-ti-hon-hieu-qua-bat-ngo-atomic-habits-tai-ban-lan-4-p170708233.html?spid=170708234,False
KAG_168662171,Sách Vừa Nhắm Mắt Vừa Mở Cửa Số,63000.0,75000.0,0.16,2980,5.0,Sách tiếng Việt,Kaggle,Tiki,https://tiki.vn/sach-vua-nham-mat-vua-mo-cua-so-p168662171.html?spid=168662172,False
KAG_95289208,Sách Người Bà Tài Giỏi Vùng Saga,96000.0,128000.0,0.25,5601,5.0,Sách tiếng Việt,Kaggle,Tiki,https://tiki.vn/sach-nguoi-ba-tai-gioi-vung-saga-p95289208.html?spid=95289212,False
KAG_82996522,Sách Tư Bản Thế Kỷ 21,231000.0,300000.0,0.23,1415,4.8,Sách tiếng Việt,Kaggle,Tiki,https://tiki.vn/sach-tu-ban-the-ky-21-p82996522.html?spid=82996523,False
KAG_50322710,Sách 48 Nguyên Tắc Chủ Chốt Của Quyền Lực (Tái Bản 2020),167000.0,200000.0,0.17,9469,5.0,Sách tiếng Việt,Kaggle,Tiki,https://tiki.vn/sach-48-nguyen-tac-chu-chot-cua-quyen-luc-tai-ban-2020-p50322710.html?spid=51830751,False
KAG_50263061,Combo Thám Tử Lừng Danh Conan Tập 21 - 30 (Bộ 10 cuốn),237500.0,250000.0,0.05,826,5.0,Sách tiếng Việt,Kaggle,Tiki,https://tiki.vn/combo-tham-tu-lung-danh-conan-tap-21-30-bo-10-cuon-p50263061.html?spid=58806027,False
KAG_7369223,Sách Cho Tôi Xin Một Vé Đi Tuổi Thơ,68400.0,90000.0,0.24,21463,4.8,Sách tiếng Việt,Kaggle,Tiki,https://tiki.vn/sach-cho-toi-xin-mot-ve-di-tuoi-tho-bia-mem-tai-ban-p7369223.html?spid=7369225,False
KAG_3304875,Sách Điều Kỳ Diệu Của Tiệm Tạp Hóa NAMIYA (Tái Bản),107030.0,139000.0,0.23,35127,5.0,Sách tiếng Việt,Kaggle,Tiki,https://tiki.vn/sach-dieu-ky-dieu-cua-tiem-tap-hoa-namiya-tai-ban-p3304875.html?spid=3304877,False
KAG_1215677,Sách Từ Những Hạt Mầm: Hột Điều Của Sóc,11500.0,15000.0,0.23,913,5.0,Sách tiếng Việt,Kaggle,Tiki,https://tiki.vn/sach-tu-nhung-hat-mam-hot-dieu-cua-soc-p1215677.html?spid=1215947,False
KAG_997535,Sách Gọi Em Bằng Tên Anh - Call Me By Your Name,92000.0,115000.0,0.2,9260,4.8,Sách tiếng Việt,Kaggle,Tiki,https://tiki.vn/sach-goi-em-bang-ten-anh-call-me-by-your-name-p997535.html?spid=1002143,False
KAG_633125,Sách Lĩnh Nam Chích Quái,266000.0,350000.0,0.24,5831,4.8,Sách tiếng Việt,Kaggle,Tiki,https://tiki.vn/sach-linh-nam-chich-quai-p633125.html?spid=633134,False
KAG_279358057,Sách Làm Dâu Nhà Giáo,137400.0,229000.0,0.4,33,5.0,Sách tiếng Việt,Kaggle,Tiki,https://tiki.vn/sach-lam-dau-nha-giao-p279358057.html?spid=279359159,False
KAG_279334959,Sách Tiếng Lòng Khó Giấu (Tập 2),118300.0,169000.0,0.3,123,4.8,Sách tiếng Việt,Kaggle,Tiki,https://tiki.vn/sach-tieng-long-kho-giau-tap-2-p279334959.html?spid=279334936,False
KAG_279292547,Sách Dan Da Dan - Tập 7 + Special Cover,42750.0,45000.0,0.05,206,5.0,Sách tiếng Việt,Kaggle,Tiki,https://tiki.vn/sach-dan-da-dan-p279292547.html?spid=279557394,False
KAG_279236017,Hồn Oda Da Shiba,48900.0,55000.0,0.11,44,5.0,Sách tiếng Việt,Kaggle,Tiki,https://tiki.vn/hon-oda-da-shiba-p279236017.html?spid=279307513,False
KAG_278963850,Kính Vạn Hoa Bộ Kỉ Niệm 30 Năm - Tặng Kèm 01 Sổ Tay Kính Vạn Hoa,172800.0,240000.0,0.28,124,5.0,Sách tiếng Việt,Kaggle,Tiki,https://tiki.vn/kinh-van-hoa-bo-ki-niem-30-nam-tang-kem-p278963850.html?spid=278963990,False
KAG_278901566,Sách Đời Gió Bụi,180000.0,240000.0,0.25,330,4.6,Sách tiếng Việt,Kaggle,Tiki,https://tiki.vn/sach-doi-gio-bui-p278901566.html?spid=278901596,False
KAG_278892527,Sách Tokyo Aliens - [Chọn Tập Lẻ,38000.0,38000.0,0.0,183,4.5,Sách tiếng Việt,Kaggle,Tiki,https://tiki.vn/sach-tokyo-aliens-chon-tap-le-p278892527.html?spid=279235141,False
KAG_278856940,Agatha Christie. Bí Mật Dinh Thự Chimneys,126000.0,160000.0,0.21,190,5.0,Sách tiếng Việt,Kaggle,Tiki,https://tiki.vn/agatha-christie-bi-mat-dinh-thu-chimneys-p278856940.html?spid=278856944,False
KAG_278800709,Điểm Kỳ Dị Đã Cận Kề - Khi Con Người Hợp Nhất Với AI,169400.0,245000.0,0.31,210,4.0,Sách tiếng Việt,Kaggle,Tiki,https://tiki.vn/diem-ky-di-da-can-ke-khi-con-nguoi-hop-nhat-voi-ai-p278800709.html?spid=278814823,False
KAG_278500643,Sách Động Từ Bất Quy Tắc & Ngữ Pháp Tiếng Anh Căn Bản,13860.0,18000.0,0.23,36,5.0,Sách tiếng Việt,Kaggle,Tiki,https://tiki.vn/sach-dong-tu-bat-quy-tac-ngu-phap-tieng-anh-can-ban-p278500643.html?spid=278500647,False
KAG_278489414,Sách Tư Duy Hệ Thống,103400.0,159000.0,0.35,645,5.0,Sách tiếng Việt,Kaggle,Tiki,https://tiki.vn/sach-tu-duy-he-thong-p278489414.html?spid=278489416,False
KAG_278275295,Sách Chiến Binh Cầu Vồng (Tái Bản),103950.0,135000.0,0.23,801,4.6,Sách tiếng Việt,Kaggle,Tiki,https://tiki.vn/sach-chien-binh-cau-vong-tai-ban-p278275295.html?spid=278275298,False
KAG_278159678,Truyện tranh tâm lý học đường - Bí quyết học tập bứt phá (Sách bản quyền),36300.0,58000.0,0.37,38,0.0,Sách tiếng Việt,Kaggle,Tiki,https://tiki.vn/truyen-tranh-tam-ly-hoc-duong-sach-ban-quyen-p278159678.html?spid=278159680,False
KAG_277827033,Sách Lần Đầu Làm Mẹ - Tổng Hợp Những Kiến Thức Mới Nhất Về Mang Thai Và Sinh Nở,194400.0,299000.0,0.35,271,4.8,Sách tiếng Việt,Kaggle,Tiki,https://tiki.vn/sach-lan-dau-lam-me-tong-hop-nhung-kien-thuc-moi-nhat-ve-mang-thai-va-sinh-no-p277827033.html?spid=277827036,False
KAG_277384364,Hồ Sơ Mật The Top Secret Season 0,49900.0,55000.0,0.09,398,5.0,Sách tiếng Việt,Kaggle,Tiki,https://tiki.vn/ho-so-mat-the-top-secret-season-0-p277384364.html?spid=277690619,False
KAG_276933759,Combo Giáo Trình Chuẩn HSK 5 Tập 1 - Sách Bài Học và Bài tập (Bộ 2 cuốn),387000.0,466000.0,0.17,877,5.0,Sách tiếng Việt,Kaggle,Tiki,https://tiki.vn/combo-giao-trinh-chuan-hsk-5-tap-1-sach-bai-hoc-va-bai-tap-bo-2-cuon-p276933759.html?spid=276949262,False
KAG_276305454,Sách Trường Tương Tư,143600.0,229000.0,0.37,122,5.0,Sách tiếng Việt,Kaggle,Tiki,https://tiki.vn/sach-truong-tuong-tu-p276305454.html?spid=276305547,False
KAG_275396866,Sách Tố Thư,303050.0,400000.0,0.24,359,5.0,Sách tiếng Việt,Kaggle,Tiki,https://tiki.vn/sach-to-thu-p275396866.html?spid=275396867,False
KAG_275212810,Sách MBA CƠ BẢN - Khóa Học Quản Trị Kinh Doanh Cấp Tốc Cho Người Bận Rộn - Tom Gorman (bìa mềm),205700.0,269000.0,0.24,322,5.0,Sách tiếng Việt,Kaggle,Tiki,https://tiki.vn/sach-mba-co-ban-khoa-hoc-quan-tri-kinh-doanh-cap-toc-cho-nguoi-ban-ron-tom-gorman-bia-mem-p275212810.html?spid=275860915,False
KAG_275034810,Sách Thánh Kinh Marketing,187600.0,268000.0,0.3,90,5.0,Sách tiếng Việt,Kaggle,Tiki,https://tiki.vn/sach-thanh-kinh-marketing-p275034810.html?spid=275034812,False
KAG_273200683,Series các tập Chu Du Ẩm Thực Tại Dị Giới Với Kĩ Năng Không Tưởng,38000.0,40000.0,0.05,229,5.0,Sách tiếng Việt,Kaggle,Tiki,https://tiki.vn/chu-du-am-thuc-tai-di-gioi-voi-ki-nang-khong-tuong-p273200683.html?spid=274150466,False
KAG_272854044,Sách Tiếng Anh Giao Tiếp Bệnh Viện dành cho người mới bắt đầu - Tác giả BS. Đỗ Trung Kiên,169000.0,199000.0,0.15,1737,5.0,Sách tiếng Việt,Kaggle,Tiki,https://tiki.vn/sach-tieng-anh-giao-tiep-benh-vien-danh-cho-nguoi-moi-bat-dau-tac-gia-bs-do-trung-kien-p272854044.html?spid=272854045,False
KAG_272447903,Sách Đừng nhặt bạn trai trong thùng rác,108100.0,169000.0,0.36,312,5.0,Sách tiếng Việt,Kaggle,Tiki,https://tiki.vn/sach-dung-nhat-ban-trai-trong-thung-rac-p272447903.html?spid=274323810,False
KAG_263070154,Sách Giải mã Hoóc-môn Dopamine,152460.0,198000.0,0.23,5450,4.8,Sách tiếng Việt,Kaggle,Tiki,https://tiki.vn/sach-giai-ma-hooc-mon-dopamine-p263070154.html?spid=263070155,False
KAG_262304692,Doraemon - Chú Mèo Máy Đến Từ Tương Lai Tập 37,21120.0,22000.0,0.04,55,5.0,Sách tiếng Việt,Kaggle,Tiki,https://tiki.vn/doraemon-chu-meo-may-den-tu-tuong-lai-tap-37-p262304692.html?spid=262304695,False
KAG_242085691,Doraemon Tập 6: Nobita Và Cuộc Chiến Vũ Trụ [Tái Bản 2023],20900.0,22000.0,0.05,27,0.0,Sách tiếng Việt,Kaggle,Tiki,https://tiki.vn/doraemon-tap-6-nobita-va-cuoc-chien-vu-tru-tai-ban-2023-p242085691.html?spid=242085692,False
KAG_195291930,Sách Bốn Thỏa Ước,100100.0,130000.0,0.23,4962,5.0,Sách tiếng Việt,Kaggle,Tiki,https://tiki.vn/sach-bon-thoa-uoc-p195291930.html?spid=195291931,False
KAG_190861557,Sách Yêu Những Ngày Nắng Chẳng Ghét Những Ngày Mưa,52800.0,132000.0,0.6,6063,5.0,Sách tiếng Việt,Kaggle,Tiki,https://tiki.vn/sach-yeu-nhung-ngay-nang-chang-ghet-nhung-ngay-mua-p190861557.html?spid=190861559,False
KAG_139303869,Sách Nghệ Thuật Tinh Tế Của Việc Đếch Quan Tâm (Tái Bản),89000.0,128000.0,0.3,6221,5.0,Sách tiếng Việt,Kaggle,Tiki,https://tiki.vn/sach-nghe-thuat-tinh-te-cua-viec-dech-quan-tam-tai-ban-p139303869.html?spid=139303870,False
KAG_87391039,Sách Thuật Yêu Đương (Tái Bản),98000.0,120000.0,0.18,1999,5.0,Sách tiếng Việt,Kaggle,Tiki,https://tiki.vn/sach-thuat-yeu-duong-tai-ban-p87391039.html?spid=87391040,False
KAG_74021317,Sách Cây Cam Ngọt Của Tôi,93750.0,125000.0,0.25,77214,5.0,Sách tiếng Việt,Kaggle,Tiki,https://tiki.vn/sach-cay-cam-ngot-cua-toi-p74021317.html?spid=74021318,False
KAG_57325187,Sách Người Giàu Có Nhất Thành Babylon (Tái Bản 2020),75460.0,98000.0,0.23,18227,5.0,Sách tiếng Việt,Kaggle,Tiki,https://tiki.vn/sach-nguoi-giau-co-nhat-thanh-babylon-tai-ban-2020-p57325187.html?spid=57325188,False
KAG_48629535,Sách Ngày Xưa Có Một Chuyện Tình (Tái Bản),106875.0,135000.0,0.21,5870,5.0,Sách tiếng Việt,Kaggle,Tiki,https://tiki.vn/sach-ngay-xua-co-mot-chuyen-tinh-tai-ban-p48629535.html?spid=48629536,False
KAG_14643411,Sách Điều Kỳ Diệu (Tái Bản),148000.0,180000.0,0.18,3965,4.8,Sách tiếng Việt,Kaggle,Tiki,https://tiki.vn/sach-dieu-ky-dieu-tai-ban-p14643411.html?spid=14643412,False
KAG_10866305,Sách Tư Duy Pháp Lý Của Luật Sư (Tái Bản),205000.0,260000.0,0.21,2431,5.0,Sách tiếng Việt,Kaggle,Tiki,https://tiki.vn/sach-tu-duy-phap-ly-cua-luat-su-tai-ban-p10866305.html?spid=10866306,False
KAG_10866303,Sách Agatha Christie - Vụ Ám Sát Ông Roger Ackroyd (Tái Bản),124000.0,150000.0,0.17,2555,4.8,Sách tiếng Việt,Kaggle,Tiki,https://tiki.vn/sach-agatha-christie-vu-am-sat-ong-roger-ackroyd-tai-ban-p10866303.html?spid=10866304,False
KAG_10738198,Combo Danh Nhân Thế Giới (10 cuốn) - Tái Bản,225000.0,300000.0,0.25,6954,4.8,Sách tiếng Việt,Kaggle,Tiki,https://tiki.vn/combo-danh-nhan-the-gioi-10-cuon-tai-ban-p10738198.html?spid=10738199,False
KAG_8886007,Sách Ngàn Mặt Trời Rực Rỡ (Tái Bản),123200.0,160000.0,0.23,10959,4.8,Sách tiếng Việt,Kaggle,Tiki,https://tiki.vn/sach-ngan-mat-troi-ruc-ro-tai-ban-p8886007.html?spid=8886008,False
KAG_7982628,Sách Suối Nguồn (Tái Bản),303000.0,380000.0,0.2,13516,4.8,Sách tiếng Việt,Kaggle,Tiki,https://tiki.vn/sach-suoi-nguon-tai-ban-p7982628.html?spid=7982629,False
KAG_3954355,Sách Yêu Những Điều Không Hoàn Hảo,130130.0,169000.0,0.23,43450,5.0,Sách tiếng Việt,Kaggle,Tiki,https://tiki.vn/sach-yeu-nhung-dieu-khong-hoan-hao-p3954355.html?spid=3955615,False
KAG_279651026,Bộ Truyện BlueLock,864500.0,910000.0,0.05,8,5.0,Sách tiếng Việt,Kaggle,Tiki,https://tiki.vn/bo-truyen-bluelock-p279651026.html?spid=278095444,True
KAG_279402825,Sách Mùa Nắng Ươm Mùi Bánh Thơm,77400.0,129000.0,0.4,8,5.0,Sách tiếng Việt,Kaggle,Tiki,https://tiki.vn/sach-mua-nang-uom-mui-banh-thom-p279402825.html?spid=279402826,False
KAG_279398053,"Sách Khi Tóc Mai Đã Bạc, Người Có Còn Bên Ta",132300.0,189000.0,0.3,13,4.0,Sách tiếng Việt,Kaggle,Tiki,https://tiki.vn/sach-khi-toc-mai-da-bac-nguoi-co-con-ben-ta-p279398053.html?spid=279398068,False
KAG_279106083,Sách Thám tử ẩm thực Kamogawa,83000.0,110000.0,0.25,194,5.0,Sách tiếng Việt,Kaggle,Tiki,https://tiki.vn/sach-tham-tu-am-thuc-kamogawa-p279106083.html?spid=279106227,False
KAG_278842696,Dị Văn Lục,136700.0,209000.0,0.35,69,5.0,Sách tiếng Việt,Kaggle,Tiki,https://tiki.vn/di-van-luc-p278842696.html?spid=278842697,False
KAG_278817070,Sách Đâu Đó Ngoài Khơi Xa - Phần Tiếp Theo Của Ngôi Nhà Bên Bờ Biển Xanh Thẳm,160300.0,229000.0,0.3,182,5.0,Sách tiếng Việt,Kaggle,Tiki,https://tiki.vn/sach-dau-do-ngoai-khoi-xa-phan-tiep-theo-cua-ngoi-nha-ben-bo-bien-xanh-tham-p278817070.html?spid=278817072,False
KAG_278691939,Sách Khi Đàn Sếu Bay Về Phương Nam,130130.0,169000.0,0.23,353,4.8,Sách tiếng Việt,Kaggle,Tiki,https://tiki.vn/sach-khi-dan-seu-bay-ve-phuong-nam-p278691939.html?spid=278691940,False
KAG_278445062,Sách Thuyết Mặc Kệ Họ,131600.0,188000.0,0.3,491,5.0,Sách tiếng Việt,Kaggle,Tiki,https://tiki.vn/sach-thuyet-mac-ke-ho-p278445062.html?spid=278445063,False
KAG_278280386,Sách Chuyển Động Thông Minh Đa Ngữ Việt - Anh - Pháp (Giúp Trẻ Nhận Biết Thế Giới Xung Quanh Thật Trực Quan Và Sinh Động),87000.0,119000.0,0.27,35,5.0,Sách tiếng Việt,Kaggle,Tiki,https://tiki.vn/sach-chuyen-dong-thong-minh-da-ngu-viet-anh-phap-giup-tre-nhan-biet-the-gioi-xung-quanh-that-truc-quan-va-sinh-dong-p278280386.html?spid=278292237,False
KAG_278275160,Sách Agatha Christie. Tấm gương nứt vỡ: Một vụ án của Jane Marple,99000.0,125000.0,0.21,250,5.0,Sách tiếng Việt,Kaggle,Tiki,https://tiki.vn/sach-agatha-christie-tam-guong-nut-vo-mot-vu-an-cua-jane-marple-p278275160.html?spid=278275162,False
KAG_278229522,Boxset Nguyên Tội Của Takopi (2 Tập),95000.0,100000.0,0.05,107,4.7,Sách tiếng Việt,Kaggle,Tiki,https://tiki.vn/boxset-nguyen-toi-cua-takopi-2-tap-tang-kem-standee-giay-boi-p278229522.html?spid=278229523,False
KAG_278110636,Sách Kẻ Trộm Cà Chua,73400.0,96000.0,0.24,574,4.7,Sách tiếng Việt,Kaggle,Tiki,https://tiki.vn/sach-ke-trom-ca-chua-p278110636.html?spid=278110639,False
KAG_277812999,Sách Hồ Sơ Máu- Vén Màn 13 Vụ Án Rúng Động Mọi Thời Đại,97300.0,139000.0,0.3,133,4.5,Sách tiếng Việt,Kaggle,Tiki,https://tiki.vn/sach-ho-so-mau-ven-man-13-vu-an-rung-dong-moi-thoi-dai-p277812999.html?spid=277813000,False
KAG_277499422,Sách 5 Bài Học Của Ben Hogan: Những Nguyên Tắc Cơ Bản Hiện Đại Của Golf,257800.0,399000.0,0.35,73,5.0,Sách tiếng Việt,Kaggle,Tiki,https://tiki.vn/sach-5-bai-hoc-cua-ben-hogan-nhung-nguyen-tac-co-ban-hien-dai-cua-golf-p277499422.html?spid=278094039,False
KAG_276860230,Doraemon Plus Tập 7 (Bản Bìa Gập),21600.0,22000.0,0.02,54,4.2,Sách tiếng Việt,Kaggle,Tiki,https://tiki.vn/doraemon-plus-tap-7-ban-bia-gap-p276860230.html?spid=276860232,False
KAG_276833162,Sách Chuyện Con Mèo Dạy Hải Âu Bay,50400.0,70000.0,0.28,1048,5.0,Sách tiếng Việt,Kaggle,Tiki,https://tiki.vn/sach-chuyen-con-meo-day-hai-au-bay-p276833162.html?spid=276833165,False
KAG_276823777,Sách Tại sao các quốc gia thất bại,248000.0,310000.0,0.2,1018,5.0,Sách tiếng Việt,Kaggle,Tiki,https://tiki.vn/sach-tai-sao-cac-quoc-gia-that-bai-p276823777.html?spid=276823778,False
KAG_276159943,Sách NEXUS - Lược Sử Của Những Mạng Lưới Thông Tin Từ Thời Đại Đồ Đá Đến Trí Tuệ Nhân Tạo,215600.0,325000.0,0.34,2790,5.0,Sách tiếng Việt,Kaggle,Tiki,https://tiki.vn/sach-nexus-luoc-su-cua-nhung-mang-luoi-thong-tin-tu-thoi-dai-do-da-den-tri-tue-nhan-tao-p276159943.html?spid=276160116,False
KAG_274928291,Historie,40850.0,48000.0,0.15,492,5.0,Sách tiếng Việt,Kaggle,Tiki,https://tiki.vn/historie-p274928291.html?spid=276285287,False
KAG_274844704,Sách Trong Đầu Có Giấu Con Voi,150000.0,215000.0,0.3,923,4.8,Sách tiếng Việt,Kaggle,Tiki,https://tiki.vn/sach-trong-dau-co-giau-con-voi-p274844704.html?spid=274844705,False
KAG_271535830,Shin - Cậu Bé Bút Chì - Tập 45,23750.0,25000.0,0.05,46,5.0,Sách tiếng Việt,Kaggle,Tiki,https://tiki.vn/shin-cau-be-but-chi-tap-45-p271535830.html?spid=271535833,False
KAG_270234757,Sách Xứ Sở Miên Man,132000.0,220000.0,0.4,2409,5.0,Sách tiếng Việt,Kaggle,Tiki,https://tiki.vn/sach-xu-so-mien-man-p270234757.html?spid=270234760,False
KAG_267208813,Sách Tuổi Thơ Dữ Dội - Tập 2,52800.0,80000.0,0.34,1432,5.0,Sách tiếng Việt,Kaggle,Tiki,https://tiki.vn/sach-tuoi-tho-du-doi-tap-2-p267208813.html?spid=267208816,False
KAG_262590428,Sách Búp Sen Xanh,52800.0,72000.0,0.27,4272,5.0,Sách tiếng Việt,Kaggle,Tiki,https://tiki.vn/sach-bup-sen-xanh-p262590428.html?spid=262590431,False
KAG_249875150,Sách Hai số phận (bìa mềm),179000.0,255000.0,0.3,2201,5.0,Sách tiếng Việt,Kaggle,Tiki,https://tiki.vn/sach-hai-so-phan-bia-mem-p249875150.html?spid=249875152,False
KAG_205581885,Sách Ba người thầy vĩ đại (Tái bản),83000.0,115000.0,0.28,4565,5.0,Sách tiếng Việt,Kaggle,Tiki,https://tiki.vn/sach-ba-nguoi-thay-vi-dai-tai-ban-p205581885.html?spid=205581886,False
KAG_192475873,Sách Để Con Được Ốm,108750.0,145000.0,0.25,4486,5.0,Sách tiếng Việt,Kaggle,Tiki,https://tiki.vn/sach-de-con-duoc-om-p192475873.html?spid=192475880,False
KAG_189940673,Sách Học Cách Học (Tái bản),106300.0,159000.0,0.33,1061,4.8,Sách tiếng Việt,Kaggle,Tiki,https://tiki.vn/sach-hoc-cach-hoc-tai-ban-p189940673.html?spid=189940674,False
KAG_185097189,Combo Nhà Có 5 Nàng Dâu ( 14 Tập) [Tái Bản 2025],394250.0,415000.0,0.05,3,0.0,Sách tiếng Việt,Kaggle,Tiki,https://tiki.vn/nha-co-5-nang-dau-combo-12-tap-tap-1-den-tap-12-p185097189.html?spid=185097190,False
KAG_179063564,Sách Tôi Tự Học,83500.0,120000.0,0.3,3974,5.0,Sách tiếng Việt,Kaggle,Tiki,https://tiki.vn/sach-toi-tu-hoc-p179063564.html?spid=179063565,False
KAG_177637709,Sách Làm Chủ Bình Minh - Sống Đời Xuất Chúng - CLB 5 Giờ Sáng (Robin Sharma),151000.0,185000.0,0.18,6726,5.0,Sách tiếng Việt,Kaggle,Tiki,https://tiki.vn/sach-lam-chu-binh-minh-song-doi-xuat-chung-clb-5-gio-sang-robin-sharma-p177637709.html?spid=58444775,False
KAG_177487151,Sách Nếu Biết Trăm Năm Là Hữu Hạn,119250.0,159000.0,0.25,2139,5.0,Sách tiếng Việt,Kaggle,Tiki,https://tiki.vn/sach-neu-biet-tram-nam-la-huu-han-p177487151.html?spid=177487152,False
KAG_158641027,Sách Kẻ Nhắc Tuồng (Tái Bản),153100.0,199000.0,0.23,1009,5.0,Sách tiếng Việt,Kaggle,Tiki,https://tiki.vn/sach-ke-nhac-tuong-tai-ban-p158641027.html?spid=158641030,False
KAG_127649070,Sách Thay Đổi Câu Hỏi Thay Đổi Cuộc Đời,61400.0,85000.0,0.28,1380,5.0,Sách tiếng Việt,Kaggle,Tiki,https://tiki.vn/sach-thay-doi-cau-hoi-thay-doi-cuoc-doi-p127649070.html?spid=127649073,False
KAG_117238177,Sách Thư Viện Nửa Đêm,126000.0,175000.0,0.28,11473,5.0,Sách tiếng Việt,Kaggle,Tiki,https://tiki.vn/sach-thu-vien-nua-dem-p117238177.html?spid=117238178,False
KAG_114937969,Sách Rừng Nauy (Tái Bản),138600.0,218000.0,0.36,7196,5.0,Sách tiếng Việt,Kaggle,Tiki,https://tiki.vn/sach-rung-nauy-tai-ban-p114937969.html?spid=114937971,False
KAG_106362865,Sách - Lão tử đạo đức kinh,67600.0,99000.0,0.32,1112,4.8,Sách tiếng Việt,Kaggle,Tiki,https://tiki.vn/sach-lao-tu-dao-duc-kinh-p106362865.html?spid=127524527,False
KAG_32490132,Sách Một Đời Như Kẻ Tìm Đường,141000.0,175000.0,0.19,9439,4.8,Sách tiếng Việt,Kaggle,Tiki,https://tiki.vn/sach-mot-doi-nhu-ke-tim-duong-p32490132.html?spid=32490133,False
KAG_13443886,Sách Giáo Trình Chuẩn HSK 3 Bài Học (Kèm file MP3) - Tái Bản,239000.0,288000.0,0.17,2220,4.8,Sách tiếng Việt,Kaggle,Tiki,https://tiki.vn/sach-giao-trinh-chuan-hsk-3-bai-hoc-kem-file-mp3-tai-ban-p13443886.html?spid=13443887,False
KAG_12377498,Sách Bố Con Cá Gai (Tái Bản),103500.0,138000.0,0.25,9740,5.0,Sách tiếng Việt,Kaggle,Tiki,https://tiki.vn/sach-bo-con-ca-gai-tai-ban-p12377498.html?spid=12377499,False
KAG_279325148,Bút bi Claro ARROW 0.5mm Mực Xanh (Giao Màu Ngẫu Nhiên),3750.0,5000.0,0.25,499,0.0,Sách tiếng Việt,Kaggle,Tiki,https://tiki.vn/but-bi-claro-arrow-0-5mm-muc-xanh-p279325148.html?spid=279325149,False
KAG_279218500,Ship of Theseus - NXB Trẻ,46000.0,50000.0,0.08,326,5.0,Sách tiếng Việt,Kaggle,Tiki,https://tiki.vn/ship-of-theseus-01-nxb-tre-p279218500.html?spid=279533768,False
KAG_279157961,Sách Hikaru - Kì Thủ Cờ Vây - Ultimate Edition ( Chọn Tập),72200.0,72200.0,0.0,400,5.0,Sách tiếng Việt,Kaggle,Tiki,https://tiki.vn/hikaru-ki-thu-co-vay-ultimate-edition-tap-1-p279157961.html?spid=279277884,False
KAG_279112904,Thám Tử Lừng Danh Conan - Tập 107,23750.0,25000.0,0.05,274,5.0,Sách tiếng Việt,Kaggle,Tiki,https://tiki.vn/tham-tu-lung-danh-conan-tap-107-p279112904.html?spid=279112916,False
KAG_278997061,Sách Tô Màu Phát Triển Trí Não Bộ Cho Bé 1-5 Tuổi - [Từ Tập 11 - Tập 20] - Chọn Tập Lẻ,10971.0,16000.0,0.31,199,5.0,Sách tiếng Việt,Kaggle,Tiki,https://tiki.vn/sach-to-mau-phat-trien-tri-nao-bo-cho-be-1-5-tuoi-tu-tap-11-tap-20-chon-tap-le-p278997061.html?spid=278997091,False
KAG_278968251,Hàng Xóm Của Tôi TOTORO (Truyện tranh màu) - [Chọn Tập Lẻ,71250.0,75000.0,0.05,171,5.0,Sách tiếng Việt,Kaggle,Tiki,https://tiki.vn/hang-xom-cua-toi-totoro-truyen-tranh-mau-chon-tap-le-p278968251.html?spid=279180521,False
KAG_278967562,Monster - Deluxe Edition –  [Chọn Tập Lẻ,115900.0,115900.0,0.0,515,5.0,Sách tiếng Việt,Kaggle,Tiki,https://tiki.vn/monster-deluxe-edition-chon-tap-le-p278967562.html?spid=278706877,False
KAG_278879928,Sách Nếu Như Không Thể Nói Nếu Như & Có Ai Giữ Giùm Những Lãng Quên & Thức Dậy Anh Vẫn Là Mơ - Tái Bản 2025,75000.0,125000.0,0.4,317,5.0,Sách tiếng Việt,Kaggle,Tiki,https://tiki.vn/sach-neu-nhu-khong-the-noi-neu-nhu-co-ai-giu-gium-nhung-lang-quen-thuc-day-anh-van-la-mo-tai-ban-2025-p278879928.html?spid=278879979,False
KAG_278856619,Sách Cô Bé Hàng Xóm Và Bốn Viên Kẹo (Nguyễn Nhật Ánh) - 2 phiên bản & quà tặng kèm,86000.0,115000.0,0.25,889,5.0,Sách tiếng Việt,Kaggle,Tiki,https://tiki.vn/sach-co-be-hang-xom-va-bon-vien-keo-p278856619.html?spid=278856627,False
KAG_278790552,Bộ Truyện One Piece [Chọn Tập Lẻ,22800.0,25000.0,0.09,346,5.0,Sách tiếng Việt,Kaggle,Tiki,https://tiki.vn/bo-truyen-one-piece-chon-tap-le-p278790552.html?spid=278790687,False
KAG_278785576,Sách Dragon Ball - 7 Viên Ngọc Rồng [Chọn Tập Lẻ,28500.0,30000.0,0.05,294,4.8,Sách tiếng Việt,Kaggle,Tiki,https://tiki.vn/sach-dragon-ball-7-vien-ngoc-rong-chon-tap-le-p278785576.html?spid=278785631,False
KAG_278777861,Bộ Sách Quiz! Khoa Học Kì Thú [Chọn Tập Lẻ,55200.0,75000.0,0.26,1033,5.0,Sách tiếng Việt,Kaggle,Tiki,https://tiki.vn/bo-sach-quiz-khoa-hoc-ki-thu-p278777861.html?spid=278826424,False
KAG_278777851,Sách Ma Đạo Tổ Sư - Tái Bản,122900.0,189000.0,0.35,170,5.0,Sách tiếng Việt,Kaggle,Tiki,https://tiki.vn/sach-ma-dao-to-su-tai-ban-2025-p278777851.html?spid=278777816,False
KAG_278729070,Sách Chu Du Ẩm Thực Tại Dị Giới Với Kĩ Năng Không Tưởng - Sui Phiêu Lưu Ký  [Chọn Tập Lẻ,33250.0,35000.0,0.05,152,5.0,Sách tiếng Việt,Kaggle,Tiki,https://tiki.vn/chu-du-am-thuc-tai-di-gioi-voi-ki-nang-khong-tuong-sui-phieu-luu-ky-tap-1-tang-kem-bookmark-p278729070.html?spid=278788154,False
KAG_278715265,Sách Hà Thanh Hải Yến - Ngang Qua Ngõ Nhỏ Bình An,143700.0,196000.0,0.27,73,5.0,Sách tiếng Việt,Kaggle,Tiki,https://tiki.vn/sach-ha-thanh-hai-yen-ngang-qua-ngo-nho-binh-an-p278715265.html?spid=278715267,False
KAG_278710197,Rắc Rối Đáng Yêu - Love☆Com,45000.0,50000.0,0.1,270,5.0,Sách tiếng Việt,Kaggle,Tiki,https://tiki.vn/rac-roi-dang-yeu-love-com-p278710197.html?spid=279394160,False
KAG_278706881,Itto - Sóng Gió Cầu Trường - [Tái Bản 2025,23750.0,25000.0,0.05,225,5.0,Sách tiếng Việt,Kaggle,Tiki,https://tiki.vn/itto-song-gio-cau-truong-tai-ban-2025-p278706881.html?spid=278706948,False
KAG_278523761,Siêu Quậy Teppei Tập 1 – Tập 31 - Tập 1,22500.0,25000.0,0.1,825,5.0,Sách tiếng Việt,Kaggle,Tiki,https://tiki.vn/sieu-quay-teppei-tap-1-tap-31-p278523761.html?spid=8973131,False
KAG_278496130,Thanh Gươm Diệt Quỷ,28500.0,30000.0,0.05,4525,5.0,Sách tiếng Việt,Kaggle,Tiki,https://tiki.vn/thanh-guom-diet-quy-tap-1-tan-khoc-p278496130.html?spid=48035298,False
KAG_278463126,Komi - Nữ Thần Sợ Giao Tiếp ( Chọn Tập Lẻ),27000.0,30000.0,0.1,975,4.8,Sách tiếng Việt,Kaggle,Tiki,https://tiki.vn/komi-nu-than-so-giao-tiep-chon-tap-le-p278463126.html?spid=144779881,False
KAG_278275166,Hoa Thơm Kiêu Hãnh (Chọn tập lẻ),49900.0,55000.0,0.09,727,5.0,Sách tiếng Việt,Kaggle,Tiki,https://tiki.vn/hoa-thom-kieu-hanh-p278275166.html?spid=279296167,False
KAG_277962612,Sách Thiên Quan Tứ Phúc,107600.0,169000.0,0.36,490,4.8,Sách tiếng Việt,Kaggle,Tiki,https://tiki.vn/sach-thien-quan-tu-phuc-p277962612.html?spid=277962709,False
KAG_277591013,Bộ Truyện - Itto - Cơn lốc sân cỏ,166250.0,175000.0,0.05,205,5.0,Sách tiếng Việt,Kaggle,Tiki,https://tiki.vn/bo-truyen-itto-con-loc-san-co-p277591013.html?spid=277591041,False
KAG_277228103,Sách Husky Và Sư Tôn Mèo Trắng Của Hắn,109900.0,169000.0,0.35,287,5.0,Sách tiếng Việt,Kaggle,Tiki,https://tiki.vn/sach-husky-va-su-ton-meo-trang-cua-han-p277228103.html?spid=278093885,False
KAG_276933744,Combo Giáo Trình Chuẩn HSK 1 - Sách Bài Học và Bài tập (Bộ 2 cuốn),296000.0,356000.0,0.17,872,4.7,Sách tiếng Việt,Kaggle,Tiki,https://tiki.vn/combo-giao-trinh-chuan-hsk-1-sach-bai-hoc-va-bai-tap-bo-2-cuon-p276933744.html?spid=276949257,False
KAG_276659602,Series các tập Claymore,35000.0,40000.0,0.13,864,5.0,Sách tiếng Việt,Kaggle,Tiki,https://tiki.vn/claymore-01-sat-thu-mat-bac-p276659602.html?spid=277815806,False
KAG_276657645,Sách Hệ Thống Tự Cứu Của Nhân Vật Phản Diện (Tái bản),116400.0,179000.0,0.35,163,4.6,Sách tiếng Việt,Kaggle,Tiki,https://tiki.vn/sach-he-thong-tu-cuu-cua-nhan-vat-phan-dien-tai-ban-p276657645.html?spid=276657704,False
KAG_274363543,Sách Con Đường Chẳng Mấy Ai Đi,115000.0,165000.0,0.3,6368,5.0,Sách tiếng Việt,Kaggle,Tiki,https://tiki.vn/sach-con-duong-chang-may-ai-di-p274363543.html?spid=274363544,False
KAG_273819808,Sách Tâm Lý Học Về Tiền,150600.0,239000.0,0.37,28919,4.8,Sách tiếng Việt,Kaggle,Tiki,https://tiki.vn/sach-tam-ly-hoc-ve-tien-p273819808.html?spid=75953558,False
KAG_272188850,Soul Eater,86225.0,95000.0,0.09,309,5.0,Sách tiếng Việt,Kaggle,Tiki,https://tiki.vn/soul-eater-p272188850.html?spid=273328398,False
KAG_262664014,Combo Doraemon Truyện Ngắn,222300.0,250000.0,0.11,476,5.0,Sách tiếng Việt,Kaggle,Tiki,https://tiki.vn/combo-doraemon-truyen-ngan-p262664014.html?spid=262664018,False
KAG_249876840,"Sách Beartown - Thị trấn nhỏ, giấc mơ lớn",172000.0,210000.0,0.18,2287,5.0,Sách tiếng Việt,Kaggle,Tiki,https://tiki.vn/sach-beartown-thi-tran-nho-giac-mo-lon-p249876840.html?spid=249876841,False
KAG_202879294,Sách Người Đàn Ông Mang Tên Ove (Tái Bản),128000.0,160000.0,0.2,6811,5.0,Sách tiếng Việt,Kaggle,Tiki,https://tiki.vn/sach-nguoi-dan-ong-mang-ten-ove-tai-ban-2022-p202879294.html?spid=202879295,False
KAG_165030729,Sách Những Kẻ Âu Lo,149000.0,180000.0,0.17,2326,5.0,Sách tiếng Việt,Kaggle,Tiki,https://tiki.vn/sach-nhung-ke-au-lo-p165030729.html?spid=165030730,False
KAG_115078652,Sách Huấn Luyện Cảm Xúc Để Con Trẻ Phát Triển Toàn Diện,142560.0,198000.0,0.28,1188,5.0,Sách tiếng Việt,Kaggle,Tiki,https://tiki.vn/sach-huan-luyen-cam-xuc-de-con-tre-phat-trien-toan-dien-p115078652.html?spid=115078654,False
KAG_91947689,Sách 7 Thói Quen Hiệu Quả (The 7 Habits Of Highly Effective People) - Stephen R. Covey - PACE Books,165000.0,250000.0,0.34,9910,5.0,Sách tiếng Việt,Kaggle,Tiki,https://tiki.vn/sach-7-thoi-quen-hieu-qua-the-7-habits-of-highly-effective-people-stephen-r-covey-pace-books-p91947689.html?spid=91947690,False
KAG_13920941,Combo Doraemon - Truyện Dài (Trọn Bộ 24 Cuốn) - Tái Bản,529200.0,597000.0,0.11,4947,5.0,Sách tiếng Việt,Kaggle,Tiki,https://tiki.vn/combo-doraemon-truyen-dai-tron-bo-24-cuon-tai-ban-p13920941.html?spid=13920942,True
KAG_2987219,Sách Giáo Trình Chuẩn YCT 1 (Kèm file MP3),115000.0,138000.0,0.17,2996,4.8,Sách tiếng Việt,Kaggle,Tiki,https://tiki.vn/sach-giao-trinh-chuan-yct-1-kem-file-mp3-p2987219.html?spid=2987563,False
KAG_1080002,Sách Boxset Harry Potter - Tiếng Việt (Trọn Bộ 7 Tập),1473000.0,1750000.0,0.16,10884,4.7,Sách tiếng Việt,Kaggle,Tiki,https://tiki.vn/sach-boxset-harry-potter-tieng-viet-tron-bo-7-tap-p1080002.html?spid=1080024,True
KAG_540039,Sách Giáo Trình Chuẩn HSK 1 - Bài Học (Kèm file MP3),165000.0,198000.0,0.17,8599,4.8,Sách tiếng Việt,Kaggle,Tiki,https://tiki.vn/sach-giao-trinh-chuan-hsk-1-bai-hoc-kem-file-mp3-p540039.html?spid=262528,False
KAG_279419505,Sách Tiếng Anh Muôn Màu - Chọn Đúng Từ Dùng Đúng Lúc - Tác giả BS. Đỗ Trung Kiên,119000.0,199000.0,0.4,65,5.0,Sách tiếng Việt,Kaggle,Tiki,https://tiki.vn/sach-tieng-anh-muon-mau-tac-gia-bs-do-trung-kien-p279419505.html?spid=279419506,False
KAG_279395889,Sách One Piece - Tập 110,23750.0,25000.0,0.05,43,5.0,Sách tiếng Việt,Kaggle,Tiki,https://tiki.vn/sach-one-piece-tap-110-p279395889.html?spid=279395899,False
KAG_279376736,Sách Vị Hôn Thê Giản Dị Của Tôi Rất Dễ Thương Lúc Ở Nhà (Tập 2),97300.0,139000.0,0.3,10,0.0,Sách tiếng Việt,Kaggle,Tiki,https://tiki.vn/sach-vi-hon-the-gian-di-cua-toi-rat-de-thuong-luc-o-nha-tap-2-p279376736.html?spid=279365361,False
KAG_279312656,Sách Hà Ô Lôi,125300.0,179000.0,0.3,136,4.5,Sách tiếng Việt,Kaggle,Tiki,https://tiki.vn/sach-ha-o-loi-p279312656.html?spid=279312659,False
KAG_279300720,Sách Agatha Christie. Kẻ thù giấu mặt,116000.0,145000.0,0.2,84,4.8,Sách tiếng Việt,Kaggle,Tiki,https://tiki.vn/sach-agatha-christie-ke-thu-giau-mat-p279300720.html?spid=279300721,False
KAG_279258106,Takenote IELTS Từ vựng theo chủ đề (Band 5.5 - 7.5),59000.0,79000.0,0.25,9,5.0,Sách tiếng Việt,Kaggle,Tiki,https://tiki.vn/takenote-ielts-tu-vung-theo-chu-de-band-5-5-7-5-p279258106.html?spid=279258111,False
KAG_279187927,Văn phòng thám tử quái vật,28000.0,30000.0,0.07,153,5.0,Sách tiếng Việt,Kaggle,Tiki,https://tiki.vn/van-phong-tham-tu-quai-vat-p279187927.html?spid=253366607,False
KAG_279149139,Làm Dâu Nhà Sói (Tập 1),55300.0,79000.0,0.3,32,5.0,Sách tiếng Việt,Kaggle,Tiki,https://tiki.vn/lam-dau-nha-soi-tap-1-p279149139.html?spid=279149140,False
KAG_278809843,Sách Án Mạng Trong Tháp Thủy Tinh,150480.0,209000.0,0.28,182,5.0,Sách tiếng Việt,Kaggle,Tiki,https://tiki.vn/sach-an-mang-trong-thap-thuy-tinh-p278809843.html?spid=278809844,False
KAG_278663242,Sách Sự Thịnh Vượng Của Các Quốc Gia,441700.0,659000.0,0.33,514,4.7,Sách tiếng Việt,Kaggle,Tiki,https://tiki.vn/sach-su-thinh-vuong-cua-cac-quoc-gia-p278663242.html?spid=278663243,False
KAG_278516481,Sách Kiêu Hãnh Và Định Kiến,164000.0,215000.0,0.24,189,5.0,Sách tiếng Việt,Kaggle,Tiki,https://tiki.vn/sach-kieu-hanh-va-dinh-kien-p278516481.html?spid=278516482,False
KAG_278491336,Sách Ngồi Khóc Trên Cây (Khổ Nhỏ),64000.0,78000.0,0.18,32,5.0,Sách tiếng Việt,Kaggle,Tiki,https://tiki.vn/sach-ngoi-khoc-tren-cay-kho-nho-p278491336.html?spid=278491340,False
KAG_278451455,Sách Hoàng Đế Xứ Gladness - Ocean Vuong,187500.0,250000.0,0.25,261,4.8,Sách tiếng Việt,Kaggle,Tiki,https://tiki.vn/sach-hoang-de-xu-gladness-ocean-vuong-p278451455.html?spid=278451456,False
KAG_278123404,Vùng Đất Xa Xăm,85400.0,90000.0,0.05,311,4.6,Sách tiếng Việt,Kaggle,Tiki,https://tiki.vn/vung-dat-xa-xam-p278123404.html?spid=278316948,False
KAG_276886071,Sách Kiếp Nào Ta Cũng Tìm Thấy Nhau: Câu Chuyện Về Những Linh Hồn Tri Kỷ Vĩnh Viễn Không Chia Lìa,87800.0,129000.0,0.32,257,5.0,Sách tiếng Việt,Kaggle,Tiki,https://tiki.vn/sach-kiep-nao-ta-cung-tim-thay-nhau-cau-chuyen-ve-nhung-linh-hon-tri-ky-vinh-vien-khong-chia-lia-p276886071.html?spid=276886074,False
KAG_276652110,Sách Thôi miên bằng ngôn từ -  Sách Nghệ Thuật Bán Hàng Và Thuyết Phục Đỉnh Cao TB,138900.0,185000.0,0.25,80,4.5,Sách tiếng Việt,Kaggle,Tiki,https://tiki.vn/sach-thoi-mien-bang-ngon-tu-tai-ban-p276652110.html?spid=276652112,False
KAG_276649996,Sách Sức Mạnh Của Niềm Tin,150000.0,225000.0,0.33,176,5.0,Sách tiếng Việt,Kaggle,Tiki,https://tiki.vn/sach-suc-manh-cua-niem-tin-p276649996.html?spid=276649997,False
KAG_276641698,Tiệm sách của nàng (Nguyễn Nhật Ánh),96000.0,125000.0,0.23,1688,5.0,Sách tiếng Việt,Kaggle,Tiki,https://tiki.vn/tiem-sach-cua-nang-nguyen-nhat-anh-p276641698.html?spid=276641700,False
KAG_276477770,Sách Storytelling - Lay Động Lòng Người Bằng Chuyện Kể,164820.0,246000.0,0.33,391,4.7,Sách tiếng Việt,Kaggle,Tiki,https://tiki.vn/sach-storytelling-lay-dong-long-nguoi-bang-chuyen-ke-p276477770.html?spid=276477772,False
KAG_274599269,"Sách Nơi Nào Có Mẹ, Nơi Ấy Là Nhà",63000.0,90000.0,0.3,534,5.0,Sách tiếng Việt,Kaggle,Tiki,https://tiki.vn/sach-noi-nao-co-me-noi-ay-la-nha-p274599269.html?spid=274599608,False
KAG_274175475,Frieren - Pháp Sư Tiễn Táng,40500.0,45000.0,0.1,365,5.0,Sách tiếng Việt,Kaggle,Tiki,https://tiki.vn/frieren-phap-su-tien-tang-p274175475.html?spid=274810147,False
KAG_273664288,Sách BẢY NGƯỜI CHỒNG CỦA EVELYN HUGO - Taylor Jenkins Reid - San Hô Book,288000.0,288000.0,0.0,154,4.8,Sách tiếng Việt,Kaggle,Tiki,https://tiki.vn/sach-bay-nguoi-chong-cua-evelyn-hugo-taylor-jenkins-reid-san-ho-book-p273664288.html?spid=273664289,False
KAG_272879984,Sách Nghệ Thuật Việt Nam,150000.0,200000.0,0.25,58,5.0,Sách tiếng Việt,Kaggle,Tiki,https://tiki.vn/sach-nghe-thuat-viet-nam-p272879984.html?spid=272879985,False
KAG_271379451,Sách Lý Thuyết Trò Chơi,116200.0,179000.0,0.35,10053,4.7,Sách tiếng Việt,Kaggle,Tiki,https://tiki.vn/sach-ly-thuyet-tro-choi-p271379451.html?spid=271379452,False
KAG_270663112,Combo Thám Tử Lừng Danh Conan - Học Viện Cảnh Sát - Wild Police Story [Tập 1+2] (2 Cuốn),57000.0,60000.0,0.05,71,4.8,Sách tiếng Việt,Kaggle,Tiki,https://tiki.vn/combo-tham-tu-lung-danh-conan-hoc-vien-canh-sat-wild-police-story-tap-1-2-2-cuon-p270663112.html?spid=270663115,False
KAG_263514100,Sách Liệu Pháp Chữa Bệnh - Khu Phản Xạ,89200.0,135000.0,0.34,581,5.0,Sách tiếng Việt,Kaggle,Tiki,https://tiki.vn/sach-lieu-phap-chua-benh-khu-phan-xa-p263514100.html?spid=263514101,False
KAG_263052837,Dragon Ball Super Tập 14: Tuần Tra Viên Ngân Hà Son Goku,28500.0,30000.0,0.05,15,5.0,Sách tiếng Việt,Kaggle,Tiki,https://tiki.vn/dragon-ball-super-tap-14-tuan-tra-vien-ngan-ha-son-goku-p263052837.html?spid=263052840,False
KAG_262800037,Tác Giả Kinh Điển Nhật Bản_Truyện Hay Cho Tuổi Học Đường,42750.0,45000.0,0.05,60,3.0,Sách tiếng Việt,Kaggle,Tiki,https://tiki.vn/tac-gia-kinh-dien-nhat-ban_truyen-hay-cho-tuoi-hoc-duong-p262800037.html?spid=262800039,False
KAG_249866918,Sách WHO? Chuyện kể về danh nhân thế giới: Lionel Messi (Tái Bản),48750.0,65000.0,0.25,168,5.0,Sách tiếng Việt,Kaggle,Tiki,https://tiki.vn/sach-who-chuyen-ke-ve-danh-nhan-the-gioi-lionel-messi-tai-ban-p249866918.html?spid=249866922,False
KAG_248541389,"Sách Sư Phạm Khai Phóng - Thế Giới, Việt Nam & Tôi",167100.0,225000.0,0.26,2206,5.0,Sách tiếng Việt,Kaggle,Tiki,https://tiki.vn/sach-su-pham-khai-phong-the-gioi-viet-nam-toi-p248541389.html?spid=248541390,False
KAG_214186191,Sách Những Kẻ Xuất Chúng (Tái Bản),107300.0,159000.0,0.33,2010,4.7,Sách tiếng Việt,Kaggle,Tiki,https://tiki.vn/sach-nhung-ke-xuat-chung-tai-ban-p214186191.html?spid=214186193,False
KAG_195969664,Tokyo Revengers - Tập 4,94700.0,115000.0,0.18,962,5.0,Sách tiếng Việt,Kaggle,Tiki,https://tiki.vn/tokyo-revengers-tap-4-p195969664.html?spid=195969673,False
KAG_195801321,Sách The One Thing - Điều Ý Nghĩa Nhất (Tái Bản 2022),78400.0,119000.0,0.34,2823,4.8,Sách tiếng Việt,Kaggle,Tiki,https://tiki.vn/sach-the-one-thing-dieu-y-nghia-nhat-tai-ban-2022-p195801321.html?spid=195801322,False
KAG_77105730,Sách Tàn Ngày Để Lại (Bìa Cứng),142560.0,198000.0,0.28,4348,4.8,Sách tiếng Việt,Kaggle,Tiki,https://tiki.vn/sach-tan-ngay-de-lai-bia-cung-p77105730.html?spid=77105731,False
KAG_57233240,Combo 5 Cuốn: Doraemon Thế Giới Khoa Học,213750.0,225000.0,0.05,270,4.8,Sách tiếng Việt,Kaggle,Tiki,https://tiki.vn/combo-5-cuon-doraemon-the-gioi-khoa-hoc-p57233240.html?spid=57233241,False
KAG_17493918,Sách Luyện Nói Tiếng Trung Quốc Cấp Tốc Cho Người Bắt Đầu - Tập 2 (Kèm file MP3) (Tái Bản),156000.0,188000.0,0.17,823,5.0,Sách tiếng Việt,Kaggle,Tiki,https://tiki.vn/sach-luyen-noi-tieng-trung-quoc-cap-toc-cho-nguoi-bat-dau-tap-2-kem-file-mp3-tai-ban-p17493918.html?spid=17493919,False
KAG_10581200,Sách Dế Mèn Phiêu Lưu Ký (Tái Bản),39200.0,50000.0,0.22,14231,5.0,Sách tiếng Việt,Kaggle,Tiki,https://tiki.vn/sach-de-men-phieu-luu-ky-tai-ban-p10581200.html?spid=10581201,False
KAG_10005245,Sách Đàn Ông Sao Hỏa Đàn Bà Sao Kim,139000.0,188000.0,0.26,53538,4.8,Sách tiếng Việt,Kaggle,Tiki,https://tiki.vn/sach-dan-ong-sao-hoa-dan-ba-sao-kim-p10005245.html?spid=10005246,False
KAG_7718737,Sách Nghệ Thuật Tư Duy Rành Mạch (Tái Bản),113960.0,148000.0,0.23,12069,4.8,Sách tiếng Việt,Kaggle,Tiki,https://tiki.vn/sach-nghe-thuat-tu-duy-ranh-mach-tai-ban-p7718737.html?spid=7718738,False
KAG_544731,Sách Giáo Trình Chuẩn HSK 2 - Bài Học (Kèm file MP3),164000.0,198000.0,0.17,3988,5.0,Sách tiếng Việt,Kaggle,Tiki,https://tiki.vn/sach-giao-trinh-chuan-hsk-2-bai-hoc-kem-file-mp3-p544731.html?spid=268145,False
KAG_279308786,Sách Người Trong Mộng Của Nam Chính Phải Lòng Tôi (Tập 1),160300.0,229000.0,0.3,0,5.0,Sách tiếng Việt,Kaggle,Tiki,https://tiki.vn/sach-nguoi-trong-mong-cua-nam-chinh-phai-long-toi-tap-1-p279308786.html?spid=279308793,False
KAG_278948458,Sách Vòng Lặp Thứ 7 Của Tiểu Thư Phản Diện - Cuộc Sống Hôn Nhân Tự Tại Giữa Lòng Địch Quốc (Chọn Tập Lẻ),42750.0,47500.0,0.1,67,5.0,Sách tiếng Việt,Kaggle,Tiki,https://tiki.vn/sach-vong-lap-thu-7-cua-tieu-thu-phan-dien-cuoc-song-hon-nhan-tu-tai-giua-long-dich-quoc-9-chon-tap-le-p278948458.html?spid=279185693,False
KAG_278841848,Doraemon Movie Story Màu: Nobita Và Những Hiệp Sĩ Không Gian,34300.0,35000.0,0.02,20,0.0,Sách tiếng Việt,Kaggle,Tiki,https://tiki.vn/doraemon-movie-story-mau-nobita-va-nhung-hiep-si-khong-gian-p278841848.html?spid=278841849,False
KAG_278810625,Sách Lịch Sử Thế Giới Vô Hình,369600.0,480000.0,0.23,150,4.6,Sách tiếng Việt,Kaggle,Tiki,https://tiki.vn/sach-lich-su-the-gioi-vo-hinh-p278810625.html?spid=278810627,False
KAG_278668649,Sách Sống Đời Giản Dị,56000.0,70000.0,0.2,149,5.0,Sách tiếng Việt,Kaggle,Tiki,https://tiki.vn/sach-song-doi-gian-di-p278668649.html?spid=278668650,False
KAG_278572380,Perman - Cậu Bé Siêu Nhân,23750.0,25000.0,0.05,35,0.0,Sách tiếng Việt,Kaggle,Tiki,https://tiki.vn/perman-cau-be-sieu-nhan-p278572380.html?spid=278572687,False
KAG_278492655,Sách Kính Vạn Hoa - Bộ 9 Tập,96800.0,135000.0,0.28,78,4.8,Sách tiếng Việt,Kaggle,Tiki,https://tiki.vn/sach-kinh-van-hoa-bo-9-tap-p278492655.html?spid=278492660,False
KAG_278035545,Sách Tư Duy Đầu Tư - Tiền Đẻ Ra Tiền,156400.0,239000.0,0.35,428,4.7,Sách tiếng Việt,Kaggle,Tiki,https://tiki.vn/sach-tu-duy-dau-tu-tien-de-ra-tien-p278035545.html?spid=278035546,False
KAG_277938216,Sách Sống cuộc đời giàu có nhất của bạn (Robin Sharma),164000.0,200000.0,0.18,945,5.0,Sách tiếng Việt,Kaggle,Tiki,https://tiki.vn/sach-song-cuoc-doi-giau-co-nhat-cua-ban-robin-sharma-p277938216.html?spid=277938219,False
KAG_277914851,Bộ 3 Sách Song Ngữ: Lời thì thầm trong tổ ấm + Lời thì thầm với cha + Lời thì thầm với mẹ - Đầy Đủ File Nghe,397980.0,594000.0,0.33,319,4.7,Sách tiếng Việt,Kaggle,Tiki,https://tiki.vn/bo-3-sach-song-ngu-loi-thi-tham-trong-to-am-loi-thi-tham-voi-cha-loi-thi-tham-voi-me-day-du-file-nghe-p277914851.html?spid=277914852,False
KAG_277809376,Sách Tư duy dã tràng - Tim trí giao tranh,135000.0,160000.0,0.16,884,5.0,Sách tiếng Việt,Kaggle,Tiki,https://tiki.vn/sach-tu-duy-da-trang-tim-tri-giao-tranh-p277809376.html?spid=277809378,False
KAG_277671463,Tình Yêu Nhân Vật Phụ,40000.0,45000.0,0.11,112,5.0,Sách tiếng Việt,Kaggle,Tiki,https://tiki.vn/tinh-yeu-nhan-vat-phu-p277671463.html?spid=278710796,False
KAG_276922183,Thám Tử Lừng Danh Conan Tập 105,24500.0,25000.0,0.02,389,5.0,Sách tiếng Việt,Kaggle,Tiki,https://tiki.vn/tham-tu-lung-danh-conan-tap-105-p276922183.html?spid=276922189,False
KAG_275925573,Bộ Truyện Tranh Dấu Ấn Hoàng Gia [ Nữ Hoàng Ai Cập ] - (Chọn Tập Lẻ),29400.0,30000.0,0.02,564,5.0,Sách tiếng Việt,Kaggle,Tiki,https://tiki.vn/bo-truyen-tranh-dau-an-hoang-gia-p275925573.html?spid=278860209,False
KAG_275362670,Sakamoto Days Sát thủ huyền thoại [Chọn Tập Lẻ,42000.0,45000.0,0.07,1737,5.0,Sách tiếng Việt,Kaggle,Tiki,https://tiki.vn/sakamoto-days-01_sat-thu-huyen-thoai-tap-1-p275362670.html?spid=275463529,False
KAG_273355903,"Sách Làm Cha Mẹ Tỉnh Thức - Chuyển Hóa Bản Thân, Trao Quyền Cho Con Cái",126600.0,179000.0,0.29,919,5.0,Sách tiếng Việt,Kaggle,Tiki,https://tiki.vn/sach-lam-cha-me-tinh-thuc-chuyen-hoa-ban-than-trao-quyen-cho-con-cai-p273355903.html?spid=273355906,False
KAG_272404892,Sách Phụ nữ tỳ hư rất mau già,121000.0,165000.0,0.27,385,5.0,Sách tiếng Việt,Kaggle,Tiki,https://tiki.vn/sach-phu-nu-ty-hu-rat-mau-gia-p272404892.html?spid=272404893,False
KAG_271518926,Sách Dám bị ghét,102240.0,142000.0,0.28,1870,5.0,Sách tiếng Việt,Kaggle,Tiki,https://tiki.vn/sach-dam-bi-ghet-p271518926.html?spid=271518929,False
KAG_271380890,Sách Đúng Việc,90000.0,125000.0,0.28,4792,5.0,Sách tiếng Việt,Kaggle,Tiki,https://tiki.vn/sach-dung-viec-p271380890.html?spid=271380893,False
KAG_270790324,Doraemon Plus Tập 5,23750.0,25000.0,0.05,32,5.0,Sách tiếng Việt,Kaggle,Tiki,https://tiki.vn/doraemon-plus-tap-5-p270790324.html?spid=270790327,False
KAG_252456572,Sách Cẩm nang chăm sóc bé yêu (Tái bản đổi tên),115200.0,159000.0,0.28,383,5.0,Sách tiếng Việt,Kaggle,Tiki,https://tiki.vn/sach-cam-nang-cham-soc-be-yeu-tai-ban-doi-ten-p252456572.html?spid=252456573,False
KAG_249875170,Sách Hai số phận (bìa cứng),202000.0,295000.0,0.32,2976,5.0,Sách tiếng Việt,Kaggle,Tiki,https://tiki.vn/sach-hai-so-phan-bia-cung-p249875170.html?spid=249875171,False
KAG_246073880,Combo Thám Tử Lừng Danh Conan Hoạt Hình Màu: Kẻ Hành Pháp Zero (Tập 1 + Tập 2) (2 Cuốn),114000.0,120000.0,0.05,32,5.0,Sách tiếng Việt,Kaggle,Tiki,https://tiki.vn/combo-tham-tu-lung-danh-conan-hoat-hinh-mau-ke-hanh-phap-zero-tap-1-tap-2-2-cuon-tai-ban-2023-p246073880.html?spid=246073881,False
KAG_210277880,Sách Con người và Biểu tượng - Man and his symbols,378000.0,525000.0,0.28,2796,4.8,Sách tiếng Việt,Kaggle,Tiki,https://tiki.vn/sach-con-nguoi-va-bieu-tuong-man-and-his-symbols-p210277880.html?spid=210277882,False
KAG_195545304,Sách Khéo Ăn Nói Sẽ Có Được Thiên Hạ,96100.0,130000.0,0.26,5026,4.8,Sách tiếng Việt,Kaggle,Tiki,https://tiki.vn/sach-kheo-an-noi-se-co-duoc-thien-ha-p195545304.html?spid=195545306,False
KAG_187600387,Sách Giải Thích Bộ Đề Thi Vào 10 Chuyên - Khối Chuyên Anh,108000.0,159000.0,0.32,349,4.8,Sách tiếng Việt,Kaggle,Tiki,https://tiki.vn/sach-giai-thich-bo-de-thi-vao-10-chuyen-khoi-chuyen-anh-p187600387.html?spid=187600388,False
KAG_173481363,Sách Bách Khoa Tri Thức Cho Trẻ Em,201600.0,280000.0,0.28,386,5.0,Sách tiếng Việt,Kaggle,Tiki,https://tiki.vn/sach-bach-khoa-tri-thuc-cho-tre-em-p173481363.html?spid=173481364,False
KAG_107802183,Sách Sức Mạnh Tiềm Thức (Tái Bản) (Bìa Mềm),98560.0,128000.0,0.23,10215,5.0,Sách tiếng Việt,Kaggle,Tiki,https://tiki.vn/sach-suc-manh-tiem-thuc-tai-ban-bia-mem-p107802183.html?spid=107802184,False
KAG_104314401,Sách Bí Mật Của May Mắn (Khổ Lớn) (Tái Bản),52360.0,68000.0,0.23,5791,4.8,Sách tiếng Việt,Kaggle,Tiki,https://tiki.vn/sach-bi-mat-cua-may-man-kho-lon-tai-ban-p104314401.html?spid=104314402,False
KAG_101782486,"Sách Deep Work - Làm Ra Làm, Chơi Ra Chơi (Tái Bản)",108200.0,159000.0,0.32,4642,4.7,Sách tiếng Việt,Kaggle,Tiki,https://tiki.vn/sach-deep-work-lam-ra-lam-choi-ra-choi-tai-ban-p101782486.html?spid=101782488,False
KAG_90056907,Sách Khởi Nghiệp Tinh Gọn (The Lean Startup) (Tái Bản),118500.0,165000.0,0.28,5323,5.0,Sách tiếng Việt,Kaggle,Tiki,https://tiki.vn/sach-khoi-nghiep-tinh-gon-the-lean-startup-tai-ban-p90056907.html?spid=90056908,False
KAG_89402951,Sách Giáo Trình Chuẩn HSK 4 - Tập 1 Bài Học (Quét Mã QR Để Nghe File MP3)(Tái Bản),189000.0,228000.0,0.17,493,4.6,Sách tiếng Việt,Kaggle,Tiki,https://tiki.vn/sach-giao-trinh-chuan-hsk-4-tap-1-bai-hoc-quet-ma-qr-de-nghe-file-mp3-tai-ban-p89402951.html?spid=89402952,False
KAG_77982982,Sách Trí Tuệ Xúc Cảm,131400.0,199000.0,0.34,3847,4.8,Sách tiếng Việt,Kaggle,Tiki,https://tiki.vn/sach-tri-tue-xuc-cam-p77982982.html?spid=77982983,False
KAG_73207098,Sách Làm Chủ - Mastery,166000.0,200000.0,0.17,3446,4.8,Sách tiếng Việt,Kaggle,Tiki,https://tiki.vn/sach-lam-chu-mastery-p73207098.html?spid=73549953,False
KAG_45663008,Sách Ngày Xưa Có Một Con Bò…(Tái Bản),59000.0,70000.0,0.16,11457,4.8,Sách tiếng Việt,Kaggle,Tiki,https://tiki.vn/sach-ngay-xua-co-mot-con-bo-tai-ban-p45663008.html?spid=45663009,False
KAG_19824204,Combo Doraemon Truyện Ngắn (45 Tập) - Tái Bản,982800.0,1122000.0,0.12,3076,4.8,Sách tiếng Việt,Kaggle,Tiki,https://tiki.vn/combo-doraemon-truyen-ngan-45-tap-tai-ban-p19824204.html?spid=19824205,True
KAG_13419678,Sách Đi Tìm Lẽ Sống (Tái Bản ),67760.0,88000.0,0.23,24474,4.8,Sách tiếng Việt,Kaggle,Tiki,https://tiki.vn/sach-di-tim-le-song-tai-ban-p13419678.html?spid=13419679,False
KAG_8885999,Sách Totto - Chan Bên Cửa Sổ (Tái Bản),92400.0,120000.0,0.23,22742,5.0,Sách tiếng Việt,Kaggle,Tiki,https://tiki.vn/sach-totto-chan-ben-cua-so-tai-ban-p8885999.html?spid=8886000,False
KAG_2619499,Sách ​Liễu Phàm Tứ Huấn (Tái Bản),54100.0,75000.0,0.28,5704,4.8,Sách tiếng Việt,Kaggle,Tiki,https://tiki.vn/sach-lieu-pham-tu-huan-tai-ban-2018-p2619499.html?spid=2629575,False
KAG_1647103,Sách Bà Ngoại Tôi Gửi Lời Xin Lỗi,151500.0,190000.0,0.2,1790,4.8,Sách tiếng Việt,Kaggle,Tiki,https://tiki.vn/sach-ba-ngoai-toi-gui-loi-xin-loi-p1647103.html?spid=1647211,False
KAG_279391315,Sách Điềm Dược - Viên Thuốc Ngọt Ngào Mang Tên Em (Tập 1),137200.0,196000.0,0.3,52,4.3,Sách tiếng Việt,Kaggle,Tiki,https://tiki.vn/sach-diem-duoc-vien-thuoc-ngot-ngao-mang-ten-em-tap-1-p279391315.html?spid=279391397,False
KAG_279342169,Sách Tâm Lý Học Đọc Vị,75210.0,109000.0,0.31,22,0.0,Sách tiếng Việt,Kaggle,Tiki,https://tiki.vn/sach-tam-ly-hoc-doc-vi-p279342169.html?spid=279342170,False
KAG_279325501,Sách Chân Cứng Đá Mềm - Hồi ký Xuân Phượng,119000.0,150000.0,0.21,51,5.0,Sách tiếng Việt,Kaggle,Tiki,https://tiki.vn/sach-chan-cung-da-mem-p279325501.html?spid=279378597,False
KAG_279323586,Sách Dấu Ấn Hoàng Gia - Tập 51 [Tặng Kèm Postcard],28500.0,30000.0,0.05,120,0.0,Sách tiếng Việt,Kaggle,Tiki,https://tiki.vn/sach-dau-an-hoang-gia-tap-51-tang-kem-postcard-p279323586.html?spid=279323587,False
KAG_279292563,Truyện Tranh - Nơi Dãy Núi Điên Dại,38000.0,40000.0,0.05,53,5.0,Sách tiếng Việt,Kaggle,Tiki,https://tiki.vn/truyen-tranh-noi-day-nui-dien-dai-p279292563.html?spid=279534174,False
KAG_278894059,"Sách Mình Chia Tay Rồi, Có Nhớ Không?",55200.0,92000.0,0.4,60,5.0,Sách tiếng Việt,Kaggle,Tiki,https://tiki.vn/sach-minh-chia-tay-roi-co-nho-khong-p278894059.html?spid=278894060,False
KAG_278814503,Sách Bảng Xếp Hạng Quân Vương [Chọn Tập Lẻ,43650.0,43650.0,0.0,18,5.0,Sách tiếng Việt,Kaggle,Tiki,https://tiki.vn/sach-bang-xep-hang-quan-vuong-chon-tap-le-p278814503.html?spid=278756490,False
KAG_278723591,Sách Continental Saigon – Từ Hào Quang Đế Quốc Đến Giấc Mộng Đông Dương Tan Vỡ,277000.0,339000.0,0.18,54,5.0,Sách tiếng Việt,Kaggle,Tiki,https://tiki.vn/sach-continental-saigon-tu-hao-quang-de-quoc-den-giac-mong-dong-duong-tan-vo-p278723591.html?spid=278723595,False
KAG_278684752,Giáo Trình Tiếng Hàn Tổng Hợp Dành Cho Người Việt Nam - Giáo Trình + Sách Bài Tập,213000.0,266000.0,0.2,0,5.0,Sách tiếng Việt,Kaggle,Tiki,https://tiki.vn/giao-trinh-tieng-han-tong-hop-danh-cho-nguoi-viet-nam-giao-trinh-sach-bai-tap-phan-loai-le-p278684752.html?spid=278686582,False
KAG_278590521,Sách Agatha Christie - Kỳ Án Bảy Mặt Đồng Hồ,103000.0,132000.0,0.22,233,4.8,Sách tiếng Việt,Kaggle,Tiki,https://tiki.vn/sach-agatha-christie-ky-an-bay-mat-dong-ho-p278590521.html?spid=278590524,False
KAG_278518858,Thị Trấn Mèo - Tập 10 [Tặng Kèm Postcard],64500.0,68000.0,0.05,84,5.0,Sách tiếng Việt,Kaggle,Tiki,https://tiki.vn/thi-tran-meo-tap-10-tang-kem-postcard-p278518858.html?spid=278518859,False
KAG_278377639,Sách Sứ Mệnh Hail Mary – Project Hail Mary,146300.0,209000.0,0.3,787,4.8,Sách tiếng Việt,Kaggle,Tiki,https://tiki.vn/sach-su-menh-hail-mary-project-hail-mary-p278377639.html?spid=278377641,False
KAG_277963698,"Sách Huyễn Tưởng Về Bình Thường - Sang Chấn Tâm Lý, Bệnh Tật Và Chữa Lành Trong Một Nền Văn Hóa Độc Hại",265650.0,345000.0,0.23,255,5.0,Sách tiếng Việt,Kaggle,Tiki,https://tiki.vn/sach-huyen-tuong-ve-binh-thuong-sang-chan-tam-ly-benh-tat-va-chua-lanh-trong-mot-nen-van-hoa-doc-hai-p277963698.html?spid=277963703,False
KAG_277923352,Sách Hỏi đáp nhanh trí,51000.0,78000.0,0.35,49,0.0,Sách tiếng Việt,Kaggle,Tiki,https://tiki.vn/sach-hoi-dap-nhanh-tri-p277923352.html?spid=277923445,False
KAG_277543284,Kotaro sống một mình,44000.0,48000.0,0.08,252,5.0,Sách tiếng Việt,Kaggle,Tiki,https://tiki.vn/kotaro-song-mot-minh-p277543284.html?spid=277670266,False
KAG_277499663,Sách NVIDIA Cỗ Máy Tư Duy Vĩ Đại,149400.0,249000.0,0.4,272,5.0,Sách tiếng Việt,Kaggle,Tiki,https://tiki.vn/sach-nvidia-co-may-tu-duy-vi-dai-p277499663.html?spid=277499664,False
KAG_276526058,Sách Jane Eyre,163000.0,225000.0,0.28,220,4.8,Sách tiếng Việt,Kaggle,Tiki,https://tiki.vn/sach-jane-eyre-p276526058.html?spid=275185547,False
KAG_276289473,Sách Triết lý của Inamori Kazuo Chúng ta sống vì điều gì?,87000.0,105000.0,0.17,247,5.0,Sách tiếng Việt,Kaggle,Tiki,https://tiki.vn/sach-triet-ly-cua-inamori-kazuo-chung-ta-song-vi-dieu-gi-p276289473.html?spid=276289475,False
KAG_272449818,Sách MANIFEST – 7 Bước Để Thay Đổi Cuộc Đời Bạn Mãi Mãi,76300.0,109000.0,0.3,2805,5.0,Sách tiếng Việt,Kaggle,Tiki,https://tiki.vn/sach-manifest-7-buoc-de-thay-doi-cuoc-doi-ban-mai-mai-p272449818.html?spid=272449819,False
KAG_271162836,Sách Beartown 2: Chúng tôi đấu với các bạn,179000.0,225000.0,0.2,1355,5.0,Sách tiếng Việt,Kaggle,Tiki,https://tiki.vn/sach-beartown-2-chung-toi-dau-voi-cac-ban-p271162836.html?spid=271162837,False
KAG_270790349,Shin - Cậu Bé Bút Chì Tập 16,23500.0,25000.0,0.06,38,4.8,Sách tiếng Việt,Kaggle,Tiki,https://tiki.vn/shin-cau-be-but-chi-tap-16-p270790349.html?spid=270790352,False
KAG_263500714,Sách Dạy Con Làm Giàu (Tập 2) - Sử Dụng Đồng Vốn,122000.0,145000.0,0.16,710,5.0,Sách tiếng Việt,Kaggle,Tiki,https://tiki.vn/sach-day-con-lam-giau-tap-2-su-dung-dong-von-p263500714.html?spid=263500717,False
KAG_262590359,Sách Hoàng Tử Bé,26880.0,35000.0,0.23,1309,5.0,Sách tiếng Việt,Kaggle,Tiki,https://tiki.vn/sach-hoang-tu-be-p262590359.html?spid=262590362,False
KAG_261982682,Sách Cuộc cách mạng Glucose,108000.0,158000.0,0.32,2617,5.0,Sách tiếng Việt,Kaggle,Tiki,https://tiki.vn/sach-cuoc-cach-mang-glucose-p261982682.html?spid=261982684,False
KAG_247442507,Doraemon Tranh Truyện Màu - Nobita Tây Du Kí Tập 2 (Tái Bản 2023),28500.0,30000.0,0.05,44,5.0,Sách tiếng Việt,Kaggle,Tiki,https://tiki.vn/doraemon-tranh-truyen-mau-nobita-tay-du-ki-tap-2-tai-ban-2023-p247442507.html?spid=247442508,False
KAG_207256575,Sách Định luật Murphy – Mọi bí mật tâm lý thao túng cuộc đời bạn,83300.0,119000.0,0.3,8568,4.8,Sách tiếng Việt,Kaggle,Tiki,https://tiki.vn/sach-dinh-luat-murphy-moi-bi-mat-tam-ly-thao-tung-cuoc-doi-ban-p207256575.html?spid=207256576,False
KAG_195801641,Sách Tâm Lý Học Trẻ Em,164000.0,195000.0,0.16,302,5.0,Sách tiếng Việt,Kaggle,Tiki,https://tiki.vn/sach-tam-ly-hoc-tre-em-p195801641.html?spid=195801650,False
KAG_190601856,Sách Tâm,78700.0,109000.0,0.28,742,5.0,Sách tiếng Việt,Kaggle,Tiki,https://tiki.vn/sach-tam-p190601856.html?spid=190601859,False
KAG_186286187,Sách Nhà Lãnh Đạo Không Chức Danh,83500.0,105000.0,0.2,4912,5.0,Sách tiếng Việt,Kaggle,Tiki,https://tiki.vn/sach-nha-lanh-dao-khong-chuc-danh-p186286187.html?spid=186286189,False
KAG_184419723,Sách Sapiens Lược Sử Loài Người (Tái Bản 2022),197400.0,299000.0,0.34,5307,5.0,Sách tiếng Việt,Kaggle,Tiki,https://tiki.vn/sach-sapiens-luoc-su-loai-nguoi-tai-ban-2022-p184419723.html?spid=184419726,False
KAG_157240665,"Ra Bờ Suối Ngắm Hoa Kèn Hồng (Truyện Dài-Nguyễn Nhật Ánh) - Bìa Mềm (Màu Hồng) (Tặng Kèm Bookmark Bồi Hai Mặt, Thiệp Trái Tim In Bài Thơ Của Tác Giả)",118000.0,145000.0,0.19,11836,5.0,Sách tiếng Việt,Kaggle,Tiki,https://tiki.vn/ra-bo-suoi-ngam-hoa-ken-hong-truyen-dai-nguyen-nhat-anh-p157240665.html?spid=157240667,False
KAG_143226165,Sách Cẩm Nang Khám Phá Cơ Thể Người (Tặng Kèm Bookmark),59400.0,99000.0,0.4,1197,4.8,Sách tiếng Việt,Kaggle,Tiki,https://tiki.vn/sach-cam-nang-kham-pha-co-the-nguoi-tang-kem-bookmark-p143226165.html?spid=143226167,False
KAG_111285062,Sách Đắc Nhân Tâm (Bìa Mềm)(Tái Bản),66220.0,86000.0,0.23,11884,4.8,Sách tiếng Việt,Kaggle,Tiki,https://tiki.vn/sach-dac-nhan-tam-bia-mem-tai-ban-p111285062.html?spid=111285063,False
KAG_104769768,Máy Tính CASIO FX580VN X-PK (Màu,744000.0,950000.0,0.22,5133,5.0,Sách tiếng Việt,Kaggle,Tiki,https://tiki.vn/may-tinh-casio-fx580vn-x-p104769768.html?spid=104769772,True
KAG_58533769,Combo 2 Cuốn: Tớ Muốn Ăn Tụy Của Cậu - Tập 1 + Tập 2 (Tái Bản),68400.0,72000.0,0.05,127,4.5,Sách tiếng Việt,Kaggle,Tiki,https://tiki.vn/combo-2-cuon-to-muon-an-tuy-cua-cau-tap-1-tap-2-tai-ban-2020-p58533769.html?spid=58533771,False
KAG_49910019,Sách Bác Sĩ Riêng Của Bé Yêu - Chào Con! Ba Mẹ Đã Sẵn Sàng (Tái Bản),77000.0,95000.0,0.19,8605,5.0,Sách tiếng Việt,Kaggle,Tiki,https://tiki.vn/sach-bac-si-rieng-cua-be-yeu-chao-con-ba-me-da-san-sang-tai-ban-p49910019.html?spid=49910020,False
KAG_34956336,Doraemon Plus Tập 6 (Tái Bản),21600.0,25000.0,0.14,37,5.0,Sách tiếng Việt,Kaggle,Tiki,https://tiki.vn/doraemon-plus-tap-6-tai-ban-2019-p34956336.html?spid=34956337,False
KAG_30757177,Sách Bản Chất Của Người,99330.0,129000.0,0.23,1891,4.7,Sách tiếng Việt,Kaggle,Tiki,https://tiki.vn/sach-ban-chat-cua-nguoi-p30757177.html?spid=30757179,False
KAG_24951095,Sách Mắt Biếc (Tái Bản 2019),90000.0,110000.0,0.18,35174,5.0,Sách tiếng Việt,Kaggle,Tiki,https://tiki.vn/sach-mat-biec-tai-ban-2019-p24951095.html?spid=24951097,False
KAG_3639597,Sách Bước Chậm Lại Giữa Thế Gian Vội Vã (Tái Bản),77000.0,100000.0,0.23,49260,4.8,Sách tiếng Việt,Kaggle,Tiki,https://tiki.vn/sach-buoc-cham-lai-giua-the-gian-voi-va-tai-ban-p3639597.html?spid=3718337,False
KAG_279394165,Thám tử thừa kế,50000.0,50000.0,0.0,96,0.0,Sách tiếng Việt,Kaggle,Tiki,https://tiki.vn/tham-tu-thua-ke-p279394165.html?spid=279493247,False
KAG_279374424,Sách Chú Thuật Hồi Chiến - Tập 27,28500.0,30000.0,0.05,40,5.0,Sách tiếng Việt,Kaggle,Tiki,https://tiki.vn/chu-thuat-hoi-chien-tap-27-p279374424.html?spid=279375119,False
KAG_279292568,Song Mệnh Cõi Hoàng Tuyền,31500.0,35000.0,0.1,142,5.0,Sách tiếng Việt,Kaggle,Tiki,https://tiki.vn/song-menh-coi-hoang-tuyen-p279292568.html?spid=279580424,False
KAG_279258712,Sách Host Club Trường Ouran,31500.0,31500.0,0.0,157,5.0,Sách tiếng Việt,Kaggle,Tiki,https://tiki.vn/sach-host-club-truong-ouran-p279258712.html?spid=279578882,False
KAG_279236031,"Điệu múa chim công, có ai thấy không",52000.0,56000.0,0.07,127,5.0,Sách tiếng Việt,Kaggle,Tiki,https://tiki.vn/dieu-mua-chim-cong-co-ai-thay-khong-p279236031.html?spid=279236035,False
KAG_279235202,Sách Khúc Hát Đêm Thâu [Chọn Tập,33250.0,35000.0,0.05,251,4.2,Sách tiếng Việt,Kaggle,Tiki,https://tiki.vn/sach-khuc-hat-dem-thau-chon-tap-p279235202.html?spid=279558959,False
KAG_278788044,Sách BEASTARS [Chọn Tập Lẻ,31500.0,31500.0,0.0,286,5.0,Sách tiếng Việt,Kaggle,Tiki,https://tiki.vn/sach-beastars-chon-tap-le-p278788044.html?spid=279578869,False
KAG_278756674,Sách Nisekoi - Cặp Đôi Giả Tạo,38000.0,40000.0,0.05,258,5.0,Sách tiếng Việt,Kaggle,Tiki,https://tiki.vn/sach-nisekoi-cap-doi-gia-tao-p278756674.html?spid=279558986,False
KAG_278749523,Ngũ Hành Của Tôi Thiếu Em,123200.0,179000.0,0.31,251,5.0,Sách tiếng Việt,Kaggle,Tiki,https://tiki.vn/ngu-hanh-cua-toi-thieu-em-p278749523.html?spid=278944843,False
KAG_278729052,Doraemon Movie Story Màu - Phiên Bản Mới: Nobita Và Binh Đoàn Người Sắt - Đôi Cánh Thiên Thần,34300.0,35000.0,0.02,44,5.0,Sách tiếng Việt,Kaggle,Tiki,https://tiki.vn/doraemon-movie-story-mau-phien-ban-moi-nobita-va-binh-doan-nguoi-sat-doi-canh-thien-than-p278729052.html?spid=278729053,False
KAG_278684154,Nữ Binh Thần Tốc,41800.0,45000.0,0.07,242,5.0,Sách tiếng Việt,Kaggle,Tiki,https://tiki.vn/nu-binh-than-toc-p278684154.html?spid=278863077,False
KAG_278423155,"Sách Hồi Ức, Giấc Mơ, Suy Ngẫm - Hành Trình Vào Nội Tâm Của Carl Jung – Nơi Ký Ức, Giấc Mơ Và Triết Lý Giao Thoa",229200.0,345000.0,0.34,1618,5.0,Sách tiếng Việt,Kaggle,Tiki,https://tiki.vn/sach-hoi-uc-giac-mo-suy-ngam-hanh-trinh-vao-noi-tam-cua-carl-jung-noi-ky-uc-giac-mo-va-triet-ly-giao-thoa-p278423155.html?spid=278423156,False
KAG_278123405,Sobotei Dinh Thự Ma Ám (Chọn tập lẻ),41900.0,45000.0,0.07,605,5.0,Sách tiếng Việt,Kaggle,Tiki,https://tiki.vn/sobotei-dinh-thu-ma-am-p278123405.html?spid=279360320,False
KAG_277397107,Sách Phía Đông Vườn Địa Đàng,279000.0,380000.0,0.27,661,4.5,Sách tiếng Việt,Kaggle,Tiki,https://tiki.vn/sach-phia-dong-vuon-dia-dang-p277397107.html?spid=277397109,False
KAG_276948798,"Sách Lên Đỉnh Núi Mở Tiệm Bánh Mì - Triết lí Wazawaza: Những con người hạnh phúc, 2 loại bánh mì, và doanh thu thường niên 300 triệu Yên",108000.0,150000.0,0.28,2820,4.8,Sách tiếng Việt,Kaggle,Tiki,https://tiki.vn/sach-len-dinh-nui-mo-tiem-banh-mi-triet-li-wazawaza-nhung-con-nguoi-hanh-phuc-2-loai-banh-mi-va-doanh-thu-thuong-nien-300-trieu-yen-p276948798.html?spid=276948799,False
KAG_276933755,Combo Giáo Trình Chuẩn HSK 4 Tập 1 - Sách Bài Học và Bài tập (Bộ 2 cuốn),311000.0,376000.0,0.17,876,5.0,Sách tiếng Việt,Kaggle,Tiki,https://tiki.vn/combo-giao-trinh-chuan-hsk-4-tap-1-sach-bai-hoc-va-bai-tap-bo-2-cuon-p276933755.html?spid=276949260,False
KAG_276933752,Combo Giáo Trình Chuẩn HSK 3 - Sách Bài Học và Bài tập (Bộ 2 cuốn),395000.0,476000.0,0.17,878,5.0,Sách tiếng Việt,Kaggle,Tiki,https://tiki.vn/combo-giao-trinh-chuan-hsk-3-sach-bai-hoc-va-bai-tap-bo-2-cuon-p276933752.html?spid=276949259,False
KAG_276883579,Sống Sáng - Phan Việt - Sáng Books,200000.0,200000.0,0.0,1249,5.0,Sách tiếng Việt,Kaggle,Tiki,https://tiki.vn/song-sang-dong-sach-sang-phan-viet-sang-books-p276883579.html?spid=276886801,False
KAG_276425570,Thám Tử Lừng Danh Conan (Bản Nâng Cấp) - [Chọn Tập Lẻ,32300.0,35000.0,0.08,312,5.0,Sách tiếng Việt,Kaggle,Tiki,https://tiki.vn/tham-tu-lung-danh-conan-ban-nang-cap-p276425570.html?spid=276428296,False
KAG_276078455,Series các tập Gachiakuta,39900.0,45000.0,0.11,399,5.0,Sách tiếng Việt,Kaggle,Tiki,https://tiki.vn/series-cac-tap-gachiakuta-p276078455.html?spid=276886172,False
KAG_276019606,Sách Không Gia Đình (Tái Bản),120000.0,175000.0,0.31,524,5.0,Sách tiếng Việt,Kaggle,Tiki,https://tiki.vn/sach-khong-gia-dinh-tai-ban-p276019606.html?spid=278938671,False
KAG_273746688,Sách Địa Cầu Online,145900.0,199000.0,0.27,92,4.8,Sách tiếng Việt,Kaggle,Tiki,https://tiki.vn/sach-dia-cau-online-p273746688.html?spid=273204606,False
KAG_273691914,Sách Trăm năm cô đơn,176250.0,235000.0,0.25,533,4.8,Sách tiếng Việt,Kaggle,Tiki,https://tiki.vn/sach-tram-nam-co-don-p273691914.html?spid=273691915,False
KAG_273182700,Combo Dragon Ball Super,662400.0,690000.0,0.04,136,5.0,Sách tiếng Việt,Kaggle,Tiki,https://tiki.vn/combo-dragon-ball-super-p273182700.html?spid=277815791,True
KAG_272447731,Sách Xông vào lối âm dương,109900.0,169000.0,0.35,213,5.0,Sách tiếng Việt,Kaggle,Tiki,https://tiki.vn/sach-xong-vao-loi-am-duong-p272447731.html?spid=262806375,False
KAG_263035841,Sách Vòng Quanh Thế Giới,9000.0,12000.0,0.25,678,4.8,Sách tiếng Việt,Kaggle,Tiki,https://tiki.vn/sach-vong-quanh-the-gioi-p263035841.html?spid=277926136,False
KAG_194960730,Sách Nỗi buồn chiến tranh,99000.0,130000.0,0.24,4735,5.0,Sách tiếng Việt,Kaggle,Tiki,https://tiki.vn/sach-noi-buon-chien-tranh-p194960730.html?spid=194960731,False
KAG_192909292,Sách Án Mạng Trên Chuyến Tàu Tốc Hành Phương Đông,98000.0,120000.0,0.18,984,5.0,Sách tiếng Việt,Kaggle,Tiki,https://tiki.vn/sach-an-mang-tren-chuyen-tau-toc-hanh-phuong-dong-p192909292.html?spid=192909295,False
KAG_190335975,Combo 2 cuốn Truyện Dành Cho Thiếu Nhi : Tuổi Thơ Dữ Dội - Tập 1 + 2 (Tái Bản),120000.0,160000.0,0.25,1823,5.0,Sách tiếng Việt,Kaggle,Tiki,https://tiki.vn/combo-2-cuon-truyen-danh-cho-thieu-nhi-tuoi-tho-du-doi-tap-1-2-tai-ban-p190335975.html?spid=273817532,False
KAG_176831144,Combo 23 Tập Thanh Gươm Diệt Quỷ (Tập 1-23),662400.0,690000.0,0.04,342,5.0,Sách tiếng Việt,Kaggle,Tiki,https://tiki.vn/combo-23-tap-thanh-guom-diet-quy-tap-1-23-p176831144.html?spid=176831145,True
KAG_140416370,Sách Flow - Dòng Chảy,175560.0,228000.0,0.23,9401,5.0,Sách tiếng Việt,Kaggle,Tiki,https://tiki.vn/sach-flow-dong-chay-p140416370.html?spid=140416372,False
KAG_109017985,"Sách Thiên Tài Bên Trái, Kẻ Điên Bên Phải (Tái Bản)",107400.0,179000.0,0.4,27270,4.8,Sách tiếng Việt,Kaggle,Tiki,https://tiki.vn/sach-thien-tai-ben-trai-ke-dien-ben-phai-tai-ban-p109017985.html?spid=109017987,False
KAG_76013378,Sách Storytelling With Data - Kể Chuyện Thông Qua Dữ Liệu (Cuốn Cẩm Nang Hướng Dẫn Trực Quan Hóa Dữ Liệu),204200.0,319000.0,0.36,12892,5.0,Sách tiếng Việt,Kaggle,Tiki,https://tiki.vn/sach-storytelling-with-data-ke-chuyen-thong-qua-du-lieu-cuon-cam-nang-huong-dan-truc-quan-hoa-du-lieu-p76013378.html?spid=76013379,False
KAG_59511811,Sách Dấu Chân Trên Cát - Nguyên Phong (Tái Bản 2020),111000.0,148000.0,0.25,5515,4.8,Sách tiếng Việt,Kaggle,Tiki,https://tiki.vn/sach-dau-chan-tren-cat-nguyen-phong-tai-ban-2020-p59511811.html?spid=59511812,False
KAG_56609155,Sách Trường Ca Achilles (Quà Tặng Kèm: 01 Bookmark + 01 Phụ Lục),124800.0,156000.0,0.2,4243,5.0,Sách tiếng Việt,Kaggle,Tiki,https://tiki.vn/sach-truong-ca-achilles-qua-tang-kem-01-bookmark-01-phu-luc-p56609155.html?spid=56609156,False
KAG_52789367,Sách Nhà Giả Kim (Tái Bản),78000.0,95000.0,0.18,40478,5.0,Sách tiếng Việt,Kaggle,Tiki,https://tiki.vn/sach-nha-gia-kim-tai-ban-2020-p52789367.html?spid=52789368,False
KAG_17493916,Sách Luyện Nói Tiếng Trung Quốc Cấp Tốc Cho Người Bắt Đầu - Tập 1 (Kèm file MP3) (Tái Bản),140000.0,168000.0,0.17,1032,5.0,Sách tiếng Việt,Kaggle,Tiki,https://tiki.vn/sach-luyen-noi-tieng-trung-quoc-cap-toc-cho-nguoi-bat-dau-tap-1-kem-file-mp3-tai-ban-p17493916.html?spid=17493917,False
KAG_7953305,"Combo Tổng Hợp Chuyên Đề Trọng Tâm Thi Vào 10 Chuyên
Và Học Sinh Giỏi Toán 9",222000.0,318000.0,0.3,2081,4.8,Sách tiếng Việt,Kaggle,Tiki,https://tiki.vn/combo-tong-hop-chuyen-de-trong-tam-thi-vao-10-chuyen-va-hoc-sinh-gioi-toan-9-p7953305.html?spid=7953306,False
KAG_7833728,Sách Dạy Con Làm Giàu (Tập 1) - Để Không Có Tiền Vẫn Tạo Ra Tiền - Cha Giàu Cha Nghèo (Tái Bản),63000.0,80000.0,0.21,38587,4.8,Sách tiếng Việt,Kaggle,Tiki,https://tiki.vn/sach-day-con-lam-giau-tap-1-de-khong-co-tien-van-tao-ra-tien-cha-giau-cha-ngheo-tai-ban-p7833728.html?spid=7833729,False
KAG_4780917,Sách Người Đua Diều (Tái Bản),99330.0,150000.0,0.34,23242,4.8,Sách tiếng Việt,Kaggle,Tiki,https://tiki.vn/sach-nguoi-dua-dieu-tai-ban-2018-p4780917.html?spid=4781791,False
KAG_279322060,Bộ Sách Tham Khảo Trí Tuệ Nhân Tạo - Lớp 1-12 (Trọn Bộ/Lẻ),36000.0,36000.0,0.0,30,5.0,Sách tiếng Việt,Kaggle,Tiki,https://tiki.vn/sach-bo-sach-tri-tue-nhan-tao-lop-1-12-tron-bo-le-p279322060.html?spid=279322078,False
KAG_279298520,"Sách Tớ, Cậu và Những Điều Lấp Lánh",94500.0,135000.0,0.3,32,5.0,Sách tiếng Việt,Kaggle,Tiki,https://tiki.vn/sach-to-cau-va-nhung-dieu-lap-lanh-p279298520.html?spid=279299007,False
KAG_279120672,Sách Codename Anastasia (Tập 2),157500.0,225000.0,0.3,84,4.7,Sách tiếng Việt,Kaggle,Tiki,https://tiki.vn/sach-codename-anastasia-tap-2-p279120672.html?spid=279120970,False
KAG_279082305,Spy X Family - Tập 14,27000.0,30000.0,0.1,69,5.0,Sách tiếng Việt,Kaggle,Tiki,https://tiki.vn/spy-x-family-tap-14-tang-kem-standee-pvc-p279082305.html?spid=279082306,False
KAG_278874643,Sách Đại Pháp Sư Của Thư Viện [Chọn Tập Lẻ,42750.0,45000.0,0.05,195,5.0,Sách tiếng Việt,Kaggle,Tiki,https://tiki.vn/sach-dai-phap-su-cua-thu-vien-chon-tap-le-p278874643.html?spid=278967390,False
KAG_278836816,Lời Thì Thầm Tinh Tú – Star Whispers (Bộ Bài Và Sách Hướng Dẫn),240000.0,300000.0,0.2,35,5.0,Sách tiếng Việt,Kaggle,Tiki,https://tiki.vn/loi-thi-tham-tinh-tu-star-whispers-bo-bai-va-sach-huong-dan-p278836816.html?spid=278836817,False
KAG_278788075,Sách Những Ngày Thường Bất Ổn Của Yano [Chọn Tập Lẻ,42750.0,45000.0,0.05,80,4.1,Sách tiếng Việt,Kaggle,Tiki,https://tiki.vn/sach-nhung-ngay-thuong-bat-on-cua-yano-chon-tap-le-p278788075.html?spid=279559060,False
KAG_278690058,"Combo 3 Cuốn Destination Grammar & Vocabulary B1, B2, C1&C2 (Kèm Đáp Án)",492000.0,615000.0,0.2,93,5.0,Sách tiếng Việt,Kaggle,Tiki,https://tiki.vn/combo-3-cuo-n-destination-grammar-vocabulary-b1-b2-c1-c2-kem-dap-an-p278690058.html?spid=278690059,False
KAG_278602020,Sách Kẹo Dâu Tây Và Tiểu Tiên Nữ Của Anh – Tập 2,137200.0,196000.0,0.3,116,5.0,Sách tiếng Việt,Kaggle,Tiki,https://tiki.vn/sach-keo-dau-tay-va-tieu-tien-nu-cua-anh-tap-2-p278602020.html?spid=278603623,False
KAG_278489406,Sách Tôi Thấy Hoa Vàng Trên Cỏ Xanh (Khổ Nhỏ),66300.0,80000.0,0.17,42,5.0,Sách tiếng Việt,Kaggle,Tiki,https://tiki.vn/sach-toi-thay-hoa-vang-tren-co-xanh-kho-nho-p278489406.html?spid=278489409,False
KAG_278094949,Sách Giải Thích Ngữ Pháp Tiếng Anh (Ấn Phẩm Mới),146300.0,190000.0,0.23,353,5.0,Sách tiếng Việt,Kaggle,Tiki,https://tiki.vn/sach-giai-thich-ngu-phap-tieng-anh-an-pham-moi-p278094949.html?spid=278094950,False
KAG_278070702,Sách Anh Em Bình Thường - Trận Chiến Đi Trước Một Bước,47500.0,75000.0,0.37,65,0.0,Sách tiếng Việt,Kaggle,Tiki,https://tiki.vn/sach-anh-em-binh-thuong-p278070702.html?spid=278070864,False
KAG_277447120,[5 REAMS] Thùng 5 Ream Giấy A4 Deli Giấy In Photo Copy 70gsm Chính Hãng Loại Dày 2500 Tờ Chống Lóa Giấy Mắt,621000.0,621000.0,0.0,112,5.0,Sách tiếng Việt,Kaggle,Tiki,https://tiki.vn/thung-5-ream-giay-a4-deli-giay-in-photo-copy-70gsm-chinh-hang-loai-day-ream-500-to-chong-loa-giay-mat-p277447120.html?spid=277447121,True
KAG_276859727,Spy X Family Tập 11 (Bản Thường),28500.0,30000.0,0.05,93,5.0,Sách tiếng Việt,Kaggle,Tiki,https://tiki.vn/spy-x-family-tap-11-ban-thuong-tang-kem-standee-pvc-p276859727.html?spid=276859728,False
KAG_276653136,Sách Hồ Điệp Và Kình Ngư,106700.0,155000.0,0.31,96,4.7,Sách tiếng Việt,Kaggle,Tiki,https://tiki.vn/sach-ho-diep-va-kinh-ngu-p276653136.html?spid=276653137,False
KAG_276613280,Sách Tục Ngữ Phong Dao (Theo bản in của Mặc Lâm năm 1967),106300.0,145000.0,0.27,29,5.0,Sách tiếng Việt,Kaggle,Tiki,https://tiki.vn/sach-tuc-ngu-phong-dao-theo-ban-in-cua-mac-lam-nam-1967-p276613280.html?spid=276613282,False
KAG_276377311,Sách Ông trăm tuổi tái xuất và giải cứu thế giới (Jonas Jonasson),158000.0,190000.0,0.17,556,4.8,Sách tiếng Việt,Kaggle,Tiki,https://tiki.vn/sach-ong-tram-tuoi-tai-xuat-va-giai-cuu-the-gioi-jonas-jonasson-p276377311.html?spid=276377312,False
KAG_275406600,Sách Dẫn Dắt Một Bầy Sói Hay Chăn Một Đàn Cừu,126300.0,195000.0,0.35,3134,4.7,Sách tiếng Việt,Kaggle,Tiki,https://tiki.vn/sach-dan-dat-mot-bay-soi-hay-chan-mot-dan-cuu-p275406600.html?spid=275406603,False
KAG_274728364,Sách Đại Việt Sử Ký Toàn Thư,188800.0,275000.0,0.31,699,4.8,Sách tiếng Việt,Kaggle,Tiki,https://tiki.vn/sach-dai-viet-su-ky-toan-thu-p274728364.html?spid=274728367,False
KAG_271411085,"Sách Nói Sao Cho Trẻ Chịu Nghe, Nghe Sao Cho Trẻ Chịu Nói (TB)",157500.0,225000.0,0.3,215,5.0,Sách tiếng Việt,Kaggle,Tiki,https://tiki.vn/sach-noi-sao-cho-tre-chiu-nghe-nghe-sao-cho-tre-chiu-noi-tb-p271411085.html?spid=271411086,False
KAG_270837098,Quốc Kì Các Nước Trên Thế Giới - Sách Dán Hình Thông Minh Kèm Bản Đồ Thế Giới- Với Hơn 400 Lá Cờ Bóc Dán,45800.0,65000.0,0.3,86,4.8,Sách tiếng Việt,Kaggle,Tiki,https://tiki.vn/quoc-ki-cac-nuoc-tren-the-gioi-sach-dan-hinh-thong-minh-kem-ban-do-the-gioi-voi-hon-400-la-co-boc-dan-p270837098.html?spid=270837099,False
KAG_270438217,Sách Maurice,88000.0,120000.0,0.27,114,4.8,Sách tiếng Việt,Kaggle,Tiki,https://tiki.vn/sach-maurice-p270438217.html?spid=270438218,False
KAG_243006533,Sách Britt-Marie Đã Ở Đây (Fredrid Backman),139000.0,165000.0,0.16,945,5.0,Sách tiếng Việt,Kaggle,Tiki,https://tiki.vn/sach-britt-marie-da-o-day-fredrid-backman-p243006533.html?spid=243006534,False
KAG_242425015,Sách Không Bao Giờ Là Thất Bại! Tất Cả Là Thử Thách (Bìa Mềm),160160.0,208000.0,0.23,706,4.8,Sách tiếng Việt,Kaggle,Tiki,https://tiki.vn/sach-khong-bao-gio-la-that-bai-tat-ca-la-thu-thach-bia-mem-p242425015.html?spid=242425016,False
KAG_204000450,Combo Sách Giáo Trình Chuẩn HSK 1 - Sách Bài Học Và Bài Tập (Bộ 2 Cuốn),284800.0,356000.0,0.2,1944,5.0,Sách tiếng Việt,Kaggle,Tiki,https://tiki.vn/combo-sach-giao-trinh-chuan-hsk-1-sach-bai-hoc-va-bai-tap-bo-2-cuon-p204000450.html?spid=204000451,False
KAG_200851515,"Sách Dọn đường tâm lý, thuyết phục chắc thắng",133000.0,160000.0,0.17,124,5.0,Sách tiếng Việt,Kaggle,Tiki,https://tiki.vn/sach-don-duong-tam-ly-thuyet-phuc-chac-thang-p200851515.html?spid=200851516,False
KAG_191782162,Sách Trên Đường Băng (Tony Buổi Sáng),80000.0,105000.0,0.24,2506,5.0,Sách tiếng Việt,Kaggle,Tiki,https://tiki.vn/sach-tren-duong-bang-tony-buoi-sang-p191782162.html?spid=191782164,False
KAG_190707619,Sách Của Chuột Và Người,63000.0,90000.0,0.3,732,4.8,Sách tiếng Việt,Kaggle,Tiki,https://tiki.vn/sach-cua-chuot-va-nguoi-p190707619.html?spid=190707623,False
KAG_190238356,Sách Kỷ Luật Bản Thân,156400.0,239000.0,0.35,3966,4.7,Sách tiếng Việt,Kaggle,Tiki,https://tiki.vn/sach-ky-luat-ban-than-p190238356.html?spid=190238357,False
KAG_161008715,Sách Power Vs Force - Trường Năng Lượng Và Những Nhân Tố Quyết Định Hành Vi Của Con Người (Tái Bản),158200.0,219000.0,0.28,7245,5.0,Sách tiếng Việt,Kaggle,Tiki,https://tiki.vn/sach-power-vs-force-truong-nang-luong-va-nhung-nhan-to-quyet-dinh-hanh-vi-cua-con-nguoi-tai-ban-p161008715.html?spid=161008716,False
KAG_113530805,Sách Tuổi Trẻ Đáng Giá Bao Nhiêu (Tái Bản),83160.0,145000.0,0.43,12444,4.8,Sách tiếng Việt,Kaggle,Tiki,https://tiki.vn/sach-tuoi-tre-dang-gia-bao-nhieu-tai-ban-p113530805.html?spid=113530807,False
KAG_110883359,Sách Lũ Người Quỷ Ám,337500.0,450000.0,0.25,692,4.5,Sách tiếng Việt,Kaggle,Tiki,https://tiki.vn/sach-lu-nguoi-quy-am-p110883359.html?spid=110883360,False
KAG_82912488,Sách Từ Tốt Đến Vĩ Đại (Tái bản),109000.0,130000.0,0.16,11705,5.0,Sách tiếng Việt,Kaggle,Tiki,https://tiki.vn/sach-tu-tot-den-vi-dai-tai-ban-2021-p82912488.html?spid=88911710,False
KAG_75307228,Sách OSHO Yêu - Being In Love - Yêu Trong Tỉnh Thức,117600.0,168000.0,0.3,14925,5.0,Sách tiếng Việt,Kaggle,Tiki,https://tiki.vn/sach-osho-yeu-being-in-love-yeu-trong-tinh-thuc-p75307228.html?spid=75307229,False
KAG_72459686,Sách How Psychology Works - Hiểu Hết Về Tâm Lý Học,273350.0,355000.0,0.23,16504,4.8,Sách tiếng Việt,Kaggle,Tiki,https://tiki.vn/sach-how-psychology-works-hieu-het-ve-tam-ly-hoc-p72459686.html?spid=72459687,False
KAG_17336364,Sách Phía Sau Nghi Can X (Tái Bản),99330.0,129000.0,0.23,19482,4.8,Sách tiếng Việt,Kaggle,Tiki,https://tiki.vn/sach-phia-sau-nghi-can-x-tai-ban-2019-p17336364.html?spid=17336365,False
KAG_10392851,Sách Tôi Thấy Hoa Vàng Trên Cỏ Xanh,124000.0,150000.0,0.17,7639,5.0,Sách tiếng Việt,Kaggle,Tiki,https://tiki.vn/sach-toi-thay-hoa-vang-tren-co-xanh-p10392851.html?spid=39152601,False
KAG_8234989,Sách Ticket To Childhood,80000.0,100000.0,0.2,740,4.8,Sách tiếng Việt,Kaggle,Tiki,https://tiki.vn/sach-ticket-to-childhood-p8234989.html?spid=8234990,False
KAG_595726,Sách Giáo Trình Chuẩn HSK 4 Bài Học (Tập 2),197000.0,238000.0,0.17,2407,5.0,Sách tiếng Việt,Kaggle,Tiki,https://tiki.vn/sach-giao-trinh-chuan-hsk-4-bai-hoc-tap-2-p595726.html?spid=595744,False
KAG_347334,Sách Có Hai Con Mèo Ngồi Bên Cửa Sổ,80000.0,100000.0,0.2,24607,4.7,Sách tiếng Việt,Kaggle,Tiki,https://tiki.vn/sach-co-hai-con-meo-ngoi-ben-cua-so-p347334.html?spid=39001,False
KAG_279375972,Sách Trái Dấu Hút Nhau (Chọn lẻ),55000.0,55000.0,0.0,92,4.8,Sách tiếng Việt,Kaggle,Tiki,https://tiki.vn/sach-trai-dau-hut-nhau-chon-le-p279375972.html?spid=279533752,False
KAG_279368485,Sách Đừng Động Vào Cún Con - Tập 3,125300.0,179000.0,0.3,45,5.0,Sách tiếng Việt,Kaggle,Tiki,https://tiki.vn/sach-dung-dong-vao-cun-con-tap-3-p279368485.html?spid=279368603,False
KAG_279236314,"Sách Giáo Trình Chuẩn HSK - Bài học và Bài Tập: HSK 1, HSK 2, HSK 3",125800.0,148000.0,0.15,7,5.0,Sách tiếng Việt,Kaggle,Tiki,https://tiki.vn/sach-bo-giao-trinh-chuan-hsk-bai-hoc-va-bai-tap-hsk-1-hsk-2-hsk-3-p279236314.html?spid=279236320,False
KAG_279019397,Khoa học khám phá. Nguồn gốc thời gian: Lý thuyết cuối cùng của Stephen Hawking,161000.0,210000.0,0.23,48,5.0,Sách tiếng Việt,Kaggle,Tiki,https://tiki.vn/khoa-hoc-kham-pha-nguon-goc-thoi-gian-ly-thuyet-cuoi-cung-cua-stephen-hawking-p279019397.html?spid=279019399,False
KAG_278859517,Sách Thương Tiến Tửu,113300.0,169000.0,0.33,134,5.0,Sách tiếng Việt,Kaggle,Tiki,https://tiki.vn/sach-thuong-tien-tuu-tap-7-p278859517.html?spid=278859614,False
KAG_278694957,Sách Thành Phố Và Những Bức Tường Bất Định,238700.0,310000.0,0.23,344,5.0,Sách tiếng Việt,Kaggle,Tiki,https://tiki.vn/sach-thanh-pho-va-nhung-buc-tuong-bat-dinh-p278694957.html?spid=278694959,False
KAG_278638861,Sách IELTS Writing: Viết Luận “Chất Như Nước Cất”,148900.0,219000.0,0.32,151,5.0,Sách tiếng Việt,Kaggle,Tiki,https://tiki.vn/sach-ielts-writing-viet-luan-chat-nhu-nuoc-cat-p278638861.html?spid=278638863,False
KAG_278602011,Sách Thứ Kình - Về Bên Anh,133400.0,199000.0,0.33,28,5.0,Sách tiếng Việt,Kaggle,Tiki,https://tiki.vn/sach-thu-kinh-ve-ben-anh-p278602011.html?spid=278601992,False
KAG_278495084,Sách Kỹ Năng Phòng Tránh Bắt Nạt Và Bạo Lực Học Đường,30204.0,38000.0,0.21,103,5.0,Sách tiếng Việt,Kaggle,Tiki,https://tiki.vn/sach-ky-nang-phong-tranh-bat-nat-va-bao-luc-hoc-duong-p278495084.html?spid=278495101,False
KAG_278279383,Sách Trong Gia Đình,87000.0,120000.0,0.28,39,0.0,Sách tiếng Việt,Kaggle,Tiki,https://tiki.vn/sach-trong-gia-dinh-p278279383.html?spid=278279384,False
KAG_278242178,Tủ sách vui để học - Sách tô màu - Dòng sách cầm tay,91000.0,128000.0,0.29,6,0.0,Sách tiếng Việt,Kaggle,Tiki,https://tiki.vn/tu-sach-vui-de-hoc-sach-to-mau-dong-sach-cam-tay-p278242178.html?spid=278253062,False
KAG_278159185,Sách Em học cách quản lí cảm xúc của mình,16400.0,25000.0,0.34,31,0.0,Sách tiếng Việt,Kaggle,Tiki,https://tiki.vn/sach-em-hoc-cach-quan-li-cam-xuc-cua-minh-p278159185.html?spid=278159196,False
KAG_278128712,Sách Bồi Dưỡng Tính Cách Tự Tin Và Mạnh Mẽ Cho Trẻ,23400.0,32000.0,0.27,13,0.0,Sách tiếng Việt,Kaggle,Tiki,https://tiki.vn/sach-boi-duong-tinh-cach-tu-tin-va-manh-me-cho-tre-p278128712.html?spid=278128885,False
KAG_278119757,Sách Mossad: Chiến Dịch Tình Báo Huyền Thoại - Những Điệp Vụ Kinh Điển Làm Rúng Động Thế Giới,159700.0,229000.0,0.3,227,4.6,Sách tiếng Việt,Kaggle,Tiki,https://tiki.vn/sach-mossad-chien-dich-tinh-bao-huyen-thoai-nhung-diep-vu-kinh-dien-lam-rung-dong-the-gioi-p278119757.html?spid=278119758,False
KAG_277165432,"Sách Hành Lang Hẹp - Nhà Nước, Xã Hội Và Vận Mệnh Của Tự Do",313000.0,397000.0,0.21,598,5.0,Sách tiếng Việt,Kaggle,Tiki,https://tiki.vn/sach-hanh-lang-hep-nha-nuoc-xa-hoi-va-van-menh-cua-tu-do-p277165432.html?spid=277174313,False
KAG_276933751,Combo Giáo Trình Chuẩn YCT 2 - Sách Bài Học và Bài tập (Bộ 2 cuốn),180000.0,216000.0,0.17,243,0.0,Sách tiếng Việt,Kaggle,Tiki,https://tiki.vn/combo-giao-trinh-chuan-yct-2-sach-bai-hoc-va-bai-tap-bo-2-cuon-p276933751.html?spid=276949266,False
KAG_276928994,Bộ Sách Móng Vuốt Quạ Đen,88000.0,120000.0,0.27,222,5.0,Sách tiếng Việt,Kaggle,Tiki,https://tiki.vn/bo-sach-mong-vuot-qua-den-p276928994.html?spid=276930833,False
KAG_276718105,Sách Ngữ Pháp Tiếng Anh Tối Giản dành cho người mới bắt đầu - Tác giả BS. Đỗ Trung Kiên,99000.0,196000.0,0.49,611,5.0,Sách tiếng Việt,Kaggle,Tiki,https://tiki.vn/sach-ngu-phap-tieng-anh-toi-gian-danh-cho-nguoi-moi-bat-dau-tac-gia-bs-do-trung-kien-p276718105.html?spid=276718106,False
KAG_276388548,Sách Tư Duy Nhanh Và Chậm (Tái Bản),188700.0,269000.0,0.3,3905,4.7,Sách tiếng Việt,Kaggle,Tiki,https://tiki.vn/sach-tu-duy-nhanh-va-cham-tai-ban-p276388548.html?spid=214186190,False
KAG_275928713,Sách Đọc Vị Mọi Vấn Đề Của Trẻ - Giải Mã Mọi Vấn Đề Về Nuôi Con Nhỏ: Ăn - Ngủ - Kỷ Luật Hành Vi,165000.0,239000.0,0.31,691,5.0,Sách tiếng Việt,Kaggle,Tiki,https://tiki.vn/sach-doc-vi-moi-van-de-cua-tre-giai-ma-moi-van-de-ve-nuoi-con-nho-an-ngu-ky-luat-hanh-vi-p275928713.html?spid=275928716,False
KAG_275043092,Sách Đầu Tư Vào Vàng - Khoản Đầu Tư Tuyệt Đối An Toàn Thiết Yếu Cho Mỗi Danh Mục Đầu Tư (Jonathan Spall),108000.0,159000.0,0.32,313,4.6,Sách tiếng Việt,Kaggle,Tiki,https://tiki.vn/sach-dau-tu-vao-vang-khoan-dau-tu-tuyet-doi-an-toan-thiet-yeu-cho-moi-danh-muc-dau-tu-jonathan-spall-p275043092.html?spid=275303053,False
KAG_273844978,Sách Thao Túng Tâm Lý,110600.0,169000.0,0.35,16090,4.7,Sách tiếng Việt,Kaggle,Tiki,https://tiki.vn/sach-thao-tung-tam-ly-p273844978.html?spid=167940011,False
KAG_272058579,Sách Basic Ielts Listening (Quét Mã QR Để Nghe File MP3),206000.0,248000.0,0.17,252,4.5,Sách tiếng Việt,Kaggle,Tiki,https://tiki.vn/sach-basic-ielts-listening-quet-ma-qr-de-nghe-file-mp3-p272058579.html?spid=272058580,False
KAG_272003238,Nụ hôn tinh nghịch,84000.0,90000.0,0.07,279,5.0,Sách tiếng Việt,Kaggle,Tiki,https://tiki.vn/nu-hon-tinh-nghich-p272003238.html?spid=275363421,False
KAG_271219230,Sách Chiến tranh không có một khuôn mặt phụ nữ (Tái bản),126000.0,180000.0,0.3,1307,4.7,Sách tiếng Việt,Kaggle,Tiki,https://tiki.vn/sach-chien-tranh-khong-co-mot-khuon-mat-phu-nu-tai-ban-p271219230.html?spid=271219231,False
KAG_205148094,Sách Cánh Cửa Mở Rộng -Thần Thoại Sisyphus,78000.0,95000.0,0.18,851,5.0,Sách tiếng Việt,Kaggle,Tiki,https://tiki.vn/sach-canh-cua-mo-rong-than-thoai-sisyphus-p205148094.html?spid=205148095,False
KAG_176909246,Sách Bí Quyết Bấm Huyệt Chữa Bệnh,137060.0,178000.0,0.23,1222,4.8,Sách tiếng Việt,Kaggle,Tiki,https://tiki.vn/sach-bi-quyet-bam-huyet-chua-benh-p176909246.html?spid=176909247,False
KAG_176909221,Sách Ngôi Nhà Bên Bờ Biển Xanh Thẳm,139300.0,199000.0,0.3,3895,5.0,Sách tiếng Việt,Kaggle,Tiki,https://tiki.vn/sach-ngoi-nha-ben-bo-bien-xanh-tham-p176909221.html?spid=176909223,False
KAG_160585832,Sách Veil – Sắc Trắng Yêu Kiều - Tập 3 (Tặng Kèm Postcard),88000.0,109000.0,0.19,1012,5.0,Sách tiếng Việt,Kaggle,Tiki,https://tiki.vn/sach-veil-sac-trang-yeu-kieu-tap-3-tang-kem-postcard-p160585832.html?spid=160585833,False
KAG_76175345,Sách Ăn Theo Nhóm Máu,133000.0,199000.0,0.33,940,4.8,Sách tiếng Việt,Kaggle,Tiki,https://tiki.vn/sach-an-theo-nhom-mau-p76175345.html?spid=76175346,False
KAG_56750844,Sách Tiểu Sử Steve Jobs (Tái Bản 2020),291850.0,449000.0,0.35,1902,4.8,Sách tiếng Việt,Kaggle,Tiki,https://tiki.vn/sach-tieu-su-steve-jobs-tai-ban-2020-p56750844.html?spid=56750845,False
KAG_55319105,Sách Những Quy Luật Của Bản Chất Con Người,236000.0,300000.0,0.21,7651,4.8,Sách tiếng Việt,Kaggle,Tiki,https://tiki.vn/sach-nhung-quy-luat-cua-ban-chat-con-nguoi-p55319105.html?spid=55319106,False
KAG_54266567,Sách Nghĩ Giàu Và Làm Giàu (Bìa Mềm),84700.0,110000.0,0.23,14566,5.0,Sách tiếng Việt,Kaggle,Tiki,https://tiki.vn/sach-nghi-giau-va-lam-giau-bia-mem-p54266567.html?spid=54266568,False
KAG_32219488,Sách Doanh Nghiệp Của Thế Kỷ 21 (Tái Bản 2019),84000.0,100000.0,0.16,5573,4.8,Sách tiếng Việt,Kaggle,Tiki,https://tiki.vn/sach-doanh-nghiep-cua-the-ky-21-tai-ban-2019-p32219488.html?spid=33095730,False
KAG_24490036,Sách Tại Sao Phương Tây Vượt Trội,311100.0,468000.0,0.34,4147,4.7,Sách tiếng Việt,Kaggle,Tiki,https://tiki.vn/sach-tai-sao-phuong-tay-vuot-troi-p24490036.html?spid=24490037,False
KAG_20611171,Combo Tý Quậy ( 10 tập ),300000.0,400000.0,0.25,254,4.7,Sách tiếng Việt,Kaggle,Tiki,https://tiki.vn/combo-ty-quay-10-tap-p20611171.html?spid=20611172,False
KAG_15267827,Sách Hoàng Tử Bé (Tái Bản),74000.0,86000.0,0.14,27117,5.0,Sách tiếng Việt,Kaggle,Tiki,https://tiki.vn/sach-hoang-tu-be-tai-ban-2019-p15267827.html?spid=15267828,False
KAG_7496289,Sách Sơn Nam - Lịch Sử Khẩn Hoang Miền Nam (Tái Bản),91950.0,115000.0,0.2,1005,4.8,Sách tiếng Việt,Kaggle,Tiki,https://tiki.vn/sach-son-nam-lich-su-khan-hoang-mien-nam-tai-ban-p7496289.html?spid=7496291,False
KAG_3102749,Sách Bất Động Sản Căn Bản (Tái Bản 2018),129300.0,199000.0,0.35,2718,4.7,Sách tiếng Việt,Kaggle,Tiki,https://tiki.vn/sach-bat-dong-san-can-ban-tai-ban-2018-p3102749.html?spid=3147817,False
KAG_638185,Sách Tự Học Đột Phá - Kĩ Năng Viết Lại Câu Tiếng Anh,97000.0,139000.0,0.3,4048,4.8,Sách tiếng Việt,Kaggle,Tiki,https://tiki.vn/sach-tu-hoc-dot-pha-ki-nang-viet-lai-cau-tieng-anh-p638185.html?spid=638186,False
KAG_278916774,Doraemon Movie Story Màu - Phiên Bản Mới: Nobita Thám Hiểm Vùng Đất Mới,33250.0,35000.0,0.05,19,0.0,Sách tiếng Việt,Kaggle,Tiki,https://tiki.vn/doraemon-movie-story-mau-phien-ban-moi-nobita-tham-hiem-vung-dat-moi-p278916774.html?spid=278916775,False
KAG_279349882,Sách Dấu Ấn Hoàng Gia - Tập 53 ,28500.0,30000.0,0.05,270,5.0,Sách tiếng Việt,Kaggle,Tiki,https://tiki.vn/sach-dau-an-hoang-gia-tap-53-p279349882.html?spid=279349884,False
KAG_278916767,Thám Tử Lừng Danh Conan Hoạt Hình Màu: Tàu Ngầm Sắt Màu Đen,57000.0,60000.0,0.05,23,0.0,Sách tiếng Việt,Kaggle,Tiki,https://tiki.vn/tham-tu-lung-danh-conan-hoat-hinh-mau-tau-ngam-sat-mau-den-p278916767.html?spid=278916865,False
KAG_49884647,Combo Thám Tử Lừng Danh Conan Tập 11 - 20 (Bộ 10 cuốn),240000.0,250000.0,0.04,986,5.0,Sách tiếng Việt,Kaggle,Tiki,https://tiki.vn/combo-tham-tu-lung-danh-conan-tap-11-20-bo-10-cuon-p49884647.html?spid=58806026,False
KAG_275490886,Asari - Cô Bé Tinh Nghịch Tập 21 – Tập 30 [Tái Bản 2024,23750.0,25000.0,0.05,38,4.5,Sách tiếng Việt,Kaggle,Tiki,https://tiki.vn/asari-co-be-tinh-nghich-tap-21-tap-30-tai-ban-2024-p275490886.html?spid=275491509,False
KAG_278892518,Sách Chàng Đầu Gấu Và Cô Nàng Khiếm Thị [Chọn Tập Lẻ,42750.0,45000.0,0.05,26,0.0,Sách tiếng Việt,Kaggle,Tiki,https://tiki.vn/sach-chang-dau-gau-va-co-nang-khiem-thi-tap-1-tang-kem-standee-bap-benh-p278892518.html?spid=279185689,False
KAG_22169380,Doraemon Plus Tập 3 (Tái Bản),20900.0,22000.0,0.05,459,5.0,Sách tiếng Việt,Kaggle,Tiki,https://tiki.vn/doraemon-plus-tap-3-tai-ban-p22169380.html?spid=22169381,False
KAG_270465777,Shin - Cậu Bé Bút Chì - Tập 27,23750.0,25000.0,0.05,30,5.0,Sách tiếng Việt,Kaggle,Tiki,https://tiki.vn/shin-cau-be-but-chi-tap-27-p270465777.html?spid=270465780,False
KAG_270788995,Shin - Cậu Bé Bút Chì Truyện Dài Tập 1: Cuộc Giao Tranh Thời Chiến Quốc,23750.0,25000.0,0.05,32,4.8,Sách tiếng Việt,Kaggle,Tiki,https://tiki.vn/shin-cau-be-but-chi-truyen-dai-tap-1-cuoc-giao-tranh-thoi-chien-quoc-p270788995.html?spid=270788998,False
KAG_276379811,Series các tập WIND BREAKER,42000.0,45000.0,0.07,402,5.0,Sách tiếng Việt,Kaggle,Tiki,https://tiki.vn/series-cac-tap-wind-breaker-p276379811.html?spid=276379814,False
KAG_11806673,Combo Doraemon Tuyển Tập Theo Chủ Đề (10 Cuốn),340000.0,350000.0,0.03,248,5.0,Sách tiếng Việt,Kaggle,Tiki,https://tiki.vn/combo-doraemon-tuyen-tap-theo-chu-de-10-cuon-p11806673.html?spid=11806674,False
KAG_279374423,Sách Dấu Ấn Hoàng Gia - Tập 56 [Tặng Kèm Postcard] ,27000.0,30000.0,0.1,156,5.0,Sách tiếng Việt,Kaggle,Tiki,https://tiki.vn/dau-an-hoang-gia-tap-56-tang-kem-postcard-p279374423.html?spid=279374425,False
KAG_278602027,Mùa Xuân Của Cô Nàng Sắt Đá,59500.0,85000.0,0.3,16,5.0,Sách tiếng Việt,Kaggle,Tiki,https://tiki.vn/mua-xuan-cua-co-nang-sat-da-p278602027.html?spid=278603273,False
KAG_215983672,Combo Doraemon Tuyển Tập Tranh Truyện Màu (6 Tập),285000.0,300000.0,0.05,158,4.8,Sách tiếng Việt,Kaggle,Tiki,https://tiki.vn/combo-doraemon-tuyen-tap-tranh-truyen-mau-6-tap-p215983672.html?spid=215983673,False
KAG_279286655,Sách - Hikaru - Kì Thủ Cờ Vây - Ultimate Edition - Tập 3 - Tặng Kèm Character Card,78400.0,80000.0,0.02,23,5.0,Sách tiếng Việt,Kaggle,Tiki,https://tiki.vn/sach-hikaru-ki-thu-co-vay-ultimate-edition-tap-3-tang-kem-character-card-p279286655.html?spid=279286656,False
KAG_278706972,Combo Itto – Sóng Gió Cầu Trường (26 Tập),617500.0,650000.0,0.05,61,5.0,Sách tiếng Việt,Kaggle,Tiki,https://tiki.vn/combo-itto-song-gio-cau-truong-26-tap-p278706972.html?spid=278706973,True
KAG_276106321,Thám Tử Lừng Danh Conan Tập 103,23750.0,25000.0,0.05,581,5.0,Sách tiếng Việt,Kaggle,Tiki,https://tiki.vn/tham-tu-lung-danh-conan-tap-103-p276106321.html?spid=276106324,False
KAG_278520724,Hell Mode (Manga) - Triệu Hồi Sư Khởi Nguyên,39600.0,44000.0,0.1,27,5.0,Sách tiếng Việt,Kaggle,Tiki,https://tiki.vn/hell-mode-manga-trieu-hoi-su-khoi-nguyen-p278520724.html?spid=279165349,False
KAG_279258707,Sách Dấu Ấn Hoàng Gia – Tập 44,28500.0,30000.0,0.05,263,5.0,Sách tiếng Việt,Kaggle,Tiki,https://tiki.vn/sach-dau-an-hoang-gia-tap-44-p279258707.html?spid=279258710,False
KAG_274919299,Shin - Cậu Bé Bút Chì - Đặc Biệt Tập 7 [Tái Bản 2024],24500.0,25000.0,0.02,7,0.0,Sách tiếng Việt,Kaggle,Tiki,https://tiki.vn/shin-cau-be-but-chi-dac-biet-tap-7-tai-ban-2024-p274919299.html?spid=274919301,False
KAG_171876684,Dragon Ball Super - Tập 9: Tàn Cuộc (Tái Bản 2022),28500.0,30000.0,0.05,132,5.0,Sách tiếng Việt,Kaggle,Tiki,https://tiki.vn/dragon-ball-super-tap-9-tan-cuoc-tai-ban-2022-p171876684.html?spid=171876685,False
KAG_279235206,Sách Thiên Sứ Nhà Bên ~ After The Rain (Truyện Tranh) [Chọn Tập,42750.0,45000.0,0.05,12,0.0,Sách tiếng Việt,Kaggle,Tiki,https://tiki.vn/sach-thien-su-nha-ben-after-the-rain-truyen-tranh-chon-tap-p279235206.html?spid=279235318,False
KAG_130230756,Combo Trọn Bộ 31 Tập: Siêu Quậy Teppei,736250.0,775000.0,0.05,340,5.0,Sách tiếng Việt,Kaggle,Tiki,https://tiki.vn/combo-tron-bo-31-tap-sieu-quay-teppei-p130230756.html?spid=130230757,True
KAG_279185704,Sách Cuốn Từ Điển Kì Bí,23750.0,25000.0,0.05,121,5.0,Sách tiếng Việt,Kaggle,Tiki,https://tiki.vn/sach-cuon-tu-dien-ki-bi-p279185704.html?spid=279185715,False
KAG_273219140,Series các tập  Banana Fish,43000.0,45000.0,0.04,85,5.0,Sách tiếng Việt,Kaggle,Tiki,https://tiki.vn/banana-fish-p273219140.html?spid=262875314,False
KAG_247444634,Doraemon Tập 2: Nobita Và Lịch Sử Khai Phá Vũ Trụ (Tái Bản),20900.0,25000.0,0.16,35,0.0,Sách tiếng Việt,Kaggle,Tiki,https://tiki.vn/doraemon-tap-2-nobita-va-lich-su-khai-pha-vu-tru-tai-ban-2023-p247444634.html?spid=247444635,False
KAG_197990871,Doraemon Movie Story: Nobita Và Hòn Đảo Diệu Kì - Cuộc Phiêu Lưu Của Loài Thú,27000.0,30000.0,0.1,362,5.0,Sách tiếng Việt,Kaggle,Tiki,https://tiki.vn/doraemon-movie-story-nobita-va-hon-dao-dieu-ki-cuoc-phieu-luu-cua-loai-thu-p197990871.html?spid=197990872,False
KAG_205299813,"Tashiro, Cậu Đúng Thật Là! - Tập 2",86400.0,109000.0,0.21,338,5.0,Sách tiếng Việt,Kaggle,Tiki,https://tiki.vn/tashiro-cau-dung-that-la-tap-2-p205299813.html?spid=205299814,False
KAG_279112898,One Piece Magazine - Tập 5 [Tặng Kèm Tờ Truy Nã Zoro],123500.0,130000.0,0.05,20,5.0,Sách tiếng Việt,Kaggle,Tiki,https://tiki.vn/one-piece-magazine-tap-5-tang-kem-to-truy-na-zoro-p279112898.html?spid=279112900,False
KAG_270790427,Shin - Cậu Bé Bút Chì - Tập 12,24250.0,25000.0,0.03,21,4.8,Sách tiếng Việt,Kaggle,Tiki,https://tiki.vn/shin-cau-be-but-chi-tap-12-p270790427.html?spid=270790430,False
KAG_277485817,Hội Những Người Thích Ở Nhà,76000.0,80000.0,0.05,74,5.0,Sách tiếng Việt,Kaggle,Tiki,https://tiki.vn/hoi-nhung-nguoi-thich-o-nha-tang-bookmark-khung-anh-p277485817.html?spid=277485819,False
KAG_271782878,Hananoi và Triệu chứng tình yêu,37000.0,40000.0,0.08,459,5.0,Sách tiếng Việt,Kaggle,Tiki,https://tiki.vn/hananoi-va-trieu-chung-tinh-yeu-p271782878.html?spid=272214684,False
KAG_279226139,Combo Truyện Card Captor Sakura - Thẻ Bài Pha Lê ( Trọn Bộ 16 Tập),504000.0,560000.0,0.1,24,5.0,Sách tiếng Việt,Kaggle,Tiki,https://tiki.vn/combo-truyen-card-captor-sakura-the-bai-pha-le-tron-bo-18-tap-p279226139.html?spid=279226140,False
KAG_271537839,Series các tập Nhóc Maruko,38000.0,40000.0,0.05,1204,5.0,Sách tiếng Việt,Kaggle,Tiki,https://tiki.vn/series-cac-tap-nhoc-maruko-p271537839.html?spid=273558891,False
KAG_11713424,Doraemon - Chú Mèo Máy Đến Từ Tương Lai Tập 8 (Tái Bản 2019),23750.0,25000.0,0.05,842,5.0,Sách tiếng Việt,Kaggle,Tiki,https://tiki.vn/doraemon-chu-meo-may-den-tu-tuong-lai-tap-8-tai-ban-2019-p11713424.html?spid=11713425,False
KAG_205336471,Dr.Slump Ultimate Edition - Tập 13,59000.0,60000.0,0.02,417,5.0,Sách tiếng Việt,Kaggle,Tiki,https://tiki.vn/dr-slump-ultimate-edition-tap-13-p205336471.html?spid=205336472,False
KAG_273612689,"Có Chó Có Mèo, Ngày Nào Cũng Vui",33000.0,35000.0,0.06,64,4.8,Sách tiếng Việt,Kaggle,Tiki,https://tiki.vn/co-cho-co-meo-ngay-nao-cung-vui-p273612689.html?spid=273847914,False
KAG_270789906,Shin - Cậu Bé Bút Chì - Tập 29,23750.0,25000.0,0.05,24,5.0,Sách tiếng Việt,Kaggle,Tiki,https://tiki.vn/shin-cau-be-but-chi-tap-29-p270789906.html?spid=270789909,False
KAG_252044267,Spy X Family Tập 8,28500.0,30000.0,0.05,732,5.0,Sách tiếng Việt,Kaggle,Tiki,https://tiki.vn/spy-x-family-tap-8-p252044267.html?spid=252044268,False
KAG_279374419,Sách Nhiệm Vụ Tối Thượng Nhà Yozakura - Tập 26: Taiyo Và Asa ,28500.0,30000.0,0.05,19,0.0,Sách tiếng Việt,Kaggle,Tiki,https://tiki.vn/nhiem-vu-toi-thuong-nha-yozakura-tap-26-taiyo-va-asa-p279374419.html?spid=279374420,False
KAG_263698219,Bluelock Tập 10,33250.0,35000.0,0.05,102,5.0,Sách tiếng Việt,Kaggle,Tiki,https://tiki.vn/bluelock-tap-10-tang-kem-pvc-card-va-standee-nhan-vat-p263698219.html?spid=263698220,False
KAG_279319890,Sách - Monster - Deluxe Edition - Tập 4 - Tặng Kèm Bookmark,118700.0,125000.0,0.05,101,4.7,Sách tiếng Việt,Kaggle,Tiki,https://tiki.vn/sach-monster-deluxe-edition-tap-4-tang-kem-bookmark-p279319890.html?spid=279319891,False
KAG_263970133,Thám tử lừng danh Conan Tập 28,23750.0,25000.0,0.05,31,5.0,Sách tiếng Việt,Kaggle,Tiki,https://tiki.vn/tham-tu-lung-danh-conan-tap-28-p263970133.html?spid=263970135,False
KAG_171876692,Dragon Ball Super - Tập 7: Giải Đấu Sức Mạnh - Cuộc Đua Tranh Sống Còn (Tái Bản),28800.0,30000.0,0.04,117,5.0,Sách tiếng Việt,Kaggle,Tiki,https://tiki.vn/dragon-ball-super-tap-7-giai-dau-suc-manh-cuoc-dua-tranh-song-con-tai-ban-2022-p171876692.html?spid=171876693,False
KAG_243023702,Doraemon - Chú Mèo Máy Đến Từ Tương Lai Tập 33 (Tái Bản),23750.0,25000.0,0.05,26,5.0,Sách tiếng Việt,Kaggle,Tiki,https://tiki.vn/doraemon-chu-meo-may-den-tu-tuong-lai-tap-33-tai-ban-2023-p243023702.html?spid=243023707,False
KAG_278788244,Sách Dragon Quest - Cuộc Phiêu Lưu Của Dũng Sĩ Dai [Chọn Tập Lẻ,65550.0,65550.0,0.0,348,5.0,Sách tiếng Việt,Kaggle,Tiki,https://tiki.vn/sach-dragon-quest-cuoc-phieu-luu-cua-dung-si-dai-chon-tap-le-p278788244.html?spid=279306660,False
KAG_279396019,Sách Official Character Book - My Hero Academia - Học Viện Siêu Anh Hùng: Ultra Archive [Tặng Kèm Set Bookmark PVC + Bảng Sticker],42750.0,45000.0,0.05,4,0.0,Sách tiếng Việt,Kaggle,Tiki,https://tiki.vn/sach-official-character-book-my-hero-academia-hoc-vien-sieu-anh-hung-ultra-archive-tang-kem-set-bookmark-pvc-bang-sticker-p279396019.html?spid=279396022,False
KAG_48963465,Fullmetal Alchemist - Cang Giả Kim Thuật Sư - Fullmetal Edition Tập 3,71250.0,75000.0,0.05,1356,5.0,Sách tiếng Việt,Kaggle,Tiki,https://tiki.vn/llmetal-alchemist-cang-gia-kim-thuat-su-fullmetal-edition-tap-3-p48963465.html?spid=48963466,False
KAG_279292554,Chung Một Mái Nhà - Tập 5,84000.0,105000.0,0.2,10,5.0,Sách tiếng Việt,Kaggle,Tiki,https://tiki.vn/chung-mot-mai-nha-tap-5-p279292554.html?spid=279293803,False
KAG_279395932,Sách Vivre Card - Thẻ Dữ Liệu Nhân Vật One Piece Booster Pack - Băng Hải Tặc Của “Tứ Hoàng” Big Mom!! ,23750.0,25000.0,0.05,7,5.0,Sách tiếng Việt,Kaggle,Tiki,https://tiki.vn/sach-vivre-card-the-du-lieu-nhan-vat-one-piece-booster-pack-bang-hai-tac-cua-tu-hoang-big-mom-p279395932.html?spid=279395934,False
KAG_262303861,Thám Tử Lừng Danh Conan - Tập 8,24500.0,25000.0,0.02,72,5.0,Sách tiếng Việt,Kaggle,Tiki,https://tiki.vn/tham-tu-lung-danh-conan-tap-8-p262303861.html?spid=262303864,False
KAG_262304766,Thám Tử Lừng Danh Conan Tập 6,23275.0,25000.0,0.07,71,4.7,Sách tiếng Việt,Kaggle,Tiki,https://tiki.vn/tham-tu-lung-danh-conan-tap-6-p262304766.html?spid=262304769,False
KAG_279291900,Dấu Ấn Hoàng Gia - Tập 47,28500.0,30000.0,0.05,259,5.0,Sách tiếng Việt,Kaggle,Tiki,https://tiki.vn/dau-an-hoang-gia-tap-47-p279291900.html?spid=279291901,False
KAG_271516431,Nhóc Miko! Cô Bé Nhí Nhảnh - Tập 16,23000.0,25000.0,0.08,38,5.0,Sách tiếng Việt,Kaggle,Tiki,https://tiki.vn/nhoc-miko-co-be-nhi-nhanh-tap-16-p271516431.html?spid=271516434,False
KAG_253366263,Doraemon - Chú Mèo Máy Đến Từ Tương Lai Tập 9 (Tái Bản),23750.0,25000.0,0.05,48,5.0,Sách tiếng Việt,Kaggle,Tiki,https://tiki.vn/doraemon-chu-meo-may-den-tu-tuong-lai-tap-9-tai-ban-2023-p253366263.html?spid=253366265,False
KAG_275955976,Nhóc Maruko Tập 11 [Tặng Kèm Set Postcard Polaroid],39200.0,40000.0,0.02,127,5.0,Sách tiếng Việt,Kaggle,Tiki,https://tiki.vn/nhoc-maruko-tap-11-tang-kem-set-postcard-polaroid-p275955976.html?spid=275955979,False
KAG_278315209,Thám Tử Lừng Danh Conan Vs. Tổ Chức Áo Đen - Tập 1,33250.0,35000.0,0.05,638,4.8,Sách tiếng Việt,Kaggle,Tiki,https://tiki.vn/tham-tu-lung-danh-conan-vs-to-chuc-ao-den-p278315209.html?spid=2610741,False
KAG_197212989,Magic Kaito Tập 1 (Tái Bản 2022),33250.0,35000.0,0.05,51,5.0,Sách tiếng Việt,Kaggle,Tiki,https://tiki.vn/magic-kaito-tap-1-tai-ban-2022-p197212989.html?spid=197212990,False
KAG_278445298,Slam Dunk - Deluxe Edition ( Các Tập Lẻ),57000.0,60000.0,0.05,293,5.0,Sách tiếng Việt,Kaggle,Tiki,https://tiki.vn/slam-dunk-deluxe-edition-cac-tap-le-p278445298.html?spid=278445305,False
KAG_279272462,Sách Vitamin Mèo Và Những Câu Chuyện Bất Tận - Nhiều Phiên Bản,96700.0,129000.0,0.25,15,5.0,Sách tiếng Việt,Kaggle,Tiki,https://tiki.vn/sach-sach-vitamin-meo-va-nhung-cau-chuyen-bat-tan-nhieu-phien-ban-p279272462.html?spid=279272468,False
KAG_278831291,Sách - Boxset Nguyên Tội Của Takopi - Tập 1 + Tập 2 (Hộp 2 Tập) - Tặng Kèm Standee Giấy Bồi,98000.0,100000.0,0.02,18,5.0,Sách tiếng Việt,Kaggle,Tiki,https://tiki.vn/sach-boxset-nguyen-toi-cua-takopi-tap-1-tap-2-hop-2-tap-tang-kem-standee-giay-boi-p278831291.html?spid=278831292,False
KAG_279408699,Sách Dấu Ấn Hoàng Gia - Tập 60 ,28500.0,30000.0,0.05,126,5.0,Sách tiếng Việt,Kaggle,Tiki,https://tiki.vn/sach-dau-an-hoang-gia-tap-60-p279408699.html?spid=279408701,False
KAG_249025946,"Doraemon - Phiên Bản Điện Ảnh Màu - Ấn Bản Đầy Đủ Ngoại Truyện: Đêm Trước Đám Cưới Nobita, Kỉ Niệm Về Bà [Tái Bản 2023]",58000.0,60000.0,0.03,19,5.0,Sách tiếng Việt,Kaggle,Tiki,https://tiki.vn/doraemon-phien-ban-dien-anh-mau-an-ban-day-du-ngoai-truyen-dem-truoc-dam-cuoi-nobita-ki-niem-ve-ba-tai-ban-2023-p249025946.html?spid=249025949,False
KAG_275606968,Thám Tử Lừng Danh Conan - Hanzawa Chàng Hung Thủ Số Nhọ - Tập 7,25000.0,25000.0,0.0,1,0.0,Sách tiếng Việt,Kaggle,Tiki,https://tiki.vn/tham-tu-lung-danh-conan-hanzawa-chang-hung-thu-so-nho-tap-7-p275606968.html?spid=275606969,False
KAG_50477553,Combo Thám Tử Lừng Danh Conan Tập 31 - 40 (Bộ 10 cuốn),240000.0,250000.0,0.04,959,5.0,Sách tiếng Việt,Kaggle,Tiki,https://tiki.vn/combo-tham-tu-lung-danh-conan-tap-31-40-bo-10-cuon-p50477553.html?spid=58806028,False
KAG_278870038,Sách - Wild Cats - Tặng Kèm Mini Poster + Card PVC,132300.0,135000.0,0.02,4,0.0,Sách tiếng Việt,Kaggle,Tiki,https://tiki.vn/sach-wild-cats-tang-kem-mini-poster-card-pvc-p278870038.html?spid=278870039,False
KAG_271478393,Thám tử Kindaichi phần đặc biệt: Thanh tra Akechi và chuyên án hào nhoáng,44900.0,50000.0,0.1,161,5.0,Sách tiếng Việt,Kaggle,Tiki,https://tiki.vn/tham-tu-kindaichi-phan-dac-biet-thanh-tra-akechi-va-chuyen-an-hao-nhoang-p271478393.html?spid=271478396,False
KAG_186267247,Shaman King 11,35000.0,35000.0,0.0,298,5.0,Sách tiếng Việt,Kaggle,Tiki,https://tiki.vn/shaman-king-11-p186267247.html?spid=186267249,False
KAG_63554343,Combo Thám Tử Lừng Danh Conan: Cuộc Điều Tra Giữa Biển Khơi (2 Tập),114000.0,120000.0,0.05,102,5.0,Sách tiếng Việt,Kaggle,Tiki,https://tiki.vn/combo-tham-tu-lung-danh-conan-cuoc-dieu-tra-giua-bien-khoi-2-tap-p63554343.html?spid=63554346,False
KAG_63554358,Combo Thám Tử Lừng Danh Conan: Hoa Hướng Dương Trong Biển Lửa (2 Tập),117000.0,120000.0,0.03,139,4.7,Sách tiếng Việt,Kaggle,Tiki,https://tiki.vn/combo-tham-tu-lung-danh-conan-hoa-huong-duong-trong-bien-lua-2-tap-p63554358.html?spid=63554359,False
KAG_273787649,Nina Ở Thị Trấn Cao Nguyên,34000.0,38000.0,0.11,58,5.0,Sách tiếng Việt,Kaggle,Tiki,https://tiki.vn/nina-o-thi-tran-cao-nguyen-p273787649.html?spid=274850762,False
KAG_278603968,Rồng & Tắc Kè Hoa,52000.0,55000.0,0.05,72,5.0,Sách tiếng Việt,Kaggle,Tiki,https://tiki.vn/rong-tac-ke-hoa-p278603968.html?spid=279130813,False
KAG_278469816,Cú Đấm Phúc Âm,52000.0,55000.0,0.05,315,5.0,Sách tiếng Việt,Kaggle,Tiki,https://tiki.vn/cu-dam-phuc-am-p278469816.html?spid=278747151,False
KAG_279305764,Sách Dịch Vụ Giao Hàng Của Phù Thủy Kiki (Truyện Tranh Màu) - (Chọn Tập Lẻ),67500.0,67500.0,0.0,59,5.0,Sách tiếng Việt,Kaggle,Tiki,https://tiki.vn/dich-vu-giao-hang-cua-phu-thuy-kiki-truyen-tranh-mau-chon-tap-le-p279305764.html?spid=279395400,False
KAG_279001755,Sách Thủy Cung Đáy Biển Magmell [ Chọn Tập Lẻ,36000.0,40000.0,0.1,91,5.0,Sách tiếng Việt,Kaggle,Tiki,https://tiki.vn/sach-thuy-cung-day-bien-magmell-chon-tap-le-p279001755.html?spid=279557373,False
KAG_197214004,Combo Magic Kaito (5 Cuốn) (Tái Bản 2022),168000.0,175000.0,0.04,141,5.0,Sách tiếng Việt,Kaggle,Tiki,https://tiki.vn/combo-magic-kaito-5-cuon-tai-ban-2022-p197214004.html?spid=197214006,False
KAG_270463575,Shin - Cậu Bé Bút Chì - Tập 37,23750.0,25000.0,0.05,21,4.8,Sách tiếng Việt,Kaggle,Tiki,https://tiki.vn/shin-cau-be-but-chi-tap-37-p270463575.html?spid=270463578,False
KAG_279305766,Dấu Ấn Hoàng Gia - Tập 50 ,28500.0,30000.0,0.05,263,5.0,Sách tiếng Việt,Kaggle,Tiki,https://tiki.vn/dau-an-hoang-gia-tap-50-p279305766.html?spid=279305768,False
KAG_278892522,Sách Ác Nữ Nửa Vời - Truyền Kì Hoán Hồn Đổi Xác (Truyện Tranh) [Chọn Tập Lẻ,42650.0,45000.0,0.05,50,5.0,Sách tiếng Việt,Kaggle,Tiki,https://tiki.vn/sach-ac-nu-nua-voi-truyen-ki-hoan-hon-doi-xac-truyen-tranh-tap-1-tang-postcard-standee-be-hinh-p278892522.html?spid=278892525,False
KAG_279329126,Sách Ngôi Nhà Mặt Trời Mọc (Tập 2),125300.0,179000.0,0.3,12,5.0,Sách tiếng Việt,Kaggle,Tiki,https://tiki.vn/sach-ngoi-nha-mat-troi-moc-tap-2-p279329126.html?spid=279330001,False
KAG_173515978,My Hero Academia - Học Viện Siêu Anh Hùng Tập 8: Yaoyorozu: Trỗi Dậy (Tái Bản 2022),28500.0,30000.0,0.05,26,5.0,Sách tiếng Việt,Kaggle,Tiki,https://tiki.vn/my-hero-academia-hoc-vien-sieu-anh-hung-tap-8-yaoyorozu-troi-day-tai-ban-2022-p173515978.html?spid=173515980,False
KAG_276109497,Spy X Family Tập 10,28500.0,30000.0,0.05,163,5.0,Sách tiếng Việt,Kaggle,Tiki,https://tiki.vn/spy-x-family-tap-10-tang-kem-standee-p276109497.html?spid=276109499,False
KAG_13105192,Doraemon - Chú Mèo Máy Đến Từ Tương Lai Tập 43 (Tái Bản),20900.0,22000.0,0.05,469,5.0,Sách tiếng Việt,Kaggle,Tiki,https://tiki.vn/doraemon-chu-meo-may-den-tu-tuong-lai-tap-43-tai-ban-p13105192.html?spid=13105193,False
KAG_278948895,Tuyển Tập Kiệt Tác Fujiko F Fujio - F The Best,190000.0,200000.0,0.05,235,5.0,Sách tiếng Việt,Kaggle,Tiki,https://tiki.vn/tuyen-tap-kiet-tac-fujiko-f-fujio-f-the-best-tang-kem-set-sticker-kho-lon-p278948895.html?spid=278948896,False
KAG_215983686,Combo Shin - Cậu Bé Bút Chì - Đặc Biệt  (8 Tập),195000.0,200000.0,0.03,89,4.8,Sách tiếng Việt,Kaggle,Tiki,https://tiki.vn/combo-shin-cau-be-but-chi-dac-biet-8-tap-p215983686.html?spid=215983687,False
KAG_273219000,Shin - Cậu Bé Bút Chì Tập 34,23750.0,25000.0,0.05,5,5.0,Sách tiếng Việt,Kaggle,Tiki,https://tiki.vn/shin-cau-be-but-chi-tap-34-p273219000.html?spid=273219003,False
KAG_277402962,ReLIFE,55400.0,75000.0,0.26,114,5.0,Sách tiếng Việt,Kaggle,Tiki,https://tiki.vn/relife-p277402962.html?spid=277402969,False
KAG_274031577,Series các tập ATTACK ON TITAN - Combo tập 1-2-3,133820.0,144000.0,0.07,1858,5.0,Sách tiếng Việt,Kaggle,Tiki,https://tiki.vn/series-cac-tap-attack-on-titan-combo-tap-1-2-3-p274031577.html?spid=274031703,False
KAG_270463602,Shin - Cậu Bé Bút Chì Tập 1,23750.0,25000.0,0.05,65,5.0,Sách tiếng Việt,Kaggle,Tiki,https://tiki.vn/shin-cau-be-but-chi-tap-1-p270463602.html?spid=270463605,False
KAG_272122637,Chú Thuật Hồi Chiến Tập 17: Ngậm Ngọn Cỏ Lau,28500.0,30000.0,0.05,442,5.0,Sách tiếng Việt,Kaggle,Tiki,https://tiki.vn/chu-thuat-hoi-chien-tap-17-ngam-ngon-co-lau-p272122637.html?spid=272122641,False
KAG_278948837,Boxset Orange - Lá Thư Từ Tương Lai [Tặng Kèm Set 8 Postcard],299250.0,315000.0,0.05,23,4.3,Sách tiếng Việt,Kaggle,Tiki,https://tiki.vn/boxset-orange-la-thu-tu-tuong-lai-tang-kem-set-8-postcard-p278948837.html?spid=278948840,False
KAG_267178870,Doraemon Tuyển Tập Tranh Truyện Màu - Tập 1,47500.0,50000.0,0.05,112,5.0,Sách tiếng Việt,Kaggle,Tiki,https://tiki.vn/doraemon-tuyen-tap-tranh-truyen-mau-tap-1-p267178870.html?spid=267178873,False
KAG_278100335,Sách Ánh Sao Bên Tôi,122500.0,175000.0,0.3,253,5.0,Sách tiếng Việt,Kaggle,Tiki,https://tiki.vn/anh-sao-ben-toi-tap-1-p278100335.html?spid=279182055,False
KAG_279395884,Sách Dấu Ấn Hoàng Gia - Tập 57,27000.0,30000.0,0.1,135,5.0,Sách tiếng Việt,Kaggle,Tiki,https://tiki.vn/sach-dau-an-hoang-gia-tap-57-p279395884.html?spid=279395887,False
KAG_509618,Combo Dragon Ball (Trọn Bộ 42 Tập),1192250.0,1260000.0,0.05,3094,4.8,Sách tiếng Việt,Kaggle,Tiki,https://tiki.vn/combo-dragon-ball-tron-bo-42-tap-p509618.html?spid=226387,True
KAG_270790402,Shin - Cậu Bé Bút Chì - Tập 50,23750.0,25000.0,0.05,44,5.0,Sách tiếng Việt,Kaggle,Tiki,https://tiki.vn/shin-cau-be-but-chi-tap-50-p270790402.html?spid=270790405,False
KAG_279402018,Sách Quán Cơm Tỳ Hưu - Chỉ Có Vào Không Có Ra (Tập 4),124600.0,178000.0,0.3,30,5.0,Sách tiếng Việt,Kaggle,Tiki,https://tiki.vn/quan-com-ty-huu-chi-co-vao-khong-co-ra-tap-4-p279402018.html?spid=279402367,False
KAG_276659735,Series các tập Saiyuki,49000.0,55000.0,0.11,118,5.0,Sách tiếng Việt,Kaggle,Tiki,https://tiki.vn/series-cac-tap-saiyuki-p276659735.html?spid=276824700,False
KAG_274728129,Vũ điệu rực lửa - Welcome to the Ballroom,36000.0,40000.0,0.1,297,5.0,Sách tiếng Việt,Kaggle,Tiki,https://tiki.vn/vu-dieu-ruc-lua-welcome-to-the-ballroom-p274728129.html?spid=274928242,False
KAG_21508579,Doraemon Plus Tập 4 (Tái Bản),20900.0,22000.0,0.05,463,5.0,Sách tiếng Việt,Kaggle,Tiki,https://tiki.vn/doraemon-plus-tap-4-tai-ban-p21508579.html?spid=21508580,False
KAG_275881767,Series các tập Thiên hà cạnh bên,45000.0,50000.0,0.1,78,5.0,Sách tiếng Việt,Kaggle,Tiki,https://tiki.vn/thien-ha-canh-ben-01-tang-kem-postcard-giay-p275881767.html?spid=276285615,False
KAG_278316450,Sách Em Bé Và Tôi ( Chọn Tập Lẻ),69100.0,75000.0,0.08,200,5.0,Sách tiếng Việt,Kaggle,Tiki,https://tiki.vn/em-be-va-toi-tap-1-tang-kem-special-jacket-p278316450.html?spid=278860198,False
KAG_277568841,Kingdom,40000.0,45000.0,0.11,79,5.0,Sách tiếng Việt,Kaggle,Tiki,https://tiki.vn/kingdom-p277568841.html?spid=277690334,False
KAG_278747062,Liệu Hoa Có Nở,88000.0,119000.0,0.26,47,5.0,Sách tiếng Việt,Kaggle,Tiki,https://tiki.vn/lieu-hoa-co-no-p278747062.html?spid=279330224,False
KAG_278377140,Dược Sư Tự Sự (Light Novel) - Tập 7 [Tặng Kèm Bookmark],100000.0,125000.0,0.2,84,5.0,Sách tiếng Việt,Kaggle,Tiki,https://tiki.vn/duoc-su-tu-su-light-novel-tap-7-tang-kem-bookmark-tranh-binh-phong-p278377140.html?spid=278377142,False
KAG_247442497,Combo Doraemon Tranh Truyện Màu - Nobita Tây Du Kí (2 cuốn) [Tái Bản 2023],57000.0,60000.0,0.05,107,5.0,Sách tiếng Việt,Kaggle,Tiki,https://tiki.vn/combo-doraemon-tranh-truyen-mau-nobita-tay-du-ki-2-cuon-tai-ban-2023-p247442497.html?spid=247442498,False
KAG_270466655,Shin - Cậu Bé Bút Chì Tập 13,24500.0,25000.0,0.02,24,4.6,Sách tiếng Việt,Kaggle,Tiki,https://tiki.vn/shin-cau-be-but-chi-tap-13-p270466655.html?spid=270466658,False
KAG_275617268,Shin Cậu Bé Bút Chì - Truyện Dài Tập 15: Câu Chuyện Xuất Ngoại Và Trận Chiến Xương Rồng,23750.0,25000.0,0.05,23,5.0,Sách tiếng Việt,Kaggle,Tiki,https://tiki.vn/shin-cau-be-but-chi-truyen-dai-tap-15-cau-chuyen-xuat-ngoai-va-tran-chien-xuong-rong-p275617268.html?spid=275617271,False
KAG_276922193,Shin Cậu Bé Bút Chì - Truyện Dài Tập 21: Bốn Chàng Hiệp Sĩ Của Vương Quốc Vẽ Vời,24500.0,25000.0,0.02,16,5.0,Sách tiếng Việt,Kaggle,Tiki,https://tiki.vn/shin-cau-be-but-chi-truyen-dai-tap-21-bon-chang-hiep-si-cua-vuong-quoc-ve-voi-p276922193.html?spid=276922195,False
KAG_51320541,Combo Thám Tử Lừng Danh Conan Tập 61 - 70 (Bộ 10 cuốn),240000.0,250000.0,0.04,629,5.0,Sách tiếng Việt,Kaggle,Tiki,https://tiki.vn/combo-tham-tu-lung-danh-conan-tap-61-70-bo-10-cuon-p51320541.html?spid=58806032,False
KAG_251256145,Shin - Cậu Bé Bút Chì Tập 15 (Tái Bản 2023),24500.0,25000.0,0.02,12,0.0,Sách tiếng Việt,Kaggle,Tiki,https://tiki.vn/shin-cau-be-but-chi-tap-15-tai-ban-2023-p251256145.html?spid=251256147,False
KAG_279149141,"Nagahama To Be, or Not To Be - Nagahama To Be, or Not To Be - TẬP 2",69300.0,99000.0,0.3,180,4.8,Sách tiếng Việt,Kaggle,Tiki,https://tiki.vn/nagahama-to-be-or-not-to-be-nagahama-to-be-or-not-to-be-tap-2-ban-dac-biet-p279149141.html?spid=279149148,False
KAG_279022301,Frieren - Pháp Sư Tiễn Táng Trọn Bộ 13 Tập,555750.0,585000.0,0.05,5,5.0,Sách tiếng Việt,Kaggle,Tiki,https://tiki.vn/frieren-phap-su-tien-tang-tron-bo-12-tap-p279022301.html?spid=279022302,True
KAG_279414864,Sách - Xưởng Phép Thuật - Atelier Of Witch Hat - Tập 3 (Tái Bản 2026),58200.0,60000.0,0.03,6,5.0,Sách tiếng Việt,Kaggle,Tiki,https://tiki.vn/sach-xuong-phep-thuat-atelier-of-witch-hat-tap-3-tai-ban-2026-p279414864.html?spid=279414865,False
KAG_275023297,My Hero Academia - Học Viện Siêu Anh Hùng Tập 38: Hi Vọng,28500.0,30000.0,0.05,57,5.0,Sách tiếng Việt,Kaggle,Tiki,https://tiki.vn/my-hero-academia-hoc-vien-sieu-anh-hung-tap-38-hi-vong-tang-kem-bookmark-p275023297.html?spid=275023298,False
KAG_251255487,Doraemon - Chú Mèo Máy Đến Từ Tương Lai Tập 45 [Tái Bản 2023],23750.0,25000.0,0.05,33,5.0,Sách tiếng Việt,Kaggle,Tiki,https://tiki.vn/doraemon-chu-meo-may-den-tu-tuong-lai-tap-45-tai-ban-2023-p251255487.html?spid=251255492,False
KAG_276968644,Truyện - Doraemon Truyện Ngắn - Chọn Lẻ Tập 1 Tới 24 - Fujiko Fujio - Kim Đồng,34000.0,34000.0,0.0,103,5.0,Sách tiếng Việt,Kaggle,Tiki,https://tiki.vn/truyen-doraemon-truyen-ngan-chon-le-tap-1-toi-24-fujiko-fujio-kim-dong-p276968644.html?spid=276968672,False
KAG_279160705,Sách - Series Ẩm thực qua tranh (Nhã Nam Official),144000.0,160000.0,0.1,8,0.0,Sách tiếng Việt,Kaggle,Tiki,https://tiki.vn/sach-series-am-thuc-qua-tranh-nha-nam-official-p279160705.html?spid=279160717,False
KAG_278841852,Chúa Tể Bóng Tối - Tập 5 (Bản Giới Hạn) [Tặng Kèm Thẻ Nhân Vật + Khung Tranh],115200.0,128000.0,0.1,50,4.3,Sách tiếng Việt,Kaggle,Tiki,https://tiki.vn/chua-te-bong-toi-tap-5-ban-gioi-han-tang-kem-the-nhan-vat-khung-tranh-p278841852.html?spid=278841853,False
KAG_272002880,Thị Trấn Mèo Tập 3,64600.0,68000.0,0.05,366,5.0,Sách tiếng Việt,Kaggle,Tiki,https://tiki.vn/thi-tran-meo-tap-3-p272002880.html?spid=33543702,False
KAG_261028263,Chú Thuật Hồi Chiến Tập 13: Biến Cố Shibuya – Sấm Rền,28500.0,30000.0,0.05,1124,4.7,Sách tiếng Việt,Kaggle,Tiki,https://tiki.vn/chu-thuat-hoi-chien-tap-13-bien-co-shibuya-sam-ren-p261028263.html?spid=261028265,False
KAG_163297419,My Hero Academia - Học Viện Siêu Anh Hùng Tập 1: Midoriya Izuku: Khởi Đầu (Tái Bản),28500.0,30000.0,0.05,197,5.0,Sách tiếng Việt,Kaggle,Tiki,https://tiki.vn/my-hero-academia-hoc-vien-sieu-anh-hung-tap-1-midoriya-izuku-khoi-dau-tai-ban-2022-p163297419.html?spid=163297421,False
KAG_274537220,Cang Giả Kim Thuật Sư - Fullmetal Alchemist - Tuyển Tập Truyện 4 Khung [Tặng Kèm Bookmark],28500.0,30000.0,0.05,31,5.0,Sách tiếng Việt,Kaggle,Tiki,https://tiki.vn/cang-gia-kim-thuat-su-fullmetal-alchemist-tuyen-tap-truyen-4-khung-tang-kem-bookmark-p274537220.html?spid=274537221,False
KAG_186265452,My Hero Academia - Học Viện Siêu Anh Hùng Tập 29: Bakugo Katsuki: Trỗi Dậy,28500.0,30000.0,0.05,1771,4.8,Sách tiếng Việt,Kaggle,Tiki,https://tiki.vn/my-hero-academia-hoc-vien-sieu-anh-hung-tap-29-bakugo-katsuki-troi-day-tang-kem-bookmark-pro-hero-p186265452.html?spid=186265456,False
KAG_276563039,Thám Tử Lừng Danh Conan Tập 104 (Bản Thường),24500.0,25000.0,0.02,364,5.0,Sách tiếng Việt,Kaggle,Tiki,https://tiki.vn/tham-tu-lung-danh-conan-tap-104-ban-thuong-p276563039.html?spid=276563043,False
KAG_278160119,One-Punch Man - Tập 30: Chướng Ngại Lớn Nhất (Bản Thường),28500.0,30000.0,0.05,149,5.0,Sách tiếng Việt,Kaggle,Tiki,https://tiki.vn/one-punch-man-tap-30-chuong-ngai-lon-nhat-ban-thuong-tang-kem-bookmark-p278160119.html?spid=278160120,False
KAG_278377762,Thám Tử Lừng Danh Conan - Tập 106,23750.0,25000.0,0.05,613,4.8,Sách tiếng Việt,Kaggle,Tiki,https://tiki.vn/tham-tu-lung-danh-conan-tap-106-p278377762.html?spid=278377806,False
KAG_279389049,Sách - Dấu Ấn Hoàng Gia - Tập 56 - Tặng Kèm Postcard,29700.0,30000.0,0.01,15,5.0,Sách tiếng Việt,Kaggle,Tiki,https://tiki.vn/sach-dau-an-hoang-gia-tap-56-tang-kem-postcard-p279389049.html?spid=279389050,False
KAG_278520574,Dấu Ấn Hoàng Gia - Tập 30,29400.0,30000.0,0.02,107,5.0,Sách tiếng Việt,Kaggle,Tiki,https://tiki.vn/dau-an-hoang-gia-tap-30-p278520574.html?spid=278520577,False
KAG_163297418,My Hero Academia - Học Viện Siêu Anh Hùng Tập 9: Người Hùng Của Tôi (Tái Bản),28500.0,30000.0,0.05,115,5.0,Sách tiếng Việt,Kaggle,Tiki,https://tiki.vn/my-hero-academia-hoc-vien-sieu-anh-hung-tap-9-nguoi-hung-cua-toi-tai-ban-2022-p163297418.html?spid=163297420,False
KAG_279414801,Sách - Dấu Ấn Hoàng Gia - Tập 59,30000.0,30000.0,0.0,16,5.0,Sách tiếng Việt,Kaggle,Tiki,https://tiki.vn/sach-dau-an-hoang-gia-tap-59-p279414801.html?spid=279414802,False
KAG_276755695,Dấu Ấn Hoàng Gia Tập 13,29400.0,30000.0,0.02,361,5.0,Sách tiếng Việt,Kaggle,Tiki,https://tiki.vn/dau-an-hoang-gia-tap-13-p276755695.html?spid=276755696,False
KAG_278314458,Thám Tử Lừng Danh Conan - Tuyển Tập Đặc Biệt: Những Câu Chuyện Lãng Mạn - Tập 1,40925.0,65000.0,0.37,4692,4.8,Sách tiếng Việt,Kaggle,Tiki,https://tiki.vn/tham-tu-lung-danh-conan-tuyen-tap-dac-biet-nhung-cau-chuyen-lang-man-p278314458.html?spid=310039,False
KAG_251255481,Doraemon - Chú Mèo Máy Đến Từ Tương Lai Tập 25 (Tái Bản),23750.0,25000.0,0.05,36,5.0,Sách tiếng Việt,Kaggle,Tiki,https://tiki.vn/doraemon-chu-meo-may-den-tu-tuong-lai-tap-25-tai-ban-2023-p251255481.html?spid=251255483,False
KAG_279346821,Sách Combo Flying Witch (Tập 8+9),91000.0,130000.0,0.3,16,0.0,Sách tiếng Việt,Kaggle,Tiki,https://tiki.vn/sach-combo-flying-witch-tap-8-9-p279346821.html?spid=279346928,False
KAG_279414862,Sách - Chú Thuật Hồi Chiến - Tập 25 - Quyết Chiến Tại Tử Địa Shinjuku,30000.0,30000.0,0.0,31,5.0,Sách tiếng Việt,Kaggle,Tiki,https://tiki.vn/sach-chu-thuat-hoi-chien-tap-25-quyet-chien-tai-tu-dia-shinjuku-p279414862.html?spid=279414863,False
KAG_279392876,Sách - Beastars - Tập 14,34600.0,35000.0,0.01,15,0.0,Sách tiếng Việt,Kaggle,Tiki,https://tiki.vn/sach-beastars-tap-14-p279392876.html?spid=279392877,False
KAG_279292559,Song Mệnh Cõi Hoàng Tuyền - Tập 1 (Bản Thường + Bản Đặc Biệt),109250.0,115000.0,0.05,7,0.0,Sách tiếng Việt,Kaggle,Tiki,https://tiki.vn/song-menh-coi-hoang-tuyen-tap-1-ban-thuong-ban-dac-biet-p279292559.html?spid=279292560,False
KAG_279408708,Sách Thám Tử Lừng Danh Conan - Tập 67 (Bản Nâng Cấp) [Tặng Kèm Bookmark] ,33250.0,35000.0,0.05,14,0.0,Sách tiếng Việt,Kaggle,Tiki,https://tiki.vn/sach-tham-tu-lung-danh-conan-tap-67-ban-nang-cap-tang-kem-bookmark-p279408708.html?spid=279408709,False
KAG_270106592,Doraemon Movie Story Màu: Nobita Và Vùng Đất Lý Tưởng Trên Bầu Trời,34300.0,35000.0,0.02,127,5.0,Sách tiếng Việt,Kaggle,Tiki,https://tiki.vn/doraemon-movie-story-mau-nobita-va-vung-dat-ly-tuong-tren-bau-troi-p270106592.html?spid=270106593,False
KAG_276944166,Truyện - Chú Thuật Hồi Chiến - Chọn Lẻ 0 Tới 28 - Gege Akutami - Kim Đồng,40000.0,40000.0,0.0,12,5.0,Sách tiếng Việt,Kaggle,Tiki,https://tiki.vn/truyen-chu-thuat-hoi-chien-chon-le-0-toi-23-gege-akutami-kim-dong-p276944166.html?spid=276944202,False
KAG_278462369,Dấu Ấn Hoàng Gia - Tập 29,29400.0,30000.0,0.02,96,5.0,Sách tiếng Việt,Kaggle,Tiki,https://tiki.vn/dau-an-hoang-gia-tap-29-p278462369.html?spid=278462370,False
KAG_200705632,Doraemon Movie Story: Nobita Và Người Khổng Lồ Xanh (Tái Bản 2022),27000.0,30000.0,0.1,211,5.0,Sách tiếng Việt,Kaggle,Tiki,https://tiki.vn/doraemon-movie-story-nobita-va-nguoi-khong-lo-xanh-tai-ban-2022-p200705632.html?spid=200705633,False
KAG_279407562,Sách - One Piece - Tập 110 - “Làn Sóng Thời Đại” - Bản Bìa Áo,30000.0,30000.0,0.0,12,0.0,Sách tiếng Việt,Kaggle,Tiki,https://tiki.vn/sach-one-piece-tap-110-lan-song-thoi-dai-ban-bia-ao-p279407562.html?spid=279407564,False
KAG_252994461,Shin - Cậu Bé Bút Chì Tập 34 (Tái Bản 2023),23750.0,25000.0,0.05,7,0.0,Sách tiếng Việt,Kaggle,Tiki,https://tiki.vn/shin-cau-be-but-chi-tap-34-tai-ban-2023-p252994461.html?spid=252994464,False
KAG_278571212,Sách - One Piece - Tập 109 - “Đứng Về Phía Cháu” - Bản Bìa Áo,30000.0,30000.0,0.0,17,0.0,Sách tiếng Việt,Kaggle,Tiki,https://tiki.vn/sach-one-piece-tap-109-dung-ve-phia-chau-ban-bia-ao-p278571212.html?spid=278571213,False
KAG_278598025,Dấu Ấn Hoàng Gia - Tập 31,29400.0,30000.0,0.02,200,5.0,Sách tiếng Việt,Kaggle,Tiki,https://tiki.vn/dau-an-hoang-gia-tap-31-tang-kem-postcard-p278598025.html?spid=278598028,False
KAG_276168127,One Piece Tập 103 - Bản Bìa Áo: “Chiến Binh Giải Phóng”,28500.0,30000.0,0.05,159,3.9,Sách tiếng Việt,Kaggle,Tiki,https://tiki.vn/one-piece-tap-103-p276168127.html?spid=276168220,False
KAG_243023699,Doraemon - Chú Mèo Máy Đến Từ Tương Lai Tập 2 [Tái Bản 2023],22500.0,25000.0,0.1,24,0.0,Sách tiếng Việt,Kaggle,Tiki,https://tiki.vn/doraemon-chu-meo-may-den-tu-tuong-lai-tap-2-tai-ban-2023-p243023699.html?spid=243023701,False
KAG_247442494,Doraemon Tập 18: Nobita Du Hành Biển Phương Nam [Tái Bản 2023],23750.0,25000.0,0.05,32,5.0,Sách tiếng Việt,Kaggle,Tiki,https://tiki.vn/doraemon-tap-18-nobita-du-hanh-bien-phuong-nam-tai-ban-2023-p247442494.html?spid=247442496,False
KAG_276699166,"Shin Cậu Bé Bút Chì - Truyện Dài Tập 20: Cơn Bão Tuần Trăng Mật Đã Cuốn Anh

Hiroshi Mất Tích",24500.0,25000.0,0.02,12,5.0,Sách tiếng Việt,Kaggle,Tiki,https://tiki.vn/shin-cau-be-but-chi-truyen-dai-tap-20-con-bao-tuan-trang-mat-da-cuon-anh-hiroshi-mat-tich-p276699166.html?spid=276699168,False
KAG_279404048,Sách - Dan Da Dan - Tập 3 - Tặng Kèm Special Cover,44500.0,45000.0,0.01,18,5.0,Sách tiếng Việt,Kaggle,Tiki,https://tiki.vn/sach-dan-da-dan-tap-3-tang-kem-special-cover-p279404048.html?spid=279404049,False
KAG_267178878,Doraemon Tuyển Tập Tranh Truyện Màu - Tập 3,47500.0,50000.0,0.05,107,4.8,Sách tiếng Việt,Kaggle,Tiki,https://tiki.vn/doraemon-tuyen-tap-tranh-truyen-mau-tap-3-p267178878.html?spid=267178881,False
KAG_279392864,Sách - Chú Thuật Hồi Chiến - Tập 27 - Kẻ Sống Còn Ngốc Nghếch - Tặng Kèm Card Nhựa,29700.0,30000.0,0.01,37,5.0,Sách tiếng Việt,Kaggle,Tiki,https://tiki.vn/sach-chu-thuat-hoi-chien-tap-27-ke-song-con-ngoc-nghech-tang-kem-card-nhua-p279392864.html?spid=279392865,False
KAG_279201693,Solo Leveling - Tôi Thăng Cấp Một Mình - Tập 23,83500.0,88000.0,0.05,27,5.0,Sách tiếng Việt,Kaggle,Tiki,https://tiki.vn/solo-leveling-toi-thang-cap-mot-minh-tap-23-p279201693.html?spid=279201694,False
KAG_270790446,Shin - Cậu Bé Bút Chì - Tập 25,23750.0,25000.0,0.05,27,4.8,Sách tiếng Việt,Kaggle,Tiki,https://tiki.vn/shin-cau-be-but-chi-tap-25-p270790446.html?spid=270790449,False
KAG_270463613,Shin - Cậu Bé Bút Chì - Tập 2,23275.0,25000.0,0.07,57,4.8,Sách tiếng Việt,Kaggle,Tiki,https://tiki.vn/shin-cau-be-but-chi-tap-2-p270463613.html?spid=270463616,False
KAG_185024355,Spy X Family 7,28500.0,30000.0,0.05,3455,5.0,Sách tiếng Việt,Kaggle,Tiki,https://tiki.vn/spy-x-family-7-p185024355.html?spid=185024357,False
KAG_279369126,Sách - Dấu Ấn Hoàng Gia - Tập 54,29700.0,30000.0,0.01,12,5.0,Sách tiếng Việt,Kaggle,Tiki,https://tiki.vn/sach-dau-an-hoang-gia-tap-54-p279369126.html?spid=279369127,False
KAG_278123145,Nhóc Maruko - Tập 18,38400.0,40000.0,0.04,134,5.0,Sách tiếng Việt,Kaggle,Tiki,https://tiki.vn/nhoc-maruko-tap-18-tang-kem-set-postcard-poladroid-p278123145.html?spid=278123147,False
KAG_252044264,Dragon Ball Super Tập 16: Chiến Binh Mạnh Nhất Vũ Trụ,28500.0,30000.0,0.05,446,4.7,Sách tiếng Việt,Kaggle,Tiki,https://tiki.vn/dragon-ball-super-tap-16-chien-binh-manh-nhat-vu-tru-p252044264.html?spid=252044265,False
KAG_278682889,Thám Tử Lừng Danh Conan Hoạt Hình Màu: Viên Đạn Đỏ,57600.0,60000.0,0.04,23,5.0,Sách tiếng Việt,Kaggle,Tiki,https://tiki.vn/tham-tu-lung-danh-conan-hoat-hinh-mau-vien-dan-do-p278682889.html?spid=278682929,False
KAG_278874703,Sách Thám Tử Lừng Danh Conan Hoạt Hình Màu: Nàng Dâu Halloween,57000.0,60000.0,0.05,36,0.0,Sách tiếng Việt,Kaggle,Tiki,https://tiki.vn/sach-tham-tu-lung-danh-conan-hoat-hinh-mau-nang-dau-halloween-p278874703.html?spid=278874747,False
KAG_188930494,Người Bà Tài Giỏi Vùng Saga – Tập 4,36400.0,52000.0,0.3,948,4.8,Sách tiếng Việt,Kaggle,Tiki,https://tiki.vn/nguoi-ba-tai-gioi-vung-saga-tap-4-p188930494.html?spid=188930495,False
KAG_278729097,Premium Boxset Thanh Gươm Diệt Quỷ - Kimetsu No Yaiba (Hộp 23 Tập),892000.0,920000.0,0.03,37,4.8,Sách tiếng Việt,Kaggle,Tiki,https://tiki.vn/premium-boxset-thanh-guom-diet-quy-kimetsu-no-yaiba-hop-23-tap-p278729097.html?spid=278729100,True
KAG_189572564,Dragon Ball Super Tập 12: Thân Phận Thực Sự Của Merus (Tái Bản 2022),28500.0,30000.0,0.05,177,4.7,Sách tiếng Việt,Kaggle,Tiki,https://tiki.vn/dragon-ball-super-tap-12-than-phan-thuc-su-cua-merus-tai-ban-2022-p189572564.html?spid=189572566,False
KAG_276425600,Nhóc Maruko Tập 13,38400.0,40000.0,0.04,132,5.0,Sách tiếng Việt,Kaggle,Tiki,https://tiki.vn/nhoc-maruko-tap-13-tang-kem-set-postcard-polaroid-p276425600.html?spid=276425601,False
KAG_12081414,Doraemon - Chú Mèo Máy Đến Từ Tương Lai Tập 21 (Tái Bản),20900.0,22000.0,0.05,371,5.0,Sách tiếng Việt,Kaggle,Tiki,https://tiki.vn/doraemon-chu-meo-may-den-tu-tuong-lai-tap-21-tai-ban-2019-p12081414.html?spid=12081415,False
KAG_253227581,Bluelock Tập 6,33250.0,35000.0,0.05,168,4.6,Sách tiếng Việt,Kaggle,Tiki,https://tiki.vn/bluelock-tap-6-tang-kem-pvc-card-p253227581.html?spid=253227582,False
KAG_276380224,Dấu Ấn Hoàng Gia Tập 9,29400.0,30000.0,0.02,224,5.0,Sách tiếng Việt,Kaggle,Tiki,https://tiki.vn/dau-an-hoang-gia-tap-9-p276380224.html?spid=276380226,False
KAG_277357375,Xóm trọ yêu quái,46000.0,50000.0,0.08,7,5.0,Sách tiếng Việt,Kaggle,Tiki,https://tiki.vn/xom-tro-yeu-quai-p277357375.html?spid=277357378,False
KAG_278996248,Sách - Spy X Family - Tập 13 - Tặng Kèm Standee PVC,30000.0,30000.0,0.0,45,5.0,Sách tiếng Việt,Kaggle,Tiki,https://tiki.vn/sach-spy-x-family-tap-13-tang-kem-standee-pvc-p278996248.html?spid=278996249,False
KAG_277808321,Chậm Rãi Động Lòng (Tập 2),139300.0,199000.0,0.3,41,5.0,Sách tiếng Việt,Kaggle,Tiki,https://tiki.vn/cham-rai-dong-long-tap-2-p277808321.html?spid=277808333,False
KAG_279358459,Anh Em Nhà Motohashi (Tập 5),55300.0,79000.0,0.3,14,5.0,Sách tiếng Việt,Kaggle,Tiki,https://tiki.vn/anh-em-nha-motohashi-tap-5-p279358459.html?spid=279358464,False
KAG_278949599,Nhóc Miko! Cô bé nhí nhảnh - Tập 39 (Tặng kèm bookmark giấy),32500.0,35000.0,0.07,57,5.0,Sách tiếng Việt,Kaggle,Tiki,https://tiki.vn/nhoc-miko-co-be-nhi-nhanh-38-p278949599.html?spid=278949604,False
KAG_279193585,Sách Rinko và Chàng Lang Thang (Tập 3+4),112000.0,160000.0,0.3,24,5.0,Sách tiếng Việt,Kaggle,Tiki,https://tiki.vn/sach-rinko-va-chang-lang-thang-tap-3-4-p279193585.html?spid=279193696,False
KAG_274742895,"My Hero Academia - Học Viện Siêu Anh Hùng Tập 37: Người Bảo Hộ, Kẻ Xâm Lăng",28500.0,30000.0,0.05,70,5.0,Sách tiếng Việt,Kaggle,Tiki,https://tiki.vn/my-hero-academia-hoc-vien-sieu-anh-hung-tap-37-nguoi-bao-ho-ke-xam-lang-tang-kem-bookmark-p274742895.html?spid=274742896,False
KAG_277978062,"Sách - Thanh Gươm Diệt Quỷ - Kimetsu No Yaiba - Tập 23 - Vượt Qua Tháng Năm, Sinh Mệnh Tỏa Rạng (Tái Bản 2025)",30000.0,30000.0,0.0,74,5.0,Sách tiếng Việt,Kaggle,Tiki,https://tiki.vn/sach-thanh-guom-diet-quy-kimetsu-no-yaiba-tap-23-vuot-qua-thang-nam-sinh-menh-toa-rang-tai-ban-2025-p277978062.html?spid=277978064,False
KAG_272002892,Thị Trấn Mèo Tập 7,64600.0,68000.0,0.05,1150,5.0,Sách tiếng Việt,Kaggle,Tiki,https://tiki.vn/thi-tran-meo-tap-7-p272002892.html?spid=141333749,False
KAG_252664500,Chú Thuật Hồi Chiến - Tập 12: Biến Cố Shibuya - Giáng Linh - Tặng Kèm Obi Và Thẻ Bo Góc Nhựa,30000.0,30000.0,0.0,75,5.0,Sách tiếng Việt,Kaggle,Tiki,https://tiki.vn/chu-thuat-hoi-chien-tap-12-bien-co-shibuya-giang-linh-tang-kem-obi-va-the-bo-goc-nhua-p252664500.html?spid=252664501,False
KAG_272457463, Trọn Bộ 42 tập Dragon Ball - 7 Viên Ngọc Rồng,1450000.0,1450000.0,0.0,10,0.0,Sách tiếng Việt,Kaggle,Tiki,https://tiki.vn/tron-bo-42-tap-dragon-ball-7-vien-ngoc-rong-p272457463.html?spid=272457464,True
KAG_279365551,Sách - Dấu Ấn Hoàng Gia - Tập 53,29700.0,30000.0,0.01,11,0.0,Sách tiếng Việt,Kaggle,Tiki,https://tiki.vn/sach-dau-an-hoang-gia-tap-53-p279365551.html?spid=279365552,False
KAG_275256352,Thị Trấn Mèo – Tập 9,62560.0,68000.0,0.08,146,5.0,Sách tiếng Việt,Kaggle,Tiki,https://tiki.vn/thi-tran-meo-tap-9-p275256352.html?spid=275256353,False
KAG_278705942,Bảng Xếp Hạng Quân Vương – Tập 15 [Tặng Kèm Bookmark],42750.0,45000.0,0.05,18,5.0,Sách tiếng Việt,Kaggle,Tiki,https://tiki.vn/bang-xep-hang-quan-vuong-tap-15-tang-kem-bookmark-p278705942.html?spid=278705943,False
KAG_163297416,My Hero Academia - Học Viện Siêu Anh Hùng Tập 3: All Might (Tái Bản),28500.0,30000.0,0.05,138,5.0,Sách tiếng Việt,Kaggle,Tiki,https://tiki.vn/my-hero-academia-hoc-vien-sieu-anh-hung-tap-3-all-might-tai-ban-2022-p163297416.html?spid=163297417,False
KAG_278438165,Em Đến Cùng Mưa - With You And The Rain (Các Tập Lẻ),36100.0,38000.0,0.05,68,5.0,Sách tiếng Việt,Kaggle,Tiki,https://tiki.vn/truyen-tranh-em-den-cung-mua-with-you-and-the-rain-cac-tap-le-p278438165.html?spid=279427930,False
KAG_43262261,Thám Tử Lừng Danh Conan - Giờ Trà Của Zero Tập 1,33250.0,35000.0,0.05,1707,5.0,Sách tiếng Việt,Kaggle,Tiki,https://tiki.vn/tham-tu-lung-danh-conan-gio-tra-cua-zero-tap-1-p43262261.html?spid=43262262,False
KAG_278690012,One Piece 500 Quiz Book,33900.0,35000.0,0.03,8,4.8,Sách tiếng Việt,Kaggle,Tiki,https://tiki.vn/one-piece-500-quiz-book-p278690012.html?spid=278690015,False
KAG_51322400,Combo Thám Tử Lừng Danh Conan Tập 71 - 80 (Bộ 10 cuốn),240000.0,250000.0,0.04,524,5.0,Sách tiếng Việt,Kaggle,Tiki,https://tiki.vn/combo-tham-tu-lung-danh-conan-tap-71-80-bo-10-cuon-p51322400.html?spid=58806033,False
KAG_267178874,Doraemon Tuyển Tập Tranh Truyện Màu - Tập 2,47000.0,50000.0,0.06,107,4.8,Sách tiếng Việt,Kaggle,Tiki,https://tiki.vn/doraemon-tuyen-tap-tranh-truyen-mau-tap-2-p267178874.html?spid=267178877,False
KAG_279199148,Sách - Frieren - Pháp Sư Tiễn Táng - Tập 11,44100.0,45000.0,0.02,26,5.0,Sách tiếng Việt,Kaggle,Tiki,https://tiki.vn/sach-frieren-phap-su-tien-tang-tap-11-p279199148.html?spid=279199149,False
KAG_279112380,Sách - Spy X Family - Tập 14 - Tặng Kèm Standee PVC,29400.0,30000.0,0.02,51,5.0,Sách tiếng Việt,Kaggle,Tiki,https://tiki.vn/sach-spy-x-family-tap-14-tang-kem-standee-pvc-p279112380.html?spid=279112381,False
KAG_279082301,Dấu Ấn Hoàng Gia - Tập 40,28500.0,30000.0,0.05,66,5.0,Sách tiếng Việt,Kaggle,Tiki,https://tiki.vn/dau-an-hoang-gia-tap-40-p279082301.html?spid=279082304,False
KAG_254085701,Kingdom 49,42000.0,45000.0,0.07,256,5.0,Sách tiếng Việt,Kaggle,Tiki,https://tiki.vn/kingdom-49-p254085701.html?spid=254085703,False
KAG_250074902,Thám Tử Lừng Danh Conan Tập 3 [Tái Bản 2023],23750.0,25000.0,0.05,98,5.0,Sách tiếng Việt,Kaggle,Tiki,https://tiki.vn/tham-tu-lung-danh-conan-tap-3-tai-ban-2023-p250074902.html?spid=250074909,False
KAG_278883286,Sách - Thám Tử Lừng Danh Conan - Hoạt Hình Màu - Nàng Dâu Halloween - Tập 2,58800.0,60000.0,0.02,7,0.0,Sách tiếng Việt,Kaggle,Tiki,https://tiki.vn/sach-tham-tu-lung-danh-conan-hoat-hinh-mau-nang-dau-halloween-tap-2-p278883286.html?spid=278883287,False
KAG_276487775,Truyện tranh Skip and Loafer - Nhịp bước tuổi xanh (Chang Book),58000.0,58000.0,0.0,2,1.0,Sách tiếng Việt,Kaggle,Tiki,https://tiki.vn/truyen-tranh-skip-and-loafer-nhip-buoc-tuoi-xanh-chang-book-p276487775.html?spid=276487791,False
KAG_279063602,Sách Quý Ngài Hoàn Mỹ,99100.0,119000.0,0.17,8,5.0,Sách tiếng Việt,Kaggle,Tiki,https://tiki.vn/sach-quy-ngai-hoan-my-p279063602.html?spid=279063603,False
KAG_276528404,Truyện Tranh - Thám Tử Lừng Danh Conan - Bản Nâng Cấp - Tập 1 Đến Tập 77,35000.0,35000.0,0.0,2,5.0,Sách tiếng Việt,Kaggle,Tiki,https://tiki.vn/tham-tu-lung-danh-conan-ban-nang-cap-p276528404.html?spid=279188270,False
KAG_279235511,Sách Nhật Kí Nơi Xứ Lạ (Tập 8),52500.0,75000.0,0.3,17,5.0,Sách tiếng Việt,Kaggle,Tiki,https://tiki.vn/nhat-ki-noi-xu-la-tap-8-p279235511.html?spid=279235513,False
KAG_275129547,One-Punch Man Tập 27: Tatsumaki Toàn Phần Công Lực,29400.0,30000.0,0.02,128,5.0,Sách tiếng Việt,Kaggle,Tiki,https://tiki.vn/one-punch-man-tap-27-tatsumaki-toan-phan-cong-luc-p275129547.html?spid=275129548,False
KAG_246073878,Thám Tử Lừng Danh Conan - Tuyển Tập Đặc Biệt: FBI Selection (Tái Bản),52250.0,55000.0,0.05,88,4.8,Sách tiếng Việt,Kaggle,Tiki,https://tiki.vn/tham-tu-lung-danh-conan-tuyen-tap-dac-biet-fbi-selection-tai-ban-2023-p246073878.html?spid=246073879,False
KAG_72970903,Doraemon Hoạt Hình Màu - Tập 1 (Tái Bản 2020),33250.0,35000.0,0.05,31,5.0,Sách tiếng Việt,Kaggle,Tiki,https://tiki.vn/doraemon-hoat-hinh-mau-tap-1-tai-ban-2020-p72970903.html?spid=72970905,False
KAG_276425590,Bluelock Tập 24 (Bản Thường),32300.0,35000.0,0.08,20,5.0,Sách tiếng Việt,Kaggle,Tiki,https://tiki.vn/bluelock-tap-24-ban-thuong-tang-kem-pvc-card-p276425590.html?spid=276425591,False
KAG_276947999,Yêu Thầm - Tập 2,143500.0,205000.0,0.3,242,5.0,Sách tiếng Việt,Kaggle,Tiki,https://tiki.vn/yeu-tham-tap-2-p276947999.html?spid=276948017,False
KAG_197990867,Doraemon Movie Story: Nobita Và Viện Bảo Tàng Bảo Bối,33250.0,35000.0,0.05,340,5.0,Sách tiếng Việt,Kaggle,Tiki,https://tiki.vn/doraemon-movie-story-nobita-va-vien-bao-tang-bao-boi-p197990867.html?spid=197990868,False
KAG_242424351,Khu Rừng Đom Đóm (Bản Mới),63000.0,65000.0,0.03,324,5.0,Sách tiếng Việt,Kaggle,Tiki,https://tiki.vn/khu-rung-dom-dom-ban-moi-p242424351.html?spid=242424352,False
KAG_215983658,Combo Đội Quân Doraemon Đặc Biệt - Trường Học Robot (3 Tập),65550.0,72000.0,0.09,94,5.0,Sách tiếng Việt,Kaggle,Tiki,https://tiki.vn/combo-doi-quan-doraemon-dac-biet-truong-hoc-robot-3-tap-p215983658.html?spid=215983659,False
KAG_276944222,Truyện - Doraemon Tranh Truyện Màu - Nobita Và Cuộc Phiêu Lưu Ở Thành Phố Dây Cót - Chọn Lẻ 2 Tập - Kim Đồng,34000.0,34000.0,0.0,4,0.0,Sách tiếng Việt,Kaggle,Tiki,https://tiki.vn/truyen-doraemon-tranh-truyen-mau-nobita-va-cuoc-phieu-luu-o-thanh-pho-day-cot-chon-le-2-tap-kim-dong-p276944222.html?spid=276944224,False
KAG_272376581,Thám Tử Lừng Danh Conan - Tập 71 (Tái Bản 2023),25000.0,25000.0,0.0,13,0.0,Sách tiếng Việt,Kaggle,Tiki,https://tiki.vn/tham-tu-lung-danh-conan-tap-71-tai-ban-2023-p272376581.html?spid=272376582,False
KAG_276589155,Truyện tranh Câu Lạc Bộ Những Kẻ Mất Ngủ - Insomniacs After School (Chang Book),46800.0,46800.0,0.0,3,0.0,Sách tiếng Việt,Kaggle,Tiki,https://tiki.vn/truyen-tranh-cau-lac-bo-nhung-ke-mat-ngu-insomniacs-after-school-chang-book-p276589155.html?spid=276969552,False
KAG_278903287,Sách - Dấu Ấn Hoàng Gia - Tập 37,30000.0,30000.0,0.0,62,5.0,Sách tiếng Việt,Kaggle,Tiki,https://tiki.vn/sach-dau-an-hoang-gia-tap-37-p278903287.html?spid=278903288,False
KAG_278095717,Dấu Ấn Hoàng Gia - Tập 25,29400.0,30000.0,0.02,114,5.0,Sách tiếng Việt,Kaggle,Tiki,https://tiki.vn/dau-an-hoang-gia-tap-25-p278095717.html?spid=278095718,False
KAG_276581136,Truyện tranh Dấu ấn Hoàng Gia lẻ Tập (1 -> 66) - Chang Book,35100.0,35100.0,0.0,9,0.0,Sách tiếng Việt,Kaggle,Tiki,https://tiki.vn/truyen-tranh-dau-an-hoang-gia-chang-book-p276581136.html?spid=279447249,False
KAG_278493331,Bé Lớn Lên Cùng Những Câu Chuyện Nhỏ,48700.0,69000.0,0.29,11,0.0,Sách tiếng Việt,Kaggle,Tiki,https://tiki.vn/be-lon-len-cung-nhung-cau-chuyen-nho-p278493331.html?spid=278493344,False
KAG_279059440,Doraemon Movie Story Màu: Nobita Và Đảo Giấu Vàng,31500.0,35000.0,0.1,21,0.0,Sách tiếng Việt,Kaggle,Tiki,https://tiki.vn/doraemon-movie-story-mau-nobita-va-dao-giau-vang-p279059440.html?spid=279059441,False
KAG_273789471,Slam Dunk - Deluxe Edition - Tập 18 - Tặng Kèm Obi + Bìa Áo Limited Ngẫu Nhiên,59400.0,60000.0,0.01,39,5.0,Sách tiếng Việt,Kaggle,Tiki,https://tiki.vn/slam-dunk-deluxe-edition-tap-18-tang-kem-obi-bia-ao-limited-ngau-nhien-p273789471.html?spid=273789472,False
KAG_276819713,Thám Tử Lừng Danh Conan - Giờ Trà Của Zero Tập 4 [Tặng Kèm Obi Metalize],34300.0,35000.0,0.02,54,5.0,Sách tiếng Việt,Kaggle,Tiki,https://tiki.vn/tham-tu-lung-danh-conan-gio-tra-cua-zero-tap-4-tang-kem-obi-metalize-p276819713.html?spid=276819718,False
KAG_192115858,Chú Thuật Hồi Chiến -  Tập 5,28500.0,30000.0,0.05,3104,5.0,Sách tiếng Việt,Kaggle,Tiki,https://tiki.vn/chu-thuat-hoi-chien-tap-5-p192115858.html?spid=271536111,False
KAG_59260763,Dr.SLUMP Ultimate Edition - Tập 2,57000.0,60000.0,0.05,1030,5.0,Sách tiếng Việt,Kaggle,Tiki,https://tiki.vn/dr-slump-ultimate-edition-tap-2-p59260763.html?spid=59260764,False
KAG_278945831,Thiên Sứ Nhà Bên – (Bản Phổ Thông) [chọn Tập Lẻ,85500.0,95000.0,0.1,18,5.0,Sách tiếng Việt,Kaggle,Tiki,https://tiki.vn/thien-su-nha-ben-tap-9-ban-pho-thong-tang-bookmark-p278945831.html?spid=277360189,False
KAG_247444616,My Hero Academia - Học Viện Siêu Anh Hùng Tập 32: Kẻ Tiếp Theo,28500.0,30000.0,0.05,292,5.0,Sách tiếng Việt,Kaggle,Tiki,https://tiki.vn/my-hero-academia-hoc-vien-sieu-anh-hung-tap-32-ke-tiep-theo-tang-kem-bookmark-nhan-vat-p247444616.html?spid=247444617,False
KAG_270790479,Shin - Cậu Bé Bút Chì - Tập 42,23750.0,25000.0,0.05,17,5.0,Sách tiếng Việt,Kaggle,Tiki,https://tiki.vn/shin-cau-be-but-chi-tap-42-p270790479.html?spid=270790482,False
KAG_279353678,Sách - Host Club Trường Ouran - Tập 4,34600.0,35000.0,0.01,20,5.0,Sách tiếng Việt,Kaggle,Tiki,https://tiki.vn/sach-host-club-truong-ouran-tap-4-p279353678.html?spid=279353679,False
KAG_279212528,Sách - Hikaru - Kì Thủ Cờ Vây - Ultimate Edition - Tập 2 - Tặng Kèm Character Card,78400.0,80000.0,0.02,15,0.0,Sách tiếng Việt,Kaggle,Tiki,https://tiki.vn/sach-hikaru-ki-thu-co-vay-ultimate-edition-tap-2-tang-kem-character-card-p279212528.html?spid=279212529,False
KAG_273952771,Tớ Là Mèo Pusheen Tập 2 - Cuộc Sống Muôn Màu Của Pusheen,62400.0,80000.0,0.22,51,5.0,Sách tiếng Việt,Kaggle,Tiki,https://tiki.vn/to-la-meo-pusheen-tap-2-cuoc-song-muon-mau-cua-pusheen-p273952771.html?spid=273952772,False
KAG_278596739,Sách - Thị Trấn Mèo - Tập 10 - Tặng Kèm Postcard,66600.0,68000.0,0.02,24,5.0,Sách tiếng Việt,Kaggle,Tiki,https://tiki.vn/sach-thi-tran-meo-tap-10-tang-kem-postcard-p278596739.html?spid=278596740,False
KAG_278733177,Truyện tranh Rắc rối đáng yêu (Lovely Complex) full 17 tập - Chang Book,58500.0,58500.0,0.0,9,5.0,Sách tiếng Việt,Kaggle,Tiki,https://tiki.vn/truyen-tranh-rac-roi-dang-yeu-lovely-complex-chang-book-p278733177.html?spid=279419011,False
KAG_50724989,Combo Thám Tử Lừng Danh Conan Tập 51 - 60 (Bộ 10 cuốn),237500.0,250000.0,0.05,662,5.0,Sách tiếng Việt,Kaggle,Tiki,https://tiki.vn/combo-tham-tu-lung-danh-conan-tap-51-60-bo-10-cuon-p50724989.html?spid=58806030,False
KAG_276910676,Truyện tranh Spy X Family - Điệp vụ tô màu (Tuyển tập tô màu),35100.0,35100.0,0.0,22,5.0,Sách tiếng Việt,Kaggle,Tiki,https://tiki.vn/truyen-tranh-spy-x-family-kim-dong-p276910676.html?spid=279104904,False
KAG_270790360,Shin - Cậu Bé Bút Chì Tập 24,23500.0,25000.0,0.06,31,5.0,Sách tiếng Việt,Kaggle,Tiki,https://tiki.vn/shin-cau-be-but-chi-tap-24-p270790360.html?spid=270790363,False
KAG_270789003,Shin - Cậu Bé Bút Chì Truyện Dài Tập 2: Đế Quốc Người Lớn Phản Công,24000.0,25000.0,0.04,37,5.0,Sách tiếng Việt,Kaggle,Tiki,https://tiki.vn/shin-cau-be-but-chi-truyen-dai-tap-2-de-quoc-nguoi-lon-phan-cong-p270789003.html?spid=270789006,False
KAG_173515979,My Hero Academia - Học Viện Siêu Anh Hùng Tập 16: Red Riot (Tái Bản 2022),28200.0,30000.0,0.06,22,5.0,Sách tiếng Việt,Kaggle,Tiki,https://tiki.vn/my-hero-academia-hoc-vien-sieu-anh-hung-tap-16-red-riot-tai-ban-2022-p173515979.html?spid=173515981,False
KAG_46829123,Dragon Ball Ngoại Truyện: Tỉnh Giấc Hoá Yamcha,23750.0,25000.0,0.05,576,4.7,Sách tiếng Việt,Kaggle,Tiki,https://tiki.vn/dragon-ball-ngoai-truyen-tinh-giac-hoa-yamcha-p46829123.html?spid=46829125,False
KAG_182551495,Black Jack 10 (Bìa Cứng),120000.0,135000.0,0.11,527,4.8,Sách tiếng Việt,Kaggle,Tiki,https://tiki.vn/black-jack-10-bia-cung-p182551495.html?spid=182551497,False
KAG_279414813,Sách - Dấu Ấn Hoàng Gia - Tập 60,30000.0,30000.0,0.0,12,5.0,Sách tiếng Việt,Kaggle,Tiki,https://tiki.vn/sach-dau-an-hoang-gia-tap-60-p279414813.html?spid=279414814,False
KAG_279423160,Sách - Komi - Nữ Thần Sợ Giao Tiếp - Tập 33,30000.0,30000.0,0.0,14,5.0,Sách tiếng Việt,Kaggle,Tiki,https://tiki.vn/sach-komi-nu-than-so-giao-tiep-tap-33-p279423160.html?spid=279423161,False
KAG_277591498,Truyện tranh Chú thuật hồi chiến lẻ tập (0 -> 28) - Chang Book,35100.0,35100.0,0.0,8,4.0,Sách tiếng Việt,Kaggle,Tiki,https://tiki.vn/truyen-tranh-chu-thuat-hoi-chien-le-tap-chang-book-p277591498.html?spid=279437083,False
KAG_278870046,Sách - Dấu Ấn Hoàng Gia - Tập 36 - Tặng Kèm Postcard,30000.0,30000.0,0.0,58,0.0,Sách tiếng Việt,Kaggle,Tiki,https://tiki.vn/sach-dau-an-hoang-gia-tap-36-tang-kem-postcard-p278870046.html?spid=278870047,False
KAG_278917023,Sách Nhật Kí Nơi Xứ Lạ (Tập 6),52500.0,75000.0,0.3,17,5.0,Sách tiếng Việt,Kaggle,Tiki,https://tiki.vn/sach-nhat-ki-noi-xu-la-tap-6-p278917023.html?spid=278917024,False
KAG_279124245,Sách - Thám Tử Lừng Danh Conan - Tập 107,25000.0,25000.0,0.0,65,4.5,Sách tiếng Việt,Kaggle,Tiki,https://tiki.vn/sach-tham-tu-lung-danh-conan-tap-107-p279124245.html?spid=279124246,False
KAG_278949629,Vương quốc thất tịch,55000.0,58000.0,0.05,90,5.0,Sách tiếng Việt,Kaggle,Tiki,https://tiki.vn/vuong-quoc-that-tich-p278949629.html?spid=278949632,False
KAG_278968247,Dược Sư Tự Sự - Tập 8 [Tặng Kèm Bookmark + Set 04 Khánh Treo],106250.0,125000.0,0.15,44,5.0,Sách tiếng Việt,Kaggle,Tiki,https://tiki.vn/duoc-su-tu-su-tap-8-tang-kem-bookmark-set-04-khanh-treo-p278968247.html?spid=278968248,False
KAG_279439216,Sách - Chú Thuật Hồi Chiến - Tập 28 - Quyết Chiến Tại Tử Địa Shinjuku - Chấp 9 Quân - Tặng Kèm Card PVC,28500.0,30000.0,0.05,32,5.0,Sách tiếng Việt,Kaggle,Tiki,https://tiki.vn/sach-chu-thuat-hoi-chien-tap-28-quyet-chien-tai-tu-dia-shinjuku-chap-9-quan-tang-kem-card-pvc-p279439216.html?spid=279439217,False
KAG_190605360,Người Bà Tài Giỏi Vùng Saga – Tập 1 (Tái Bản),36400.0,52000.0,0.3,1012,5.0,Sách tiếng Việt,Kaggle,Tiki,https://tiki.vn/nguoi-ba-tai-gioi-vung-saga-tap-1-tai-ban-p190605360.html?spid=190605361,False
KAG_278638435,Điện Hạ Umeboshi,23750.0,25000.0,0.05,23,5.0,Sách tiếng Việt,Kaggle,Tiki,https://tiki.vn/dien-ha-umeboshi-p278638435.html?spid=278638819,False
KAG_276922197,Dragon Ball Super Tập 23: Son Gohan- Siêu Tiềm Lực Khai Mở!,29400.0,30000.0,0.02,100,5.0,Sách tiếng Việt,Kaggle,Tiki,https://tiki.vn/dragon-ball-super-tap-23-son-gohan-sieu-tiem-luc-khai-mo-tang-kem-postcard-p276922197.html?spid=276922201,False
KAG_178483672,Văn Phòng Thám Tử Quái Vật 04,27000.0,30000.0,0.1,673,5.0,Sách tiếng Việt,Kaggle,Tiki,https://tiki.vn/van-phong-tham-tu-quai-vat-04-p178483672.html?spid=178483677,False
KAG_77621607,Spy X Family Tập 3,28500.0,30000.0,0.05,2884,4.8,Sách tiếng Việt,Kaggle,Tiki,https://tiki.vn/spy-x-family-tap-3-p77621607.html?spid=77621608,False
KAG_278103698,Thánh Địa Khủng Long,49000.0,55000.0,0.11,106,4.0,Sách tiếng Việt,Kaggle,Tiki,https://tiki.vn/thanh-dia-khung-long-p278103698.html?spid=278103716,False
KAG_270789216,Shin Cậu Bé Bút Chì Tập 3 - Bản Đặc Biệt,23750.0,25000.0,0.05,38,4.8,Sách tiếng Việt,Kaggle,Tiki,https://tiki.vn/shin-cau-be-but-chi-tap-3-ban-dac-biet-p270789216.html?spid=270789219,False
KAG_276558783,Truyện tranh Cecilia & Lawrence - Chang Book,46800.0,46800.0,0.0,4,0.0,Sách tiếng Việt,Kaggle,Tiki,https://tiki.vn/truyen-tranh-cecilia-lawrence-chang-book-p276558783.html?spid=277215226,False
KAG_276944652,Truyện - Giờ Trà Của Zero - Thám Tử Lừng Danh Conan - Chọn Lẻ 6 Tập - Kim Đồng,40000.0,40000.0,0.0,16,4.8,Sách tiếng Việt,Kaggle,Tiki,https://tiki.vn/truyen-gio-tra-cua-zero-tham-tu-lung-danh-conan-chon-le-5-tap-kim-dong-p276944652.html?spid=276944660,False
KAG_278682879,Tớ Là Mèo Pusheen - Tập 3 – Cẩm Nang Tất Tần Tật Của Pusheen [Tặng Kèm Bảng Sticker + Mini Clearfile],60000.0,80000.0,0.25,15,5.0,Sách tiếng Việt,Kaggle,Tiki,https://tiki.vn/to-la-meo-pusheen-tap-3-cam-nang-tat-tan-tat-cua-pusheen-tang-kem-bang-sticker-mini-clearfile-p278682879.html?spid=278682882,False
KAG_278520579,Bluelock - Tập 27,33250.0,35000.0,0.05,45,5.0,Sách tiếng Việt,Kaggle,Tiki,https://tiki.vn/bluelock-tap-27-p278520579.html?spid=278520607,False
KAG_276609088,Shin Cậu Bé Bút Chì - Truyện Dài Tập 19: Những Cậu Bé Kung Fu - Mì Ramen Đại Chiến,24000.0,25000.0,0.04,19,5.0,Sách tiếng Việt,Kaggle,Tiki,https://tiki.vn/shin-cau-be-but-chi-truyen-dai-tap-19-nhung-cau-be-kung-fu-mi-ramen-dai-chien-p276609088.html?spid=276609090,False
KAG_270790125,BLUELOCK Tập 2,33250.0,35000.0,0.05,4,5.0,Sách tiếng Việt,Kaggle,Tiki,https://tiki.vn/bluelock-tap-2-p270790125.html?spid=270790128,False
KAG_279199164,Sách - Monster - Deluxe Edition - Tập 3 - Tặng Kèm Bookmark,118700.0,125000.0,0.05,48,5.0,Sách tiếng Việt,Kaggle,Tiki,https://tiki.vn/sach-monster-deluxe-edition-tap-3-tang-kem-bookmark-p279199164.html?spid=279199165,False
KAG_274145959,Combo Truyện - Haikyu,570000.0,600000.0,0.05,143,4.5,Sách tiếng Việt,Kaggle,Tiki,https://tiki.vn/haikyu-premium-boxset-p274145959.html?spid=277931540,True
KAG_279303307,Sách - Host Club Trường Ouran - Tập 3 - Tặng Kèm Bookmark,34300.0,35000.0,0.02,63,5.0,Sách tiếng Việt,Kaggle,Tiki,https://tiki.vn/sach-host-club-truong-ouran-tap-3-tang-kem-bookmark-p279303307.html?spid=279303308,False
KAG_278968288,Spy X Family – Tập 13,28500.0,30000.0,0.05,58,5.0,Sách tiếng Việt,Kaggle,Tiki,https://tiki.vn/spy-x-family-tap-13-tang-kem-standee-pvc-p278968288.html?spid=278968289,False
KAG_21767618,Combo One Piece (101 Tập) (Tái Bản),2695500.0,3020000.0,0.11,124,4.6,Sách tiếng Việt,Kaggle,Tiki,https://tiki.vn/combo-one-piece-90-tap-tai-ban-p21767618.html?spid=21767619,True
KAG_276242875,Boxset Tokyo Babylon (7 Tập) [Tặng Kèm Set 03 Postcard + Phong Bì],340000.0,350000.0,0.03,53,5.0,Sách tiếng Việt,Kaggle,Tiki,https://tiki.vn/boxset-tokyo-babylon-7-tap-tang-kem-set-03-postcard-phong-bi-p276242875.html?spid=276242876,False
KAG_11478941,Combo Đội Quân Doraemon (6 Tập) - Tái Bản 2019,131100.0,138000.0,0.05,972,5.0,Sách tiếng Việt,Kaggle,Tiki,https://tiki.vn/combo-doi-quan-doraemon-6-tap-tai-ban-2019-p11478941.html?spid=11478942,False
KAG_278160056,One Piece - Tập 107 (Bản Bìa Áo): “Anh Hùng Huyền Thoại”,29100.0,30000.0,0.03,87,5.0,Sách tiếng Việt,Kaggle,Tiki,https://tiki.vn/one-piece-tap-107-ban-bia-ao-anh-hung-huyen-thoai-p278160056.html?spid=278160061,False
KAG_278729078,Masamune Báo Thù [Chọn Tập Lẻ,36100.0,38000.0,0.05,125,5.0,Sách tiếng Việt,Kaggle,Tiki,https://tiki.vn/masamune-bao-thu-chon-tap-le-p278729078.html?spid=279134906,False
KAG_279312657,Sách Chuyện Asuka Và Chàng Yêu Quái,62300.0,89000.0,0.3,45,5.0,Sách tiếng Việt,Kaggle,Tiki,https://tiki.vn/sach-chuyen-asuka-va-chang-yeu-quai-p279312657.html?spid=279312944,False
KAG_250074901,Thám Tử Lừng Danh Conan Tập 9 (Tái Bản),23750.0,25000.0,0.05,78,5.0,Sách tiếng Việt,Kaggle,Tiki,https://tiki.vn/tham-tu-lung-danh-conan-tap-9-tai-ban-2023-p250074901.html?spid=250074911,False
KAG_263698297,Dragon Ball Super Tập 8: Dấu Hiệu Thức Tỉnh Của Son Goku,28800.0,30000.0,0.04,45,5.0,Sách tiếng Việt,Kaggle,Tiki,https://tiki.vn/dragon-ball-super-tap-8-dau-hieu-thuc-tinh-cua-son-goku-p263698297.html?spid=263698300,False
KAG_273192589,Tiểu Thuyết Naruto - Mộc Diệp Bí Truyền: Chúc Ngôn Nhật Hòa,49500.0,55000.0,0.1,59,5.0,Sách tiếng Việt,Kaggle,Tiki,https://tiki.vn/tieu-thuyet-naruto-p273192589.html?spid=273196665,False
KAG_270106655,Fire Force 09,40000.0,43000.0,0.07,73,5.0,Sách tiếng Việt,Kaggle,Tiki,https://tiki.vn/fire-force-09-p270106655.html?spid=270106657,False
KAG_275346395,Ông Chú Siêu Nhân Saenai,31500.0,35000.0,0.1,30,5.0,Sách tiếng Việt,Kaggle,Tiki,https://tiki.vn/ong-chu-sieu-nhan-saenai-p275346395.html?spid=275346398,False
KAG_276957509,Dấu Ấn Hoàng Gia Tập 15,29400.0,30000.0,0.02,247,5.0,Sách tiếng Việt,Kaggle,Tiki,https://tiki.vn/dau-an-hoang-gia-tap-15-p276957509.html?spid=276957513,False
KAG_76658407,Thám Tử Lừng Danh Conan - Hanzawa - Chàng Hung Thủ Số Nhọ - Tập 3,23750.0,25000.0,0.05,642,5.0,Sách tiếng Việt,Kaggle,Tiki,https://tiki.vn/tham-tu-lung-danh-conan-hanzawa-chang-hung-thu-so-nho-tap-3-tang-kem-postcard-p76658407.html?spid=76658410,False
KAG_276655588,Nhóc Maruko Tập 14,38000.0,40000.0,0.05,114,5.0,Sách tiếng Việt,Kaggle,Tiki,https://tiki.vn/nhoc-maruko-tap-14-tang-set-postcard-polaroid-p276655588.html?spid=276655590,False
KAG_279134973,Hội Chứng Tuổi Thanh Xuân - Tập 12: Cô Nàng Học Sinh Của Tôi,84000.0,105000.0,0.2,25,5.0,Sách tiếng Việt,Kaggle,Tiki,https://tiki.vn/hoi-chung-tuoi-thanh-xuan-tap-12-co-nang-hoc-sinh-cua-toi-p279134973.html?spid=279134988,False
KAG_279134887,Sách Ác Nữ Nửa Vời - Truyền Kì Hoán Hồn Đổi Xác  - [Chọn Tập Lẻ,92000.0,115000.0,0.2,29,5.0,Sách tiếng Việt,Kaggle,Tiki,https://tiki.vn/sach-ac-nu-nua-voi-truyen-ki-hoan-hon-doi-xac-tap-1-light-novel-chon-tap-le-p279134887.html?spid=279445513,False
KAG_279185702,Sách - Dấu Ấn Hoàng Gia - Tập 42,28500.0,30000.0,0.05,110,5.0,Sách tiếng Việt,Kaggle,Tiki,https://tiki.vn/sach-dau-an-hoang-gia-tap-42-p279185702.html?spid=279185703,False
KAG_272382702,Shin Cậu Bé Bút Chì - Tập 2,25000.0,25000.0,0.0,5,0.0,Sách tiếng Việt,Kaggle,Tiki,https://tiki.vn/shin-cau-be-but-chi-tap-2-p272382702.html?spid=272382703,False
KAG_279229250,Sách Tây Du Hí (Tập 8),83300.0,119000.0,0.3,18,5.0,Sách tiếng Việt,Kaggle,Tiki,https://tiki.vn/sach-tay-du-hi-tap-8-p279229250.html?spid=279229279,False
KAG_275946551,Hirayasumi – Những Tháng Ngày Chơi Vơi (Tập 1),53512.0,68000.0,0.21,168,5.0,Sách tiếng Việt,Kaggle,Tiki,https://tiki.vn/hirayasumi-nhung-thang-ngay-choi-voi-tap-1-p275946551.html?spid=275947062,False
KAG_17948445,Thám Tử Lừng Danh Conan - Tập 71 ( Tái Bản ),23750.0,25000.0,0.05,619,5.0,Sách tiếng Việt,Kaggle,Tiki,https://tiki.vn/tham-tu-lung-danh-conan-tap-71-tai-ban-p17948445.html?spid=17948446,False
KAG_273381058,Ma đạo tổ sư - Tập 3 - Bản Thường tặng 01 Card bo góc random ¼,111300.0,159000.0,0.3,203,4.7,Sách tiếng Việt,Kaggle,Tiki,https://tiki.vn/ma-dao-to-su-tap-3-p273381058.html?spid=273381404,False
KAG_279260064,Sách - Nisekoi - Cặp Đôi Giả Tạo - Tập 12 - Lễ Hội,39200.0,40000.0,0.02,10,5.0,Sách tiếng Việt,Kaggle,Tiki,https://tiki.vn/sach-nisekoi-cap-doi-gia-tao-tap-12-le-hoi-p279260064.html?spid=279260066,False
KAG_276563060,Dấu Ấn Hoàng Gia Tập 11,28500.0,30000.0,0.05,185,4.6,Sách tiếng Việt,Kaggle,Tiki,https://tiki.vn/dau-an-hoang-gia-tap-11-tang-kem-postcard-p276563060.html?spid=276563062,False
KAG_279278206,Sách Solo Leveling - Tôi Thăng Cấp Một Mình - Tập 24 [Tặng Kèm 02 Card PVC],83600.0,88000.0,0.05,23,5.0,Sách tiếng Việt,Kaggle,Tiki,https://tiki.vn/sach-solo-leveling-toi-thang-cap-mot-minh-tap-24-tang-kem-02-card-pvc-p279278206.html?spid=279278207,False
KAG_278638429,Bảng Xếp Hạng Quân Vương – Tập 14 [Tặng Kèm Bookmark],42750.0,45000.0,0.05,17,5.0,Sách tiếng Việt,Kaggle,Tiki,https://tiki.vn/bang-xep-hang-quan-vuong-tap-14-tang-kem-bookmark-p278638429.html?spid=278638433,False
KAG_276563036,Câu Lạc Bộ Những Kẻ Mất Ngủ - Insomniacs After School Tập 9 [Tặng Kèm Postcard],38000.0,40000.0,0.05,22,5.0,Sách tiếng Việt,Kaggle,Tiki,https://tiki.vn/cau-lac-bo-nhung-ke-mat-ngu-insomniacs-after-school-tap-9-tang-kem-postcard-p276563036.html?spid=276563042,False
KAG_276075635,Câu Lạc Bộ Những Kẻ Mất Ngủ - Insomniacs After School Tập 6 [Tặng Kèm Postcard],38400.0,40000.0,0.04,26,5.0,Sách tiếng Việt,Kaggle,Tiki,https://tiki.vn/cau-lac-bo-nhung-ke-mat-ngu-insomniacs-after-school-tap-6-tang-kem-postcard-p276075635.html?spid=276075636,False
KAG_270790305,Doraemon Plus Tập 1,23750.0,25000.0,0.05,29,4.8,Sách tiếng Việt,Kaggle,Tiki,https://tiki.vn/doraemon-plus-tap-1-p270790305.html?spid=270790308,False
KAG_176906737,Dragon Ball Super Tập 10: Điều Ước Của Moro (Tái Bản),28500.0,30000.0,0.05,101,5.0,Sách tiếng Việt,Kaggle,Tiki,https://tiki.vn/dragon-ball-super-tap-10-dieu-uoc-cua-moro-tai-ban-2022-p176906737.html?spid=176906740,False
KAG_278830785,Sách - Dấu Ấn Hoàng Gia - Tập 35,30000.0,30000.0,0.0,65,0.0,Sách tiếng Việt,Kaggle,Tiki,https://tiki.vn/sach-dau-an-hoang-gia-tap-35-p278830785.html?spid=278830786,False
KAG_270790464,Shin - Cậu Bé Bút Chì - Tập 38,23750.0,25000.0,0.05,27,4.6,Sách tiếng Việt,Kaggle,Tiki,https://tiki.vn/shin-cau-be-but-chi-tap-38-p270790464.html?spid=270790467,False
KAG_270790373,Shin - Cậu Bé Bút Chì Tập 44,23275.0,25000.0,0.07,15,4.7,Sách tiếng Việt,Kaggle,Tiki,https://tiki.vn/shin-cau-be-but-chi-tap-44-p270790373.html?spid=270790376,False
KAG_270789203,Shin - Cậu Bé Bút Chì - Tập 2 (Bản Đặc Biệt),23750.0,25000.0,0.05,21,4.8,Sách tiếng Việt,Kaggle,Tiki,https://tiki.vn/shin-cau-be-but-chi-tap-2-ban-dac-biet-p270789203.html?spid=270789206,False
KAG_274660763,Dragon Ball Super Tập 20: Lao Tâm Khổ Chiến,28500.0,30000.0,0.05,111,5.0,Sách tiếng Việt,Kaggle,Tiki,https://tiki.vn/dragon-ball-super-tap-20-lao-tam-kho-chien-tang-kem-postcard-p274660763.html?spid=274660767,False
KAG_16306339,Combo Shin - Cậu Bé Bút Chì - Bản Đặt Biệt (6 Tập),142500.0,150000.0,0.05,1753,4.8,Sách tiếng Việt,Kaggle,Tiki,https://tiki.vn/combo-shin-cau-be-but-chi-ban-dat-biet-6-tap-p16306339.html?spid=16306340,False
KAG_274813505,Nhóc Miko! Cô Bé Nhí Nhảnh - Tập 27,24000.0,25000.0,0.04,35,5.0,Sách tiếng Việt,Kaggle,Tiki,https://tiki.vn/nhoc-miko-co-be-nhi-nhanh-tap-27-p274813505.html?spid=274813509,False
KAG_279057678,Khi “Trai” Đẹp Hẹn Hò – Tập 9 [Tặng Kèm Postcard],44100.0,45000.0,0.02,10,0.0,Sách tiếng Việt,Kaggle,Tiki,https://tiki.vn/khi-trai-dep-hen-ho-tap-9-tang-kem-postcard-p279057678.html?spid=279057679,False
KAG_275185693,Asari - Cô Bé Tinh Nghịch Tập 11 – Tập 20 [Tái Bản 2024,23500.0,25000.0,0.06,35,0.0,Sách tiếng Việt,Kaggle,Tiki,https://tiki.vn/asari-co-be-tinh-nghich-tap-11-tap-20-tai-ban-2024-p275185693.html?spid=275186773,False
KAG_270751053,Fire Force 10,40000.0,43000.0,0.07,76,5.0,Sách tiếng Việt,Kaggle,Tiki,https://tiki.vn/fire-force-10-p270751053.html?spid=270751054,False
KAG_277384188,3x3 Eyes - Cô bé ba mắt,85000.0,90000.0,0.06,37,5.0,Sách tiếng Việt,Kaggle,Tiki,https://tiki.vn/3x3-eyes-co-be-ba-mat-p277384188.html?spid=277670730,False
KAG_243023700,Doraemon - Chú Mèo Máy Đến Từ Tương Lai Tập 38 (Tái Bản),23750.0,25000.0,0.05,25,0.0,Sách tiếng Việt,Kaggle,Tiki,https://tiki.vn/doraemon-chu-meo-may-den-tu-tuong-lai-tap-38-tai-ban-2023-p243023700.html?spid=243023703,False
KAG_91774356,Fullmetal Alchemist - Cang Giả Kim Thuật Sư - Fullmetal Edition Tập 8,71250.0,75000.0,0.05,148,5.0,Sách tiếng Việt,Kaggle,Tiki,https://tiki.vn/fullmetal-alchemist-cang-gia-kim-thuat-su-fullmetal-edition-tap-8-p91774356.html?spid=127545037,False
KAG_13637679,Thám Tử Lừng Danh Conan - Tập 68 (Tái Bản 2019),23750.0,25000.0,0.05,527,5.0,Sách tiếng Việt,Kaggle,Tiki,https://tiki.vn/tham-tu-lung-danh-conan-tap-68-tai-ban-2019-p13637679.html?spid=13637680,False
KAG_202878483,"Gửi em, người bất tử - Tập 14",26950.0,30000.0,0.1,378,5.0,Sách tiếng Việt,Kaggle,Tiki,https://tiki.vn/gui-em-nguoi-bat-tu-tap-14-p202878483.html?spid=202878484,False
KAG_278961975,Truyện tranh Marriagetoxin - Mai Mối Cho Độc Sư (Chang Book),53000.0,53000.0,0.0,9,5.0,Sách tiếng Việt,Kaggle,Tiki,https://tiki.vn/truyen-tranh-marriagetoxin-mai-moi-cho-doc-su-chang-book-p278961975.html?spid=279182159,False
KAG_279259806,Nhóc Miko - Cô bé nhí nhảnh trọn bộ 36 tập,12500.0,25000.0,0.5,0,5.0,Sách tiếng Việt,Kaggle,Tiki,https://tiki.vn/nhoc-miko-co-be-nhi-nhanh-tron-bo-36-tap-p279259806.html?spid=279259829,False
KAG_278883268,Sách - Thám Tử Lừng Danh Conan - Hoạt Hình Màu - Nàng Dâu Halloween - Tập 1,58800.0,60000.0,0.02,7,0.0,Sách tiếng Việt,Kaggle,Tiki,https://tiki.vn/sach-tham-tu-lung-danh-conan-hoat-hinh-mau-nang-dau-halloween-tap-1-p278883268.html?spid=278883269,False
KAG_278572375,Servamp - Hầu Cận Ma Cà Rồng – Tập 19,33250.0,35000.0,0.05,5,5.0,Sách tiếng Việt,Kaggle,Tiki,https://tiki.vn/servamp-hau-can-ma-ca-rong-tap-19-p278572375.html?spid=278572377,False
KAG_279505669,Điện Thoại Oppo A6c 4GB/128GB - Hàng Chính Hãng,5099000.0,5690000.0,0.1,0,0.0,Điện thoại - Máy tính bảng,Kaggle,Tiki,https://tiki.vn/dien-thoai-oppo-a6c-4gb-128gb-hang-chinh-hang-p279505669.html?spid=279505673,True
KAG_279505495,Máy Tính Bảng Xiaomi Redmi Pad 2 Wifi 4GB/128GB - Hàng Chính Hãng,4989000.0,5290000.0,0.06,0,0.0,Điện thoại - Máy tính bảng,Kaggle,Tiki,https://tiki.vn/may-tinh-bang-xiaomi-redmi-pad-2-wifi-4gb-128gb-hang-chinh-hang-p279505495.html?spid=279505497,True
KAG_279504232,Máy tính bảng Xiaomi Redmi Pad 2 9.7 Wifi (4GB/64GB) - Hàng chính hãng,4990000.0,4990000.0,0.0,0,0.0,Điện thoại - Máy tính bảng,Kaggle,Tiki,https://tiki.vn/may-tinh-bang-xiaomi-redmi-pad-2-9-7-wifi-4gb-64gb-hang-chinh-hang-p279504232.html?spid=279504234,True
KAG_279447192,Máy Tính Bảng Galaxy Tab S10 Lite Wifi (6GB/128GB) - Hàng Chính Hãng,10990000.0,10990000.0,0.0,202,0.0,Điện thoại - Máy tính bảng,Kaggle,Tiki,https://tiki.vn/may-tinh-bang-galaxy-tab-s10-lite-wifi-8gb-128gb-hang-chinh-hang-p279447192.html?spid=279447202,True
KAG_279075947,Điện Thoại Oppo A6t 4GB/64GB - Hàng Chính Hãng,4590000.0,4590000.0,0.0,0,0.0,Điện thoại - Máy tính bảng,Kaggle,Tiki,https://tiki.vn/dien-thoai-oppo-a6t-4gb-64gb-hang-chinh-hang-p279075947.html?spid=279075951,True
KAG_217548686,"Máy đọc sách Kindle Scribe – thế hệ đầu tiên có thể đọc và viết, màn hình 10,2” 300PPI, đèn vàng warmlight, bộ nhớ 16-64GB, đồng bộ dữ liệu qua Microsoft Word - hàng nhập khẩu",9800000.0,9800000.0,0.0,4,4.0,Điện thoại - Máy tính bảng,Kaggle,Tiki,https://tiki.vn/may-doc-sach-kindle-scribe-the-he-dau-tien-co-the-doc-va-viet-man-hinh-10-2-300ppi-den-vang-warmlight-bo-nho-16-64gb-dong-bo-du-lieu-qua-microsoft-word-hang-nhap-khau-p217548686.html?spid=217548688,True
KAG_279411794,Máy tính bảng Samsung Galaxy Tab A11 4G ( 4GB/64GB) - Hàng chính hãng,6990000.0,6990000.0,0.0,110,0.0,Điện thoại - Máy tính bảng,Kaggle,Tiki,https://tiki.vn/may-tinh-bang-samsung-galaxy-tab-a11-4g-4gb-64gb-p279411794.html?spid=279412568,True
KAG_279411764,Máy Tính Bảng Samsung Galaxy Tab A11 WiFi (4GB/64GB) - Hàng chính hãng,5990000.0,5990000.0,0.0,182,0.0,Điện thoại - Máy tính bảng,Kaggle,Tiki,https://tiki.vn/may-tinh-bang-samsung-galaxy-tab-a11-wifi-4gb-64gb-p279411764.html?spid=279411768,True
KAG_279314917,Điện thoại Xiaomi Redmi Note 15 Pro 12GB/256GB - Hàng Chính Hãng,7590000.0,7590000.0,0.0,7,4.7,Điện thoại - Máy tính bảng,Kaggle,Tiki,https://tiki.vn/dien-thoai-xiaomi-redmi-note-15-pro-12gb-256gb-hang-chinh-hang-p279314917.html?spid=279322849,True
KAG_279314906,Điện thoại Xiaomi Redmi Note 15 Pro 8GB/256GB - Hàng Chính Hãng,7250000.0,7250000.0,0.0,0,0.0,Điện thoại - Máy tính bảng,Kaggle,Tiki,https://tiki.vn/dien-thoai-xiaomi-redmi-note-15-pro-8gb-256gb-hang-chinh-hang-p279314906.html?spid=279314910,True
KAG_279297038,Điện Thoại Samsung Galaxy A57 5G 8GB/128GB - Hàng Chính Hãng,10269000.0,12490000.0,0.18,0,0.0,Điện thoại - Máy tính bảng,Kaggle,Tiki,https://tiki.vn/dien-thoai-samsung-galaxy-a57-5g-8gb-128gb-hang-chinh-hang-p279297038.html?spid=279297040,True
KAG_279277488,Điện thoại Samsung Galaxy A57 5G (8GB/128GB) - Hàng chính hãng,12490000.0,12490000.0,0.0,1,5.0,Điện thoại - Máy tính bảng,Kaggle,Tiki,https://tiki.vn/dien-thoai-samsung-galaxy-a57-5g-8gb-128gb-hang-chinh-hang-p279277488.html?spid=279277490,True
KAG_279257510,Điện Thoại Samsung Galaxy A57 5G ( 8GB/128GB) - Hàng Chính Hãng,9900000.0,12490000.0,0.21,3,4.8,Điện thoại - Máy tính bảng,Kaggle,Tiki,https://tiki.vn/dien-thoai-samsung-galaxy-a57-5g-8gb-128gb-hang-chinh-hang-p279257510.html?spid=279257514,True
KAG_279257463,Điện Thoại Samsung Galaxy A37 5G (8GB/128GB) - Hàng Chính Hãng,8990000.0,10990000.0,0.18,3,5.0,Điện thoại - Máy tính bảng,Kaggle,Tiki,https://tiki.vn/dien-thoai-samsung-galaxy-a37-5g-hang-chinh-hang-p279257463.html?spid=279257465,True
KAG_279254865,Điện Thoại Xiaomi Redmi Note 15 Pro 5G 12GB/256GB - Hàng Chính Hãng,9819000.0,11490000.0,0.15,0,5.0,Điện thoại - Máy tính bảng,Kaggle,Tiki,https://tiki.vn/dien-thoai-xiaomi-redmi-note-15-pro-5g-12gb-256gb-hang-chinh-hang-p279254865.html?spid=279254871,True
KAG_279231976,Apple iPad Air M4 11-Inch Wi-Fi,18490000.0,18490000.0,0.0,9,5.0,Điện thoại - Máy tính bảng,Kaggle,Tiki,https://tiki.vn/apple-ipad-air-m4-11-inch-wi-fi-hang-chinh-hang-p279231976.html?spid=279231986,True
KAG_279188180,Máy Tính Bảng Galaxy Tab S10 Lite Wifi (8GB/256GB) - Hàng Chính Hãng,11990000.0,11990000.0,0.0,97,0.0,Điện thoại - Máy tính bảng,Kaggle,Tiki,https://tiki.vn/may-tinh-bang-galaxy-tab-s10-lite-wifi-8gb-256gb-hang-chinh-hang-p279188180.html?spid=279188182,True
KAG_279185853,Điện Thoại Samsung Galaxy S26 Ultra (12GB/256GB) - Hàng Chính Hãng,27900000.0,36990000.0,0.25,5,0.0,Điện thoại - Máy tính bảng,Kaggle,Tiki,https://tiki.vn/dien-thoai-samsung-galaxy-s26-ultra-12gb-256gb-hang-chinh-hang-p279185853.html?spid=279185857,True
KAG_279185842,Điện Thoại Samsung Galaxy S26+ (12GB/256GB) - Hàng Chính Hãng,21990000.0,29990000.0,0.27,0,0.0,Điện thoại - Máy tính bảng,Kaggle,Tiki,https://tiki.vn/dien-thoai-samsung-galaxy-s26-12gb-256gb-hang-chinh-hang-p279185842.html?spid=279185844,True
KAG_279185812,Điện Thoại Samsung Galaxy S26 (12GB/256GB) - Hàng Chính Hãng,20900000.0,25990000.0,0.2,1,0.0,Điện thoại - Máy tính bảng,Kaggle,Tiki,https://tiki.vn/dien-thoai-samsung-galaxy-s26-12gb-256gb-hang-chinh-hang-p279185812.html?spid=279185818,True
KAG_279077078, Điện thoại Oppo A5x (4GB/128GB) - Hàng chính hãng,4690000.0,4690000.0,0.0,7851,0.0,Điện thoại - Máy tính bảng,Kaggle,Tiki,https://tiki.vn/dien-thoai-oppo-a5x-4gb-128gb-hang-chinh-hang-p279077078.html?spid=279077080,True
KAG_279074852,Điện Thoại Xiaomi Redmi 15C 6GB/128GB - Hàng Chính Hãng,4439000.0,4990000.0,0.11,2,5.0,Điện thoại - Máy tính bảng,Kaggle,Tiki,https://tiki.vn/dien-thoai-xiaomi-redmi-15c-6gb-128gb-hang-chinh-hang-p279074852.html?spid=279074854,True
KAG_278820676,Điện Thoại Xiaomi 15T Pro 5G 12GB/512GB - Hàng Chính Hãng,16979000.0,19490000.0,0.13,0,0.0,Điện thoại - Máy tính bảng,Kaggle,Tiki,https://tiki.vn/dien-thoai-xiaomi-15t-pro-5g-12gb-512gb-hang-chinh-hang-p278820676.html?spid=278820682,True
KAG_278814651,Điện thoại Xiaomi Redmi 15C (6GB/128GB) - Hàng chính hãng,4990000.0,4990000.0,0.0,7,0.0,Điện thoại - Máy tính bảng,Kaggle,Tiki,https://tiki.vn/dien-thoai-xiaomi-redmi-15c-6gb-128gb-hang-chinh-hang-p278814651.html?spid=279051355,True
KAG_278730376,Máy tính bảng Samsung Galaxy Tab A11 Wifi (4GB/64GB) - Hàng chính hãng,3990000.0,3990000.0,0.0,0,0.0,Điện thoại - Máy tính bảng,Kaggle,Tiki,https://tiki.vn/may-tinh-bang-samsung-galaxy-tab-a11-wifi-4gb-64gb-hang-chinh-hang-p278730376.html?spid=278730380,True
KAG_278729165,Máy tính bảng Samsung Galaxy Tab A11 LTE (4GB/64GB) - Hàng chính hãng,5490000.0,5490000.0,0.0,2,0.0,Điện thoại - Máy tính bảng,Kaggle,Tiki,https://tiki.vn/may-tinh-bang-samsung-galaxy-tab-a11-lte-4gb-64gb-hang-chinh-hang-p278729165.html?spid=278729169,True
KAG_278635796,Điện Thoại Samsung Galaxy A17 8GB/128GB - Hàng Chính Hãng,5249000.0,6190000.0,0.15,3,0.0,Điện thoại - Máy tính bảng,Kaggle,Tiki,https://tiki.vn/dien-thoai-samsung-galaxy-a17-8gb-128gb-hang-chinh-hang-p278635796.html?spid=278635798,True
KAG_278630285,Apple iPhone Air - Xanh Da Trời - 256GB,21990000.0,21990000.0,0.0,53,5.0,Điện thoại - Máy tính bảng,Kaggle,Tiki,https://tiki.vn/apple-iphone-air-p278630285.html?spid=278630803,True
KAG_278628866,Apple iPhone 17 Pro Max,33490000.0,33490000.0,0.0,5360,5.0,Điện thoại - Máy tính bảng,Kaggle,Tiki,https://tiki.vn/apple-iphone-17-pro-max-p278628866.html?spid=278630786,True
KAG_278540683,Điện Thoại Samsung Galaxy A17 5G 8GB/128GB - Hàng Chính Hãng,5929000.0,6190000.0,0.04,2,0.0,Điện thoại - Máy tính bảng,Kaggle,Tiki,https://tiki.vn/dien-thoai-samsung-galaxy-a17-5g-8gb-128gb-hang-chinh-hang-p278540683.html?spid=278540689,True
KAG_277944334,Điện Thoại Samsung Galaxy A06 5G 4GB/64GB - Hàng Chính Hãng,3389000.0,3490000.0,0.03,8,5.0,Điện thoại - Máy tính bảng,Kaggle,Tiki,https://tiki.vn/dien-thoai-samsung-a06-5g-4gb-64gb-hang-chinh-hang-p277944334.html?spid=277944340,True
KAG_277812880,Máy Tính Bảng Galaxy Tab S10 FE Wifi (8GB/128GB) - Hàng Chính Hãng,9900000.0,11990000.0,0.17,196,5.0,Điện thoại - Máy tính bảng,Kaggle,Tiki,https://tiki.vn/may-tinh-bang-galaxy-tab-s10-fe-wifi-8gb-128gb-hang-chinh-hang-p277812880.html?spid=277812886,True
KAG_277646748,Điện thoại Samsung Galaxy A06 5G (4GB/64GB) - Hàng chính hãng,3990000.0,3990000.0,0.0,2,5.0,Điện thoại - Máy tính bảng,Kaggle,Tiki,https://tiki.vn/dien-thoai-samsung-galaxy-a06-5g-4gb-64gb-hang-chinh-hang-p277646748.html?spid=277646755,True
KAG_277619147,Máy tính bảng iPad Gen 11 (A16) WiFi,11990000.0,11990000.0,0.0,474,5.0,Điện thoại - Máy tính bảng,Kaggle,Tiki,https://tiki.vn/may-tinh-bang-ipad-gen-11-a16-wifi-p277619147.html?spid=277619155,True
KAG_277574339,Củ Sạc Samsung Không Kèm Cáp 25W - Hàng Chính Hãng,180000.0,540000.0,0.67,513,4.8,Điện thoại - Máy tính bảng,Kaggle,Tiki,https://tiki.vn/cu-sac-samsung-khong-kem-cap-25w-hang-chinh-hang-p277574339.html?spid=277574341,False
KAG_277553639,"Điện thoại Samsung Galaxy A06 5G (4/128GB), Màn Hình Cực Đại HD+ 6.7”, 5G Kết nối cực nhanh - Hàng chính hãng",6090000.0,6090000.0,0.0,51505,4.1,Điện thoại - Máy tính bảng,Kaggle,Tiki,https://tiki.vn/dien-thoai-samsung-galaxy-a06-5g-4-128gb-man-hinh-cuc-dai-hd-6-7-5g-ket-noi-cuc-nhanh-hang-chinh-hang-p277553639.html?spid=277553641,True
KAG_277512611,Điện Thoại Samsung Galaxy A56 5G 8GB/128GB - Hàng Chính Hãng,9990000.0,9990000.0,0.0,2,5.0,Điện thoại - Máy tính bảng,Kaggle,Tiki,https://tiki.vn/dien-thoai-samsung-a56-5g-8gb-128gb-hang-chinh-hang-p277512611.html?spid=277512615,True
KAG_276539826,"Máy đọc sách New Kindle 2024, 16Gb Mới nguyên Seal - Hàng chính hãng",3690000.0,3690000.0,0.0,9,5.0,Điện thoại - Máy tính bảng,Kaggle,Tiki,https://tiki.vn/may-doc-sach-new-kindle-2024-16gb-moi-nguyen-seal-hang-chinh-hang-p276539826.html?spid=276540791,True
KAG_276448920,"Máy đọc sách Amazon Kindle Paperwhite 6 (Gen 12th), Mới nguyên Seal - Hàng chính hãng",4890000.0,4890000.0,0.0,24,5.0,Điện thoại - Máy tính bảng,Kaggle,Tiki,https://tiki.vn/may-doc-sach-amazon-kindle-paperwhite-6-gen-12th-hang-chinh-hang-p276448920.html?spid=276448922,True
KAG_275386982,Điện Thoại Nokia 220 4G - Hàng Chính Hãng,1089000.0,1190000.0,0.08,17,5.0,Điện thoại - Máy tính bảng,Kaggle,Tiki,https://tiki.vn/dien-thoai-nokia-220-4g-hang-chinh-hang-p275386982.html?spid=275386986,True
KAG_271234577,Điện Thoại Nokia 105 4G Pro - Hàng Chính Hãng,849000.0,849000.0,0.0,20,5.0,Điện thoại - Máy tính bảng,Kaggle,Tiki,https://tiki.vn/dien-thoai-nokia-105-4g-pro-hang-chinh-hang-p271234577.html?spid=271234579,True
KAG_252586291,Máy đọc sách All New Kindle Paperwhite 5 (11th Gen) - Hàng chính hãng,4130000.0,4130000.0,0.0,521,5.0,Điện thoại - Máy tính bảng,Kaggle,Tiki,https://tiki.vn/may-doc-sach-all-new-kindle-paperwhite-5-11th-gen-hang-nhap-khau-p252586291.html?spid=252586532,True
KAG_201067649,Combo máy đọc sách Kindle Paperwhite 5 (11th gen) tặng kèm bao da ( Cover ) - Hàng nhập khẩu,3890000.0,3890000.0,0.0,256,5.0,Điện thoại - Máy tính bảng,Kaggle,Tiki,https://tiki.vn/combo-may-doc-sach-kindle-paperwhite-5-8gb-black-11th-gen-tang-kem-bao-da-cover-hang-nhap-khau-p201067649.html?spid=184640913,True
KAG_173789184,Điện thoại bàn treo tường TC990,250000.0,250000.0,0.0,54,5.0,Điện thoại - Máy tính bảng,Kaggle,Tiki,https://tiki.vn/dien-thoai-ban-uniden-as-7101-hanh-chinh-hang-p173789184.html?spid=173789186,False
KAG_163914808,Điện thoại bàn Panasonic  KX-TS500MX-hàng chính hãng,320000.0,320000.0,0.0,1008,5.0,Điện thoại - Máy tính bảng,Kaggle,Tiki,https://tiki.vn/dien-thoai-ban-kxts500-hang-chinh-hang-p163914808.html?spid=165068836,False
KAG_4048581,Điện Thoại Bàn Panasonic KX-TSC11,739000.0,739000.0,0.0,67,4.5,Điện thoại - Máy tính bảng,Kaggle,Tiki,https://tiki.vn/dien-thoai-ban-panasonic-kx-tsc11-hang-chinh-hang-p4048581.html?spid=26683926,True
KAG_279463314,Điện thoại Xiaomi Redmi Note 15 (8GB/128GB) - Hàng chính hãng,6490000.0,6490000.0,0.0,0,0.0,Điện thoại - Máy tính bảng,Kaggle,Tiki,https://tiki.vn/dien-thoai-xiaomi-redmi-note-15-8gb-128gb-hang-chinh-hang-p279463314.html?spid=279463318,True
KAG_279418598,Điện Thoại Samsung Galaxy A07 5G 4GB/128GB - Hàng Chính Hãng,4299000.0,4590000.0,0.06,0,0.0,Điện thoại - Máy tính bảng,Kaggle,Tiki,https://tiki.vn/dien-thoai-samsung-galaxy-a07-5g-4gb-128gb-hang-chinh-hang-p279418598.html?spid=279418600,True
KAG_279402741,Điện thoại Samsung Galaxy A07 5G (4GB/64GB) - Hàng chính hãng,4690000.0,4690000.0,0.0,0,0.0,Điện thoại - Máy tính bảng,Kaggle,Tiki,https://tiki.vn/dien-thoai-samsung-galaxy-a07-5g-4gb-64gb-hang-chinh-hang-p279402741.html?spid=279402747,True
KAG_279389858,Điện thoại Xiaomi Redmi A7 Pro (4GB/64GB) - Hàng chính hãng,4190000.0,4190000.0,0.0,0,0.0,Điện thoại - Máy tính bảng,Kaggle,Tiki,https://tiki.vn/dien-thoai-xiaomi-redmi-a7-pro-hang-chinh-hang-p279389858.html?spid=279389860,True
KAG_279280385,Điện thoại Xiaomi Redmi Note 15 Pro (8GB/256GB) - Hàng chính hãng,8990000.0,8990000.0,0.0,0,0.0,Điện thoại - Máy tính bảng,Kaggle,Tiki,https://tiki.vn/dien-thoai-xiaomi-redmi-note-15-pro-8gb-256gb-hang-chinh-hang-p279280385.html?spid=279280389,True
KAG_279278848,Điện thoại Samsung Galaxy A37 5G (8GB/128GB) - Hàng chính hãng,10790000.0,10790000.0,0.0,0,0.0,Điện thoại - Máy tính bảng,Kaggle,Tiki,https://tiki.vn/dien-thoai-samsung-galaxy-a37-5g-8gb-128gb-hang-chinh-hang-p279278848.html?spid=279278852,True
KAG_279277445,Điện thoại Samsung Galaxy S26+ (12GB/512GB) - Hàng chính hãng,35990000.0,35990000.0,0.0,0,0.0,Điện thoại - Máy tính bảng,Kaggle,Tiki,https://tiki.vn/dien-thoai-samsung-galaxy-s26-12gb-512gb-hang-chinh-hang-p279277445.html?spid=279277449,True
KAG_279277056,Điện thoại Samsung Galaxy S26+ (12GB/256GB) - Hàng chính hãng,29990000.0,29990000.0,0.0,0,0.0,Điện thoại - Máy tính bảng,Kaggle,Tiki,https://tiki.vn/dien-thoai-samsung-galaxy-s26-12gb-256gb-hang-chinh-hang-p279277056.html?spid=279277060,True
KAG_279255062,Máy Tính Bảng Xiaomi Redmi Pad 2 Wifi 6GB/128GB - Hàng Chính Hãng,6129000.0,6690000.0,0.08,0,0.0,Điện thoại - Máy tính bảng,Kaggle,Tiki,https://tiki.vn/may-tinh-bang-xiaomi-redmi-pad-2-wifi-6gb-128gb-hang-chinh-hang-p279255062.html?spid=279255066,True
KAG_279254739,Điện Thoại Xiaomi Redmi 15 5G 8GB/256GB - Hàng Chính Hãng,6279000.0,6690000.0,0.06,2,5.0,Điện thoại - Máy tính bảng,Kaggle,Tiki,https://tiki.vn/dien-thoai-xiaomi-redmi-15-5g-8gb-256gb-hang-chinh-hang-p279254739.html?spid=279254741,True
KAG_279247627,Điện thoại Xiaomi Redmi 15 5G (4GB/128GB) - Hàng chính hãng,5690000.0,5690000.0,0.0,0,0.0,Điện thoại - Máy tính bảng,Kaggle,Tiki,https://tiki.vn/dien-thoai-xiaomi-redmi-15-5g-4gb-128gb-hang-chinh-hang-p279247627.html?spid=279247629,True
KAG_279212199,Điện thoại Samsung Galaxy A17 5G (4GB/128GB) - Hàng chính hãng,6190000.0,6190000.0,0.0,0,0.0,Điện thoại - Máy tính bảng,Kaggle,Tiki,https://tiki.vn/dien-thoai-samsung-galaxy-a17-5g-4gb-128gb-hang-chinh-hang-p279212199.html?spid=279212205,True
KAG_279122014,Điện thoại Xiaomi Redmi Note 15 Pro (12GB/256GB) - Hàng chính hãng,8290000.0,10090000.0,0.18,0,0.0,Điện thoại - Máy tính bảng,Kaggle,Tiki,https://tiki.vn/dien-thoai-xiaomi-redmi-note-15-pro-12gb-256gb-hang-chinh-hang-p279122014.html?spid=279122018,True
KAG_279076946,Điện Thoại Xiaomi Redmi Note 15 6GB/128GB - Hàng Chính Hãng,5069000.0,5990000.0,0.15,1,0.0,Điện thoại - Máy tính bảng,Kaggle,Tiki,https://tiki.vn/dien-thoai-xiaomi-redmi-note-15-6gb-128gb-hang-chinh-hang-p279076946.html?spid=279076950,True
KAG_279076844,Điện Thoại Xiaomi Redmi Note 15 5G 6GB/128GB - Hàng Chính Hãng,6139000.0,7490000.0,0.18,1,5.0,Điện thoại - Máy tính bảng,Kaggle,Tiki,https://tiki.vn/dien-thoai-xiaomi-redmi-note-15-5g-6gb-128gb-hang-chinh-hang-p279076844.html?spid=279076846,True
KAG_279076808,Điện Thoại Xiaomi Redmi Note 15 Pro 12GB/256GB - Hàng Chính Hãng,8269000.0,10090000.0,0.18,0,0.0,Điện thoại - Máy tính bảng,Kaggle,Tiki,https://tiki.vn/dien-thoai-xiaomi-redmi-note-15-pro-12gb-256gb-hang-chinh-hang-p279076808.html?spid=279076812,True
KAG_279075921,Điện Thoại Oppo A6t 4GB/128GB - Hàng Chính Hãng,5349000.0,5490000.0,0.03,0,0.0,Điện thoại - Máy tính bảng,Kaggle,Tiki,https://tiki.vn/dien-thoai-oppo-a6t-4gb-128gb-hang-chinh-hang-p279075921.html?spid=279075925,True
KAG_279073981,Điện thoại Xiaomi Redmi Note 15 5G (6GB/128GB) - Hàng chính hãng,7490000.0,7490000.0,0.0,0,0.0,Điện thoại - Máy tính bảng,Kaggle,Tiki,https://tiki.vn/dien-thoai-xiaomi-redmi-note-15-5g-6gb-128gb-hang-chinh-hang-p279073981.html?spid=279073987,True
KAG_279073856,Điện thoại Xiaomi Redmi Note 15 (6GB/128GB) - Hàng chính hãng,5990000.0,5990000.0,0.0,0,0.0,Điện thoại - Máy tính bảng,Kaggle,Tiki,https://tiki.vn/dien-thoai-xiaomi-redmi-note-15-6gb-128gb-hang-chinh-hang-p279073856.html?spid=279073860,True
KAG_278834233,Điện Thoại Xiaomi Redmi Note 14 8GB/256GB - Hàng Chính Hãng,5979000.0,6190000.0,0.03,0,0.0,Điện thoại - Máy tính bảng,Kaggle,Tiki,https://tiki.vn/dien-thoai-xiaomi-redmi-note-14-8gb-256gb-hang-chinh-hang-p278834233.html?spid=278834239,True
KAG_278834052,Điện Thoại Xiaomi Redmi Note 14 8GB/128GB - Hàng Chính Hãng,4999000.0,5490000.0,0.09,1,0.0,Điện thoại - Máy tính bảng,Kaggle,Tiki,https://tiki.vn/dien-thoai-xiaomi-redmi-note-14-8gb-128gb-hang-chinh-hang-p278834052.html?spid=278834054,True
KAG_278672823,Điện thoại Samsung Galaxy A17 LTE (8GB/128GB) - Hàng chính hãng,6190000.0,6190000.0,0.0,0,0.0,Điện thoại - Máy tính bảng,Kaggle,Tiki,https://tiki.vn/dien-thoai-samsung-galaxy-a17-lte-8gb-128gb-hang-chinh-hang-p278672823.html?spid=278672827,True
KAG_278592429,Điện thoại Samsung Galaxy A07 LTE (6GB/128GB) - Hàng chính hãng,4490000.0,4490000.0,0.0,0,0.0,Điện thoại - Máy tính bảng,Kaggle,Tiki,https://tiki.vn/dien-thoai-samsung-galaxy-a07-lte-6gb-128gb-hang-chinh-hang-p278592429.html?spid=278592431,True
KAG_278591193,Điện thoại Samsung Galaxy A17 5G (8GB/128GB) - Hàng chính hãng,6390000.0,6390000.0,0.0,0,0.0,Điện thoại - Máy tính bảng,Kaggle,Tiki,https://tiki.vn/dien-thoai-samsung-galaxy-a17-5g-8gb-128gb-hang-chinh-hang-p278591193.html?spid=278591198,True
KAG_278591094,Điện thoại Samsung Galaxy A07 LTE (4GB/128GB) - Hàng chính hãng,4190000.0,4190000.0,0.0,0,0.0,Điện thoại - Máy tính bảng,Kaggle,Tiki,https://tiki.vn/dien-thoai-samsung-galaxy-a07-lte-4gb-128gb-hang-chinh-hang-p278591094.html?spid=278591100,True
KAG_277944378,Điện Thoại Xiaomi Redmi A5 3GB/64GB - Hàng Chính Hãng,2999000.0,3090000.0,0.03,0,0.0,Điện thoại - Máy tính bảng,Kaggle,Tiki,https://tiki.vn/dien-thoai-xiaomi-redmi-a5-3gb-64gb-hang-chinh-hang-p277944378.html?spid=277944380,True
KAG_277811118,Điện Thoại Xiaomi Redmi Note 14 5G 8GB/256GB - Hàng Chính Hãng,6199000.0,7290000.0,0.15,1,0.0,Điện thoại - Máy tính bảng,Kaggle,Tiki,https://tiki.vn/dien-thoai-xiaomi-redmi-note-14-5g-8gb-256gb-hang-chinh-hang-p277811118.html?spid=277811124,True
KAG_277737595,Điện Thoại Samsung Galaxy A06 5G 4GB/128GB - Hàng Chính Hãng,3799000.0,4490000.0,0.15,17,4.8,Điện thoại - Máy tính bảng,Kaggle,Tiki,https://tiki.vn/dien-thoai-samsung-a06-5g-4gb-128gb-hang-chinh-hang-p277737595.html?spid=277737599,True
KAG_277728993,[MỚI] Điện thoại vivo Y04 (4GB+64GB) - Hàng chính hãng - 1 Đổi 1 trong tháng đầu tiên - Bảo hành 12 tháng,2990000.0,2990000.0,0.0,0,0.0,Điện thoại - Máy tính bảng,Kaggle,Tiki,https://tiki.vn/moi-dien-thoai-vivo-y04-6gb-128gb-hang-chinh-hang-1-doi-1-trong-thang-dau-tien-bao-hanh-12-thang-p277728993.html?spid=277743625,True
KAG_277651890,Điện thoại Samsung Galaxy A06 5G (4GB/128GB) - Hàng chính hãng,4490000.0,4490000.0,0.0,0,0.0,Điện thoại - Máy tính bảng,Kaggle,Tiki,https://tiki.vn/dien-thoai-samsung-galaxy-a06-5g-4gb-128gb-hang-chinh-hang-p277651890.html?spid=277651926,True
KAG_276451993,"Máy đọc sách Basic 2024 màn hình 6 inch, độ phân giải 300ppi, dung Lượng 16GB, cổng sạc type C - HÀNG CHÍNH HÃNG",3790000.0,3790000.0,0.0,6,0.0,Điện thoại - Máy tính bảng,Kaggle,Tiki,https://tiki.vn/may-doc-sach-basic-2024-man-hinh-6-inch-do-phan-giai-300ppi-dung-luong-16gb-cong-sac-type-c-p276451993.html?spid=276452015,True
KAG_275386649,Điện Thoại Nokia 3210 4G - Hàng Chính Hãng,1549000.0,1790000.0,0.13,5,5.0,Điện thoại - Máy tính bảng,Kaggle,Tiki,https://tiki.vn/dien-thoai-nokia-3210-4g-hang-chinh-hang-p275386649.html?spid=275386651,True
KAG_271530789,Combo Máy đọc sách All New Kindle Paperwhite 6 - Hàng chính hãng,4790000.0,4790000.0,0.0,17,4.7,Điện thoại - Máy tính bảng,Kaggle,Tiki,https://tiki.vn/combo-may-doc-sach-all-new-kindle-paperwhite-5-11th-kids-edittion-khong-quang-cao-va-bao-da-hang-chinh-hang-p271530789.html?spid=276464092,True
KAG_271362153,"Combo Máy đọc sách All New Kindle Paperwhite 5 (11th Gen) và Bao da FOR KIDS (Bản KIDS, Không Quảng Cáo) - Hàng chính hãng",3990000.0,3990000.0,0.0,16,5.0,Điện thoại - Máy tính bảng,Kaggle,Tiki,https://tiki.vn/combo-may-doc-sach-all-new-kindle-paperwhite-5-11th-gen-va-bao-da-for-kids-ban-kids-khong-quang-cao-hang-nhap-khau-p271362153.html?spid=271362159,True
KAG_270794184,"Máy đọc sách Kobo Clara (Clara Colour, Clara BW, Clara 2e, Clara HD) - 6inch, 16gb - Hàng Chính Hãng",5390000.0,5390000.0,0.0,9,5.0,Điện thoại - Máy tính bảng,Kaggle,Tiki,https://tiki.vn/may-doc-sach-kobo-clara-hang-chinh-hang-p270794184.html?spid=275380047,True
KAG_249782771,Máy tính bảng Xelex Gama Tab X8 EDU (Hàng chính hãng),2890000.0,2890000.0,0.0,0,0.0,Điện thoại - Máy tính bảng,Kaggle,Tiki,https://tiki.vn/may-tinh-bang-xelex-gama-tab-x8-edu-p249782771.html?spid=249782772,True
KAG_226552005,Điện thoại bàn Panasonic KX-TSC11 hàng chính hãng,620000.0,620000.0,0.0,123,5.0,Điện thoại - Máy tính bảng,Kaggle,Tiki,https://tiki.vn/dien-thoai-ban-panasonic-kx-tsc11-hang-chinh-hang-p226552005.html?spid=164318471,True
KAG_196197701,Điện thoại Samsung Galaxy Z Fold4 5G (12GB/256GB) - Hàng chính hãng,40990000.0,40990000.0,0.0,0,0.0,Điện thoại - Máy tính bảng,Kaggle,Tiki,https://tiki.vn/dien-thoai-samsung-galaxy-z-fold4-5g-12gb-256gb-hang-chinh-hang-p196197701.html?spid=196197705,True
KAG_193366048,Điện thoại OnePlus 10T 5G - Hàng Chính Hãng,15990000.0,15990000.0,0.0,0,0.0,Điện thoại - Máy tính bảng,Kaggle,Tiki,https://tiki.vn/dien-thoai-oneplus-10t-5g-hang-chinh-hang-p193366048.html?spid=193366050,True
KAG_139632023,Máy đọc sách Kobo Libra 2 - hàng nhập khẩu,8290000.0,8290000.0,0.0,209,5.0,Điện thoại - Máy tính bảng,Kaggle,Tiki,https://tiki.vn/may-doc-sach-kobo-libra-libra-colour-libra-2-hang-nhap-khau-p139632023.html?spid=275176272,True
KAG_279645260,Điện thoại Xiaomi Redmi 17 (6GB/256GB) - Hàng chính hãng,7490000.0,7490000.0,0.0,0,0.0,Điện thoại - Máy tính bảng,Kaggle,Tiki,https://tiki.vn/dien-thoai-xiaomi-redmi-17-6gb-256gb-hang-chinh-hang-p279645260.html?spid=279645264,True
KAG_279645250,Điện thoại Xiaomi Redmi 17 5G (4GB/128GB) - Hàng chính hãng,6490000.0,6490000.0,0.0,0,0.0,Điện thoại - Máy tính bảng,Kaggle,Tiki,https://tiki.vn/dien-thoai-xiaomi-redmi-17-5g-4gb-128gb-hang-chinh-hang-p279645250.html?spid=279645252,True
KAG_279638770,Điện Thoại Xiaomi Redmi 17 6GB/256GB - Hàng Chính Hãng,6579000.0,7490000.0,0.12,0,0.0,Điện thoại - Máy tính bảng,Kaggle,Tiki,https://tiki.vn/dien-thoai-xiaomi-redmi-17-6gb-256gb-hang-chinh-hang-p279638770.html?spid=279638772,True
KAG_279638757,Điện Thoại Oppo A6t Pro 8GB/128GB - Hàng Chính Hãng,8399000.0,8990000.0,0.07,0,0.0,Điện thoại - Máy tính bảng,Kaggle,Tiki,https://tiki.vn/dien-thoai-oppo-a6t-pro-8gb-128gb-hang-chinh-hang-p279638757.html?spid=279638759,True
KAG_279576348,Điện thoại Xiaomi Redmi A7 (3GB/64GB) - Hàng chính hãng,3890000.0,3890000.0,0.0,0,0.0,Điện thoại - Máy tính bảng,Kaggle,Tiki,https://tiki.vn/dien-thoai-xiaomi-redmi-a7-3gb-64gb-hang-chinh-hang-p279576348.html?spid=279576352,True
KAG_279564458,Điện Thoại Xiaomi Redmi Note 15 Pro 5G 8GB/256GB - Hàng Chính Hãng,8729000.0,10490000.0,0.17,0,0.0,Điện thoại - Máy tính bảng,Kaggle,Tiki,https://tiki.vn/dien-thoai-xiaomi-redmi-note-15-pro-5g-8gb-256gb-hang-chinh-hang-p279564458.html?spid=279564460,True
KAG_279564330,Điện Thoại Realme Note 80 4GB/64GB - Hàng Chính Hãng,3559000.0,3990000.0,0.11,0,0.0,Điện thoại - Máy tính bảng,Kaggle,Tiki,https://tiki.vn/dien-thoai-realme-note-80-4gb-64gb-hang-chinh-hang-p279564330.html?spid=279564332,True
KAG_279551576,"Điện thoại Samsung Galaxy A27 5G (6GB + 128GB) | Màn hình 6.7"" FHD+ | Pin 5000mAh | Snapdragon 6 Gen 3 - Hàng chính hãng",7490000.0,7990000.0,0.06,80,0.0,Điện thoại - Máy tính bảng,Kaggle,Tiki,https://tiki.vn/dien-thoai-samsung-galaxy-a27-5g-6gb-128gb-man-hinh-6-7-fhd-pin-5000mah-snapdragon-6-gen-3-hang-chinh-hang-p279551576.html?spid=279551573,True
KAG_279528897,Điện Thoại Oppo Reno16 F 5G 8GB/256GB - Hàng Chính Hãng,13439000.0,15990000.0,0.16,0,0.0,Điện thoại - Máy tính bảng,Kaggle,Tiki,https://tiki.vn/dien-thoai-oppo-reno16-f-5g-8gb-256gb-hang-chinh-hang-p279528897.html?spid=279528903,True
KAG_279509688,Điện thoại Samsung Galaxy A27 5G (6GB/128GB) - Hàng chính hãng,8509000.0,8509000.0,0.0,0,0.0,Điện thoại - Máy tính bảng,Kaggle,Tiki,https://tiki.vn/dien-thoai-samsung-galaxy-a27-5g-6gb-128gb-hang-chinh-hang-p279509688.html?spid=279509690,True
KAG_279506750,Điện Thoại Samsung Galaxy A27 5G 6GB/128GB - Hàng Chính Hãng,7899000.0,8490000.0,0.07,0,0.0,Điện thoại - Máy tính bảng,Kaggle,Tiki,https://tiki.vn/dien-thoai-samsung-galaxy-a27-5g-6gb-128gb-hang-chinh-hang-p279506750.html?spid=279506756,True
KAG_279506734,Điện Thoại Realme C85 6GB/128GB - Hàng Chính Hãng,4599000.0,5690000.0,0.19,0,0.0,Điện thoại - Máy tính bảng,Kaggle,Tiki,https://tiki.vn/dien-thoai-realme-c85-6gb-128gb-hang-chinh-hang-p279506734.html?spid=279506740,True
KAG_279505709,Điện Thoại Oppo A6c 4GB/64GB - Hàng Chính Hãng,4139000.0,4690000.0,0.12,0,0.0,Điện thoại - Máy tính bảng,Kaggle,Tiki,https://tiki.vn/dien-thoai-oppo-a6c-4gb-64gb-hang-chinh-hang-p279505709.html?spid=279505711,True
KAG_279505643,Điện thoại Xiaomi 17T Pro 5G (12GB/512GB) - Hàng chính hãng,24990000.0,24990000.0,0.0,0,0.0,Điện thoại - Máy tính bảng,Kaggle,Tiki,https://tiki.vn/dien-thoai-xiaomi-17t-pro-5g-12gb-512gb-hang-chinh-hang-p279505643.html?spid=279505647,True
KAG_279505636,Máy Tính Bảng Xiaomi Redmi Pad 2 Wifi 4GB/64GB Bản 9.7 Inches - Hàng Chính Hãng,4299000.0,4990000.0,0.14,1,0.0,Điện thoại - Máy tính bảng,Kaggle,Tiki,https://tiki.vn/may-tinh-bang-xiaomi-redmi-pad-2-wifi-4gb-64gb-ban-9-7-inches-hang-chinh-hang-p279505636.html?spid=279505638,True
KAG_279504673,"Máy tính bảng Xiaomi Redmi Pad 8 11.2"" Wifi (8GB/128GB) - Hàng chính hãng",11990000.0,11990000.0,0.0,0,0.0,Điện thoại - Máy tính bảng,Kaggle,Tiki,https://tiki.vn/may-tinh-bang-xiaomi-redmi-pad-8-11-2-wifi-8gb-128gb-hang-chinh-hang-p279504673.html?spid=279504677,True
KAG_279503826,Điện thoại Xiaomi 17T 5G (12GB/512GB) -  Hàng chính hãng,20990000.0,20990000.0,0.0,0,0.0,Điện thoại - Máy tính bảng,Kaggle,Tiki,https://tiki.vn/dien-thoai-xiaomi-17t-5g-12gb-512gb-hang-chinh-hang-p279503826.html?spid=279503830,True
KAG_279503231,Điện Thoại Xiaomi Redmi Note 15 8GB/128GB - Hàng Chính Hãng,5899000.0,6490000.0,0.09,0,0.0,Điện thoại - Máy tính bảng,Kaggle,Tiki,https://tiki.vn/dien-thoai-xiaomi-redmi-note-15-8gb-128gb-hang-chinh-hang-p279503231.html?spid=279503233,True
KAG_279418684,Điện Thoại Xiaomi Redmi 15 5G 4GB/128GB - Hàng Chính Hãng,4439000.0,5690000.0,0.22,0,0.0,Điện thoại - Máy tính bảng,Kaggle,Tiki,https://tiki.vn/dien-thoai-xiaomi-redmi-15-5g-4gb-128gb-hang-chinh-hang-p279418684.html?spid=279418686,True
KAG_279418664,Điện Thoại Xiaomi 17T 5G 12GB/512GB - Hàng Chính Hãng,14849000.0,20990000.0,0.29,0,0.0,Điện thoại - Máy tính bảng,Kaggle,Tiki,https://tiki.vn/dien-thoai-xiaomi-17t-5g-12gb-512gb-hang-chinh-hang-p279418664.html?spid=279418666,True
KAG_279418637,Điện Thoại Xiaomi 17T Pro 5G 12GB/512GB - Hàng Chính Hãng,19979000.0,24990000.0,0.2,0,0.0,Điện thoại - Máy tính bảng,Kaggle,Tiki,https://tiki.vn/dien-thoai-xiaomi-17t-pro-5g-12gb-512gb-hang-chinh-hang-p279418637.html?spid=279418641,True
KAG_279395979,Điện thoại realme Note 80 4GB/64GB - Hàng Chính Hãng,3250000.0,3250000.0,0.0,0,0.0,Điện thoại - Máy tính bảng,Kaggle,Tiki,https://tiki.vn/dien-thoai-realme-note-80-4gb-64gb-hang-chinh-hang-p279395979.html?spid=279395981,True
KAG_279319829,Điện thoại Xiaomi Redmi 15 5G (8GB/256GB) - Hàng chính hãng,6690000.0,6690000.0,0.0,0,0.0,Điện thoại - Máy tính bảng,Kaggle,Tiki,https://tiki.vn/dien-thoai-xiaomi-redmi-15-5g-8gb-256gb-hang-chinh-hang-p279319829.html?spid=279319834,True
KAG_279307767,Điện Thoại Realme C85 8GB/128GB - Hàng Chính Hãng,4899000.0,6290000.0,0.22,2,3.0,Điện thoại - Máy tính bảng,Kaggle,Tiki,https://tiki.vn/dien-thoai-realme-c85-8gb-128gb-hang-chinh-hang-p279307767.html?spid=279307769,True
KAG_279174132,Máy Tính Bảng Samsung Galaxy Tab A11 Wifi 4GB/64GB - Hàng Chính Hãng,3990000.0,3990000.0,0.0,1,0.0,Điện thoại - Máy tính bảng,Kaggle,Tiki,https://tiki.vn/may-tinh-bang-samsung-galaxy-tab-a11-wifi-4gb-64gb-hang-chinh-hang-p279174132.html?spid=279174136,True
KAG_279075629,Điện Thoại Xiaomi Redmi 15C 4GB/128GB - Hàng Chính Hãng,3899000.0,4690000.0,0.17,4,0.0,Điện thoại - Máy tính bảng,Kaggle,Tiki,https://tiki.vn/dien-thoai-xiaomi-redmi-15c-4gb-128gb-hang-chinh-hang-p279075629.html?spid=279075631,True
KAG_279074841,Điện Thoại Xiaomi POCO C85 6GB/128GB - Hàng Chính Hãng,4299000.0,4690000.0,0.08,3,0.0,Điện thoại - Máy tính bảng,Kaggle,Tiki,https://tiki.vn/dien-thoai-xiaomi-poco-c85-6gb-128gb-hang-chinh-hang-p279074841.html?spid=279074847,True
KAG_278592403,Điện thoại Samsung Galaxy A07 LTE (4GB/64GB) - Hàng chính hãng,3890000.0,3890000.0,0.0,0,0.0,Điện thoại - Máy tính bảng,Kaggle,Tiki,https://tiki.vn/dien-thoai-samsung-galaxy-a07-lte-4gb-64gb-hang-chinh-hang-p278592403.html?spid=278592409,True
KAG_276509102,Máy tính bảng Masstel Tab 10A 10.1 inch (3GB/32GB) - Hàng chính hãng,1990000.0,1990000.0,0.0,0,0.0,Điện thoại - Máy tính bảng,Kaggle,Tiki,https://tiki.vn/may-tinh-bang-masstel-tab-10a-10-1-inch-3gb-32gb-hang-chinh-hang-p276509102.html?spid=276509104,True
KAG_198868735,Điện thoại IP Grandstream GRP 2601 hàng chính hãng,880000.0,880000.0,0.0,0,0.0,Điện thoại - Máy tính bảng,Kaggle,Tiki,https://tiki.vn/dien-thoai-ip-grandstream-grp-2601-hang-chinh-hang-p198868735.html?spid=262386115,True
KAG_181928208,Điện thoại bàn Panasonic KX-TGC310 hàng chính hãng,972000.0,972000.0,0.0,57,5.0,Điện thoại - Máy tính bảng,Kaggle,Tiki,https://tiki.vn/dien-thoai-ban-panasonic-kx-tgc310-hang-chinh-hang-p181928208.html?spid=181928209,True
KAG_181927736,Điện thoại bàn Panasonix KX-TGD312 hàng chính hãng,1850000.0,1850000.0,0.0,28,5.0,Điện thoại - Máy tính bảng,Kaggle,Tiki,https://tiki.vn/dien-thoai-ban-panasonix-kx-tgd312-hang-chinh-hang-p181927736.html?spid=181927737,True
KAG_172537996,"(Hàng chính hãng) Điện thoại bàn hữu tuyến H2P, hiệu Alcatel - Lucent",2220000.0,2220000.0,0.0,0,0.0,Điện thoại - Máy tính bảng,Kaggle,Tiki,https://tiki.vn/dien-thoai-ban-huu-tuyen-h2p-hieu-alcatel-lucent-p172537996.html?spid=172537997,True
KAG_164213695,Điện thoại bàn Panasonic KX-TGB110 hàng chính hãng,850000.0,850000.0,0.0,75,5.0,Điện thoại - Máy tính bảng,Kaggle,Tiki,https://tiki.vn/dien-thoai-ban-panasonic-kx-tgb110-p164213695.html?spid=164213696,True
KAG_117347869,ĐIỆN THOẠI HỘI NGHỊ YEALINK CP960 -HÀNG CHÍNH HÃNG,15230000.0,15230000.0,0.0,0,0.0,Điện thoại - Máy tính bảng,Kaggle,Tiki,https://tiki.vn/dien-thoai-hoi-nghi-yealink-cp960-p117347869.html?spid=125595231,True
KAG_102620086,Điện thoại VoIP Yealink SIP-T30 - Hàng Chính Hãng,1200000.0,1200000.0,0.0,0,0.0,Điện thoại - Máy tính bảng,Kaggle,Tiki,https://tiki.vn/dien-thoai-voip-yealink-sip-t30-hang-chinh-hang-p102620086.html?spid=102620089,True
KAG_94453667,Điện thoại VoIP Yealink SIP-T30,1050000.0,1050000.0,0.0,0,0.0,Điện thoại - Máy tính bảng,Kaggle,Tiki,https://tiki.vn/dien-thoai-voip-yealink-sip-t30-p94453667.html?spid=94453668,True
KAG_53380152,Điện Thoại IP Phone Fanvil X1S - Hàng Chính Hãng,950000.0,950000.0,0.0,0,0.0,Điện thoại - Máy tính bảng,Kaggle,Tiki,https://tiki.vn/dien-thoai-ip-phone-fanvil-x1s-hang-chinh-hang-p53380152.html?spid=68169992,True
KAG_29440849,điện thoại  IP622C - hàng chính hãng,1650000.0,1650000.0,0.0,0,0.0,Điện thoại - Máy tính bảng,Kaggle,Tiki,https://tiki.vn/dien-thoai-ip622c-hang-chinh-hang-p29440849.html?spid=29440850,True
KAG_4048043,Điện Thoại Bàn Panasonic KX-TS500,369000.0,369000.0,0.0,320,4.5,Điện thoại - Máy tính bảng,Kaggle,Tiki,https://tiki.vn/dien-thoai-ban-panasonic-kx-ts500-hang-chinh-hang-p4048043.html?spid=26682357,False
KAG_279379520,"Áo ba lỗ sát nách nam cao cấp vải Coolmax nhẹ, co giãn tốt, thoáng mát SNN015",189000.0,235000.0,0.2,2,0.0,Thời trang nam,Kaggle,Tiki,https://tiki.vn/ao-ba-lo-sat-nach-nam-cao-cap-vai-coolmax-nhe-co-gian-tot-thoang-mat-snn015-p279379520.html?spid=279379548,False
KAG_279321285,"[Chọn LẺ hoặc SET] Quần Lót Nam LT1 Liền Mạch D Danido – Modal Sợi Gỗ Sồi Cao Cấp, Hai Mặt Kháng Khuẩn, Thoáng Khí Cực MátQuần Lót Nam LT1",85000.0,150000.0,0.43,6,0.0,Thời trang nam,Kaggle,Tiki,https://tiki.vn/chon-le-hoac-set-quan-lot-nam-lt1-lien-mach-d-danido-modal-soi-go-soi-cao-cap-hai-mat-khang-khuan-thoang-khi-cuc-matquan-lot-nam-lt1-p279321285.html?spid=279321311,False
KAG_279023305,"Quần suông nam form rộng có túi trước sau phối cạp chun basic dễ mặc, dễ phối đồ",350000.0,350000.0,0.0,4,0.0,Thời trang nam,Kaggle,Tiki,https://tiki.vn/quan-suong-nam-form-rong-co-tui-truoc-sau-phoi-cap-chun-basic-de-mac-de-phoi-do-p279023305.html?spid=279023309,False
KAG_278049759,Áo sơ mi nam ngắn tay Novelty Casual Hoa văn SMI25001 - 250078N,395000.0,395000.0,0.0,0,5.0,Thời trang nam,Kaggle,Tiki,https://tiki.vn/ao-so-mi-nam-ngan-tay-novelty-casual-hoa-van-smi25001-p278049759.html?spid=278049903,False
KAG_278042068,ÁO SƠ MI NAM DÀI TAY NOVELTY REGULAR FIT RECYCLED - 240628D,429000.0,429000.0,0.0,1,0.0,Thời trang nam,Kaggle,Tiki,https://tiki.vn/ao-so-mi-nam-dai-tay-novelty-regular-fit-recycled-p278042068.html?spid=278042146,False
KAG_278008502,Combo 3 Quần lót nam iBasic phom brief cotton USA kháng khuẩn poly logo IB PANM117,219000.0,237000.0,0.08,3,0.0,Thời trang nam,Kaggle,Tiki,https://tiki.vn/combo-3-quan-lot-nam-ibasic-phom-brief-cotton-usa-khang-khuan-poly-logo-ib-panm117-p278008502.html?spid=278008504,False
KAG_277924007,"Áo thun nam ngắn tay vải thun lạnh mát mẻ, thấm hút mồ hôi cực tốt",90000.0,90000.0,0.0,7,5.0,Thời trang nam,Kaggle,Tiki,https://tiki.vn/ao-thun-nam-ngan-tay-vai-thun-lanh-mat-me-tham-hut-mo-hoi-cuc-tot-p277924007.html?spid=278620963,False
KAG_277600025,"Áo Polo Nam Công Sở Đẹp, Sang Trọng | Hàng Hiệu Cao Cấp PLN05",270000.0,270000.0,0.0,16,5.0,Thời trang nam,Kaggle,Tiki,https://tiki.vn/ao-polo-nam-cong-so-dep-sang-trong-hang-hieu-cao-cap-pln05-p277600025.html?spid=277600053,False
KAG_276667776,Quần Short Mặc Nhà Nam Davie Dvs01 Chất Liệu Vải Kate 100% Cotton - Giao Màu Ngẫu Nhiên,75000.0,75000.0,0.0,10,0.0,Thời trang nam,Kaggle,Tiki,https://tiki.vn/quan-short-mac-nha-nam-davie-dvs01-chat-lieu-vai-kate-100-cotton-giao-mau-ngau-nhien-p276667776.html?spid=276667790,False
KAG_276569649,"Quần dài nam chất linen cao cấp, quần suông trơn nam phù hợp  mọi lứa tuổi, có chun rút eo",350000.0,350000.0,0.0,11,3.5,Thời trang nam,Kaggle,Tiki,https://tiki.vn/quan-dai-nam-chat-linen-cao-cap-quan-suong-tron-nam-phu-hop-moi-lua-tuoi-co-chun-rut-eo-p276569649.html?spid=276569659,False
KAG_275396535,"Bộ bơi nam quần 2 lớp trẻ trung nam tính thời trang, đồ bơi đồ tập kín đáo chống lộ, chất thoáng khí nhanh khô, áo thun bơi co giãn tốt, có size lớn | BN032",310000.0,310000.0,0.0,17,5.0,Thời trang nam,Kaggle,Tiki,https://tiki.vn/bo-boi-nam-quan-2-lop-tre-trung-nam-tinh-thoi-trang-do-boi-do-tap-kin-dao-chong-lo-chat-thoang-khi-nhanh-kho-ao-thun-boi-co-gian-tot-co-size-lon-bn032-p275396535.html?spid=275396553,False
KAG_251773296,"Áo thun Polo Nam Coolmax - Premium nam tính, thanh lịch sang trọng MRM Manlywear",275000.0,450000.0,0.39,140,5.0,Thời trang nam,Kaggle,Tiki,https://tiki.vn/ao-thun-polo-nam-coolmax-premium-nam-tinh-thanh-lich-sang-trong-mrm-manlywear-p251773296.html?spid=251773300,False
KAG_249723132,Quần Jean nam cao cấp ống đứng kazata màu xanh trung vải xuất khẩu xướt nhẹ dáng slimfit vải co giãn,410000.0,410000.0,0.0,22,5.0,Thời trang nam,Kaggle,Tiki,https://tiki.vn/quan-jean-nam-cao-cap-ong-dung-le511-mau-xanh-trung-vai-xuat-khau-xuot-nhe-dang-slimfit-vai-co-gian-p249723132.html?spid=249723140,False
KAG_199678933,"Quần lót nam Boxer UB1 co giãn 4 chiều, lưng thun nhỏ, công nghệ thoáng khí - màu Xanh Rêu",50000.0,50000.0,0.0,72,4.8,Thời trang nam,Kaggle,Tiki,https://tiki.vn/quan-lot-nam-boxer-co-gian-4-chieu-cong-nghe-thoang-khi-air-seven-ub1-mau-xanh-reu-p199678933.html?spid=199678937,False
KAG_176250783,Áo thun nam Cotton Compact Premium trẻ trung năng động thấm hút mồ hôi co giãn 4 chiều MRM Manlywear,155000.0,249000.0,0.38,974,4.8,Thời trang nam,Kaggle,Tiki,https://tiki.vn/ao-thun-nam-cotton-compact-premium-tre-trung-nang-dong-tham-hut-mo-hoi-co-gian-4-chieu-mrm-manlywear-p176250783.html?spid=251275944,False
KAG_172474530,"Quần short thun nam cao cấp, quần short nam vải cotton LN058",75000.0,75000.0,0.0,24,4.6,Thời trang nam,Kaggle,Tiki,https://tiki.vn/quan-short-thun-nam-cao-cap-quan-short-nam-vai-cotton-ln058-p172474530.html?spid=276917292,False
KAG_163731428,"Quần bơi boxer nam loại đẹp dầy dặn, thiết kế chuyên nghiệp, chất thun bơi lạnh cao cấp mau khô, ôm gọn chống lộ | BN002",135000.0,135000.0,0.0,11,5.0,Thời trang nam,Kaggle,Tiki,https://tiki.vn/quan-boi-boxer-nam-loai-dep-day-dan-thiet-ke-chuyen-nghiep-chat-thun-boi-lanh-cao-cap-mau-kho-om-gon-chong-lo-bn007-p163731428.html?spid=274876101,False
KAG_160961409,"Bộ đồ thể thao nam phối sọc, set đồ nam cộc tay mặc nhà chất thun thoáng mát có 4 màu Cực Chất",150000.0,150000.0,0.0,2,0.0,Thời trang nam,Kaggle,Tiki,https://tiki.vn/bo-do-the-thao-nam-phoi-soc-set-do-nam-coc-tay-mac-nha-chat-thun-thoang-mat-co-4-mau-cuc-chat-p160961409.html?spid=278635210,False
KAG_154298071,"Combo 2 quần đùi nam, quần Short Gió nam thể thao Họa Tiết Rằn Ri trẻ trung năng động, thoáng mát co giãn 4 chiều MRM Manlywear",269000.0,399000.0,0.33,961,4.8,Thời trang nam,Kaggle,Tiki,https://tiki.vn/combo-2-qua-n-du-i-nam-qua-n-short-gio-nam-the-thao-hoa-tiet-ran-ri-tre-trung-nang-do-ng-thoa-ng-ma-t-co-gia-n-4-chie-u-mrm-manlywear-p154298071.html?spid=189475415,False
KAG_154292862,"Quần đùi short gió nam thể thao Họa Tiết Rằn Ri trẻ trung năng động, thoáng mát co giãn 4 chiều MRM Manlywear",137500.0,199000.0,0.31,418,5.0,Thời trang nam,Kaggle,Tiki,https://tiki.vn/qua-n-du-i-short-gio-nam-the-thao-hoa-tiet-ran-ri-tre-trung-nang-do-ng-thoa-ng-ma-t-co-gia-n-4-chie-u-mrm-manlywear-p154292862.html?spid=189475061,False
KAG_110858223,Hộp 5 quần lót nam cotton cao cấp xuất Nhật,152000.0,152000.0,0.0,7,0.0,Thời trang nam,Kaggle,Tiki,https://tiki.vn/hop-5-quan-lot-nam-cotton-cao-cap-xuat-nhat-p110858223.html?spid=184309759,False
KAG_104904605,Quần short nam big size quần sọt nam thể thao quần đùi nam mặc nhà quần thun nam cotton 4 chiều co giãn cao cấp ShopN6 - TSB2,59000.0,59000.0,0.0,780,4.3,Thời trang nam,Kaggle,Tiki,https://tiki.vn/quan-short-nam-big-size-quan-sot-nam-the-thao-quan-dui-nam-mac-nha-quan-thun-nam-cotton-4-chieu-co-gian-cao-cap-shopn6-tsb2-p104904605.html?spid=104904607,False
KAG_103012443,Quần nam ống rộng lưng thun chất liệu đũi,350000.0,350000.0,0.0,8,5.0,Thời trang nam,Kaggle,Tiki,https://tiki.vn/quan-nam-ong-rong-lung-thun-chat-lieu-dui-p103012443.html?spid=278215180,False
KAG_101949588,Quần lót nam 292,27500.0,27500.0,0.0,59,5.0,Thời trang nam,Kaggle,Tiki,https://tiki.vn/quan-lot-nam-292-p101949588.html?spid=101949677,False
KAG_101949529,Combo 4 quần lót nam 270,59000.0,59000.0,0.0,28,4.5,Thời trang nam,Kaggle,Tiki,https://tiki.vn/combo-4-quan-lot-nam-270-p101949529.html?spid=101949555,False
KAG_99968881,"Set 2 quần đùi nam, quần Short Gió nam thể thao Basic trẻ trung năng động, thoáng mát co giãn 4 chiều MRM Manlywear",239000.0,399000.0,0.4,2523,4.8,Thời trang nam,Kaggle,Tiki,https://tiki.vn/set-2-qua-n-du-i-nam-qua-n-short-gio-nam-the-thao-basic-tre-trung-nang-do-ng-thoa-ng-ma-t-co-gia-n-4-chie-u-mrm-manlywear-p99968881.html?spid=99968966,False
KAG_99958075,"Quần đùi short gió nam thể thao Basic trẻ trung năng động, thoáng mát co giãn 4 chiều MRM Manlywear",139000.0,199000.0,0.3,3303,4.7,Thời trang nam,Kaggle,Tiki,https://tiki.vn/qua-n-du-i-short-gio-nam-the-thao-basic-tre-trung-nang-do-ng-thoa-ng-ma-t-co-gia-n-4-chie-u-mrm-manlywear-p99958075.html?spid=99958281,False
KAG_95052893,Quần short nam big size quần sọt nam thể thao chống nóng quần đùi nam mặc nhà quần thun nam cotton 4 chiều co giãn cao cấp WSB2,59000.0,89000.0,0.34,1444,4.5,Thời trang nam,Kaggle,Tiki,https://tiki.vn/quan-short-nam-big-size-quan-sot-nam-the-thao-chong-nong-quan-dui-nam-mac-nha-quan-thun-nam-cotton-4-chieu-co-gian-cao-cap-wsb2-p95052893.html?spid=95052899,False
KAG_87981660,"Combo 2 áo ba lỗ nam, áo 3 lỗ nam, sợi cotton mềm mịn, thấm hút mồ hôi tốt, thoáng mát, mặc thoải mái JAMANO",198000.0,198000.0,0.0,1930,4.8,Thời trang nam,Kaggle,Tiki,https://tiki.vn/combo-2-ao-ba-lo-nam-ao-3-lo-nam-soi-cotton-mem-min-tham-hut-mo-hoi-tot-thoang-mat-mac-thoai-mai-jamano-p87981660.html?spid=87981809,False
KAG_68202834,"Combo 2 áo ba lỗ nam, áo sát nách nam,sợi cotton cao cấp mềm mịn, thấm hút mồ hôi, siều thoáng mát, co giãn 4 chiều Mrm Manlywear - MM",249000.0,310000.0,0.2,901,4.7,Thời trang nam,Kaggle,Tiki,https://tiki.vn/set-2-ao-thun-ba-lo-nam-sat-nach-soi-cotton-mem-min-tham-hut-mo-hoi-thoang-mat-co-gian-4-chieu-mrm-manlywear-mm-p68202834.html?spid=68202878,False
KAG_68200548,"Áo ba lỗ nam, áo sát nách nam,sợi cotton cao cấp mềm mịn, thấm hút mồ hôi, siều thoáng mát, co giãn 4 chiều Mrm Manlywear",129000.0,155000.0,0.17,395,4.7,Thời trang nam,Kaggle,Tiki,https://tiki.vn/ao-thun-ba-lo-nam-sat-nach-soi-cotton-mem-min-tham-hut-mo-hoi-thoang-mat-co-gian-4-chieu-mrm-manlywear-p68200548.html?spid=68200574,False
KAG_52253824,Quần short thun Nam tập GYM thể thao - Q0003,110000.0,110000.0,0.0,98,4.8,Thời trang nam,Kaggle,Tiki,https://tiki.vn/quan-short-thun-nam-tap-gym-the-thao-p52253824.html?spid=76819418,False
KAG_52189164,Combo 3 quần lót nam sợi cotton Organic mềm mịn thoáng mát co giãn 4 chiều MRM Manlywear (TẶNG Đôi Tất Nam Cao Cấp màu ngẫu nhiên),209000.0,255000.0,0.18,3429,4.6,Thời trang nam,Kaggle,Tiki,https://tiki.vn/combo-3-qua-n-lo-t-nam-so-i-cotton-organic-me-m-mi-n-thoa-ng-ma-t-co-gia-n-4-chie-u-mrm-manlywear-tang-doi-tat-nam-cao-cap-mau-ngau-nhien-p52189164.html?spid=52189166,False
KAG_52184516,Combo 3 quần lót nam Boxer sợi Organic mềm mịn thoáng mát co giãn 4 chiều MRM Manlywear ( TẶNG Đôi Tất Nam Cao Cấp Giao Ngẫu Nhiên),219000.0,285000.0,0.23,4348,4.6,Thời trang nam,Kaggle,Tiki,https://tiki.vn/combo-3-qua-n-lo-t-nam-boxer-so-i-cotton-organic-me-m-mi-n-thoa-ng-ma-t-co-gia-n-4-chie-u-mrm-manlywear-tang-doi-tat-nam-cao-cap-giao-ngau-nhien-p52184516.html?spid=52184520,False
KAG_43333663,"Combo 2 áo ba lỗ nam/áo 3 lỗ nam, sợi cotton mềm mịn siêu thoáng mát, thấm hút mồ hôi cực tốt, co giãn 4 chiều MRM FASHION -MM",235000.0,250000.0,0.06,999,4.6,Thời trang nam,Kaggle,Tiki,https://tiki.vn/combo-2-ao-ba-lo-nam-ao-lot-nam-cao-cap-mrm-fashion-mix-mau-p43333663.html?spid=43333671,False
KAG_42899542,"Áo ba lỗ nam/ 3 lỗ nam cao cấp, sợi cotton mềm mịn siêu thoáng mát, thấm hút mồ hôi cực tốt, co dãn 4 chiều MRM FASHION",109000.0,125000.0,0.13,1728,4.7,Thời trang nam,Kaggle,Tiki,https://tiki.vn/ao-ba-lo-nam-ao-lot-nam-cao-cap-mrm-fashion-p42899542.html?spid=68355778,False
KAG_35548457,Áo Khoác Dù Nam Unisex Hàn Quốc KD2B7,308950.0,308950.0,0.0,3,0.0,Thời trang nam,Kaggle,Tiki,https://tiki.vn/ao-khoac-du-nam-unisex-han-quoc-kd2b7-p35548457.html?spid=113228679,False
KAG_35087712,"Quần lót nam thun lạnh không đường may, sịp nam tam giác cao cấp chất liệu thoáng mát, mềm mịn QLW606",90000.0,90000.0,0.0,1781,4.6,Thời trang nam,Kaggle,Tiki,https://tiki.vn/quan-lot-nam-thun-lanh-su-qlw606-p35087712.html?spid=35087720,False
KAG_31638135,"Combo 4 quần lót nam Boxer sợi cạp 1cm sợi tre tự nhiên mềm mịn thấm hút mồ hôi, co giãn 4 chiều MRM Manlywear - Màu ngẫu nhiên",279000.0,340000.0,0.18,5878,4.7,Thời trang nam,Kaggle,Tiki,https://tiki.vn/combo-4-quan-sip-dui-nam-quan-lot-nam-boxer-soi-tre-mem-min-sieu-thoang-mat-co-gian-4-chieu-cao-cap-cap-1cm-mrm-fashion-3-mau-p31638135.html?spid=31638141,False
KAG_31637590,Combo 4 quần lót nam tam giác Bamboo Organic mềm mịn thoáng mát thấm hút mồ hôi - MRM Manlywear - Màu Ngẫu Nhiên,269000.0,340000.0,0.21,3791,4.7,Thời trang nam,Kaggle,Tiki,https://tiki.vn/combo-4-qua-n-lo-t-nam-tam-gia-c-bamboo-organic-me-m-mi-n-thoa-ng-ma-t-tha-m-hu-t-mo-hoi-mrm-manlywear-ma-u-nga-u-nhien-p31637590.html?spid=31637602,False
KAG_279326117,"Áo polo nam cao cấp vải Coolmax nhẹ, co giãn tốt, thoáng mát POLO-026",379000.0,475000.0,0.2,1,0.0,Thời trang nam,Kaggle,Tiki,https://tiki.vn/ao-polo-nam-cao-cap-vai-coolmax-nhe-co-gian-tot-thoang-mat-polo-026-p279326117.html?spid=279326121,False
KAG_279287522,"Bộ áo điều hòa KITO NEWPRO KT10 thế hệ mới nhất 2026 quạt 24V siêu bên ,chống chai ,chống phồng",1070000.0,1070000.0,0.0,9,0.0,Thời trang nam,Kaggle,Tiki,https://tiki.vn/bo-ao-dieu-hoa-kito-newpro-kt10-the-he-moi-nhat-2026-quat-24v-sieu-ben-chong-chai-chong-phong-p279287522.html?spid=279287524,True
KAG_279282114,"Áo rời của Áo Điều Hòa KITO có mũ,chất vải 100% Cotton,chống tia UV ( Áo không quạt )",189000.0,189000.0,0.0,1,2.0,Thời trang nam,Kaggle,Tiki,https://tiki.vn/ao-roi-cua-ao-dieu-hoa-kito-co-mu-chat-vai-100-cotton-chong-tia-uv-ao-khong-quat-p279282114.html?spid=279282124,False
KAG_279014911,Áo sweater thu đông form rộng in hình hài hước đi nhậu Mr.buffalo - [HN15] Áo Trắng,160000.0,160000.0,0.0,1,5.0,Thời trang nam,Kaggle,Tiki,https://tiki.vn/ao-sweater-thu-dong-form-rong-in-hinh-hai-huoc-di-nhau-mr-buffalo-p279014911.html?spid=279015018,False
KAG_278856465,"Quần đùi nam huong tam cao cấp (QDNN19). Chất liệu vải loại tốt: mềm mại, thoáng mát, không phai màu",47600.0,47600.0,0.0,2,4.0,Thời trang nam,Kaggle,Tiki,https://tiki.vn/quan-dui-nam-huong-tam-cao-cap-qdnn19-chat-lieu-vai-loai-tot-mem-mai-thoang-mat-khong-phai-mau-p278856465.html?spid=278856499,False
KAG_276669234,Quần Lót Nam Tam Giác Thương Hiệu Samaki Mã SKCT01 Chất Liệu Co Giãn,48000.0,48000.0,0.0,0,5.0,Thời trang nam,Kaggle,Tiki,https://tiki.vn/quan-lot-nam-tam-giac-thuong-hieu-samaki-ma-skct01-chat-lieu-co-gian-p276669234.html?spid=276669332,False
KAG_276579860,"Quần dài nam dáng suông basic, thiết kế khuy khóa trước kèm dây rút và bản lưng chu phía sau, thời thượng, phong cách",350000.0,350000.0,0.0,6,5.0,Thời trang nam,Kaggle,Tiki,https://tiki.vn/quan-dai-nam-dang-suong-basic-thiet-ke-khuy-khoa-truoc-kem-day-rut-va-ban-lung-chu-phia-sau-thoi-thuong-phong-cach-p276579860.html?spid=276579890,False
KAG_274960088,"Quần đùi nam huong tam cao cấp (QDNN6). Chất liệu vải loại tốt: mềm mại, thoáng mát, không phai màu",47600.0,47600.0,0.0,34,5.0,Thời trang nam,Kaggle,Tiki,https://tiki.vn/quan-dui-nam-huong-tam-cao-cap-qdnn6-chat-lieu-vai-loai-tot-mem-mai-thoang-mat-khong-phai-mau-p274960088.html?spid=274960122,False
KAG_269943106,Quần đùi squat nam tập gym DOGYMSHOP thun lạnh co giãn 4 chiều thoáng mát thoải mái khi chơi thể thao QVQS1,159000.0,159000.0,0.0,1,0.0,Thời trang nam,Kaggle,Tiki,https://tiki.vn/quan-dui-squat-nam-tap-gym-dogymshop-thun-lanh-co-gian-4-chieu-thoang-mat-thoai-mai-khi-choi-the-thao-qvqs1-p269943106.html?spid=269943118,False
KAG_269905075,Quần 2 lớp nam tập gym DO GYM SHOP thun lỗ kim thoáng mát khi chơi thể thao QV2L11,159000.0,159000.0,0.0,4,5.0,Thời trang nam,Kaggle,Tiki,https://tiki.vn/quan-2-lop-nam-tap-gym-do-gym-shop-thun-lo-kim-thoang-mat-khi-choi-the-thao-qv2l11-p269905075.html?spid=269905087,False
KAG_251771032,"Combo 2 Áo thun Polo Nam Coolmax - Premium nam tính, thanh lịch sang trọng MRM Manlywear",525000.0,899000.0,0.42,20,5.0,Thời trang nam,Kaggle,Tiki,https://tiki.vn/combo-2-ao-thun-polo-nam-coolmax-premium-nam-tinh-thanh-lich-sang-trong-mrm-manlywear-p251771032.html?spid=251771060,True
KAG_249724558,Quần Jean nam cao cấp ống đứng kazata màu xanh rêu vải xuất khẩu xướt nhẹ dáng slimfit vải co giãn,410000.0,410000.0,0.0,9,5.0,Thời trang nam,Kaggle,Tiki,https://tiki.vn/quan-jean-nam-cao-cap-ong-dung-le511-mau-xanh-reu-vai-xuat-khau-xuot-nhe-dang-slimfit-vai-co-gian-p249724558.html?spid=249724570,False
KAG_249724356,Quần Jean nam cao cấp ống đứng kazata màu xanh đậm vải xuất khẩu xướt nhẹ dáng slimfit vải co giãn,410000.0,410000.0,0.0,8,0.0,Thời trang nam,Kaggle,Tiki,https://tiki.vn/quan-jean-nam-cao-cap-ong-dung-le511-mau-xanh-dam-vai-xuat-khau-xuot-nhe-dang-slimfit-vai-co-gian-p249724356.html?spid=249724358,False
KAG_213541798,"Quần bơi nam boxer lửng form dài giữa đùi, đồ bơi nam cao cấp trẻ trung phối màu đẹp QBL00110",235000.0,235000.0,0.0,4,5.0,Thời trang nam,Kaggle,Tiki,https://tiki.vn/quan-boi-nam-boxer-lung-form-dai-giua-dui-do-boi-nam-cao-cap-tre-trung-phoi-mau-dep-qbl00110-p213541798.html?spid=213541812,False
KAG_212330039,Quần Short Nam Đi Biển S807 - Chất Liệu Cao Cấp - Form Dáng Tiêu Chuẩn Xu Hướng,280000.0,400000.0,0.3,1,0.0,Thời trang nam,Kaggle,Tiki,https://tiki.vn/quan-short-nam-di-bien-s807-chat-lieu-cao-cap-form-dang-tieu-chuan-xu-huong-p212330039.html?spid=212330049,False
KAG_208740657,"Áo vest Blazer Linen nam,Blazer nam Đũi Việt 2 cúc, form rộng chất vải linen mềm mại phong cách trẻ trung",420000.0,420000.0,0.0,3,4.0,Thời trang nam,Kaggle,Tiki,https://tiki.vn/ao-vest-blazer-linen-nam-blazer-nam-dui-viet-2-cuc-form-rong-chat-vai-linen-mem-mai-phong-cach-tre-trung-p208740657.html?spid=278215131,False
KAG_199752074,"Quần lót nam Boxer thun co giãn 4 chiều, lưng thun nhỏ, công nghệ thoáng khí - màu Xám",50000.0,50000.0,0.0,84,4.5,Thời trang nam,Kaggle,Tiki,https://tiki.vn/quan-lot-nam-boxer-co-gian-4-chieu-cong-nghe-thoang-khi-air-seven-ub1-mau-xam-p199752074.html?spid=199752082,False
KAG_197058539,Áo khoác măng tô nam cổ đức phong cách trẻ trung công sở NMT31,936000.0,936000.0,0.0,11,5.0,Thời trang nam,Kaggle,Tiki,https://tiki.vn/ao-khoac-mang-to-nam-co-duc-phong-cach-tre-trung-cong-so-nmt31-p197058539.html?spid=273419938,True
KAG_196202846,"Quần âu nam công sở Hiền Trần BOUTIQUE, quần tây nam kiểu dáng Hàn Quốc, vải mềm chống nhăn phong cách lịch lãm",350000.0,350000.0,0.0,16,4.6,Thời trang nam,Kaggle,Tiki,https://tiki.vn/quan-au-nam-cong-so-hien-tran-boutique-quan-tay-nam-kieu-dang-han-quoc-vai-mem-chong-nhan-phong-cach-lich-lam-p196202846.html?spid=196202938,False
KAG_181566777,Áo sơ mi nam sọc tay ngắn dáng ôm body chuẩn form nhiều màu sắc - MON01,137500.0,250000.0,0.45,24,5.0,Thời trang nam,Kaggle,Tiki,https://tiki.vn/ao-so-mi-nam-soc-tay-ngan-dang-om-body-chuan-form-nhieu-mau-sac-mon01-p181566777.html?spid=181566811,False
KAG_178006534,"Đồ Bơi Cặp Nam Nữ Tay Dài Chống Nắng AT225 MayHomes Thun Lạnh Co Giãn Tốt UPF 50+, Long-Sleeve Rash Guard Swimsuit",228000.0,228000.0,0.0,94,5.0,Thời trang nam,Kaggle,Tiki,https://tiki.vn/do-boi-cap-nam-nu-tay-dai-chong-nang-at225-mayhomes-thun-lanh-co-gian-tot-upf-50-long-sleeve-rash-guard-swimsuit-p178006534.html?spid=178006546,False
KAG_174593731,"Quần Short NamThể Thao Thanh Lịch US ARMY 8898 Trẻ Trung, Năng Động, Nam Tính -HÀNG CHÍNH HÃNG",70000.0,100000.0,0.3,70,4.8,Thời trang nam,Kaggle,Tiki,https://tiki.vn/quan-short-namthe-thao-thanh-lich-us-army-8898-tre-trung-nang-dong-nam-tinh-hang-chinh-hang-p174593731.html?spid=177619671,False
KAG_153074569,hộp 4 quần sịp quần lót nam cao cấp thông hơi thoáng khi alex cool,126000.0,126000.0,0.0,0,0.0,Thời trang nam,Kaggle,Tiki,https://tiki.vn/hop-4-quan-sip-quan-lot-nam-cao-cap-thong-hoi-thoang-khi-alex-cool-p153074569.html?spid=184308696,False
KAG_139207843,Bộ 5 Quần Lót Nam Đùi Xuất Nhật Chất Mát từ 40kg đến 90kg (Màu Ngẫu Nghiên),160000.0,160000.0,0.0,6,4.5,Thời trang nam,Kaggle,Tiki,https://tiki.vn/bo-5-quan-lot-nam-dui-xuat-nhat-chat-mat-tu-40kg-den-90kg-mau-ngau-nghien-p139207843.html?spid=139207865,False
KAG_127197643,"Bộ Quần Áo Nam Lính Mỹ US ARMY  Kiểu Dáng Túi Hộp, Chất Liệu Kaki Cao Cấp Phong Cách Lính Cực Ngầu (Tặng dây lưng) - HÀNG CHÍNH HÃNG",899000.0,1798000.0,0.5,14,4.5,Thời trang nam,Kaggle,Tiki,https://tiki.vn/bo-quan-ao-nam-linh-my-us-army-kieu-dang-tui-hop-chat-lieu-kaki-cao-cap-phong-cach-linh-cuc-ngau-tang-day-lung-hang-chinh-hang-p127197643.html?spid=182094563,True
KAG_98690795,ÁO CHỐNG NẮNG NAM THÔNG HƠI,159000.0,159000.0,0.0,1,0.0,Thời trang nam,Kaggle,Tiki,https://tiki.vn/ao-chong-nang-nam-thong-hoi-p98690795.html?spid=174620814,False
KAG_97823540,Áo Khoác Big Size Áo Khoác Dù Nam Có Cổ Trụ Chống Nắng Chống Nóng Chống Lạnh Chống Gió 2 Lớp Phối Logo Sọt Thời Trang Nam Tính Hàn Quốc Giá Tốt AD70  - M,189000.0,199000.0,0.05,724,4.5,Thời trang nam,Kaggle,Tiki,https://tiki.vn/ao-khoac-big-size-ao-khoac-du-nam-co-co-tru-chong-nang-chong-nong-chong-lanh-chong-gio-2-lop-phoi-logo-sot-thoi-trang-nam-tinh-han-quoc-gia-tot-ad70-p97823540.html?spid=97823544,False
KAG_83617921,Quần lót nam không viền may siêu mỏng túi lồi thoải mái,79000.0,79000.0,0.0,30,2.5,Thời trang nam,Kaggle,Tiki,https://tiki.vn/quan-lot-nam-khong-vien-may-sieu-mong-tui-loi-thoai-mai-p83617921.html?spid=242411127,False
KAG_76600936,Quần Jean Nam TH Store Bò Kaki Siêu Co Dãn Nhiều Màu Xanh và Đen,415000.0,415000.0,0.0,6,2.0,Thời trang nam,Kaggle,Tiki,https://tiki.vn/quan-jean-nam-th-store-bo-kaki-sieu-co-dan-nhieu-mau-xanh-va-den-p76600936.html?spid=113227288,False
KAG_72101305,"Quần lót nam boxer cao cấp thun cotton co giãn tốt, sịp đùi nam kiểu dáng hiện đại trẻ trung, lưng cạp to nam tính và co giãn thoải mái, màu trơn thanh lịch QLINC004",135000.0,135000.0,0.0,217,5.0,Thời trang nam,Kaggle,Tiki,https://tiki.vn/quan-lot-nam-boxer-cao-cap-thun-cotton-co-gian-tot-sip-dui-nam-kieu-dang-hien-dai-tre-trung-lung-cap-to-nam-tinh-va-co-gian-thoai-mai-mau-tron-thanh-lich-qlinc004-p72101305.html?spid=72101329,False
KAG_57758774,"Quần short nam có Big Size 115kg lưng thun co giãn 4 chiều ,quần đùi nam thể thao cao cấp ShopN6 - QSB1 (sọc ngẫu nhiên)",59000.0,69000.0,0.14,363,4.5,Thời trang nam,Kaggle,Tiki,https://tiki.vn/quan-short-nam-co-big-size-115kg-lung-thun-co-gian-4-chieu-quan-dui-nam-the-thao-cao-cap-shopn6-qsb1-soc-ngau-nhien-p57758774.html?spid=57758776,False
KAG_57682962,Combo 5 Quần Lót Nam Xuất Khẩu Nhật - Quần Sịp Nam Thông Hơi thoáng mát Cao Cấp - Chất Liệu Mềm Mịn Mát Lạnh - Màu ngẫu nhiên,145000.0,145000.0,0.0,1,5.0,Thời trang nam,Kaggle,Tiki,https://tiki.vn/combo-5-quan-lot-nam-xuat-khau-nhat-quan-sip-nam-thong-hoi-thoang-mat-cao-cap-chat-lieu-mem-min-mat-lanh-mau-ngau-nhien-p57682962.html?spid=184308478,False
KAG_56958910,Quần kaki nam màu be Aligro ALGK055,607200.0,607200.0,0.0,4,0.0,Thời trang nam,Kaggle,Tiki,https://tiki.vn/quan-kaki-nam-aligro-algk055-p56958910.html?spid=56958912,True
KAG_54781910,Quần Đi Bơi Nam Thời Trang 410,259000.0,470000.0,0.45,30,4.8,Thời trang nam,Kaggle,Tiki,https://tiki.vn/quan-di-boi-nam-thoi-trang-410-p54781910.html?spid=54782552,False
KAG_50669330,Áo Thun Nam Cổ Tròn Cotton Co Giãn Tốt,90000.0,90000.0,0.0,0,4.0,Thời trang nam,Kaggle,Tiki,https://tiki.vn/ao-thun-nam-co-tron-cotton-co-gian-tot-p50669330.html?spid=276671893,False
KAG_48634032,Quần Lót Nam Boxer Bamboo LK152,90000.0,90000.0,0.0,11,5.0,Thời trang nam,Kaggle,Tiki,https://tiki.vn/quan-lot-nam-boxer-bamboo-lk152-p48634032.html?spid=48634043,False
KAG_43154580,Combo 4 Quần Lót Nam Xuất Nhật - Quần Sịp Nam Thông Hơi Cao Cấp - Chất Liệu Mềm Mịn Mát Lạnh,120000.0,120000.0,0.0,6,0.0,Thời trang nam,Kaggle,Tiki,https://tiki.vn/combo-4-quan-lot-nam-xuat-nhat-quan-sip-nam-thong-hoi-cao-cap-chat-lieu-mem-min-mat-lanh-p43154580.html?spid=86963280,False
KAG_31638205,Combo 4 quần lót nam cạp 1cm sợi tre Bamboo tự nhiên mềm mịn thấm hút mồ hôi - Màu Ngẫu nhiên,229000.0,229000.0,0.0,1103,4.7,Thời trang nam,Kaggle,Tiki,https://tiki.vn/combo-4-qua-n-lo-t-nam-ca-p-1cm-so-i-tre-bamboo-tu--nhien-me-m-mi-n-tha-m-hu-t-mo--hoi---mau-ngau-nhien-p31638205.html?spid=31638318,False
KAG_24793563,Áo thun nam cổ bẻ kiểu trơn có 1 túi áo,120000.0,120000.0,0.0,7,0.0,Thời trang nam,Kaggle,Tiki,https://tiki.vn/ao-thun-nam-co-be-kieu-tron-co-1-tui-ao-p24793563.html?spid=278608019,False
KAG_16375016,COMBO HỘP 5 Quần Lót ĐÙI Nam Xuất Nhật Cao Cấp (MIX NGẪU NHIÊN),232900.0,274000.0,0.15,4,0.0,Thời trang nam,Kaggle,Tiki,https://tiki.vn/combo-hop-5-quan-lot-dui-nam-xuat-nhat-cao-cap-mix-ngau-nhien-p16375016.html?spid=54547753,False
KAG_278849722,Quần Jean Thời Trang Basic Nam Tapper Ninomaxx 2508002,599000.0,769000.0,0.22,1,0.0,Thời trang nam,Kaggle,Tiki,https://tiki.vn/quan-jean-thoi-trang-basic-nam-tapper-ninomaxx-2508002-p278849722.html?spid=278849728,True
KAG_278686114,"áo sơ mi nam ngắn tay cổ trụ thiết kế trơn dễ phối đồ sang chảnh, thanh lịch",350000.0,350000.0,0.0,2,0.0,Thời trang nam,Kaggle,Tiki,https://tiki.vn/ao-so-mi-nam-ngan-tay-co-tru-thiet-ke-tron-de-phoi-do-sang-chanh-thanh-lich-p278686114.html?spid=278686138,False
KAG_276668956,"Quần Lót Nam Boxer Thương Hiệu Davie Cao Cấp Mã Dvlx002 Không Đường Viền, Co Giãn Tốt",115000.0,115000.0,0.0,0,0.0,Thời trang nam,Kaggle,Tiki,https://tiki.vn/quan-lot-nam-boxer-thuong-hieu-davie-cao-cap-ma-dvlx002-khong-duong-vien-co-gian-tot-p276668956.html?spid=276669012,False
KAG_276581455,"Áo khoác nam, áo blazer nam 2 cúc phong cách Hàn Quốc vải Linen mềm mát thoải mái",420000.0,420000.0,0.0,5,0.0,Thời trang nam,Kaggle,Tiki,https://tiki.vn/ao-khoac-nam-ao-blazer-nam-2-cuc-phong-cach-han-quoc-vai-linen-mem-mat-thoai-mai-p276581455.html?spid=276581501,False
KAG_276515278,"Quần đùi nam huong tam cao cấp (QDNN10). Chất liệu vải loại tốt: mềm mại, thoáng mát, không phai màu",47600.0,47600.0,0.0,7,5.0,Thời trang nam,Kaggle,Tiki,https://tiki.vn/quan-dui-nam-huong-tam-cao-cap-qdnn10-chat-lieu-vai-loai-tot-mem-mai-thoang-mat-khong-phai-mau-p276515278.html?spid=276515294,False
KAG_276366333,"Aó khoác gió nam US ARMY đặc biệt Chống Gió, Chống nắng form chuẩn hàng đẹp",429000.0,858000.0,0.5,13,4.0,Thời trang nam,Kaggle,Tiki,https://tiki.vn/ao-khoac-gio-nam-us-army-dac-biet-chong-gio-chong-nang-form-chuan-hang-dep-p276366333.html?spid=276366828,False
KAG_274954091,Áo thun nam cổ tròn Novelty TR727374,249000.0,249000.0,0.0,4,5.0,Thời trang nam,Kaggle,Tiki,https://tiki.vn/ao-thun-nam-co-tron-novelty-tr72-73-74-p274954091.html?spid=274954318,False
KAG_274524642,Áo len nam hàng hiệu khóa kéo LNA04,432000.0,432000.0,0.0,5,0.0,Thời trang nam,Kaggle,Tiki,https://tiki.vn/ao-len-nam-hang-hieu-khoa-keo-lna04-p274524642.html?spid=274524644,False
KAG_273748509,Áo Khoác Nam siêu mỏng Chống Tia uv Thoáng Khí phong cách Hàn Quốc - T0421,250000.0,250000.0,0.0,6,0.0,Thời trang nam,Kaggle,Tiki,https://tiki.vn/ao-khoac-nam-sieu-mong-chong-tia-uv-thoang-khi-phong-cach-han-quoc-t0421-p273748509.html?spid=273748537,False
KAG_271158363,"Bộ Pyjama HUONGTAM Kate  tay ngắn nam cao cấp(PNK02). Chất liệu Kate loại tốt:  mềm mại, thoáng mát, không phai màu",259000.0,259000.0,0.0,2,4.0,Thời trang nam,Kaggle,Tiki,https://tiki.vn/bo-pyjama-huongtam-kate-tay-ngan-nam-cao-cap-pnk02-chat-lieu-kate-loai-tot-mem-mai-thoang-mat-khong-phai-mau-p271158363.html?spid=271158405,False
KAG_270743291,Hộp 5 quần lót nam xuất Nhật màu ngẫu nhiên siêu đẹp,48000.0,48000.0,0.0,29,4.0,Thời trang nam,Kaggle,Tiki,https://tiki.vn/hop-5-quan-lot-nam-muji-mau-ngau-nhien-sieu-dep-p270743291.html?spid=270743305,False
KAG_269945602,Quần 2 lớp tập gym nam thể thao DOGYMSHOP chất vải si giãn nhanh khô thoáng khí QG2L4,159000.0,159000.0,0.0,0,0.0,Thời trang nam,Kaggle,Tiki,https://tiki.vn/quan-2-lop-tap-gym-nam-the-thao-dogymshop-chat-vai-si-gian-nhanh-kho-thoang-khi-qg2l4-p269945602.html?spid=269945618,False
KAG_251401736,Quần kaki nam ALIGRO chất liệu kaki mềm mịn cao cấp dáng slimfit màu ghi sáng ALGK074,552000.0,552000.0,0.0,1,0.0,Thời trang nam,Kaggle,Tiki,https://tiki.vn/quan-kaki-nam-aligro-chat-lieu-kaki-mem-min-cao-cap-dang-slimfit-mau-ghi-sang-algk074-p251401736.html?spid=251401740,True
KAG_206664470,Áo phao nam công sở trẻ trung NAP37,900000.0,900000.0,0.0,6,0.0,Thời trang nam,Kaggle,Tiki,https://tiki.vn/ao-phao-nam-cong-so-tre-trung-nap37-p206664470.html?spid=206664478,True
KAG_201934333,Áo khoác gió nam chống nắng trượt nước cản gió cản bụi hiệu quả MRM Manlywear,219000.0,390000.0,0.44,170,4.8,Thời trang nam,Kaggle,Tiki,https://tiki.vn/ao-khoac-gio-nam-giu-nhiet-chong-nuoc-can-gio-can-bui-hieu-qua-mrm-manlywear-p201934333.html?spid=201934360,False
KAG_196033255,Áo sơ mi nam form rộng tay dài kiểu trẻ trung hàn quốc chất lụa mềm mịn mát ít nhăn- MRD04,115500.0,210000.0,0.45,45,5.0,Thời trang nam,Kaggle,Tiki,https://tiki.vn/ao-so-mi-nam-form-rong-tay-dai-kieu-tre-trung-han-quoc-chat-lua-mem-min-mat-it-nhan-mrd04-p196033255.html?spid=196033284,False
KAG_190142008,Áo sơ mi nam form rộng cổ tàu cổ trụ tay dài Giấu Nút phong cách hàn quốc trẻ trung lịch lãm-MRDT02,121000.0,220000.0,0.45,13,0.0,Thời trang nam,Kaggle,Tiki,https://tiki.vn/ao-so-mi-nam-form-rong-co-tau-co-tru-tay-dai-giau-nut-phong-cach-han-quoc-tre-trung-lich-lam-mrdt02-p190142008.html?spid=190142022,False
KAG_181142190,Áo sơ mi nam Slim fit ngắn tay hồng đậm 170284N,449000.0,449000.0,0.0,3,5.0,Thời trang nam,Kaggle,Tiki,https://tiki.vn/ao-so-mi-nam-slim-fit-ngan-tay-hong-dam-170284n-p181142190.html?spid=181142194,False
KAG_113052442,Áo thun nam Áo phông nam cổ tròn - không cổ Out of control thời trang siêu hot hàng đẹp bao đẹp-M190,203950.0,203950.0,0.0,8,3.4,Thời trang nam,Kaggle,Tiki,https://tiki.vn/ao-thun-nam-ao-phong-nam-co-tron-khong-co-out-of-control-thoi-trang-sieu-hot-hang-dep-bao-dep-m190-p113052442.html?spid=113052460,False
KAG_113050461,Áo khoát của nam hoodie QUCHUN cực chuẩn mẫu mới-A634,189250.0,189250.0,0.0,1,0.0,Thời trang nam,Kaggle,Tiki,https://tiki.vn/ao-khoat-cua-nam-hoodie-quchun-cuc-chuan-mau-moi-a634-p113050461.html?spid=113050535,False
KAG_81074746,SET THẾ THAO NAM NĂNG ĐỘNG,403450.0,403450.0,0.0,2,3.0,Thời trang nam,Kaggle,Tiki,https://tiki.vn/set-the-thao-nam-nang-dong-p81074746.html?spid=113224910,False
KAG_77884223,BỘ THỂ THAO NAM NĂNG ĐỘNG,445450.0,445450.0,0.0,1,0.0,Thời trang nam,Kaggle,Tiki,https://tiki.vn/bo-the-thao-nam-nang-dong-p77884223.html?spid=113227579,False
KAG_76600710,"Quần kaki nam thời trang, quần nam chất kaki co giãn dễ chịu thoải mái",346750.0,346750.0,0.0,1,0.0,Thời trang nam,Kaggle,Tiki,https://tiki.vn/quan-kaki-nam-thoi-trang-co-gian-de-chiu-thoai-mai-p76600710.html?spid=113226533,False
KAG_73456416,Áo Khoác Nam Big Size Áo Khoác Kaki Nam Hai Lớp Big Size Chống Lạnh Chống Nắng Chống Gió Hàn Quốc Cao Cấp WK35 - ShopN6 (Nhiều Màu),179000.0,260000.0,0.31,319,4.1,Thời trang nam,Kaggle,Tiki,https://tiki.vn/ao-khoac-nam-big-size-ao-khoac-kaki-nam-hai-lop-big-size-chong-lanh-chong-nang-chong-gio-han-quoc-cao-cap-wk35-shopn6-nhieu-mau-p73456416.html?spid=73456438,False
KAG_73335809,Áo Khoác Nam Big Size Áo Khoác Dù Nam Cổ Cao Chống Lạnh Chống Gió Chống Nắng Tia UV Cao Cấp Nam Tính Hàn Quốc QM19 - ShopN6 (Nhiều Màu),199000.0,255000.0,0.22,277,4.1,Thời trang nam,Kaggle,Tiki,https://tiki.vn/ao-khoac-nam-big-size-ao-khoac-du-nam-co-cao-chong-lanh-chong-gio-chong-nang-tia-uv-cao-cap-nam-tinh-han-quoc-qm19-shopn6-nhieu-mau-p73335809.html?spid=73335821,False
KAG_72462368,Áo Khoác Nam Áo Khoác Dù Dày Nam Hai Lớp Lót Nỉ Chống Lạnh Chống Gió Chống Nắng Tia UV Cao Cấp AD64 - ShopN6 (Nhiều Màu),189000.0,225000.0,0.16,28,4.3,Thời trang nam,Kaggle,Tiki,https://tiki.vn/ao-khoac-nam-ao-khoac-du-day-nam-hai-lop-lot-ni-chong-lanh-chong-gio-chong-nang-tia-uv-cao-cap-ad64-shopn6-nhieu-mau-p72462368.html?spid=72462376,False
KAG_67516317,Áo Khoác Kaki Nam Áo Khoác Nam Hai Lớp FS Chống Nắng Chống Lạnh Cao Cấp KK46 - ShopN6 (Nhiều Màu),199000.0,240000.0,0.17,444,4.3,Thời trang nam,Kaggle,Tiki,https://tiki.vn/ao-khoac-kaki-nam-ao-khoac-nam-hai-lop-fs-chong-nang-chong-lanh-cao-cap-kk46-shopn6-nhieu-mau-p67516317.html?spid=67516329,False
KAG_56958321,Quần kaki nam Aligro ALGK052,759000.0,759000.0,0.0,9,4.5,Thời trang nam,Kaggle,Tiki,https://tiki.vn/quan-kaki-nam-aligro-algk052-p56958321.html?spid=56958333,True
KAG_56041700,"Quần bơi nam cao cấp, đồ bơi nam boxer đẹp",200000.0,200000.0,0.0,133,5.0,Thời trang nam,Kaggle,Tiki,https://tiki.vn/quan-boi-nam-cao-cap-do-boi-nam-boxer-dep-p56041700.html?spid=56041707,False
KAG_55740133,"Quần lót nam tam giác thun cotton co giãn tốt, sịp nam cao cấp lưng thun cạp to, thiết kế trẻ trung đơn giản và sang trọng QLCC019",130000.0,130000.0,0.0,102,4.8,Thời trang nam,Kaggle,Tiki,https://tiki.vn/quan-lot-nam-tam-giac-cao-cap-thun-cotton-qlcc019-p55740133.html?spid=55740145,False
KAG_52198505,Combo 4 Quần Lót Nam Quần Sịp Nam Sợi Cotton Cao Cấp MRM FASHION Mix 2 Màu TẶNG Đôi Tất Nam Cao Cấp,265000.0,340000.0,0.22,107,4.7,Thời trang nam,Kaggle,Tiki,https://tiki.vn/combo-4-quan-lot-nam-quan-sip-nam-soi-cotton-cao-cap-mrm-fashion-mix-2-mau-tang-doi-tat-nam-cao-cap-p52198505.html?spid=52198528,False
KAG_52188529,Combo 4 Quần Lót Nam Quần Sịp Đùi Sợi Cotton Cao Cấp MRM FASHION Mix 2 Màu TẶNG Đôi Tất Nam Cao Cấp,265000.0,380000.0,0.3,46,4.6,Thời trang nam,Kaggle,Tiki,https://tiki.vn/combo-4-quan-sip-dui-nam-quan-lot-nam-boxer-soi-cotton-cao-cap-mrm-fashion-mix-2-mau-tang-doi-tat-nam-cao-cap-p52188529.html?spid=52188556,False
KAG_51100972,Quần Jean Nam body phong cách Hàn Quốc - J002A,190000.0,190000.0,0.0,1,0.0,Thời trang nam,Kaggle,Tiki,https://tiki.vn/quan-jean-nam-body-phong-cach-han-quoc-tang-day-chyen-thoi-trang-p51100972.html?spid=51100978,False
KAG_35193581,[FREEMAN] Combo 5 quần lót nam 639,196000.0,245000.0,0.2,77,4.3,Thời trang nam,Kaggle,Tiki,https://tiki.vn/combo-5-quan-lot-nam-freeman-6039-p35193581.html?spid=35193588,False
KAG_24595627,Áo thun Nam thời trang mềm mỏng cho mùa hè - AT015,145000.0,145000.0,0.0,3,0.0,Thời trang nam,Kaggle,Tiki,https://tiki.vn/ao-thun-nam-thoi-trang-kieu-dang-moi-p24595627.html?spid=24595633,False
KAG_16712370,Áo Khoác Kaki Nam Hai Lớp Simple Cao Cấp ShopN6-KK35,179000.0,245000.0,0.27,4015,3.9,Thời trang nam,Kaggle,Tiki,https://tiki.vn/ao-khoac-kaki-nam-hai-lop-simple-cao-cap-shopn6-kk35-p16712370.html?spid=16712374,False
KAG_13326027,Quần lót nam thun lạnh - QL005,99000.0,99000.0,0.0,105,4.6,Thời trang nam,Kaggle,Tiki,https://tiki.vn/quan-lot-nam-thun-lanh-p13326027.html?spid=13326037,False
KAG_7078807,Bộ 10 Quần Lót Nam Chéo Nhật Bản Cao Cấp Thoáng Mát (Giao Màu Ngẫu Nhiên),327600.0,420000.0,0.22,13,4.5,Thời trang nam,Kaggle,Tiki,https://tiki.vn/bo-10-quan-lot-nam-cheo-nhat-ban-cao-cap-thoang-mat-giao-mau-ngau-nhien-p7078807.html?spid=67858801,False
KAG_6187707,Bộ 5 quần sịp đùi xuất Nhật chất lụa cao cấp,173000.0,173000.0,0.0,13,5.0,Thời trang nam,Kaggle,Tiki,https://tiki.vn/bo-5-quan-dui-lot-nam-xuat-nhat-chat-lua-cao-cap-p6187707.html?spid=8013555,False
KAG_5757757,Bộ 4 Quần Boxer Đúc Cao Cấp Nhật Bản Cho Nam,178000.0,178000.0,0.0,6,3.3,Thời trang nam,Kaggle,Tiki,https://tiki.vn/bo-4-quan-boxer-duc-cao-cap-nhat-ban-cho-nam-p5757757.html?spid=55354606,False
KAG_279650488,[Tặng 2 Khăn Ướt Cồn/Bao] Set 5 Quần Lót Dùng 1 Lần Nam TRAVEL-MATE | Đã Giặt Sạch An Toàn Tiện Lợi,40000.0,40000.0,0.0,79,0.0,Thời trang nam,Kaggle,Tiki,https://tiki.vn/tang-2-khan-uot-con-bao-set-5-quan-lot-dung-1-lan-nam-travel-mate-da-giat-sach-an-toan-tien-loi-p279650488.html?spid=271395660,False
KAG_278069333,"Quần short huongtam nam cao cấp(QSNN16). Chất liệu vải loại tốt: mềm mại, thoáng mát, không phai màu",73000.0,73000.0,0.0,5,5.0,Thời trang nam,Kaggle,Tiki,https://tiki.vn/quan-short-huongtam-nam-cao-cap-qsnn16-chat-lieu-vai-loai-tot-mem-mai-thoang-mat-khong-phai-mau-p278069333.html?spid=278069369,False
KAG_277996544,"Hộp 5 Quần lót nam cotton lụa – Siêu đẹp, mềm mịn, thoáng mát",220000.0,220000.0,0.0,9,5.0,Thời trang nam,Kaggle,Tiki,https://tiki.vn/hop-5-quan-lot-nam-cotton-lua-muji-sieu-dep-mem-min-thoang-mat-p277996544.html?spid=278006736,False
KAG_276882715,"Áo khoác blazer nam tay dài form rộng thiết kế 2 cúc sang trọng,thanh lịch",420000.0,420000.0,0.0,3,0.0,Thời trang nam,Kaggle,Tiki,https://tiki.vn/ao-khoac-blazer-nam-tay-dai-form-rong-thiet-ke-2-cuc-sang-trong-thanh-lich-p276882715.html?spid=276882723,False
KAG_276832011,Quần Mặc Nhà Nam SKD02 Vải Kate Co Giãn Nhẹ,65000.0,65000.0,0.0,8,0.0,Thời trang nam,Kaggle,Tiki,https://tiki.vn/quan-mac-nha-nam-skd02-vai-kate-co-gian-nhe-p276832011.html?spid=276832013,False
KAG_275878934,Áo chống nắng nam thun lạnh thoáng mát chống tia UV cao cấp UPF50,200000.0,200000.0,0.0,11,0.0,Thời trang nam,Kaggle,Tiki,https://tiki.vn/ao-chong-nang-nam-cao-cap-thong-hoi-chong-nang-chong-tia-uv-chong-bam-bui-fmtht024-p275878934.html?spid=277944885,False
KAG_273597613,"Áo len Gile nam đẹp, áo len gilê nam LNA28",456000.0,456000.0,0.0,7,0.0,Thời trang nam,Kaggle,Tiki,https://tiki.vn/ao-len-gile-nam-dep-ao-len-gile-nam-lna28-p273597613.html?spid=276346260,False
KAG_273395259,"Quần Đùi HUONGTAM  nam cao cấp(QDN). Chất liệu vải loại tốt: mềm mại, thoáng mát, không phai màu",47600.0,47600.0,0.0,56,5.0,Thời trang nam,Kaggle,Tiki,https://tiki.vn/quan-dui-huongtam-nam-cao-cap-qdn-chat-lieu-vai-loai-tot-mem-mai-thoang-mat-khong-phai-mau-p273395259.html?spid=273395438,False
KAG_253379891,Hộp 100 móng tay úp liền mạch trong suốt bằng acrylic cho nữ,25000.0,25000.0,0.0,6,4.0,Thời trang nam,Kaggle,Tiki,https://tiki.vn/hop-100-mong-tay-up-lien-mach-trong-suot-bang-acrylic-cho-nu-p253379891.html?spid=253379895,False
KAG_248928122,Quần Âu Nam Công Sở Trung Niên Thương Hiệu Anton Dáng Suông Rộng Màu Đen Xếp Ly Mã QA404,328000.0,328000.0,0.0,10,5.0,Thời trang nam,Kaggle,Tiki,https://tiki.vn/quan-au-nam-cong-so-trung-nien-thuong-hieu-anton-dang-suong-rong-mau-den-xep-ly-ma-qa404-p248928122.html?spid=248928126,False
KAG_248129588,Quần jogger nam nữ túi hộp JKN12345 cạp chun chất kaki dày dặn đứng dáng nổi bật phong cách thể thao full size,179000.0,179000.0,0.0,13,4.2,Thời trang nam,Kaggle,Tiki,https://tiki.vn/quan-jogger-nam-nu-tron-cap-chun-chat-gio-mem-co-dan-vien-ly-dung-dang-noi-bat-phong-cach-the-thao-full-size-p248129588.html?spid=274853972,False
KAG_199752718,"Quần lót nam Boxer co giãn 4 chiều, lưng thun nhỏ, công nghệ thoáng khí - màu Xanh đen",50000.0,50000.0,0.0,144,4.7,Thời trang nam,Kaggle,Tiki,https://tiki.vn/quan-lot-nam-boxer-co-gian-4-chieu-cong-nghe-thoang-khi-air-seven-mau-xanh-den-p199752718.html?spid=199752722,False
KAG_190129715,Áo sơ mi nam cổ tàu cổ trụ form rộng tay dài trẻ trung thanh lịch vải lụa mềm mịn mát ít nhăn- MRDT01,121000.0,220000.0,0.45,8,5.0,Thời trang nam,Kaggle,Tiki,https://tiki.vn/ao-so-mi-nam-co-tau-co-tru-form-rong-tay-dai-tre-trung-thanh-lich-vai-lua-mem-min-mat-it-nhan-mrdt01-p190129715.html?spid=190129717,False
KAG_186133766,"Quần Short Kaki Nam US ARMY, Quần Túi Hộp Nam Phong Cách Lính Chất Liệu KaKi Cao Cấp, Kiểu Dáng Trẻ Trung Năng Động -HÀNG CHÍNH HÃNG",299000.0,598000.0,0.5,269,4.7,Thời trang nam,Kaggle,Tiki,https://tiki.vn/quan-short-kaki-nam-us-army-quan-tui-hop-nam-phong-cach-linh-chat-lieu-kaki-cao-cap-kieu-dang-tre-trung-nang-dong-hang-chinh-hang-p186133766.html?spid=186133780,False
KAG_177588270,Áo Thun Có Cổ Nhiều Màu Cho Nam Và Nữ,110000.0,110000.0,0.0,0,4.0,Thời trang nam,Kaggle,Tiki,https://tiki.vn/ao-thun-co-co-nhieu-mau-cho-nam-va-nu-p177588270.html?spid=278867709,False
KAG_176251118,"Combo 2 Áo thun nam Cotton Compact Premium trẻ trung thấm hút mồ hôi, co giãn 4 chiều MRM Manlywear",285000.0,499000.0,0.43,616,4.8,Thời trang nam,Kaggle,Tiki,https://tiki.vn/combo-2-ao-thun-nam-cotton-compact-premium-tre-trung-tham-hut-mo-hoi-co-gian-4-chieu-mrm-manlywear-p176251118.html?spid=251275657,False
KAG_173831458,Dây dầu màu trước sau độ xe máy dáng thể thao siêu bền đẹp lắp các loại xe,138000.0,138000.0,0.0,3,5.0,Thời trang nam,Kaggle,Tiki,https://tiki.vn/day-dau-mau-lap-nhu-zin-do-cac-loai-xe-may-cuc-dep-p173831458.html?spid=173831468,False
KAG_163716172,"Áo Sơ Mi Nam Xanh Tím Than Ngắn Tay Công Sở Trung Niên Anton Kẻ Caro Thoáng Mát, Thấm Hút Mồ Hôi - NT201",425000.0,425000.0,0.0,13,5.0,Thời trang nam,Kaggle,Tiki,https://tiki.vn/ao-so-mi-nam-xanh-tim-than-ngan-tay-cong-so-trung-nien-anton-ke-caro-thoang-mat-tham-hut-mo-hoi-nt201-p163716172.html?spid=163716182,False
KAG_154917738,Áo ba lỗ nam chính hãng May 10,135000.0,135000.0,0.0,58,5.0,Thời trang nam,Kaggle,Tiki,https://tiki.vn/ao-ba-lo-nam-chinh-hang-may-10-p154917738.html?spid=154917796,False
KAG_136070812,Áo thun nam Polo cá sấu,100000.0,100000.0,0.0,3,0.0,Thời trang nam,Kaggle,Tiki,https://tiki.vn/ao-thun-nam-polo-ca-sau-p136070812.html?spid=278513654,False
KAG_108772138,"Áo Thun Nam Ngắn Tay Không Cổ US ARMY U229, Chất Liệu Cotton Thoáng Mát, Mềm Mịn, Mát, Bền Màu-HÀNG CHÍNH HÃNG",199000.0,398000.0,0.5,42,5.0,Thời trang nam,Kaggle,Tiki,https://tiki.vn/ao-thun-nam-ngan-tay-kieu-linh-khong-co-us-army-u229-chat-lieu-cotton-thoang-mat-mem-min-mat-ben-mau-hang-chinh-hang-p108772138.html?spid=178779987,False
KAG_107661666,"Quần Lót Nam Sexy Brave Person B1186 - Chất Liệu Xi Phông Kết Hợp Spandex Siêu Quyến Rũ Và Cá Tính - Form Dáng Ôm, Tôn Lên Vẻ Nam Tính Cùa Phái Mạnh",129000.0,199000.0,0.35,15,4.8,Thời trang nam,Kaggle,Tiki,https://tiki.vn/quan-lot-nam-brave-person-b1186-thiet-ke-dang-luoi-thoang-mat-mem-mai-co-dan-4-chieu-khang-khuan-an-toan-tre-trung-hang-chinh-hang-p107661666.html?spid=107661678,False
KAG_103076103,"áo ba lỗ nam, áo 3 lỗ nam sợi cotton Organic mềm mịn siêu thoáng mát thấm hút mồ hôi JAMANO",99000.0,99000.0,0.0,1360,4.8,Thời trang nam,Kaggle,Tiki,https://tiki.vn/a-o-ba-lo-nam-a-o-3-lo-nam-so-i-cotton-organic-me-m-mi-n-sieu-thoa-ng-ma-t-tha-m-hu-t-mo-hoi-jamano-p103076103.html?spid=103076105,False
KAG_103049077, (Có size lớn) Hộp 4 quần lót boxer nam William WS60 - Quần sịp đùi lưới thông hơi thoáng mát,153550.0,185000.0,0.17,10,4.0,Thời trang nam,Kaggle,Tiki,https://tiki.vn/co-size-lon-hop-4-quan-lot-boxer-nam-william-ws60-quan-sip-dui-luoi-thong-hoi-thoang-mat-p103049077.html?spid=145612011,False
KAG_102531428,Quần âu nam Hiền Trần BOUTIQUE công sở chất vải chéo 79 cao cấp,499000.0,499000.0,0.0,15,5.0,Thời trang nam,Kaggle,Tiki,https://tiki.vn/quan-au-nam-hien-tran-boutique-cong-so-chat-vai-cheo-79-cao-cap-p102531428.html?spid=102531486,False
KAG_102295413,Áo thun nam in hình lá cờ Việt Nam cá tính phong cách vải dày mịn TEEWO528,120000.0,120000.0,0.0,0,0.0,Thời trang nam,Kaggle,Tiki,https://tiki.vn/ao-thun-nam-in-hinh-la-co-viet-nam-ca-tinh-phong-cach-vai-day-min-teewo528-p102295413.html?spid=278562041,False
KAG_101949747,Quần lót lưới nam,15000.0,15000.0,0.0,171,4.8,Thời trang nam,Kaggle,Tiki,https://tiki.vn/quan-lot-luoi-nam-p101949747.html?spid=101949838,False
KAG_101281280,Bộ 5 Quần Lót Nam Nhật Cao Cấp Từ 40kg đến 90kg (Giao Màu Ngẫu Nhiên),160000.0,160000.0,0.0,6,0.0,Thời trang nam,Kaggle,Tiki,https://tiki.vn/bo-5-quan-lot-nam-nhat-cao-cap-tu-40kg-den-90kg-giao-mau-ngau-nhien-p101281280.html?spid=101281292,False
KAG_86066414,Áo khoác dù chống thấm nước 2 lớp cao cấp Bonado AK34 - Đen,441250.0,441250.0,0.0,2,0.0,Thời trang nam,Kaggle,Tiki,https://tiki.vn/ao-khoac-du-chong-tham-nuoc-2-lop-cao-cap-ak34-den-p86066414.html?spid=113225737,False
KAG_80651700,QUẦN THUN NAM THỂ THAO CAO CẤP CÓ SIZE DƯỚI 82KG,350950.0,350950.0,0.0,4,0.0,Thời trang nam,Kaggle,Tiki,https://tiki.vn/quan-thun-nam-the-thao-cao-cap-co-size-duoi-82kg-p80651700.html?spid=113225913,False
KAG_73219234,Áo Khoác Nam Áo Khoác Kaki Nam Big Size Cổ Cao Hai Lớp Chống Nắng Chống Lạnh Hàn Quốc Cao Cấp AK35 - ShopN6 (Nhiều Màu),169000.0,169000.0,0.0,241,3.8,Thời trang nam,Kaggle,Tiki,https://tiki.vn/ao-khoac-nam-ao-khoac-kaki-nam-big-size-co-cao-hai-lop-chong-nang-chong-lanh-han-quoc-cao-cap-ak35-shopn6-nhieu-mau-p73219234.html?spid=73219236,False
KAG_67921385,"ÁO THUN CỔ BẺ NAM, ÁO POLO THỜI TRANG NGẮN TAY, CHẤT THUN CÁ SẤU DỄ PHỐI ĐỒ  - LZPS114",319450.0,319450.0,0.0,3,1.0,Thời trang nam,Kaggle,Tiki,https://tiki.vn/ao-thun-co-be-nam-ao-polo-thoi-trang-ngan-tay-chat-thun-ca-sau-de-phoi-do-lzps114-p67921385.html?spid=113226175,False
KAG_55022423,KENDO - ÁO BA LỖ THỂ THAO TANK TOP size M - L,46800.0,90000.0,0.48,45,4.8,Thời trang nam,Kaggle,Tiki,https://tiki.vn/kendo-ao-ba-lo-the-thao-tank-top-p55022423.html?spid=278598748,False
KAG_51097029,Áo thun Nam form rộng phong cách Hàn Quốc - AT10A,150000.0,150000.0,0.0,15,4.5,Thời trang nam,Kaggle,Tiki,https://tiki.vn/ao-thun-nam-form-rong-phong-cach-han-quoc-at10a-p51097029.html?spid=51097041,False
KAG_49733157,"Quần bơi nam giới dáng vừa, độ dài trên gối, chất thun bơi lạnh dày đẹp, co giãn 4 chiều ôm đùi gọn gàng dễ chịu, thoáng mát nhanh khô | BN005",115000.0,115000.0,0.0,101,4.6,Thời trang nam,Kaggle,Tiki,https://tiki.vn/quan-boi-nam-dang-lung-mau-moi-2020-vai-boi-day-dan-dep-co-gian-4-chieu-bn005-p49733157.html?spid=49733163,False
KAG_40979664,Combo 3 quần sịp đùi nam Cao Cấp Boxer Cạp Nhỏ MRM FASHION cùng màu,199000.0,255000.0,0.22,141,4.8,Thời trang nam,Kaggle,Tiki,https://tiki.vn/combo-3-quan-sip-dui-nam-cao-cap-boxer-cap-nho-mrm-fashion-cung-mau-p40979664.html?spid=40979670,False
KAG_37269401,Combo 5 Quần Lót Nam Thông Hơi Xuất Nhật Mã S02,119000.0,119000.0,0.0,2,0.0,Thời trang nam,Kaggle,Tiki,https://tiki.vn/combo-5-quan-lot-nam-thong-hoi-xuat-nhat-ma-s02-p37269401.html?spid=198496796,False
KAG_31637448,Combo 4 quần lót nam Boxer Bamboo Organic mềm mịn thoáng mát thấm hút mồ hôi MRM Manlywear - Màu Ngẫu Nhiên,265000.0,380000.0,0.3,415,4.7,Thời trang nam,Kaggle,Tiki,https://tiki.vn/combo-4-qua-n-lo-t-nam-boxer-bamboo-organic-me-m-mi-n-thoa-ng-ma-t-tha-m-hu-t-mo-hoi-mrm-manlywear-ma-u-nga-u-nhien-p31637448.html?spid=31637461,False
KAG_15993454,Áo Khoác Nam Áo Khoác Kaki Nam Đơn Giản Cao Cấp-KK34,169000.0,270000.0,0.37,228,3.4,Thời trang nam,Kaggle,Tiki,https://tiki.vn/ao-khoac-nam-ao-khoac-kaki-nam-don-gian-cao-cap-kk34-p15993454.html?spid=15993462,False
KAG_15784024,Áo Khoác Nam Áo Khoác Dù Dày Nam Trơn  Cao Cấp ShopN6 - AD34,199000.0,245000.0,0.19,2683,4.5,Thời trang nam,Kaggle,Tiki,https://tiki.vn/ao-khoac-nam-ao-khoac-du-day-nam-tron-lot-caro-cao-cap-shopn6-ad34-p15784024.html?spid=15784041,False
KAG_278833580,"Quần Lót Nam (Combo 5 quần) NeSa Shop, Quần sịp đùi nam thun lạnh, co dãn 4 chiều, thoáng khí kháng khuẩn tốt",80005.0,159000.0,0.5,0,5.0,Thời trang nam,Kaggle,Tiki,https://tiki.vn/quan-lot-nam-combo-5-quan-nesa-shop-quan-sip-dui-nam-thun-lanh-co-dan-4-chieu-thoang-khi-khang-khuan-tot-p278833580.html?spid=278833600,False
KAG_278686018,Áo sơ mi nam dài tay trơn cổ bẻ basic vải Linen sợi tự nhiên mềm mát,350000.0,350000.0,0.0,2,0.0,Thời trang nam,Kaggle,Tiki,https://tiki.vn/ao-so-mi-nam-dai-tay-tron-co-be-basic-vai-linen-soi-tu-nhien-mem-mat-p278686018.html?spid=278686030,False
KAG_278498646,"Quần short Nam tập Gym thể thao, mặc nhà, đi chơi - T0588",110000.0,110000.0,0.0,13,0.0,Thời trang nam,Kaggle,Tiki,https://tiki.vn/quan-short-nam-tap-gym-the-thao-mac-nha-di-choi-t0588-p278498646.html?spid=278498660,False
KAG_276897802,"Quần nam ống rộng chất linen vải đẹp mềm thoáng mát, thiết kế dây rút kết hợp khóa kéo độc la Haint boutique Qd11",350000.0,350000.0,0.0,5,4.0,Thời trang nam,Kaggle,Tiki,https://tiki.vn/quan-nam-ong-rong-chat-linen-vai-dep-mem-thoang-mat-thiet-ke-day-rut-ket-hop-khoa-keo-doc-la-haint-boutique-qd11-p276897802.html?spid=276897810,False
