ma_san_pham,ten_san_pham,nganh_hang,shop,gia,gia_goc,ty_le_giam,luot_ban,danh_gia,url,da_kiem_tra_gia_ao
279325148,Bút bi Claro ARROW 0.5mm Mực Xanh (Giao Màu Ngẫu Nhiên),Sách tiếng Việt,Tiki,3750,5000,0.25,499,0.0,https://tiki.vn/but-bi-claro-arrow-0-5mm-muc-xanh-p279325148.html?spid=279325149,False
279218500,Ship of Theseus - NXB Trẻ,Truyện tranh/Manga,Tiki,46000,50000,0.08,326,5.0,https://tiki.vn/ship-of-theseus-01-nxb-tre-p279218500.html?spid=279533768,False
279157961,Sách Hikaru - Kì Thủ Cờ Vây - Ultimate Edition ( Chọn Tập),Truyện tranh/Manga,Tiki,72200,72200,0.0,400,5.0,https://tiki.vn/hikaru-ki-thu-co-vay-ultimate-edition-tap-1-p279157961.html?spid=279277884,False
279112904,Thám Tử Lừng Danh Conan - Tập 107,Truyện tranh/Manga,Tiki,23750,25000,0.05,274,5.0,https://tiki.vn/tham-tu-lung-danh-conan-tap-107-p279112904.html?spid=279112916,False
278997061,Sách Tô Màu Phát Triển Trí Não Bộ Cho Bé 1-5 Tuổi - [Từ Tập 11 - Tập 20] - Chọn Tập Lẻ,Sách ngoại văn,Tiki,10971,16000,0.31,199,5.0,https://tiki.vn/sach-to-mau-phat-trien-tri-nao-bo-cho-be-1-5-tuoi-tu-tap-11-tap-20-chon-tap-le-p278997061.html?spid=278997091,False
278968251,Hàng Xóm Của Tôi TOTORO (Truyện tranh màu) - [Chọn Tập Lẻ,Truyện tranh/Manga,Tiki,71250,75000,0.05,172,5.0,https://tiki.vn/hang-xom-cua-toi-totoro-truyen-tranh-mau-chon-tap-le-p278968251.html?spid=278968553,False
278967562,Monster - Deluxe Edition –  [Chọn Tập Lẻ,Truyện tranh/Manga,Tiki,115900,115900,0.0,515,5.0,https://tiki.vn/monster-deluxe-edition-chon-tap-le-p278967562.html?spid=278706877,False
278879928,Sách Nếu Như Không Thể Nói Nếu Như & Có Ai Giữ Giùm Những Lãng Quên & Thức Dậy Anh Vẫn Là Mơ - Tái Bản 2025,Nước hoa,Tiki,75000,125000,0.4,317,5.0,https://tiki.vn/sach-neu-nhu-khong-the-noi-neu-nhu-co-ai-giu-gium-nhung-lang-quen-thuc-day-anh-van-la-mo-tai-ban-2025-p278879928.html?spid=278879979,False
278856619,Sách Cô Bé Hàng Xóm Và Bốn Viên Kẹo (Nguyễn Nhật Ánh) - 2 phiên bản & quà tặng kèm,Sản phẩm cho bé,Tiki,86000,115000,0.25,888,5.0,https://tiki.vn/sach-co-be-hang-xom-va-bon-vien-keo-p278856619.html?spid=278856627,False
278790552,Bộ Truyện One Piece [Chọn Tập Lẻ,Truyện tranh/Manga,Tiki,22800,25000,0.09,346,5.0,https://tiki.vn/bo-truyen-one-piece-chon-tap-le-p278790552.html?spid=278790687,False
278785576,Sách Dragon Ball - 7 Viên Ngọc Rồng [Chọn Tập Lẻ,Truyện tranh/Manga,Tiki,28500,30000,0.05,270,4.8,https://tiki.vn/sach-dragon-ball-7-vien-ngoc-rong-chon-tap-le-p278785576.html?spid=278785631,False
278777861,Bộ Sách Quiz! Khoa Học Kì Thú [Chọn Tập Lẻ,Vitamin & Thực phẩm bổ sung,Tiki,55200,75000,0.26,1013,5.0,https://tiki.vn/bo-sach-quiz-khoa-hoc-ki-thu-p278777861.html?spid=278826470,False
278777851,Sách Ma Đạo Tổ Sư - Tái Bản,Sách thiếu nhi,Tiki,122900,189000,0.35,170,5.0,https://tiki.vn/sach-ma-dao-to-su-tai-ban-2025-p278777851.html?spid=278777816,False
278729070,Sách Chu Du Ẩm Thực Tại Dị Giới Với Kĩ Năng Không Tưởng - Sui Phiêu Lưu Ký  [Chọn Tập Lẻ,Truyện tranh/Manga,Tiki,33250,35000,0.05,152,5.0,https://tiki.vn/chu-du-am-thuc-tai-di-gioi-voi-ki-nang-khong-tuong-sui-phieu-luu-ky-tap-1-tang-kem-bookmark-p278729070.html?spid=278788154,False
278715265,Sách Hà Thanh Hải Yến - Ngang Qua Ngõ Nhỏ Bình An,Sản phẩm cho bé,Tiki,143700,196000,0.27,73,5.0,https://tiki.vn/sach-ha-thanh-hai-yen-ngang-qua-ngo-nho-binh-an-p278715265.html?spid=278715267,False
278710197,Rắc Rối Đáng Yêu - Love☆Com,Truyện tranh/Manga,Tiki,45000,50000,0.1,270,5.0,https://tiki.vn/rac-roi-dang-yeu-love-com-p278710197.html?spid=279394160,False
278706881,Itto - Sóng Gió Cầu Trường - [Tái Bản 2025,Truyện tranh/Manga,Tiki,23750,25000,0.05,225,5.0,https://tiki.vn/itto-song-gio-cau-truong-tai-ban-2025-p278706881.html?spid=278706948,False
278523761,Siêu Quậy Teppei Tập 1 – Tập 31,Truyện tranh/Manga,Tiki,22500,25000,0.1,310,5.0,https://tiki.vn/sieu-quay-teppei-tap-1-tap-31-p278523761.html?spid=278523776,False
278496130,Thanh Gươm Diệt Quỷ,Truyện tranh/Manga,Tiki,28500,30000,0.05,4525,5.0,https://tiki.vn/thanh-guom-diet-quy-tap-1-tan-khoc-p278496130.html?spid=48035298,False
278463126,Komi - Nữ Thần Sợ Giao Tiếp ( Chọn Tập Lẻ),Truyện tranh/Manga,Tiki,27000,30000,0.1,975,4.8,https://tiki.vn/komi-nu-than-so-giao-tiep-chon-tap-le-p278463126.html?spid=144779881,False
278275166,Hoa Thơm Kiêu Hãnh (Chọn tập lẻ),Truyện tranh/Manga,Tiki,49900,55000,0.09,727,5.0,https://tiki.vn/hoa-thom-kieu-hanh-p278275166.html?spid=279296167,False
277962612,Sách Thiên Quan Tứ Phúc,Sách thiếu nhi,Tiki,107600,169000,0.36,490,4.8,https://tiki.vn/sach-thien-quan-tu-phuc-p277962612.html?spid=277962709,False
277591013,Bộ Truyện - Itto - Cơn lốc sân cỏ,Truyện tranh/Manga,Tiki,166250,175000,0.05,205,5.0,https://tiki.vn/bo-truyen-itto-con-loc-san-co-p277591013.html?spid=277591041,False
277228103,Sách Husky Và Sư Tôn Mèo Trắng Của Hắn,Sách thiếu nhi,Tiki,109900,169000,0.35,282,5.0,https://tiki.vn/sach-husky-va-su-ton-meo-trang-cua-han-p277228103.html?spid=278093885,False
276933744,Combo Giáo Trình Chuẩn HSK 1 - Sách Bài Học và Bài tập (Bộ 2 cuốn),Đồ chơi học tập,Tiki,296000,356000,0.17,872,4.7,https://tiki.vn/combo-giao-trinh-chuan-hsk-1-sach-bai-hoc-va-bai-tap-bo-2-cuon-p276933744.html?spid=276949257,False
276659602,Series các tập Claymore,Truyện tranh/Manga,Tiki,35000,40000,0.13,864,5.0,https://tiki.vn/claymore-01-sat-thu-mat-bac-p276659602.html?spid=277815806,False
276657645,Sách Hệ Thống Tự Cứu Của Nhân Vật Phản Diện (Tái bản),Sách thiếu nhi,Tiki,116400,179000,0.35,163,4.6,https://tiki.vn/sach-he-thong-tu-cuu-cua-nhan-vat-phan-dien-tai-ban-p276657645.html?spid=276657704,False
274363543,Sách Con Đường Chẳng Mấy Ai Đi,Tô màu - Luyện chữ,Tiki,115000,165000,0.3,6366,5.0,https://tiki.vn/sach-con-duong-chang-may-ai-di-p274363543.html?spid=274363544,False
273819808,Sách Tâm Lý Học Về Tiền,Nệm & Gối,Tiki,150600,239000,0.37,28916,4.8,https://tiki.vn/sach-tam-ly-hoc-ve-tien-p273819808.html?spid=75953558,False
272188850,Soul Eater,Truyện tranh/Manga,Tiki,86000,95000,0.09,308,5.0,https://tiki.vn/soul-eater-p272188850.html?spid=274972079,False
262664014,Combo Doraemon Truyện Ngắn,Truyện tranh/Manga,Tiki,222300,250000,0.11,476,5.0,https://tiki.vn/combo-doraemon-truyen-ngan-p262664014.html?spid=262664018,False
249876840,"Sách Beartown - Thị trấn nhỏ, giấc mơ lớn",Đồ chơi thương hiệu,Tiki,172000,210000,0.18,2287,5.0,https://tiki.vn/sach-beartown-thi-tran-nho-giac-mo-lon-p249876840.html?spid=249876841,False
202879294,Sách Người Đàn Ông Mang Tên Ove (Tái Bản),Nước hoa,Tiki,128000,160000,0.2,6810,5.0,https://tiki.vn/sach-nguoi-dan-ong-mang-ten-ove-tai-ban-2022-p202879294.html?spid=202879295,False
165030729,Sách Những Kẻ Âu Lo,Đồ chơi thương hiệu,Tiki,149000,180000,0.17,2325,5.0,https://tiki.vn/sach-nhung-ke-au-lo-p165030729.html?spid=165030730,False
115078652,Sách Huấn Luyện Cảm Xúc Để Con Trẻ Phát Triển Toàn Diện,Tô màu - Luyện chữ,Tiki,142560,198000,0.28,1188,5.0,https://tiki.vn/sach-huan-luyen-cam-xuc-de-con-tre-phat-trien-toan-dien-p115078652.html?spid=115078654,False
91947689,Sách 7 Thói Quen Hiệu Quả (The 7 Habits Of Highly Effective People) - Stephen R. Covey - PACE Books,Tô màu - Luyện chữ,Tiki,165000,250000,0.34,9909,5.0,https://tiki.vn/sach-7-thoi-quen-hieu-qua-the-7-habits-of-highly-effective-people-stephen-r-covey-pace-books-p91947689.html?spid=91947690,False
13920941,Combo Doraemon - Truyện Dài (Trọn Bộ 24 Cuốn) - Tái Bản,Truyện tranh/Manga,Tiki,529200,597000,0.11,4945,5.0,https://tiki.vn/combo-doraemon-truyen-dai-tron-bo-24-cuon-tai-ban-p13920941.html?spid=13920942,False
2987219,Sách Giáo Trình Chuẩn YCT 1 (Kèm file MP3),Thiết bị nhà bếp,Tiki,115000,138000,0.17,2996,4.8,https://tiki.vn/sach-giao-trinh-chuan-yct-1-kem-file-mp3-p2987219.html?spid=2987563,False
1080002,Sách Boxset Harry Potter - Tiếng Việt (Trọn Bộ 7 Tập),Kem dưỡng ẩm,Tiki,1473000,1750000,0.16,10884,4.7,https://tiki.vn/sach-boxset-harry-potter-tieng-viet-tron-bo-7-tap-p1080002.html?spid=1080024,True
540039,Sách Giáo Trình Chuẩn HSK 1 - Bài Học (Kèm file MP3),Đồ chơi học tập,Tiki,165000,198000,0.17,8599,4.8,https://tiki.vn/sach-giao-trinh-chuan-hsk-1-bai-hoc-kem-file-mp3-p540039.html?spid=262528,False
279394165,Thám tử thừa kế,Truyện tranh/Manga,Tiki,50000,50000,0.0,96,0.0,https://tiki.vn/tham-tu-thua-ke-p279394165.html?spid=279493247,False
279374424,Sách Chú Thuật Hồi Chiến - Tập 27,Truyện tranh/Manga,Tiki,28500,30000,0.05,40,5.0,https://tiki.vn/chu-thuat-hoi-chien-tap-27-p279374424.html?spid=279375119,False
279292568,Song Mệnh Cõi Hoàng Tuyền,Truyện tranh/Manga,Tiki,31500,35000,0.1,142,5.0,https://tiki.vn/song-menh-coi-hoang-tuyen-p279292568.html?spid=279580424,False
279258712,Sách Host Club Trường Ouran,Truyện tranh/Manga,Tiki,28350,31500,0.1,147,5.0,https://tiki.vn/sach-host-club-truong-ouran-p279258712.html?spid=279346973,False
279236031,"Điệu múa chim công, có ai thấy không",Truyện tranh/Manga,Tiki,52000,56000,0.07,127,5.0,https://tiki.vn/dieu-mua-chim-cong-co-ai-thay-khong-p279236031.html?spid=279236035,False
279235202,Sách Khúc Hát Đêm Thâu [Chọn Tập,Truyện tranh/Manga,Tiki,33250,35000,0.05,251,4.2,https://tiki.vn/sach-khuc-hat-dem-thau-chon-tap-p279235202.html?spid=279558959,False
278788044,Sách BEASTARS [Chọn Tập Lẻ,Truyện tranh/Manga,Tiki,28350,31500,0.1,289,5.0,https://tiki.vn/sach-beastars-chon-tap-le-p278788044.html?spid=279409079,False
278756674,Sách Nisekoi - Cặp Đôi Giả Tạo,Truyện tranh/Manga,Tiki,38000,40000,0.05,258,5.0,https://tiki.vn/sach-nisekoi-cap-doi-gia-tao-p278756674.html?spid=279558986,False
278749523,Ngũ Hành Của Tôi Thiếu Em,Sách thiếu nhi,Tiki,109800,179000,0.39,251,5.0,https://tiki.vn/ngu-hanh-cua-toi-thieu-em-p278749523.html?spid=279004969,False
278729052,Doraemon Movie Story Màu - Phiên Bản Mới: Nobita Và Binh Đoàn Người Sắt - Đôi Cánh Thiên Thần,Truyện tranh/Manga,Tiki,34300,35000,0.02,44,5.0,https://tiki.vn/doraemon-movie-story-mau-phien-ban-moi-nobita-va-binh-doan-nguoi-sat-doi-canh-thien-than-p278729052.html?spid=278729053,False
278684154,Nữ Binh Thần Tốc,Truyện tranh/Manga,Tiki,41800,45000,0.07,242,5.0,https://tiki.vn/nu-binh-than-toc-p278684154.html?spid=278863077,False
278423155,"Sách Hồi Ức, Giấc Mơ, Suy Ngẫm - Hành Trình Vào Nội Tâm Của Carl Jung – Nơi Ký Ức, Giấc Mơ Và Triết Lý Giao Thoa",Mặt nạ/Serum,Tiki,229200,345000,0.34,1618,5.0,https://tiki.vn/sach-hoi-uc-giac-mo-suy-ngam-hanh-trinh-vao-noi-tam-cua-carl-jung-noi-ky-uc-giac-mo-va-triet-ly-giao-thoa-p278423155.html?spid=278423156,False
278123405,Sobotei Dinh Thự Ma Ám (Chọn tập lẻ),Truyện tranh/Manga,Tiki,41900,45000,0.07,605,5.0,https://tiki.vn/sobotei-dinh-thu-ma-am-p278123405.html?spid=279360320,False
277397107,Sách Phía Đông Vườn Địa Đàng,Đèn chiếu sáng,Tiki,279000,380000,0.27,661,4.5,https://tiki.vn/sach-phia-dong-vuon-dia-dang-p277397107.html?spid=277397109,False
276948798,"Sách Lên Đỉnh Núi Mở Tiệm Bánh Mì - Triết lí Wazawaza: Những con người hạnh phúc, 2 loại bánh mì, và doanh thu thường niên 300 triệu Yên",Chăm sóc cơ thể,Tiki,108000,150000,0.28,2819,4.8,https://tiki.vn/sach-len-dinh-nui-mo-tiem-banh-mi-triet-li-wazawaza-nhung-con-nguoi-hanh-phuc-2-loai-banh-mi-va-doanh-thu-thuong-nien-300-trieu-yen-p276948798.html?spid=276948799,False
276933755,Combo Giáo Trình Chuẩn HSK 4 Tập 1 - Sách Bài Học và Bài tập (Bộ 2 cuốn),Đồ chơi học tập,Tiki,311000,376000,0.17,876,5.0,https://tiki.vn/combo-giao-trinh-chuan-hsk-4-tap-1-sach-bai-hoc-va-bai-tap-bo-2-cuon-p276933755.html?spid=276949260,False
276933752,Combo Giáo Trình Chuẩn HSK 3 - Sách Bài Học và Bài tập (Bộ 2 cuốn),Đồ chơi học tập,Tiki,395000,476000,0.17,878,5.0,https://tiki.vn/combo-giao-trinh-chuan-hsk-3-sach-bai-hoc-va-bai-tap-bo-2-cuon-p276933752.html?spid=276949259,False
276883579,Sống Sáng - Phan Việt - Sáng Books,Tô màu - Luyện chữ,Tiki,200000,200000,0.0,1249,5.0,https://tiki.vn/song-sang-dong-sach-sang-phan-viet-sang-books-p276883579.html?spid=276886801,False
276425570,Thám Tử Lừng Danh Conan (Bản Nâng Cấp) - [Chọn Tập Lẻ,Truyện tranh/Manga,Tiki,32300,35000,0.08,312,5.0,https://tiki.vn/tham-tu-lung-danh-conan-ban-nang-cap-p276425570.html?spid=276428296,False
276078455,Series các tập Gachiakuta,Truyện tranh/Manga,Tiki,39800,45000,0.12,397,5.0,https://tiki.vn/series-cac-tap-gachiakuta-p276078455.html?spid=276424324,False
276019606,Sách Không Gia Đình (Tái Bản),Sách ngoại văn,Tiki,120000,175000,0.31,524,5.0,https://tiki.vn/sach-khong-gia-dinh-tai-ban-p276019606.html?spid=278938671,False
273746688,Sách Địa Cầu Online,Sách thiếu nhi,Tiki,145900,199000,0.27,92,4.8,https://tiki.vn/sach-dia-cau-online-p273746688.html?spid=273204606,False
273691914,Sách Trăm năm cô đơn,Tẩy rửa mặt,Tiki,176250,235000,0.25,532,4.7,https://tiki.vn/sach-tram-nam-co-don-p273691914.html?spid=273691915,False
273182700,Combo Dragon Ball Super,Truyện tranh/Manga,Tiki,662400,690000,0.04,136,5.0,https://tiki.vn/combo-dragon-ball-super-p273182700.html?spid=277815791,True
272447731,Sách Xông vào lối âm dương,Sách thiếu nhi,Tiki,109900,169000,0.35,211,5.0,https://tiki.vn/sach-xong-vao-loi-am-duong-p272447731.html?spid=262806375,False
263035841,Sách Vòng Quanh Thế Giới,Vitamin & Thực phẩm bổ sung,Tiki,9000,12000,0.25,678,4.8,https://tiki.vn/sach-vong-quanh-the-gioi-p263035841.html?spid=277926136,False
194960730,Sách Nỗi buồn chiến tranh,Sách ngoại văn,Tiki,99000,130000,0.24,4733,5.0,https://tiki.vn/sach-noi-buon-chien-tranh-p194960730.html?spid=194960731,False
192909292,Sách Án Mạng Trên Chuyến Tàu Tốc Hành Phương Đông,Chăm sóc da,Tiki,98000,120000,0.18,983,5.0,https://tiki.vn/sach-an-mang-tren-chuyen-tau-toc-hanh-phuong-dong-p192909292.html?spid=192909295,False
190335975,Combo 2 cuốn Truyện Dành Cho Thiếu Nhi : Tuổi Thơ Dữ Dội - Tập 1 + 2 (Tái Bản),Máy massage,Tiki,120000,160000,0.25,1822,5.0,https://tiki.vn/combo-2-cuon-truyen-danh-cho-thieu-nhi-tuoi-tho-du-doi-tap-1-2-tai-ban-p190335975.html?spid=273817532,False
176831144,Combo 23 Tập Thanh Gươm Diệt Quỷ (Tập 1-23),Truyện tranh/Manga,Tiki,662400,690000,0.04,342,5.0,https://tiki.vn/combo-23-tap-thanh-guom-diet-quy-tap-1-23-p176831144.html?spid=176831145,True
140416370,Sách Flow - Dòng Chảy,Sách ngoại văn,Tiki,175560,228000,0.23,9398,5.0,https://tiki.vn/sach-flow-dong-chay-p140416370.html?spid=140416372,False
109017985,"Sách Thiên Tài Bên Trái, Kẻ Điên Bên Phải (Tái Bản)",Nước hoa,Tiki,107400,179000,0.4,27268,4.8,https://tiki.vn/sach-thien-tai-ben-trai-ke-dien-ben-phai-tai-ban-p109017985.html?spid=109017987,False
76013378,Sách Storytelling With Data - Kể Chuyện Thông Qua Dữ Liệu (Cuốn Cẩm Nang Hướng Dẫn Trực Quan Hóa Dữ Liệu),Mỹ phẩm (Cũ),Tiki,204200,319000,0.36,12892,5.0,https://tiki.vn/sach-storytelling-with-data-ke-chuyen-thong-qua-du-lieu-cuon-cam-nang-huong-dan-truc-quan-hoa-du-lieu-p76013378.html?spid=76013379,False
59511811,Sách Dấu Chân Trên Cát - Nguyên Phong (Tái Bản 2020),Sách ngoại văn,Tiki,111000,148000,0.25,5515,4.8,https://tiki.vn/sach-dau-chan-tren-cat-nguyen-phong-tai-ban-2020-p59511811.html?spid=59511812,False
56609155,Sách Trường Ca Achilles (Quà Tặng Kèm: 01 Bookmark + 01 Phụ Lục),Tẩy rửa mặt,Tiki,124800,156000,0.2,4242,5.0,https://tiki.vn/sach-truong-ca-achilles-qua-tang-kem-01-bookmark-01-phu-luc-p56609155.html?spid=56609156,False
52789367,Sách Nhà Giả Kim (Tái Bản),Sách ngoại văn,Tiki,78000,95000,0.18,40476,5.0,https://tiki.vn/sach-nha-gia-kim-tai-ban-2020-p52789367.html?spid=52789368,False
17493916,Sách Luyện Nói Tiếng Trung Quốc Cấp Tốc Cho Người Bắt Đầu - Tập 1 (Kèm file MP3) (Tái Bản),Thiết bị phòng tắm,Tiki,140000,168000,0.17,1032,5.0,https://tiki.vn/sach-luyen-noi-tieng-trung-quoc-cap-toc-cho-nguoi-bat-dau-tap-1-kem-file-mp3-tai-ban-p17493916.html?spid=17493917,False
7953305,"Combo Tổng Hợp Chuyên Đề Trọng Tâm Thi Vào 10 Chuyên
Và Học Sinh Giỏi Toán 9",Dụng cụ làm đẹp,Tiki,234000,318000,0.26,2081,4.8,https://tiki.vn/combo-tong-hop-chuyen-de-trong-tam-thi-vao-10-chuyen-va-hoc-sinh-gioi-toan-9-p7953305.html?spid=7953306,False
7833728,Sách Dạy Con Làm Giàu (Tập 1) - Để Không Có Tiền Vẫn Tạo Ra Tiền - Cha Giàu Cha Nghèo (Tái Bản),Chăm sóc cơ thể,Tiki,63000,80000,0.21,38586,4.8,https://tiki.vn/sach-day-con-lam-giau-tap-1-de-khong-co-tien-van-tao-ra-tien-cha-giau-cha-ngheo-tai-ban-p7833728.html?spid=7833729,False
4780917,Sách Người Đua Diều (Tái Bản 2018),Sản phẩm cho bé,Tiki,99330,129000,0.23,23240,4.8,https://tiki.vn/sach-nguoi-dua-dieu-tai-ban-2018-p4780917.html?spid=4781791,False
279437167,"Sách Hẹn Gặp Lại, Quốc Vương Của Tôi - Tập 7",Sách ngoại văn,Tiki,125300,179000,0.3,52,4.6,https://tiki.vn/sach-hen-gap-lai-quoc-vuong-cua-toi-tap-7-p279437167.html?spid=279437172,False
279414086,Sách Viết Cũng Là Học - Writing to learn,Tô màu - Luyện chữ,Tiki,135200,169000,0.2,113,5.0,https://tiki.vn/sach-viet-cung-la-hoc-writing-to-learn-p279414086.html?spid=279414087,False
279321804,Sách Chờ Ngày Bình Yên,Nước hoa,Tiki,83300,119000,0.3,67,4.5,https://tiki.vn/sach-cho-ngay-binh-yen-p279321804.html?spid=279321805,False
279313607,Bộ Sách Tô Màu 6 Cuốn Họa Sĩ Nhí Vẽ Thế Giới,Vitamin & Thực phẩm bổ sung,Tiki,14000,20000,0.3,0,0.0,https://tiki.vn/bo-sach-to-mau-6-cuon-hoa-si-nhi-ve-the-gioi-p279313607.html?spid=279313712,False
278966679,Sách - Phương Pháp Đặt Câu Hỏi Của Socrates - Khai Mở Tư Duy Phản Biện Và Hiểu Biết Sâu Sắc,Tô màu - Luyện chữ,Tiki,93500,110000,0.15,406,4.6,https://tiki.vn/sach-phuong-phap-dat-cau-hoi-cua-socrates-khai-mo-tu-duy-phan-bien-va-hieu-biet-sau-sac-p278966679.html?spid=278966681,False
278949619,Quý tộc nhà nông,Truyện tranh/Manga,Tiki,61000,65000,0.06,182,5.0,https://tiki.vn/quy-toc-nha-nong-01-tang-kem-the-bai-quy-toc-p278949619.html?spid=278949622,False
278860289,Sách Nguyễn Nhật Ánh - Cô Bé Hàng Xóm Và Bốn Viên Kẹo - Bìa Cứng - Tặng Kèm Random 1 Trong 4 Mẫu Bookmark + Sticker + Sổ Vẽ,Tẩy rửa mặt,Tiki,184000,200000,0.08,222,5.0,https://tiki.vn/sach-co-be-hang-xom-va-bon-vien-keo-bia-cung-tang-kem-random-1-trong-4-mau-bookmark-sticker-so-ve-p278860289.html?spid=278860290,False
278838097,Sách Tính Bản Ác (M. Scott Peck) - Tuệ Tri,Tô màu - Luyện chữ,Tiki,133000,185000,0.28,521,4.7,https://tiki.vn/sach-tinh-ban-ac-p278838097.html?spid=278838098,False
278724728,Sách Giải Mã Tâm Lý Hành Vi Về Tiền,Nệm & Gối,Tiki,156400,239000,0.35,873,4.8,https://tiki.vn/sach-giai-ma-tam-ly-hanh-vi-ve-tien-p278724728.html?spid=278724729,False
278690049,"Sách Giáo Trình Destination Grammar & Vocabulary B1, B2, C1&C2 (Phân Loại Lẻ)",Sách ngoại văn,Tiki,143000,178000,0.2,409,4.8,https://tiki.vn/sach-giao-trinh-destination-grammar-vocabulary-b1-b2-c1-c2-kem-dap-an-phan-loai-le-p278690049.html?spid=278746460,False
278572376,Combo Perman - Cậu Bé Siêu Nhân,Truyện tranh/Manga,Tiki,166250,175000,0.05,186,5.0,https://tiki.vn/combo-perman-cau-be-sieu-nhan-p278572376.html?spid=278572844,False
278492587,Sách Kính Vạn Hoa - Bộ 18 Tập [ Phiên Bản Mới,Máy massage,Tiki,61920,86000,0.28,179,5.0,https://tiki.vn/sach-kinh-van-hoa-bo-18-tap-phien-ban-moi-p278492587.html?spid=278492592,False
277728224,"Sách Nói Chuyện Là Bản Năng, Giữ Miệng Là Tu Dưỡng, Im Lặng Là Trí Tuệ",Sách ngoại văn,Tiki,119100,189000,0.37,7985,4.8,https://tiki.vn/sach-noi-chuyen-la-ban-nang-giu-mieng-la-tu-duong-im-lang-la-tri-tue-p277728224.html?spid=212356653,False
277622005,Sách Boxset Cá Voi Đêm Bão Và Những Câu Chuyện Khác (5 Cuốn),Sách ngoại văn,Tiki,195000,260000,0.25,167,5.0,https://tiki.vn/sach-boxset-ca-voi-dem-bao-va-nhung-cau-chuyen-khac-5-cuon-p277622005.html?spid=277622008,False
277599506,Sách Đôi mắt của Mona,Tẩy rửa mặt,Tiki,260260,338000,0.23,520,4.7,https://tiki.vn/sach-doi-mat-cua-mona-p277599506.html?spid=277599509,False
276960030,Sách Khi Mọi Điều Không Như Ý,Sách ngoại văn,Tiki,83930,109000,0.23,3032,5.0,https://tiki.vn/sach-khi-moi-dieu-khong-nhu-y-p276960030.html?spid=276960033,False
276944781,Sách Công Cụ Của Những Người Khổng Lồ,Sách ngoại văn,Tiki,310000,395000,0.22,202,5.0,https://tiki.vn/sach-cong-cu-cua-nhung-nguoi-khong-lo-p276944781.html?spid=277347896,False
276471716,Sách Cách Sống,Sách ngoại văn,Tiki,67300,99000,0.32,882,4.8,https://tiki.vn/sach-cach-song-p276471716.html?spid=276471719,False
276285600,Phù thủy và dã thú,Truyện tranh/Manga,Tiki,49000,55000,0.11,100,5.0,https://tiki.vn/phu-thuy-va-da-thu-p276285600.html?spid=276885653,False
273349964,Cecilia & Lawrence ( Chọn Tập Lẻ),Truyện tranh/Manga,Tiki,38000,40000,0.05,84,5.0,https://tiki.vn/combo-cecilia-lawrence-p273349964.html?spid=278690548,False
273219497,Series các tập Moriarty the patriot,Truyện tranh/Manga,Tiki,40000,45000,0.11,763,5.0,https://tiki.vn/series-cac-tap-moriarty-the-patriot-p273219497.html?spid=274971985,False
272367381,Sách Trốn Lên Mái Nhà Để Khóc,Nước hoa,Tiki,57000,95000,0.4,2873,5.0,https://tiki.vn/sach-tron-len-mai-nha-de-khoc-p272367381.html?spid=272367383,False
271916321,"	 Sách Mùa hè không tên (Nguyễn Nhật Ánh) - Tặng kèm Bookmark, Tranh màu",Đồ chơi thương hiệu,Tiki,103500,130000,0.2,5567,5.0,https://tiki.vn/sach-mua-he-khong-ten-nguyen-nhat-anh-tang-kem-bookmark-tranh-mau-cho-ca-2-phien-ban-tang-them-ngau-nhien-1-trong-2-lot-ly-cho-ban-bia-cung-p271916321.html?spid=271916323,False
251255482,Doraemon - Chú Mèo Máy Đến Từ Tương Lai Tập 26 (Tái Bản),Truyện tranh/Manga,Tiki,23750,25000,0.05,31,5.0,https://tiki.vn/doraemon-chu-meo-may-den-tu-tuong-lai-tap-26-tai-ban-2023-p251255482.html?spid=251255484,False
220665663,Sách 30 Tuổi - Mọi Thứ Chỉ Mới Bắt Đầu,Tô màu - Luyện chữ,Tiki,103950,135000,0.23,2765,4.8,https://tiki.vn/sach-30-tuoi-moi-thu-chi-moi-bat-dau-p220665663.html?spid=220665664,False
205942263,Sách Tận Hưởng Hành Trình Nuôi Con Sữa Mẹ,Sách ngoại văn,Tiki,116250,155000,0.25,2615,4.8,https://tiki.vn/sach-tan-huong-hanh-trinh-nuoi-con-sua-me-p205942263.html?spid=205942266,False
202450677,Chú Thuật Hồi Chiến Tập 8,Truyện tranh/Manga,Tiki,28000,30000,0.07,2629,5.0,https://tiki.vn/chu-thuat-hoi-chien-tap-8-p202450677.html?spid=202450681,False
186290796,Sách Còn chút gì để nhớ (Tái Bản 2022),Nước hoa,Tiki,38950,43000,0.09,1211,5.0,https://tiki.vn/sach-con-chut-gi-de-nho-tai-ban-2022-p186290796.html?spid=186290799,False
186286190,Sách Mắt Biếc (Tái Bản 2022),Nước hoa,Tiki,40850,43000,0.05,690,5.0,https://tiki.vn/sach-mat-biec-tai-ban-2022-p186286190.html?spid=186286191,False
170708233,Sách Thay Đổi Tí Hon - Hiệu Quả Bất Ngờ Atomic Habits (Tái Bản Lần 4),Tô màu - Luyện chữ,Tiki,142000,189000,0.25,12360,4.8,https://tiki.vn/sach-thay-doi-ti-hon-hieu-qua-bat-ngo-atomic-habits-tai-ban-lan-4-p170708233.html?spid=170708234,False
168662171,Sách Vừa Nhắm Mắt Vừa Mở Cửa Số,Máy massage,Tiki,63000,75000,0.16,2977,5.0,https://tiki.vn/sach-vua-nham-mat-vua-mo-cua-so-p168662171.html?spid=168662172,False
95289208,Sách Người Bà Tài Giỏi Vùng Saga,Nước hoa,Tiki,96000,128000,0.25,5600,5.0,https://tiki.vn/sach-nguoi-ba-tai-gioi-vung-saga-p95289208.html?spid=95289212,False
82996522,Sách Tư Bản Thế Kỷ 21,Sách ngoại văn,Tiki,231000,300000,0.23,1415,4.8,https://tiki.vn/sach-tu-ban-the-ky-21-p82996522.html?spid=82996523,False
50322710,Sách 48 Nguyên Tắc Chủ Chốt Của Quyền Lực (Tái Bản 2020),Tô màu - Luyện chữ,Tiki,167000,200000,0.17,9469,5.0,https://tiki.vn/sach-48-nguyen-tac-chu-chot-cua-quyen-luc-tai-ban-2020-p50322710.html?spid=51830751,False
50263061,Combo Thám Tử Lừng Danh Conan Tập 21 - 30 (Bộ 10 cuốn),Truyện tranh/Manga,Tiki,237500,250000,0.05,826,5.0,https://tiki.vn/combo-tham-tu-lung-danh-conan-tap-21-30-bo-10-cuon-p50263061.html?spid=58806027,False
7369223,Sách Cho Tôi Xin Một Vé Đi Tuổi Thơ,Đồ chơi thương hiệu,Tiki,68400,90000,0.24,21462,4.8,https://tiki.vn/sach-cho-toi-xin-mot-ve-di-tuoi-tho-bia-mem-tai-ban-p7369223.html?spid=7369225,False
3304875,Sách Điều Kỳ Diệu Của Tiệm Tạp Hóa NAMIYA (Tái Bản),Nước hoa,Tiki,107030,139000,0.23,35125,5.0,https://tiki.vn/sach-dieu-ky-dieu-cua-tiem-tap-hoa-namiya-tai-ban-p3304875.html?spid=3304877,False
1215677,Sách Từ Những Hạt Mầm: Hột Điều Của Sóc,Vitamin & Thực phẩm bổ sung,Tiki,11500,15000,0.23,911,5.0,https://tiki.vn/sach-tu-nhung-hat-mam-hot-dieu-cua-soc-p1215677.html?spid=1215947,False
997535,Sách Gọi Em Bằng Tên Anh - Call Me By Your Name,Tẩy rửa mặt,Tiki,92000,115000,0.2,9260,4.8,https://tiki.vn/sach-goi-em-bang-ten-anh-call-me-by-your-name-p997535.html?spid=1002143,False
633125,Sách Lĩnh Nam Chích Quái,Kem dưỡng ẩm,Tiki,266000,350000,0.24,5830,4.8,https://tiki.vn/sach-linh-nam-chich-quai-p633125.html?spid=633134,False
279358057,Sách Làm Dâu Nhà Giáo,Truyện tranh/Manga,Tiki,137400,229000,0.4,33,5.0,https://tiki.vn/sach-lam-dau-nha-giao-p279358057.html?spid=279359159,False
279334959,Sách Tiếng Lòng Khó Giấu (Tập 2),Sách thiếu nhi,Tiki,118300,169000,0.3,121,4.8,https://tiki.vn/sach-tieng-long-kho-giau-tap-2-p279334959.html?spid=279334936,False
279292547,Sách Dan Da Dan - Tập 7 + Special Cover,Truyện tranh/Manga,Tiki,42750,45000,0.05,206,5.0,https://tiki.vn/sach-dan-da-dan-p279292547.html?spid=279557394,False
279236017,Hồn Oda Da Shiba,Truyện tranh/Manga,Tiki,48900,55000,0.11,44,5.0,https://tiki.vn/hon-oda-da-shiba-p279236017.html?spid=279307513,False
278963850,Kính Vạn Hoa Bộ Kỉ Niệm 30 Năm - Tặng Kèm 01 Sổ Tay Kính Vạn Hoa,Máy massage,Tiki,172800,240000,0.28,124,5.0,https://tiki.vn/kinh-van-hoa-bo-ki-niem-30-nam-tang-kem-p278963850.html?spid=278963990,False
278901566,Sách Đời Gió Bụi,Sản phẩm cho bé,Tiki,180000,240000,0.25,330,4.6,https://tiki.vn/sach-doi-gio-bui-p278901566.html?spid=278901596,False
278892527,Sách Tokyo Aliens - [Chọn Tập Lẻ,Truyện tranh/Manga,Tiki,38000,40000,0.05,183,4.5,https://tiki.vn/sach-tokyo-aliens-chon-tap-le-p278892527.html?spid=279235141,False
278856940,Agatha Christie. Bí Mật Dinh Thự Chimneys,Chăm sóc da,Tiki,126000,160000,0.21,190,5.0,https://tiki.vn/agatha-christie-bi-mat-dinh-thu-chimneys-p278856940.html?spid=278856944,False
278800709,Điểm Kỳ Dị Đã Cận Kề - Khi Con Người Hợp Nhất Với AI,Sách ngoại văn,Tiki,169400,245000,0.31,210,4.0,https://tiki.vn/diem-ky-di-da-can-ke-khi-con-nguoi-hop-nhat-voi-ai-p278800709.html?spid=278814823,False
278500643,Sách Động Từ Bất Quy Tắc & Ngữ Pháp Tiếng Anh Căn Bản,Sách ngoại văn,Tiki,13860,18000,0.23,36,5.0,https://tiki.vn/sach-dong-tu-bat-quy-tac-ngu-phap-tieng-anh-can-ban-p278500643.html?spid=278500647,False
278489414,Sách Tư Duy Hệ Thống,Tô màu - Luyện chữ,Tiki,103400,159000,0.35,644,5.0,https://tiki.vn/sach-tu-duy-he-thong-p278489414.html?spid=278489416,False
278275295,Sách Chiến Binh Cầu Vồng (Tái Bản),Tẩy rửa mặt,Tiki,103950,135000,0.23,801,4.6,https://tiki.vn/sach-chien-binh-cau-vong-tai-ban-p278275295.html?spid=278275298,False
278159678,Truyện tranh tâm lý học đường - Bí quyết học tập bứt phá (Sách bản quyền),Sách ngoại văn,Tiki,36300,58000,0.37,38,0.0,https://tiki.vn/truyen-tranh-tam-ly-hoc-duong-sach-ban-quyen-p278159678.html?spid=278159680,False
277827033,Sách Lần Đầu Làm Mẹ - Tổng Hợp Những Kiến Thức Mới Nhất Về Mang Thai Và Sinh Nở,Sách ngoại văn,Tiki,194400,299000,0.35,271,4.8,https://tiki.vn/sach-lan-dau-lam-me-tong-hop-nhung-kien-thuc-moi-nhat-ve-mang-thai-va-sinh-no-p277827033.html?spid=277827036,False
277384364,Hồ Sơ Mật The Top Secret Season 0,Truyện tranh/Manga,Tiki,49900,55000,0.09,398,5.0,https://tiki.vn/ho-so-mat-the-top-secret-season-0-p277384364.html?spid=277690619,False
276933759,Combo Giáo Trình Chuẩn HSK 5 Tập 1 - Sách Bài Học và Bài tập (Bộ 2 cuốn),Đồ chơi học tập,Tiki,387000,466000,0.17,877,5.0,https://tiki.vn/combo-giao-trinh-chuan-hsk-5-tap-1-sach-bai-hoc-va-bai-tap-bo-2-cuon-p276933759.html?spid=276949262,False
276305454,Sách Trường Tương Tư,Sách ngoại văn,Tiki,143600,229000,0.37,122,5.0,https://tiki.vn/sach-truong-tuong-tu-p276305454.html?spid=276305547,False
275396866,Sách Tố Thư,Sách ngoại văn,Tiki,303050,400000,0.24,359,5.0,https://tiki.vn/sach-to-thu-p275396866.html?spid=275396867,False
275212810,Sách MBA CƠ BẢN - Khóa Học Quản Trị Kinh Doanh Cấp Tốc Cho Người Bận Rộn - Tom Gorman (bìa mềm),Mỹ phẩm (Cũ),Tiki,208000,269000,0.23,321,5.0,https://tiki.vn/sach-mba-co-ban-khoa-hoc-quan-tri-kinh-doanh-cap-toc-cho-nguoi-ban-ron-tom-gorman-bia-mem-p275212810.html?spid=275860915,False
275034810,Sách Thánh Kinh Marketing,Sách ngoại văn,Tiki,187600,268000,0.3,90,5.0,https://tiki.vn/sach-thanh-kinh-marketing-p275034810.html?spid=275034812,False
273200683,Series các tập Chu Du Ẩm Thực Tại Dị Giới Với Kĩ Năng Không Tưởng,Truyện tranh/Manga,Tiki,38000,40000,0.05,229,5.0,https://tiki.vn/chu-du-am-thuc-tai-di-gioi-voi-ki-nang-khong-tuong-p273200683.html?spid=274150466,False
272854044,Sách Tiếng Anh Giao Tiếp Bệnh Viện dành cho người mới bắt đầu - Tác giả BS. Đỗ Trung Kiên,Sách ngoại văn,Tiki,169000,199000,0.15,1734,5.0,https://tiki.vn/sach-tieng-anh-giao-tiep-benh-vien-danh-cho-nguoi-moi-bat-dau-tac-gia-bs-do-trung-kien-p272854044.html?spid=272854045,False
272447903,Sách Đừng nhặt bạn trai trong thùng rác,Sách thiếu nhi,Tiki,108100,169000,0.36,312,5.0,https://tiki.vn/sach-dung-nhat-ban-trai-trong-thung-rac-p272447903.html?spid=274323810,False
263070154,Sách Giải mã Hoóc-môn Dopamine,Tô màu - Luyện chữ,Tiki,152460,198000,0.23,5449,4.8,https://tiki.vn/sach-giai-ma-hooc-mon-dopamine-p263070154.html?spid=263070155,False
262304692,Doraemon - Chú Mèo Máy Đến Từ Tương Lai Tập 37,Truyện tranh/Manga,Tiki,21120,22000,0.04,55,5.0,https://tiki.vn/doraemon-chu-meo-may-den-tu-tuong-lai-tap-37-p262304692.html?spid=262304695,False
242085691,Doraemon Tập 6: Nobita Và Cuộc Chiến Vũ Trụ [Tái Bản 2023],Truyện tranh/Manga,Tiki,20900,22000,0.05,27,0.0,https://tiki.vn/doraemon-tap-6-nobita-va-cuoc-chien-vu-tru-tai-ban-2023-p242085691.html?spid=242085692,False
195291930,Sách Bốn Thỏa Ước,Sách ngoại văn,Tiki,100100,130000,0.23,4962,5.0,https://tiki.vn/sach-bon-thoa-uoc-p195291930.html?spid=195291931,False
190861557,Sách Yêu Những Ngày Nắng Chẳng Ghét Những Ngày Mưa,Sách ngoại văn,Tiki,52800,132000,0.6,6062,5.0,https://tiki.vn/sach-yeu-nhung-ngay-nang-chang-ghet-nhung-ngay-mua-p190861557.html?spid=190861559,False
139303869,Sách Nghệ Thuật Tinh Tế Của Việc Đếch Quan Tâm (Tái Bản),Tô màu - Luyện chữ,Tiki,96000,128000,0.25,6221,5.0,https://tiki.vn/sach-nghe-thuat-tinh-te-cua-viec-dech-quan-tam-tai-ban-p139303869.html?spid=139303870,False
87391039,Sách Thuật Yêu Đương (Tái Bản),Sách ngoại văn,Tiki,98000,120000,0.18,1997,5.0,https://tiki.vn/sach-thuat-yeu-duong-tai-ban-p87391039.html?spid=87391040,False
74021317,Sách Cây Cam Ngọt Của Tôi,Tẩy rửa mặt,Tiki,93750,125000,0.25,77213,5.0,https://tiki.vn/sach-cay-cam-ngot-cua-toi-p74021317.html?spid=74021318,False
57325187,Sách Người Giàu Có Nhất Thành Babylon (Tái Bản 2020),Chăm sóc cơ thể,Tiki,75460,98000,0.23,18226,5.0,https://tiki.vn/sach-nguoi-giau-co-nhat-thanh-babylon-tai-ban-2020-p57325187.html?spid=57325188,False
48629535,Sách Ngày Xưa Có Một Chuyện Tình (Tái Bản),Đồ chơi thương hiệu,Tiki,106875,135000,0.21,5870,5.0,https://tiki.vn/sach-ngay-xua-co-mot-chuyen-tinh-tai-ban-p48629535.html?spid=48629536,False
14643411,Sách Điều Kỳ Diệu (Tái Bản),Sách ngoại văn,Tiki,148000,180000,0.18,3965,4.8,https://tiki.vn/sach-dieu-ky-dieu-tai-ban-p14643411.html?spid=14643412,False
10866305,Sách Tư Duy Pháp Lý Của Luật Sư (Tái Bản),Tô màu - Luyện chữ,Tiki,205000,260000,0.21,2431,5.0,https://tiki.vn/sach-tu-duy-phap-ly-cua-luat-su-tai-ban-p10866305.html?spid=10866306,False
10866303,Sách Agatha Christie - Vụ Ám Sát Ông Roger Ackroyd (Tái Bản),Tẩy rửa mặt,Tiki,124000,150000,0.17,2555,4.8,https://tiki.vn/sach-agatha-christie-vu-am-sat-ong-roger-ackroyd-tai-ban-p10866303.html?spid=10866304,False
10738198,Combo Danh Nhân Thế Giới (10 cuốn) - Tái Bản,Vitamin & Thực phẩm bổ sung,Tiki,225000,300000,0.25,6954,4.8,https://tiki.vn/combo-danh-nhan-the-gioi-10-cuon-tai-ban-p10738198.html?spid=10738199,False
8886007,Sách Ngàn Mặt Trời Rực Rỡ (Tái Bản),Đồ chơi thương hiệu,Tiki,123200,160000,0.23,10958,4.8,https://tiki.vn/sach-ngan-mat-troi-ruc-ro-tai-ban-p8886007.html?spid=8886008,False
7982628,Sách Suối Nguồn (Tái Bản),Sản phẩm cho bé,Tiki,303000,380000,0.2,13516,4.8,https://tiki.vn/sach-suoi-nguon-tai-ban-p7982628.html?spid=7982629,False
3954355,Sách Yêu Những Điều Không Hoàn Hảo,Nước hoa,Tiki,130130,169000,0.23,43448,5.0,https://tiki.vn/sach-yeu-nhung-dieu-khong-hoan-hao-p3954355.html?spid=3955615,False
279308786,Sách Người Trong Mộng Của Nam Chính Phải Lòng Tôi (Tập 1),Sách thiếu nhi,Tiki,160300,229000,0.3,0,5.0,https://tiki.vn/sach-nguoi-trong-mong-cua-nam-chinh-phai-long-toi-tap-1-p279308786.html?spid=279308793,False
278948458,Sách Vòng Lặp Thứ 7 Của Tiểu Thư Phản Diện - Cuộc Sống Hôn Nhân Tự Tại Giữa Lòng Địch Quốc (Chọn Tập Lẻ),Truyện tranh/Manga,Tiki,42750,47500,0.1,67,5.0,https://tiki.vn/sach-vong-lap-thu-7-cua-tieu-thu-phan-dien-cuoc-song-hon-nhan-tu-tai-giua-long-dich-quoc-9-chon-tap-le-p278948458.html?spid=279185693,False
278841848,Doraemon Movie Story Màu: Nobita Và Những Hiệp Sĩ Không Gian,Truyện tranh/Manga,Tiki,34300,35000,0.02,20,0.0,https://tiki.vn/doraemon-movie-story-mau-nobita-va-nhung-hiep-si-khong-gian-p278841848.html?spid=278841849,False
278810625,Sách Lịch Sử Thế Giới Vô Hình,Sách ngoại văn,Tiki,369600,480000,0.23,150,4.6,https://tiki.vn/sach-lich-su-the-gioi-vo-hinh-p278810625.html?spid=278810627,False
278668649,Sách Sống Đời Giản Dị,Tô màu - Luyện chữ,Tiki,56000,70000,0.2,149,5.0,https://tiki.vn/sach-song-doi-gian-di-p278668649.html?spid=278668650,False
278572380,Perman - Cậu Bé Siêu Nhân,Truyện tranh/Manga,Tiki,23750,25000,0.05,35,0.0,https://tiki.vn/perman-cau-be-sieu-nhan-p278572380.html?spid=278572687,False
278492655,Sách Kính Vạn Hoa - Bộ 9 Tập,Máy massage,Tiki,96800,135000,0.28,78,4.8,https://tiki.vn/sach-kinh-van-hoa-bo-9-tap-p278492655.html?spid=278492660,False
278035545,Sách Tư Duy Đầu Tư - Tiền Đẻ Ra Tiền,Sách ngoại văn,Tiki,156400,239000,0.35,428,4.7,https://tiki.vn/sach-tu-duy-dau-tu-tien-de-ra-tien-p278035545.html?spid=278035546,False
277938216,Sách Sống cuộc đời giàu có nhất của bạn (Robin Sharma),Nệm & Gối,Tiki,164000,200000,0.18,945,5.0,https://tiki.vn/sach-song-cuoc-doi-giau-co-nhat-cua-ban-robin-sharma-p277938216.html?spid=277938219,False
277914851,Bộ 3 Sách Song Ngữ: Lời thì thầm trong tổ ấm + Lời thì thầm với cha + Lời thì thầm với mẹ - Đầy Đủ File Nghe,Sách ngoại văn,Tiki,397980,594000,0.33,319,4.7,https://tiki.vn/bo-3-sach-song-ngu-loi-thi-tham-trong-to-am-loi-thi-tham-voi-cha-loi-thi-tham-voi-me-day-du-file-nghe-p277914851.html?spid=277914852,False
277809376,Sách Tư duy dã tràng - Tim trí giao tranh,Sách ngoại văn,Tiki,135000,160000,0.16,884,5.0,https://tiki.vn/sach-tu-duy-da-trang-tim-tri-giao-tranh-p277809376.html?spid=277809378,False
277671463,Tình Yêu Nhân Vật Phụ,Truyện tranh/Manga,Tiki,40000,45000,0.11,112,5.0,https://tiki.vn/tinh-yeu-nhan-vat-phu-p277671463.html?spid=278710796,False
276922183,Thám Tử Lừng Danh Conan Tập 105,Truyện tranh/Manga,Tiki,24500,25000,0.02,389,5.0,https://tiki.vn/tham-tu-lung-danh-conan-tap-105-p276922183.html?spid=276922189,False
275925573,Bộ Truyện Tranh Dấu Ấn Hoàng Gia [ Nữ Hoàng Ai Cập ] - (Chọn Tập Lẻ),Truyện tranh/Manga,Tiki,29100,30000,0.03,564,5.0,https://tiki.vn/bo-truyen-tranh-dau-an-hoang-gia-p275925573.html?spid=278814666,False
275362670,Sakamoto Days Sát thủ huyền thoại [Chọn Tập Lẻ,Truyện tranh/Manga,Tiki,41750,45000,0.07,1632,5.0,https://tiki.vn/sakamoto-days-01_sat-thu-huyen-thoai-tap-1-p275362670.html?spid=278791433,False
273355903,"Sách Làm Cha Mẹ Tỉnh Thức - Chuyển Hóa Bản Thân, Trao Quyền Cho Con Cái",Sách ngoại văn,Tiki,126600,179000,0.29,918,5.0,https://tiki.vn/sach-lam-cha-me-tinh-thuc-chuyen-hoa-ban-than-trao-quyen-cho-con-cai-p273355903.html?spid=273355906,False
272404892,Sách Phụ nữ tỳ hư rất mau già,Sách ngoại văn,Tiki,121000,165000,0.27,385,5.0,https://tiki.vn/sach-phu-nu-ty-hu-rat-mau-gia-p272404892.html?spid=272404893,False
271518926,Sách Dám bị ghét,Tô màu - Luyện chữ,Tiki,102240,142000,0.28,1870,5.0,https://tiki.vn/sach-dam-bi-ghet-p271518926.html?spid=271518929,False
271380890,Sách Đúng Việc,Tô màu - Luyện chữ,Tiki,90000,125000,0.28,4791,5.0,https://tiki.vn/sach-dung-viec-p271380890.html?spid=271380893,False
270790324,Doraemon Plus Tập 5,Truyện tranh/Manga,Tiki,23750,25000,0.05,32,5.0,https://tiki.vn/doraemon-plus-tap-5-p270790324.html?spid=270790327,False
252456572,Sách Cẩm nang chăm sóc bé yêu (Tái bản đổi tên),Sách ngoại văn,Tiki,115200,159000,0.28,383,5.0,https://tiki.vn/sach-cam-nang-cham-soc-be-yeu-tai-ban-doi-ten-p252456572.html?spid=252456573,False
249875170,Sách Hai số phận (bìa cứng),Tẩy rửa mặt,Tiki,202000,295000,0.32,2975,5.0,https://tiki.vn/sach-hai-so-phan-bia-cung-p249875170.html?spid=249875171,False
246073880,Combo Thám Tử Lừng Danh Conan Hoạt Hình Màu: Kẻ Hành Pháp Zero (Tập 1 + Tập 2) (2 Cuốn),Truyện tranh/Manga,Tiki,114000,120000,0.05,32,5.0,https://tiki.vn/combo-tham-tu-lung-danh-conan-hoat-hinh-mau-ke-hanh-phap-zero-tap-1-tap-2-2-cuon-tai-ban-2023-p246073880.html?spid=246073881,False
210277880,Sách Con người và Biểu tượng - Man and his symbols,Sách ngoại văn,Tiki,378000,525000,0.28,2796,4.8,https://tiki.vn/sach-con-nguoi-va-bieu-tuong-man-and-his-symbols-p210277880.html?spid=210277882,False
195545304,Sách Khéo Ăn Nói Sẽ Có Được Thiên Hạ,Sách ngoại văn,Tiki,99400,130000,0.24,5026,4.8,https://tiki.vn/sach-kheo-an-noi-se-co-duoc-thien-ha-p195545304.html?spid=195545306,False
187600387,Sách Giải Thích Bộ Đề Thi Vào 10 Chuyên - Khối Chuyên Anh,Sách ngoại văn,Tiki,110000,159000,0.31,349,4.8,https://tiki.vn/sach-giai-thich-bo-de-thi-vao-10-chuyen-khoi-chuyen-anh-p187600387.html?spid=187600388,False
173481363,Sách Bách Khoa Tri Thức Cho Trẻ Em,Vitamin & Thực phẩm bổ sung,Tiki,201600,280000,0.28,386,5.0,https://tiki.vn/sach-bach-khoa-tri-thuc-cho-tre-em-p173481363.html?spid=173481364,False
107802183,Sách Sức Mạnh Tiềm Thức (Tái Bản) (Bìa Mềm),Tô màu - Luyện chữ,Tiki,98560,128000,0.23,10215,5.0,https://tiki.vn/sach-suc-manh-tiem-thuc-tai-ban-bia-mem-p107802183.html?spid=107802184,False
104314401,Sách Bí Mật Của May Mắn (Khổ Lớn) (Tái Bản),Sách ngoại văn,Tiki,52360,68000,0.23,5791,4.8,https://tiki.vn/sach-bi-mat-cua-may-man-kho-lon-tai-ban-p104314401.html?spid=104314402,False
101782486,"Sách Deep Work - Làm Ra Làm, Chơi Ra Chơi (Tái Bản)",Tô màu - Luyện chữ,Tiki,108200,159000,0.32,4639,4.7,https://tiki.vn/sach-deep-work-lam-ra-lam-choi-ra-choi-tai-ban-p101782486.html?spid=101782488,False
90056907,Sách Khởi Nghiệp Tinh Gọn (The Lean Startup) (Tái Bản),Sách ngoại văn,Tiki,118500,165000,0.28,5322,5.0,https://tiki.vn/sach-khoi-nghiep-tinh-gon-the-lean-startup-tai-ban-p90056907.html?spid=90056908,False
89402951,Sách Giáo Trình Chuẩn HSK 4 - Tập 1 Bài Học (Quét Mã QR Để Nghe File MP3)(Tái Bản),Sách ngoại văn,Tiki,189000,228000,0.17,493,4.6,https://tiki.vn/sach-giao-trinh-chuan-hsk-4-tap-1-bai-hoc-quet-ma-qr-de-nghe-file-mp3-tai-ban-p89402951.html?spid=89402952,False
77982982,Sách Trí Tuệ Xúc Cảm,Tô màu - Luyện chữ,Tiki,131400,199000,0.34,3846,4.8,https://tiki.vn/sach-tri-tue-xuc-cam-p77982982.html?spid=77982983,False
73207098,Sách Làm Chủ - Mastery,Tô màu - Luyện chữ,Tiki,166000,200000,0.17,3446,4.8,https://tiki.vn/sach-lam-chu-mastery-p73207098.html?spid=73549953,False
45663008,Sách Ngày Xưa Có Một Con Bò…(Tái Bản),Tô màu - Luyện chữ,Tiki,59000,70000,0.16,11448,4.8,https://tiki.vn/sach-ngay-xua-co-mot-con-bo-tai-ban-p45663008.html?spid=45663009,False
19824204,Combo Doraemon Truyện Ngắn (45 Tập) - Tái Bản,Truyện tranh/Manga,Tiki,982800,1119000,0.12,3075,4.8,https://tiki.vn/combo-doraemon-truyen-ngan-45-tap-tai-ban-p19824204.html?spid=19824205,True
13419678,Sách Đi Tìm Lẽ Sống (Tái Bản ),Tô màu - Luyện chữ,Tiki,67760,88000,0.23,24471,4.8,https://tiki.vn/sach-di-tim-le-song-tai-ban-p13419678.html?spid=13419679,False
8885999,Sách Totto - Chan Bên Cửa Sổ (Tái Bản),Đồ chơi thương hiệu,Tiki,92400,120000,0.23,22742,5.0,https://tiki.vn/sach-totto-chan-ben-cua-so-tai-ban-p8885999.html?spid=8886000,False
2619499,Sách ​Liễu Phàm Tứ Huấn (Tái Bản),Tô màu - Luyện chữ,Tiki,56100,75000,0.25,5703,4.8,https://tiki.vn/sach-lieu-pham-tu-huan-tai-ban-2018-p2619499.html?spid=2629575,False
1647103,Sách Bà Ngoại Tôi Gửi Lời Xin Lỗi,Tẩy rửa mặt,Tiki,151500,190000,0.2,1790,4.8,https://tiki.vn/sach-ba-ngoai-toi-gui-loi-xin-loi-p1647103.html?spid=1647211,False
279402825,Sách Mùa Nắng Ươm Mùi Bánh Thơm,Sách ngoại văn,Tiki,77400,129000,0.4,8,5.0,https://tiki.vn/sach-mua-nang-uom-mui-banh-thom-p279402825.html?spid=279402826,False
279398053,"Sách Khi Tóc Mai Đã Bạc, Người Có Còn Bên Ta",Sách thiếu nhi,Tiki,132300,189000,0.3,13,4.0,https://tiki.vn/sach-khi-toc-mai-da-bac-nguoi-co-con-ben-ta-p279398053.html?spid=279398068,False
279106083,Sách Thám tử ẩm thực Kamogawa,Nước hoa,Tiki,83000,110000,0.25,194,5.0,https://tiki.vn/sach-tham-tu-am-thuc-kamogawa-p279106083.html?spid=279106227,False
278842696,Dị Văn Lục,Tô màu - Luyện chữ,Tiki,136700,209000,0.35,69,5.0,https://tiki.vn/di-van-luc-p278842696.html?spid=278842697,False
278817070,Sách Đâu Đó Ngoài Khơi Xa - Phần Tiếp Theo Của Ngôi Nhà Bên Bờ Biển Xanh Thẳm,Tẩy rửa mặt,Tiki,160300,229000,0.3,182,5.0,https://tiki.vn/sach-dau-do-ngoai-khoi-xa-phan-tiep-theo-cua-ngoi-nha-ben-bo-bien-xanh-tham-p278817070.html?spid=278817072,False
278691939,Sách Khi Đàn Sếu Bay Về Phương Nam,Tẩy rửa mặt,Tiki,130130,169000,0.23,352,4.8,https://tiki.vn/sach-khi-dan-seu-bay-ve-phuong-nam-p278691939.html?spid=278691940,False
278445062,Sách Thuyết Mặc Kệ Họ,Tô màu - Luyện chữ,Tiki,131600,188000,0.3,488,5.0,https://tiki.vn/sach-thuyet-mac-ke-ho-p278445062.html?spid=278445063,False
278280386,Sách Chuyển Động Thông Minh Đa Ngữ Việt - Anh - Pháp (Giúp Trẻ Nhận Biết Thế Giới Xung Quanh Thật Trực Quan Và Sinh Động),Vitamin & Thực phẩm bổ sung,Tiki,87000,119000,0.27,35,5.0,https://tiki.vn/sach-chuyen-dong-thong-minh-da-ngu-viet-anh-phap-giup-tre-nhan-biet-the-gioi-xung-quanh-that-truc-quan-va-sinh-dong-p278280386.html?spid=278292237,False
278275160,Sách Agatha Christie. Tấm gương nứt vỡ: Một vụ án của Jane Marple,Chăm sóc da,Tiki,99000,125000,0.21,250,5.0,https://tiki.vn/sach-agatha-christie-tam-guong-nut-vo-mot-vu-an-cua-jane-marple-p278275160.html?spid=278275162,False
278229522,Boxset Nguyên Tội Của Takopi (2 Tập),Truyện tranh/Manga,Tiki,95000,100000,0.05,107,4.7,https://tiki.vn/boxset-nguyen-toi-cua-takopi-2-tap-tang-kem-standee-giay-boi-p278229522.html?spid=278229523,False
278110636,Sách Kẻ Trộm Cà Chua,Máy massage,Tiki,73400,96000,0.24,574,4.7,https://tiki.vn/sach-ke-trom-ca-chua-p278110636.html?spid=278110639,False
278095443,Bộ Truyện BlueLock (Combo 26 Tập ),Truyện tranh/Manga,Tiki,864500,1015000,0.15,8,5.0,https://tiki.vn/bo-truyen-bluelock-combo-26-tap-p278095443.html?spid=278095444,True
277812999,Sách Hồ Sơ Máu- Vén Màn 13 Vụ Án Rúng Động Mọi Thời Đại,Chăm sóc da,Tiki,97300,139000,0.3,132,4.5,https://tiki.vn/sach-ho-so-mau-ven-man-13-vu-an-rung-dong-moi-thoi-dai-p277812999.html?spid=277813000,False
277499422,Sách 5 Bài Học Của Ben Hogan: Những Nguyên Tắc Cơ Bản Hiện Đại Của Golf,Sách ngoại văn,Tiki,257800,399000,0.35,73,5.0,https://tiki.vn/sach-5-bai-hoc-cua-ben-hogan-nhung-nguyen-tac-co-ban-hien-dai-cua-golf-p277499422.html?spid=278094039,False
276860230,Doraemon Plus Tập 7 (Bản Bìa Gập),Truyện tranh/Manga,Tiki,21600,22000,0.02,54,4.2,https://tiki.vn/doraemon-plus-tap-7-ban-bia-gap-p276860230.html?spid=276860232,False
276833162,Sách Chuyện Con Mèo Dạy Hải Âu Bay,Máy massage,Tiki,50400,70000,0.28,1047,5.0,https://tiki.vn/sach-chuyen-con-meo-day-hai-au-bay-p276833162.html?spid=276833165,False
276823777,Sách Tại sao các quốc gia thất bại,Sách ngoại văn,Tiki,248000,310000,0.2,1018,5.0,https://tiki.vn/sach-tai-sao-cac-quoc-gia-that-bai-p276823777.html?spid=276823778,False
276159943,Sách NEXUS - Lược Sử Của Những Mạng Lưới Thông Tin Từ Thời Đại Đồ Đá Đến Trí Tuệ Nhân Tạo,Đèn chiếu sáng,Tiki,215600,325000,0.34,2789,5.0,https://tiki.vn/sach-nexus-luoc-su-cua-nhung-mang-luoi-thong-tin-tu-thoi-dai-do-da-den-tri-tue-nhan-tao-p276159943.html?spid=276160116,False
274928291,Historie,Truyện tranh/Manga,Tiki,40850,48000,0.15,492,5.0,https://tiki.vn/historie-p274928291.html?spid=276285287,False
274844704,Sách Trong Đầu Có Giấu Con Voi,Tô màu - Luyện chữ,Tiki,150000,215000,0.3,921,4.8,https://tiki.vn/sach-trong-dau-co-giau-con-voi-p274844704.html?spid=274844705,False
271535830,Shin - Cậu Bé Bút Chì - Tập 45,Truyện tranh/Manga,Tiki,23750,25000,0.05,46,5.0,https://tiki.vn/shin-cau-be-but-chi-tap-45-p271535830.html?spid=271535833,False
270234757,Sách Xứ Sở Miên Man,Máy massage,Tiki,132000,220000,0.4,2409,5.0,https://tiki.vn/sach-xu-so-mien-man-p270234757.html?spid=270234760,False
267208813,Sách Tuổi Thơ Dữ Dội - Tập 2,Sách ngoại văn,Tiki,52800,80000,0.34,1430,5.0,https://tiki.vn/sach-tuoi-tho-du-doi-tap-2-p267208813.html?spid=267208816,False
262590428,Sách Búp Sen Xanh,Sách ngoại văn,Tiki,52800,72000,0.27,4271,5.0,https://tiki.vn/sach-bup-sen-xanh-p262590428.html?spid=262590431,False
249875150,Sách Hai số phận (bìa mềm),Tẩy rửa mặt,Tiki,179000,255000,0.3,2200,5.0,https://tiki.vn/sach-hai-so-phan-bia-mem-p249875150.html?spid=249875152,False
205581885,Sách Ba người thầy vĩ đại (Tái bản),Tô màu - Luyện chữ,Tiki,83000,115000,0.28,4563,5.0,https://tiki.vn/sach-ba-nguoi-thay-vi-dai-tai-ban-p205581885.html?spid=205581886,False
192475873,Sách Để Con Được Ốm,Sách ngoại văn,Tiki,108750,145000,0.25,4486,5.0,https://tiki.vn/sach-de-con-duoc-om-p192475873.html?spid=192475880,False
189940673,Sách Học Cách Học (Tái bản),Tô màu - Luyện chữ,Tiki,106300,159000,0.33,1059,4.8,https://tiki.vn/sach-hoc-cach-hoc-tai-ban-p189940673.html?spid=189940674,False
185097189,Combo Nhà Có 5 Nàng Dâu ( 14 Tập) [Tái Bản 2025],Truyện tranh/Manga,Tiki,394250,415000,0.05,3,0.0,https://tiki.vn/nha-co-5-nang-dau-combo-12-tap-tap-1-den-tap-12-p185097189.html?spid=185097190,False
179063564,Sách Tôi Tự Học,Tô màu - Luyện chữ,Tiki,83500,120000,0.3,3974,5.0,https://tiki.vn/sach-toi-tu-hoc-p179063564.html?spid=179063565,False
177637709,Sách Làm Chủ Bình Minh - Sống Đời Xuất Chúng - CLB 5 Giờ Sáng (Robin Sharma),Tô màu - Luyện chữ,Tiki,151000,185000,0.18,6725,5.0,https://tiki.vn/sach-lam-chu-binh-minh-song-doi-xuat-chung-clb-5-gio-sang-robin-sharma-p177637709.html?spid=58444775,False
177487151,Sách Nếu Biết Trăm Năm Là Hữu Hạn,Nước hoa,Tiki,122000,159000,0.23,2139,5.0,https://tiki.vn/sach-neu-biet-tram-nam-la-huu-han-p177487151.html?spid=177487152,False
158641027,Sách Kẻ Nhắc Tuồng (Tái Bản),Chăm sóc da,Tiki,153100,199000,0.23,1009,5.0,https://tiki.vn/sach-ke-nhac-tuong-tai-ban-p158641027.html?spid=158641030,False
127649070,Sách Thay Đổi Câu Hỏi Thay Đổi Cuộc Đời,Tô màu - Luyện chữ,Tiki,61400,85000,0.28,1377,5.0,https://tiki.vn/sach-thay-doi-cau-hoi-thay-doi-cuoc-doi-p127649070.html?spid=127649073,False
117238177,Sách Thư Viện Nửa Đêm,Kem dưỡng ẩm,Tiki,126000,175000,0.28,11471,5.0,https://tiki.vn/sach-thu-vien-nua-dem-p117238177.html?spid=117238178,False
114937969,Sách Rừng Nauy (Tái Bản),Sản phẩm cho bé,Tiki,138600,218000,0.36,7196,5.0,https://tiki.vn/sach-rung-nauy-tai-ban-p114937969.html?spid=114937971,False
106362865,Sách - Lão tử đạo đức kinh,Tô màu - Luyện chữ,Tiki,67600,99000,0.32,1110,4.8,https://tiki.vn/sach-lao-tu-dao-duc-kinh-p106362865.html?spid=127524527,False
32490132,Sách Một Đời Như Kẻ Tìm Đường,Tô màu - Luyện chữ,Tiki,141000,175000,0.19,9439,4.8,https://tiki.vn/sach-mot-doi-nhu-ke-tim-duong-p32490132.html?spid=32490133,False
13443886,Sách Giáo Trình Chuẩn HSK 3 Bài Học (Kèm file MP3) - Tái Bản,Đồ chơi học tập,Tiki,239000,288000,0.17,2220,4.8,https://tiki.vn/sach-giao-trinh-chuan-hsk-3-bai-hoc-kem-file-mp3-tai-ban-p13443886.html?spid=13443887,False
12377498,Sách Bố Con Cá Gai (Tái Bản),Sản phẩm cho bé,Tiki,103500,138000,0.25,9733,5.0,https://tiki.vn/sach-bo-con-ca-gai-tai-ban-p12377498.html?spid=12377499,False
279419505,Sách Tiếng Anh Muôn Màu - Chọn Đúng Từ Dùng Đúng Lúc - Tác giả BS. Đỗ Trung Kiên,Sách ngoại văn,Tiki,114000,199000,0.43,65,5.0,https://tiki.vn/sach-tieng-anh-muon-mau-tac-gia-bs-do-trung-kien-p279419505.html?spid=279419506,False
279395889,Sách One Piece - Tập 110,Truyện tranh/Manga,Tiki,23750,25000,0.05,43,5.0,https://tiki.vn/sach-one-piece-tap-110-p279395889.html?spid=279395899,False
279376736,Sách Vị Hôn Thê Giản Dị Của Tôi Rất Dễ Thương Lúc Ở Nhà (Tập 2),Sách ngoại văn,Tiki,97300,139000,0.3,10,0.0,https://tiki.vn/sach-vi-hon-the-gian-di-cua-toi-rat-de-thuong-luc-o-nha-tap-2-p279376736.html?spid=279365361,False
279312656,Sách Hà Ô Lôi,Sách ngoại văn,Tiki,125300,179000,0.3,136,4.5,https://tiki.vn/sach-ha-o-loi-p279312656.html?spid=279312659,False
279300720,Sách Agatha Christie. Kẻ thù giấu mặt,Chăm sóc da,Tiki,116000,145000,0.2,84,4.8,https://tiki.vn/sach-agatha-christie-ke-thu-giau-mat-p279300720.html?spid=279300721,False
279258106,Takenote IELTS Từ vựng theo chủ đề (Band 5.5 - 7.5),Sách ngoại văn,Tiki,59000,79000,0.25,7,5.0,https://tiki.vn/takenote-ielts-tu-vung-theo-chu-de-band-5-5-7-5-p279258106.html?spid=279258109,False
279187927,Văn phòng thám tử quái vật,Truyện tranh/Manga,Tiki,28000,30000,0.07,153,5.0,https://tiki.vn/van-phong-tham-tu-quai-vat-p279187927.html?spid=253366607,False
279149139,Làm Dâu Nhà Sói (Tập 1),Truyện tranh/Manga,Tiki,55300,79000,0.3,32,5.0,https://tiki.vn/lam-dau-nha-soi-tap-1-p279149139.html?spid=279149140,False
278809843,Sách Án Mạng Trong Tháp Thủy Tinh,Chăm sóc da,Tiki,150480,209000,0.28,182,5.0,https://tiki.vn/sach-an-mang-trong-thap-thuy-tinh-p278809843.html?spid=278809844,False
278663242,Sách Sự Thịnh Vượng Của Các Quốc Gia,Sách ngoại văn,Tiki,441700,659000,0.33,514,4.7,https://tiki.vn/sach-su-thinh-vuong-cua-cac-quoc-gia-p278663242.html?spid=278663243,False
278516481,Sách Kiêu Hãnh Và Định Kiến,Tẩy rửa mặt,Tiki,164000,215000,0.24,189,5.0,https://tiki.vn/sach-kieu-hanh-va-dinh-kien-p278516481.html?spid=278516482,False
278491336,Sách Ngồi Khóc Trên Cây (Khổ Nhỏ),Nước hoa,Tiki,64000,78000,0.18,32,5.0,https://tiki.vn/sach-ngoi-khoc-tren-cay-kho-nho-p278491336.html?spid=278491340,False
278451455,Sách Hoàng Đế Xứ Gladness - Ocean Vuong,Sản phẩm cho bé,Tiki,187500,250000,0.25,261,4.8,https://tiki.vn/sach-hoang-de-xu-gladness-ocean-vuong-p278451455.html?spid=278451456,False
278123404,Vùng Đất Xa Xăm,Truyện tranh/Manga,Tiki,85400,90000,0.05,311,4.6,https://tiki.vn/vung-dat-xa-xam-p278123404.html?spid=278316948,False
276886071,Sách Kiếp Nào Ta Cũng Tìm Thấy Nhau: Câu Chuyện Về Những Linh Hồn Tri Kỷ Vĩnh Viễn Không Chia Lìa,Sách ngoại văn,Tiki,87800,129000,0.32,255,5.0,https://tiki.vn/sach-kiep-nao-ta-cung-tim-thay-nhau-cau-chuyen-ve-nhung-linh-hon-tri-ky-vinh-vien-khong-chia-lia-p276886071.html?spid=276886074,False
276652110,Sách Thôi miên bằng ngôn từ -  Sách Nghệ Thuật Bán Hàng Và Thuyết Phục Đỉnh Cao TB,Sách ngoại văn,Tiki,138900,185000,0.25,80,4.5,https://tiki.vn/sach-thoi-mien-bang-ngon-tu-tai-ban-p276652110.html?spid=276652112,False
276649996,Sách Sức Mạnh Của Niềm Tin,Tô màu - Luyện chữ,Tiki,150000,225000,0.33,176,5.0,https://tiki.vn/sach-suc-manh-cua-niem-tin-p276649996.html?spid=276649997,False
276641698,Tiệm sách của nàng (Nguyễn Nhật Ánh),Đồ chơi thương hiệu,Tiki,96000,125000,0.23,1687,5.0,https://tiki.vn/tiem-sach-cua-nang-nguyen-nhat-anh-p276641698.html?spid=276641700,False
276477770,Sách Storytelling - Lay Động Lòng Người Bằng Chuyện Kể,Tô màu - Luyện chữ,Tiki,164820,246000,0.33,391,4.7,https://tiki.vn/sach-storytelling-lay-dong-long-nguoi-bang-chuyen-ke-p276477770.html?spid=276477772,False
274599269,"Sách Nơi Nào Có Mẹ, Nơi Ấy Là Nhà",Nước hoa,Tiki,63000,90000,0.3,534,5.0,https://tiki.vn/sach-noi-nao-co-me-noi-ay-la-nha-p274599269.html?spid=274599608,False
274175475,Frieren - Pháp Sư Tiễn Táng,Truyện tranh/Manga,Tiki,40500,45000,0.1,365,5.0,https://tiki.vn/frieren-phap-su-tien-tang-p274175475.html?spid=274810147,False
273664288,Sách BẢY NGƯỜI CHỒNG CỦA EVELYN HUGO - Taylor Jenkins Reid - San Hô Book,Sách ngoại văn,Tiki,288000,288000,0.0,154,4.8,https://tiki.vn/sach-bay-nguoi-chong-cua-evelyn-hugo-taylor-jenkins-reid-san-ho-book-p273664288.html?spid=273664289,False
272879984,Sách Nghệ Thuật Việt Nam,Sách ngoại văn,Tiki,150000,200000,0.25,58,5.0,https://tiki.vn/sach-nghe-thuat-viet-nam-p272879984.html?spid=272879985,False
271379451,Sách Lý Thuyết Trò Chơi,Tô màu - Luyện chữ,Tiki,116200,179000,0.35,10051,4.7,https://tiki.vn/sach-ly-thuyet-tro-choi-p271379451.html?spid=271379452,False
270663112,Combo Thám Tử Lừng Danh Conan - Học Viện Cảnh Sát - Wild Police Story [Tập 1+2] (2 Cuốn),Truyện tranh/Manga,Tiki,57000,60000,0.05,71,4.8,https://tiki.vn/combo-tham-tu-lung-danh-conan-hoc-vien-canh-sat-wild-police-story-tap-1-2-2-cuon-p270663112.html?spid=270663115,False
263514100,Sách Liệu Pháp Chữa Bệnh - Khu Phản Xạ,Sách ngoại văn,Tiki,89200,135000,0.34,581,5.0,https://tiki.vn/sach-lieu-phap-chua-benh-khu-phan-xa-p263514100.html?spid=263514101,False
263052837,Dragon Ball Super Tập 14: Tuần Tra Viên Ngân Hà Son Goku,Truyện tranh/Manga,Tiki,28500,30000,0.05,15,5.0,https://tiki.vn/dragon-ball-super-tap-14-tuan-tra-vien-ngan-ha-son-goku-p263052837.html?spid=263052840,False
262800037,Tác Giả Kinh Điển Nhật Bản_Truyện Hay Cho Tuổi Học Đường,Sách ngoại văn,Tiki,42750,45000,0.05,60,3.0,https://tiki.vn/tac-gia-kinh-dien-nhat-ban_truyen-hay-cho-tuoi-hoc-duong-p262800037.html?spid=262800039,False
249866918,Sách WHO? Chuyện kể về danh nhân thế giới: Lionel Messi (Tái Bản),Vitamin & Thực phẩm bổ sung,Tiki,48750,65000,0.25,166,5.0,https://tiki.vn/sach-who-chuyen-ke-ve-danh-nhan-the-gioi-lionel-messi-tai-ban-p249866918.html?spid=249866922,False
248541389,"Sách Sư Phạm Khai Phóng - Thế Giới, Việt Nam & Tôi",Tô màu - Luyện chữ,Tiki,167100,225000,0.26,2206,5.0,https://tiki.vn/sach-su-pham-khai-phong-the-gioi-viet-nam-toi-p248541389.html?spid=248541390,False
214186191,Sách Những Kẻ Xuất Chúng (Tái Bản),Sách ngoại văn,Tiki,107300,159000,0.33,2008,4.7,https://tiki.vn/sach-nhung-ke-xuat-chung-tai-ban-p214186191.html?spid=214186193,False
195969664,Tokyo Revengers - Tập 4,Truyện tranh/Manga,Tiki,94700,115000,0.18,962,5.0,https://tiki.vn/tokyo-revengers-tap-4-p195969664.html?spid=195969673,False
195801321,Sách The One Thing - Điều Ý Nghĩa Nhất (Tái Bản 2022),Tô màu - Luyện chữ,Tiki,78400,119000,0.34,2822,4.8,https://tiki.vn/sach-the-one-thing-dieu-y-nghia-nhat-tai-ban-2022-p195801321.html?spid=195801322,False
187827445,Sách Lược Sử Thời Gian,Sách ngoại văn,Tiki,92000,115000,0.2,1405,5.0,https://tiki.vn/sach-luoc-su-thoi-gian-p187827445.html?spid=187827446,False
77105730,Sách Tàn Ngày Để Lại (Bìa Cứng),Sản phẩm cho bé,Tiki,142560,198000,0.28,4348,4.8,https://tiki.vn/sach-tan-ngay-de-lai-bia-cung-p77105730.html?spid=77105731,False
57233240,Combo 5 Cuốn: Doraemon Thế Giới Khoa Học,Truyện tranh/Manga,Tiki,213750,225000,0.05,270,4.8,https://tiki.vn/combo-5-cuon-doraemon-the-gioi-khoa-hoc-p57233240.html?spid=57233241,False
17493918,Sách Luyện Nói Tiếng Trung Quốc Cấp Tốc Cho Người Bắt Đầu - Tập 2 (Kèm file MP3) (Tái Bản),Thiết bị phòng tắm,Tiki,156000,188000,0.17,823,5.0,https://tiki.vn/sach-luyen-noi-tieng-trung-quoc-cap-toc-cho-nguoi-bat-dau-tap-2-kem-file-mp3-tai-ban-p17493918.html?spid=17493919,False
10581200,Sách Dế Mèn Phiêu Lưu Ký (Tái Bản),Máy massage,Tiki,39200,50000,0.22,14229,5.0,https://tiki.vn/sach-de-men-phieu-luu-ky-tai-ban-p10581200.html?spid=10581201,False
10005245,Sách Đàn Ông Sao Hỏa Đàn Bà Sao Kim,Tô màu - Luyện chữ,Tiki,139000,188000,0.26,53535,4.8,https://tiki.vn/sach-dan-ong-sao-hoa-dan-ba-sao-kim-p10005245.html?spid=10005246,False
7718737,Sách Nghệ Thuật Tư Duy Rành Mạch (Tái Bản),Tô màu - Luyện chữ,Tiki,113960,148000,0.23,12069,4.8,https://tiki.vn/sach-nghe-thuat-tu-duy-ranh-mach-tai-ban-p7718737.html?spid=7718738,False
279375972,Sách Trái Dấu Hút Nhau (Chọn lẻ),Truyện tranh/Manga,Tiki,55000,55000,0.0,92,4.8,https://tiki.vn/sach-trai-dau-hut-nhau-chon-le-p279375972.html?spid=279493236,False
279368485,Sách Đừng Động Vào Cún Con - Tập 3,Sách thiếu nhi,Tiki,125300,179000,0.3,45,5.0,https://tiki.vn/sach-dung-dong-vao-cun-con-tap-3-p279368485.html?spid=279368603,False
279236314,"Sách Giáo Trình Chuẩn HSK - Bài học và Bài Tập: HSK 1, HSK 2, HSK 3",Sách ngoại văn,Tiki,125800,148000,0.15,7,5.0,https://tiki.vn/sach-bo-giao-trinh-chuan-hsk-bai-hoc-va-bai-tap-hsk-1-hsk-2-hsk-3-p279236314.html?spid=279236320,False
279019397,Khoa học khám phá. Nguồn gốc thời gian: Lý thuyết cuối cùng của Stephen Hawking,Sách ngoại văn,Tiki,161000,210000,0.23,48,5.0,https://tiki.vn/khoa-hoc-kham-pha-nguon-goc-thoi-gian-ly-thuyet-cuoi-cung-cua-stephen-hawking-p279019397.html?spid=279019399,False
278859517,Sách Thương Tiến Tửu,Sách thiếu nhi,Tiki,113300,169000,0.33,134,5.0,https://tiki.vn/sach-thuong-tien-tuu-tap-7-p278859517.html?spid=278859614,False
278694957,Sách Thành Phố Và Những Bức Tường Bất Định,Sách ngoại văn,Tiki,238700,310000,0.23,343,5.0,https://tiki.vn/sach-thanh-pho-va-nhung-buc-tuong-bat-dinh-p278694957.html?spid=278694959,False
278638861,Sách IELTS Writing: Viết Luận “Chất Như Nước Cất”,Sách ngoại văn,Tiki,138600,219000,0.37,151,5.0,https://tiki.vn/sach-ielts-writing-viet-luan-chat-nhu-nuoc-cat-p278638861.html?spid=278638863,False
278602011,Sách Thứ Kình - Về Bên Anh,Sách ngoại văn,Tiki,133400,199000,0.33,28,5.0,https://tiki.vn/sach-thu-kinh-ve-ben-anh-p278602011.html?spid=278601992,False
278495084,Sách Kỹ Năng Phòng Tránh Bắt Nạt Và Bạo Lực Học Đường,Sách ngoại văn,Tiki,30204,38000,0.21,103,5.0,https://tiki.vn/sach-ky-nang-phong-tranh-bat-nat-va-bao-luc-hoc-duong-p278495084.html?spid=278495101,False
278279383,Sách Trong Gia Đình,Sách ngoại văn,Tiki,87000,120000,0.28,39,0.0,https://tiki.vn/sach-trong-gia-dinh-p278279383.html?spid=278279384,False
278242178,Tủ sách vui để học - Sách tô màu - Dòng sách cầm tay,Sách ngoại văn,Tiki,91000,128000,0.29,6,0.0,https://tiki.vn/tu-sach-vui-de-hoc-sach-to-mau-dong-sach-cam-tay-p278242178.html?spid=278253062,False
278159185,Sách Em học cách quản lí cảm xúc của mình,Sách ngoại văn,Tiki,16400,25000,0.34,31,0.0,https://tiki.vn/sach-em-hoc-cach-quan-li-cam-xuc-cua-minh-p278159185.html?spid=278159196,False
278128712,Sách Bồi Dưỡng Tính Cách Tự Tin Và Mạnh Mẽ Cho Trẻ,Vitamin & Thực phẩm bổ sung,Tiki,23400,32000,0.27,13,0.0,https://tiki.vn/sach-boi-duong-tinh-cach-tu-tin-va-manh-me-cho-tre-p278128712.html?spid=278128885,False
278119757,Sách Mossad: Chiến Dịch Tình Báo Huyền Thoại - Những Điệp Vụ Kinh Điển Làm Rúng Động Thế Giới,Đèn chiếu sáng,Tiki,159700,229000,0.3,227,4.6,https://tiki.vn/sach-mossad-chien-dich-tinh-bao-huyen-thoai-nhung-diep-vu-kinh-dien-lam-rung-dong-the-gioi-p278119757.html?spid=278119758,False
277165432,"Sách Hành Lang Hẹp - Nhà Nước, Xã Hội Và Vận Mệnh Của Tự Do",Sách ngoại văn,Tiki,313000,397000,0.21,598,5.0,https://tiki.vn/sach-hanh-lang-hep-nha-nuoc-xa-hoi-va-van-menh-cua-tu-do-p277165432.html?spid=277174313,False
276933751,Combo Giáo Trình Chuẩn YCT 2 - Sách Bài Học và Bài tập (Bộ 2 cuốn),Đồ chơi học tập,Tiki,180000,216000,0.17,243,0.0,https://tiki.vn/combo-giao-trinh-chuan-yct-2-sach-bai-hoc-va-bai-tap-bo-2-cuon-p276933751.html?spid=276949266,False
276928994,Bộ Sách Móng Vuốt Quạ Đen,Kem dưỡng ẩm,Tiki,88000,120000,0.27,222,5.0,https://tiki.vn/bo-sach-mong-vuot-qua-den-p276928994.html?spid=276930833,False
276388548,Sách Tư Duy Nhanh Và Chậm (Tái Bản),Tô màu - Luyện chữ,Tiki,188700,269000,0.3,3904,4.7,https://tiki.vn/sach-tu-duy-nhanh-va-cham-tai-ban-p276388548.html?spid=214186190,False
275928713,Sách Đọc Vị Mọi Vấn Đề Của Trẻ - Giải Mã Mọi Vấn Đề Về Nuôi Con Nhỏ: Ăn - Ngủ - Kỷ Luật Hành Vi,Sách ngoại văn,Tiki,165000,239000,0.31,691,5.0,https://tiki.vn/sach-doc-vi-moi-van-de-cua-tre-giai-ma-moi-van-de-ve-nuoi-con-nho-an-ngu-ky-luat-hanh-vi-p275928713.html?spid=275928716,False
275043092,Sách Đầu Tư Vào Vàng - Khoản Đầu Tư Tuyệt Đối An Toàn Thiết Yếu Cho Mỗi Danh Mục Đầu Tư (Jonathan Spall),Sách ngoại văn,Tiki,108000,159000,0.32,313,4.6,https://tiki.vn/sach-dau-tu-vao-vang-khoan-dau-tu-tuyet-doi-an-toan-thiet-yeu-cho-moi-danh-muc-dau-tu-jonathan-spall-p275043092.html?spid=275303053,False
273844978,Sách Thao Túng Tâm Lý,Tô màu - Luyện chữ,Tiki,110600,169000,0.35,16090,4.7,https://tiki.vn/sach-thao-tung-tam-ly-p273844978.html?spid=167940011,False
272058579,Sách Basic Ielts Listening (Quét Mã QR Để Nghe File MP3),Sách ngoại văn,Tiki,206000,248000,0.17,252,4.5,https://tiki.vn/sach-basic-ielts-listening-quet-ma-qr-de-nghe-file-mp3-p272058579.html?spid=272058580,False
272003238,Nụ hôn tinh nghịch,Truyện tranh/Manga,Tiki,84000,90000,0.07,279,5.0,https://tiki.vn/nu-hon-tinh-nghich-p272003238.html?spid=275363421,False
271219230,Sách Chiến tranh không có một khuôn mặt phụ nữ (Tái bản),Sản phẩm cho bé,Tiki,132000,180000,0.27,1304,4.7,https://tiki.vn/sach-chien-tranh-khong-co-mot-khuon-mat-phu-nu-tai-ban-p271219230.html?spid=271219231,False
205148094,Sách Cánh Cửa Mở Rộng -Thần Thoại Sisyphus,Sách ngoại văn,Tiki,78000,95000,0.18,849,5.0,https://tiki.vn/sach-canh-cua-mo-rong-than-thoai-sisyphus-p205148094.html?spid=205148095,False
176909246,Sách Bí Quyết Bấm Huyệt Chữa Bệnh,Sách ngoại văn,Tiki,137060,178000,0.23,1221,4.8,https://tiki.vn/sach-bi-quyet-bam-huyet-chua-benh-p176909246.html?spid=176909247,False
176909221,Sách Ngôi Nhà Bên Bờ Biển Xanh Thẳm,Tẩy rửa mặt,Tiki,139300,199000,0.3,3895,5.0,https://tiki.vn/sach-ngoi-nha-ben-bo-bien-xanh-tham-p176909221.html?spid=176909223,False
160585832,Sách Veil – Sắc Trắng Yêu Kiều - Tập 3 (Tặng Kèm Postcard),Sách thiếu nhi,Tiki,88000,109000,0.19,1012,5.0,https://tiki.vn/sach-veil-sac-trang-yeu-kieu-tap-3-tang-kem-postcard-p160585832.html?spid=160585833,False
76175345,Sách Ăn Theo Nhóm Máu,Sách ngoại văn,Tiki,133000,199000,0.33,940,4.8,https://tiki.vn/sach-an-theo-nhom-mau-p76175345.html?spid=76175346,False
56750844,Sách Tiểu Sử Steve Jobs (Tái Bản 2020),Sách ngoại văn,Tiki,291850,449000,0.35,1902,4.8,https://tiki.vn/sach-tieu-su-steve-jobs-tai-ban-2020-p56750844.html?spid=56750845,False
55319105,Sách Những Quy Luật Của Bản Chất Con Người,Tô màu - Luyện chữ,Tiki,236000,300000,0.21,7649,4.8,https://tiki.vn/sach-nhung-quy-luat-cua-ban-chat-con-nguoi-p55319105.html?spid=55319106,False
54266567,Sách Nghĩ Giàu Và Làm Giàu (Bìa Mềm),Chăm sóc cơ thể,Tiki,84700,110000,0.23,14566,5.0,https://tiki.vn/sach-nghi-giau-va-lam-giau-bia-mem-p54266567.html?spid=54266568,False
32219488,Sách Doanh Nghiệp Của Thế Kỷ 21 (Tái Bản 2019),Sách ngoại văn,Tiki,84000,100000,0.16,5573,4.8,https://tiki.vn/sach-doanh-nghiep-cua-the-ky-21-tai-ban-2019-p32219488.html?spid=33095730,False
24490036,Sách Tại Sao Phương Tây Vượt Trội,Sách ngoại văn,Tiki,311100,468000,0.34,4147,4.7,https://tiki.vn/sach-tai-sao-phuong-tay-vuot-troi-p24490036.html?spid=24490037,False
20611171,Combo Tý Quậy ( 10 tập ),Truyện tranh/Manga,Tiki,300000,400000,0.25,254,4.7,https://tiki.vn/combo-ty-quay-10-tap-p20611171.html?spid=20611172,False
15267827,Sách Hoàng Tử Bé (Tái Bản),Sách ngoại văn,Tiki,74000,86000,0.14,27117,5.0,https://tiki.vn/sach-hoang-tu-be-tai-ban-2019-p15267827.html?spid=15267828,False
7496289,Sách Sơn Nam - Lịch Sử Khẩn Hoang Miền Nam (Tái Bản),Sách ngoại văn,Tiki,91950,115000,0.2,1005,4.8,https://tiki.vn/sach-son-nam-lich-su-khan-hoang-mien-nam-tai-ban-p7496289.html?spid=7496291,False
3102749,Sách Bất Động Sản Căn Bản (Tái Bản 2018),Mỹ phẩm (Cũ),Tiki,136200,199000,0.32,2718,4.7,https://tiki.vn/sach-bat-dong-san-can-ban-tai-ban-2018-p3102749.html?spid=3147817,False
638185,Sách Tự Học Đột Phá - Kĩ Năng Viết Lại Câu Tiếng Anh,Dụng cụ làm đẹp,Tiki,102000,139000,0.27,4048,4.8,https://tiki.vn/sach-tu-hoc-dot-pha-ki-nang-viet-lai-cau-tieng-anh-p638185.html?spid=638186,False
544731,Sách Giáo Trình Chuẩn HSK 2 - Bài Học (Kèm file MP3),Sách ngoại văn,Tiki,164000,198000,0.17,3988,5.0,https://tiki.vn/sach-giao-trinh-chuan-hsk-2-bai-hoc-kem-file-mp3-p544731.html?spid=268145,False
279391315,Sách Điềm Dược - Viên Thuốc Ngọt Ngào Mang Tên Em (Tập 1),Sách ngoại văn,Tiki,137200,196000,0.3,52,4.3,https://tiki.vn/sach-diem-duoc-vien-thuoc-ngot-ngao-mang-ten-em-tap-1-p279391315.html?spid=279391397,False
279342169,Sách Tâm Lý Học Đọc Vị,Tô màu - Luyện chữ,Tiki,76300,109000,0.3,22,0.0,https://tiki.vn/sach-tam-ly-hoc-doc-vi-p279342169.html?spid=279342170,False
279325501,Sách Chân Cứng Đá Mềm - Hồi ký Xuân Phượng,Mặt nạ/Serum,Tiki,119000,150000,0.21,51,5.0,https://tiki.vn/sach-chan-cung-da-mem-p279325501.html?spid=279378597,False
279323586,Sách Dấu Ấn Hoàng Gia - Tập 51 [Tặng Kèm Postcard],Truyện tranh/Manga,Tiki,28500,30000,0.05,120,0.0,https://tiki.vn/sach-dau-an-hoang-gia-tap-51-tang-kem-postcard-p279323586.html?spid=279323587,False
279292563,Truyện Tranh - Nơi Dãy Núi Điên Dại,Truyện tranh/Manga,Tiki,38000,40000,0.05,51,5.0,https://tiki.vn/truyen-tranh-noi-day-nui-dien-dai-p279292563.html?spid=279534174,False
278894059,"Sách Mình Chia Tay Rồi, Có Nhớ Không?",Sách ngoại văn,Tiki,55200,92000,0.4,60,5.0,https://tiki.vn/sach-minh-chia-tay-roi-co-nho-khong-p278894059.html?spid=278894060,False
278814503,Sách Bảng Xếp Hạng Quân Vương [Chọn Tập Lẻ,Truyện tranh/Manga,Tiki,43650,43650,0.0,18,5.0,https://tiki.vn/sach-bang-xep-hang-quan-vuong-chon-tap-le-p278814503.html?spid=278756490,False
278723591,Sách Continental Saigon – Từ Hào Quang Đế Quốc Đến Giấc Mộng Đông Dương Tan Vỡ,Sách ngoại văn,Tiki,255000,339000,0.25,54,5.0,https://tiki.vn/sach-continental-saigon-tu-hao-quang-de-quoc-den-giac-mong-dong-duong-tan-vo-p278723591.html?spid=278723595,False
278684752,Giáo Trình Tiếng Hàn Tổng Hợp Dành Cho Người Việt Nam - Giáo Trình + Sách Bài Tập,Sách ngoại văn,Tiki,213000,266000,0.2,0,5.0,https://tiki.vn/giao-trinh-tieng-han-tong-hop-danh-cho-nguoi-viet-nam-giao-trinh-sach-bai-tap-phan-loai-le-p278684752.html?spid=278686582,False
278590521,Sách Agatha Christie - Kỳ Án Bảy Mặt Đồng Hồ,Chăm sóc da,Tiki,103000,132000,0.22,233,4.8,https://tiki.vn/sach-agatha-christie-ky-an-bay-mat-dong-ho-p278590521.html?spid=278590524,False
278518858,Thị Trấn Mèo - Tập 10 [Tặng Kèm Postcard],Truyện tranh/Manga,Tiki,64500,68000,0.05,84,5.0,https://tiki.vn/thi-tran-meo-tap-10-tang-kem-postcard-p278518858.html?spid=278518859,False
278377639,Sách Sứ Mệnh Hail Mary – Project Hail Mary,Tẩy rửa mặt,Tiki,146300,209000,0.3,784,4.8,https://tiki.vn/sach-su-menh-hail-mary-project-hail-mary-p278377639.html?spid=278377641,False
277923352,Sách Hỏi đáp nhanh trí,Sách ngoại văn,Tiki,51000,78000,0.35,49,0.0,https://tiki.vn/sach-hoi-dap-nhanh-tri-p277923352.html?spid=277923445,False
277543284,Kotaro sống một mình,Truyện tranh/Manga,Tiki,44000,48000,0.08,252,5.0,https://tiki.vn/kotaro-song-mot-minh-p277543284.html?spid=277670266,False
277499663,Sách NVIDIA Cỗ Máy Tư Duy Vĩ Đại,Tô màu - Luyện chữ,Tiki,149400,249000,0.4,272,5.0,https://tiki.vn/sach-nvidia-co-may-tu-duy-vi-dai-p277499663.html?spid=277499664,False
276718105,Sách Ngữ Pháp Tiếng Anh Tối Giản dành cho người mới bắt đầu - Tác giả BS. Đỗ Trung Kiên,Sách ngoại văn,Tiki,94000,196000,0.52,611,5.0,https://tiki.vn/sach-ngu-phap-tieng-anh-toi-gian-danh-cho-nguoi-moi-bat-dau-tac-gia-bs-do-trung-kien-p276718105.html?spid=276718106,False
276526058,Sách Jane Eyre,Sách ngoại văn,Tiki,163000,225000,0.28,220,4.8,https://tiki.vn/sach-jane-eyre-p276526058.html?spid=275185547,False
276289473,Sách Triết lý của Inamori Kazuo Chúng ta sống vì điều gì?,Tô màu - Luyện chữ,Tiki,87000,105000,0.17,247,5.0,https://tiki.vn/sach-triet-ly-cua-inamori-kazuo-chung-ta-song-vi-dieu-gi-p276289473.html?spid=276289475,False
272449818,Sách MANIFEST – 7 Bước Để Thay Đổi Cuộc Đời Bạn Mãi Mãi,Tô màu - Luyện chữ,Tiki,76300,109000,0.3,2805,5.0,https://tiki.vn/sach-manifest-7-buoc-de-thay-doi-cuoc-doi-ban-mai-mai-p272449818.html?spid=272449819,False
271162836,Sách Beartown 2: Chúng tôi đấu với các bạn,Đồ chơi thương hiệu,Tiki,179000,225000,0.2,1355,5.0,https://tiki.vn/sach-beartown-2-chung-toi-dau-voi-cac-ban-p271162836.html?spid=271162837,False
270790349,Shin - Cậu Bé Bút Chì Tập 16,Truyện tranh/Manga,Tiki,23500,25000,0.06,38,4.8,https://tiki.vn/shin-cau-be-but-chi-tap-16-p270790349.html?spid=270790352,False
263500714,Sách Dạy Con Làm Giàu (Tập 2) - Sử Dụng Đồng Vốn,Chăm sóc cơ thể,Tiki,122000,145000,0.16,710,5.0,https://tiki.vn/sach-day-con-lam-giau-tap-2-su-dung-dong-von-p263500714.html?spid=263500717,False
262590359,Sách Hoàng Tử Bé,Sách ngoại văn,Tiki,26880,35000,0.23,1309,5.0,https://tiki.vn/sach-hoang-tu-be-p262590359.html?spid=262590362,False
261982682,Sách Cuộc cách mạng Glucose,Sách ngoại văn,Tiki,114000,158000,0.28,2617,5.0,https://tiki.vn/sach-cuoc-cach-mang-glucose-p261982682.html?spid=261982684,False
247442507,Doraemon Tranh Truyện Màu - Nobita Tây Du Kí Tập 2 (Tái Bản 2023),Truyện tranh/Manga,Tiki,28500,30000,0.05,44,5.0,https://tiki.vn/doraemon-tranh-truyen-mau-nobita-tay-du-ki-tap-2-tai-ban-2023-p247442507.html?spid=247442508,False
207256575,Sách Định luật Murphy – Mọi bí mật tâm lý thao túng cuộc đời bạn,Sách ngoại văn,Tiki,83300,119000,0.3,8567,4.8,https://tiki.vn/sach-dinh-luat-murphy-moi-bi-mat-tam-ly-thao-tung-cuoc-doi-ban-p207256575.html?spid=207256576,False
195801641,Sách Tâm Lý Học Trẻ Em,Sách ngoại văn,Tiki,164000,195000,0.16,302,5.0,https://tiki.vn/sach-tam-ly-hoc-tre-em-p195801641.html?spid=195801650,False
190601856,Sách Tâm,Sách ngoại văn,Tiki,81500,109000,0.25,742,5.0,https://tiki.vn/sach-tam-p190601856.html?spid=190601859,False
186286187,Sách Nhà Lãnh Đạo Không Chức Danh,Sách ngoại văn,Tiki,83500,105000,0.2,4911,5.0,https://tiki.vn/sach-nha-lanh-dao-khong-chuc-danh-p186286187.html?spid=186286189,False
184419723,Sách Sapiens Lược Sử Loài Người (Tái Bản 2022),Đèn chiếu sáng,Tiki,197400,299000,0.34,5304,5.0,https://tiki.vn/sach-sapiens-luoc-su-loai-nguoi-tai-ban-2022-p184419723.html?spid=184419726,False
157240665,"Ra Bờ Suối Ngắm Hoa Kèn Hồng (Truyện Dài-Nguyễn Nhật Ánh) - Bìa Mềm (Màu Hồng) (Tặng Kèm Bookmark Bồi Hai Mặt, Thiệp Trái Tim In Bài Thơ Của Tác Giả)",Đồ chơi thương hiệu,Tiki,118000,145000,0.19,11836,5.0,https://tiki.vn/ra-bo-suoi-ngam-hoa-ken-hong-truyen-dai-nguyen-nhat-anh-p157240665.html?spid=157240667,False
143226165,Sách Cẩm Nang Khám Phá Cơ Thể Người (Tặng Kèm Bookmark),Sách ngoại văn,Tiki,59400,99000,0.4,1197,4.8,https://tiki.vn/sach-cam-nang-kham-pha-co-the-nguoi-tang-kem-bookmark-p143226165.html?spid=143226167,False
111285062,Sách Đắc Nhân Tâm (Bìa Mềm)(Tái Bản),Sách ngoại văn,Tiki,66220,86000,0.23,11884,4.8,https://tiki.vn/sach-dac-nhan-tam-bia-mem-tai-ban-p111285062.html?spid=111285063,False
104769768,Máy Tính CASIO FX580VN X-PK (Màu,Sách tiếng Việt,Tiki,744000,950000,0.22,5133,5.0,https://tiki.vn/may-tinh-casio-fx580vn-x-p104769768.html?spid=104769772,True
58533769,Combo 2 Cuốn: Tớ Muốn Ăn Tụy Của Cậu - Tập 1 + Tập 2 (Tái Bản),Sách ngoại văn,Tiki,68400,72000,0.05,127,4.5,https://tiki.vn/combo-2-cuon-to-muon-an-tuy-cua-cau-tap-1-tap-2-tai-ban-2020-p58533769.html?spid=58533771,False
49910019,Sách Bác Sĩ Riêng Của Bé Yêu - Chào Con! Ba Mẹ Đã Sẵn Sàng (Tái Bản),Sách ngoại văn,Tiki,77000,95000,0.19,8604,5.0,https://tiki.vn/sach-bac-si-rieng-cua-be-yeu-chao-con-ba-me-da-san-sang-tai-ban-p49910019.html?spid=49910020,False
34956336,Doraemon Plus Tập 6 (Tái Bản),Truyện tranh/Manga,Tiki,21600,25000,0.14,37,5.0,https://tiki.vn/doraemon-plus-tap-6-tai-ban-2019-p34956336.html?spid=34956337,False
30757177,Sách Bản Chất Của Người,Tô màu - Luyện chữ,Tiki,99330,129000,0.23,1891,4.7,https://tiki.vn/sach-ban-chat-cua-nguoi-p30757177.html?spid=30757179,False
24951095,Sách Mắt Biếc (Tái Bản 2019),Đồ chơi thương hiệu,Tiki,90000,110000,0.18,35174,5.0,https://tiki.vn/sach-mat-biec-tai-ban-2019-p24951095.html?spid=24951097,False
3639597,Sách Bước Chậm Lại Giữa Thế Gian Vội Vã (Tái Bản),Nước hoa,Tiki,77000,100000,0.23,49260,4.8,https://tiki.vn/sach-buoc-cham-lai-giua-the-gian-voi-va-tai-ban-p3639597.html?spid=3718337,False
279322060,Bộ Sách Tham Khảo Trí Tuệ Nhân Tạo - Lớp 1-12 (Trọn Bộ/Lẻ),Sách ngoại văn,Tiki,36000,36000,0.0,30,5.0,https://tiki.vn/sach-bo-sach-tri-tue-nhan-tao-lop-1-12-tron-bo-le-p279322060.html?spid=279322078,False
279298520,"Sách Tớ, Cậu và Những Điều Lấp Lánh",Sách ngoại văn,Tiki,94500,135000,0.3,32,5.0,https://tiki.vn/sach-to-cau-va-nhung-dieu-lap-lanh-p279298520.html?spid=279299007,False
279120672,Sách Codename Anastasia (Tập 2),Sách ngoại văn,Tiki,157500,225000,0.3,84,4.7,https://tiki.vn/sach-codename-anastasia-tap-2-p279120672.html?spid=279120970,False
279082305,Spy X Family - Tập 14,Truyện tranh/Manga,Tiki,27000,30000,0.1,68,5.0,https://tiki.vn/spy-x-family-tap-14-tang-kem-standee-pvc-p279082305.html?spid=279082306,False
278874643,Sách Đại Pháp Sư Của Thư Viện [Chọn Tập Lẻ,Truyện tranh/Manga,Tiki,42750,45000,0.05,195,5.0,https://tiki.vn/sach-dai-phap-su-cua-thu-vien-chon-tap-le-p278874643.html?spid=278967390,False
278836816,Lời Thì Thầm Tinh Tú – Star Whispers (Bộ Bài Và Sách Hướng Dẫn),Sách ngoại văn,Tiki,240000,300000,0.2,35,5.0,https://tiki.vn/loi-thi-tham-tinh-tu-star-whispers-bo-bai-va-sach-huong-dan-p278836816.html?spid=278836817,False
278788075,Sách Những Ngày Thường Bất Ổn Của Yano [Chọn Tập Lẻ,Truyện tranh/Manga,Tiki,42750,45000,0.05,80,4.1,https://tiki.vn/sach-nhung-ngay-thuong-bat-on-cua-yano-chon-tap-le-p278788075.html?spid=279559060,False
278690058,"Combo 3 Cuốn Destination Grammar & Vocabulary B1, B2, C1&C2 (Kèm Đáp Án)",Sách ngoại văn,Tiki,492000,615000,0.2,93,5.0,https://tiki.vn/combo-3-cuo-n-destination-grammar-vocabulary-b1-b2-c1-c2-kem-dap-an-p278690058.html?spid=278690059,False
278602020,Sách Kẹo Dâu Tây Và Tiểu Tiên Nữ Của Anh – Tập 2,Sách ngoại văn,Tiki,137200,196000,0.3,115,5.0,https://tiki.vn/sach-keo-dau-tay-va-tieu-tien-nu-cua-anh-tap-2-p278602020.html?spid=278603623,False
278489406,Sách Tôi Thấy Hoa Vàng Trên Cỏ Xanh (Khổ Nhỏ),Sách ngoại văn,Tiki,66300,80000,0.17,42,5.0,https://tiki.vn/sach-toi-thay-hoa-vang-tren-co-xanh-kho-nho-p278489406.html?spid=278489409,False
278094949,Sách Giải Thích Ngữ Pháp Tiếng Anh (Ấn Phẩm Mới),Sách ngoại văn,Tiki,146300,190000,0.23,353,5.0,https://tiki.vn/sach-giai-thich-ngu-phap-tieng-anh-an-pham-moi-p278094949.html?spid=278094950,False
278070702,Sách Anh Em Bình Thường - Trận Chiến Đi Trước Một Bước,Sách ngoại văn,Tiki,47500,75000,0.37,65,0.0,https://tiki.vn/sach-anh-em-binh-thuong-p278070702.html?spid=278070864,False
277963698,"Sách Huyễn Tưởng Về Bình Thường - Sang Chấn Tâm Lý, Bệnh Tật Và Chữa Lành Trong Một Nền Văn Hóa Độc Hại",Sách ngoại văn,Tiki,265650,345000,0.23,255,5.0,https://tiki.vn/sach-huyen-tuong-ve-binh-thuong-sang-chan-tam-ly-benh-tat-va-chua-lanh-trong-mot-nen-van-hoa-doc-hai-p277963698.html?spid=277963703,False
277447120,[5 REAMS] Thùng 5 Ream Giấy A4 Deli Giấy In Photo Copy 70gsm Chính Hãng Loại Dày 2500 Tờ Chống Lóa Giấy Mắt,Sách tiếng Việt,Tiki,621000,621000,0.0,112,5.0,https://tiki.vn/thung-5-ream-giay-a4-deli-giay-in-photo-copy-70gsm-chinh-hang-loai-day-ream-500-to-chong-loa-giay-mat-p277447120.html?spid=277447121,True
276859727,Spy X Family Tập 11 (Bản Thường),Truyện tranh/Manga,Tiki,28500,30000,0.05,92,5.0,https://tiki.vn/spy-x-family-tap-11-ban-thuong-tang-kem-standee-pvc-p276859727.html?spid=276859728,False
276653136,Sách Hồ Điệp Và Kình Ngư,Sách ngoại văn,Tiki,106700,155000,0.31,96,4.7,https://tiki.vn/sach-ho-diep-va-kinh-ngu-p276653136.html?spid=276653137,False
276613280,Sách Tục Ngữ Phong Dao (Theo bản in của Mặc Lâm năm 1967),Sách ngoại văn,Tiki,97200,145000,0.33,29,5.0,https://tiki.vn/sach-tuc-ngu-phong-dao-theo-ban-in-cua-mac-lam-nam-1967-p276613280.html?spid=276613282,False
276377311,Sách Ông trăm tuổi tái xuất và giải cứu thế giới (Jonas Jonasson),Đồ chơi thương hiệu,Tiki,158000,190000,0.17,555,4.8,https://tiki.vn/sach-ong-tram-tuoi-tai-xuat-va-giai-cuu-the-gioi-jonas-jonasson-p276377311.html?spid=276377312,False
275406600,Sách Dẫn Dắt Một Bầy Sói Hay Chăn Một Đàn Cừu,Sách ngoại văn,Tiki,126300,195000,0.35,3134,4.7,https://tiki.vn/sach-dan-dat-mot-bay-soi-hay-chan-mot-dan-cuu-p275406600.html?spid=275406603,False
274728364,Sách Đại Việt Sử Ký Toàn Thư,Sách ngoại văn,Tiki,188800,275000,0.31,699,4.8,https://tiki.vn/sach-dai-viet-su-ky-toan-thu-p274728364.html?spid=274728367,False
271411085,"Sách Nói Sao Cho Trẻ Chịu Nghe, Nghe Sao Cho Trẻ Chịu Nói (TB)",Sách ngoại văn,Tiki,169000,225000,0.25,215,5.0,https://tiki.vn/sach-noi-sao-cho-tre-chiu-nghe-nghe-sao-cho-tre-chiu-noi-tb-p271411085.html?spid=271411086,False
270837098,Quốc Kì Các Nước Trên Thế Giới - Sách Dán Hình Thông Minh Kèm Bản Đồ Thế Giới- Với Hơn 400 Lá Cờ Bóc Dán,Vitamin & Thực phẩm bổ sung,Tiki,45800,65000,0.3,86,4.8,https://tiki.vn/quoc-ki-cac-nuoc-tren-the-gioi-sach-dan-hinh-thong-minh-kem-ban-do-the-gioi-voi-hon-400-la-co-boc-dan-p270837098.html?spid=270837099,False
270438217,Sách Maurice,Sách ngoại văn,Tiki,88000,120000,0.27,114,4.8,https://tiki.vn/sach-maurice-p270438217.html?spid=270438218,False
243006533,Sách Britt-Marie Đã Ở Đây (Fredrid Backman),Sách ngoại văn,Tiki,139000,165000,0.16,945,5.0,https://tiki.vn/sach-britt-marie-da-o-day-fredrid-backman-p243006533.html?spid=243006534,False
242425015,Sách Không Bao Giờ Là Thất Bại! Tất Cả Là Thử Thách (Bìa Mềm),Sách ngoại văn,Tiki,160160,208000,0.23,705,4.8,https://tiki.vn/sach-khong-bao-gio-la-that-bai-tat-ca-la-thu-thach-bia-mem-p242425015.html?spid=242425016,False
204000450,Combo Sách Giáo Trình Chuẩn HSK 1 - Sách Bài Học Và Bài Tập (Bộ 2 Cuốn),Sách ngoại văn,Tiki,284800,356000,0.2,1942,5.0,https://tiki.vn/combo-sach-giao-trinh-chuan-hsk-1-sach-bai-hoc-va-bai-tap-bo-2-cuon-p204000450.html?spid=204000451,False
200851515,"Sách Dọn đường tâm lý, thuyết phục chắc thắng",Mỹ phẩm (Cũ),Tiki,133000,160000,0.17,124,5.0,https://tiki.vn/sach-don-duong-tam-ly-thuyet-phuc-chac-thang-p200851515.html?spid=200851516,False
191782162,Sách Trên Đường Băng (Tony Buổi Sáng),Tô màu - Luyện chữ,Tiki,80000,105000,0.24,2505,5.0,https://tiki.vn/sach-tren-duong-bang-tony-buoi-sang-p191782162.html?spid=191782164,False
190707619,Sách Của Chuột Và Người,Tẩy rửa mặt,Tiki,66000,90000,0.27,730,4.8,https://tiki.vn/sach-cua-chuot-va-nguoi-p190707619.html?spid=190707623,False
190238356,Sách Kỷ Luật Bản Thân,Tô màu - Luyện chữ,Tiki,156400,239000,0.35,3966,4.7,https://tiki.vn/sach-ky-luat-ban-than-p190238356.html?spid=190238357,False
161008715,Sách Power Vs Force - Trường Năng Lượng Và Những Nhân Tố Quyết Định Hành Vi Của Con Người (Tái Bản),Sách ngoại văn,Tiki,158200,219000,0.28,7244,5.0,https://tiki.vn/sach-power-vs-force-truong-nang-luong-va-nhung-nhan-to-quyet-dinh-hanh-vi-cua-con-nguoi-tai-ban-p161008715.html?spid=161008716,False
113530805,Sách Tuổi Trẻ Đáng Giá Bao Nhiêu (Tái Bản),Tô màu - Luyện chữ,Tiki,83160,145000,0.43,12444,4.8,https://tiki.vn/sach-tuoi-tre-dang-gia-bao-nhieu-tai-ban-p113530805.html?spid=113530807,False
110883359,Sách Lũ Người Quỷ Ám,Sách ngoại văn,Tiki,337500,450000,0.25,692,4.5,https://tiki.vn/sach-lu-nguoi-quy-am-p110883359.html?spid=110883360,False
82912488,Sách Từ Tốt Đến Vĩ Đại (Tái bản),Sách ngoại văn,Tiki,109000,130000,0.16,11704,5.0,https://tiki.vn/sach-tu-tot-den-vi-dai-tai-ban-2021-p82912488.html?spid=88911710,False
75307228,Sách OSHO Yêu - Being In Love - Yêu Trong Tỉnh Thức,Sách ngoại văn,Tiki,117600,168000,0.3,14925,5.0,https://tiki.vn/sach-osho-yeu-being-in-love-yeu-trong-tinh-thuc-p75307228.html?spid=75307229,False
72459686,Sách How Psychology Works - Hiểu Hết Về Tâm Lý Học,Tô màu - Luyện chữ,Tiki,273350,355000,0.23,16504,4.8,https://tiki.vn/sach-how-psychology-works-hieu-het-ve-tam-ly-hoc-p72459686.html?spid=72459687,False
17336364,Sách Phía Sau Nghi Can X (Tái Bản),Chăm sóc da,Tiki,99330,129000,0.23,19481,4.8,https://tiki.vn/sach-phia-sau-nghi-can-x-tai-ban-2019-p17336364.html?spid=17336365,False
10392851,Sách Tôi Thấy Hoa Vàng Trên Cỏ Xanh,Sách ngoại văn,Tiki,124000,150000,0.17,7639,5.0,https://tiki.vn/sach-toi-thay-hoa-vang-tren-co-xanh-p10392851.html?spid=39152601,False
8234989,Sách Ticket To Childhood,Đồ chơi thương hiệu,Tiki,80000,100000,0.2,740,4.8,https://tiki.vn/sach-ticket-to-childhood-p8234989.html?spid=8234990,False
595726,Sách Giáo Trình Chuẩn HSK 4 Bài Học (Tập 2),Sách ngoại văn,Tiki,197000,238000,0.17,2407,5.0,https://tiki.vn/sach-giao-trinh-chuan-hsk-4-bai-hoc-tap-2-p595726.html?spid=595744,False
279402018,Sách Quán Cơm Tỳ Hưu - Chỉ Có Vào Không Có Ra (Tập 4),Truyện tranh/Manga,Tiki,124600,178000,0.3,30,5.0,https://tiki.vn/quan-com-ty-huu-chi-co-vao-khong-co-ra-tap-4-p279402018.html?spid=279402367,False
279395884,Sách Dấu Ấn Hoàng Gia - Tập 57,Truyện tranh/Manga,Tiki,27000,30000,0.1,135,5.0,https://tiki.vn/sach-dau-an-hoang-gia-tap-57-p279395884.html?spid=279395887,False
278948895,Tuyển Tập Kiệt Tác Fujiko F Fujio - F The Best,Truyện tranh/Manga,Tiki,190000,200000,0.05,235,5.0,https://tiki.vn/tuyen-tap-kiet-tac-fujiko-f-fujio-f-the-best-tang-kem-set-sticker-kho-lon-p278948895.html?spid=278948896,False
278948837,Boxset Orange - Lá Thư Từ Tương Lai [Tặng Kèm Set 8 Postcard],Truyện tranh/Manga,Tiki,299250,315000,0.05,23,4.3,https://tiki.vn/boxset-orange-la-thu-tu-tuong-lai-tang-kem-set-8-postcard-p278948837.html?spid=278948840,False
278747062,Liệu Hoa Có Nở,Truyện tranh/Manga,Tiki,88000,119000,0.26,47,5.0,https://tiki.vn/lieu-hoa-co-no-p278747062.html?spid=279330224,False
278377140,Dược Sư Tự Sự (Light Novel) - Tập 7 [Tặng Kèm Bookmark],Truyện tranh/Manga,Tiki,100000,125000,0.2,84,5.0,https://tiki.vn/duoc-su-tu-su-light-novel-tap-7-tang-kem-bookmark-tranh-binh-phong-p278377140.html?spid=278377142,False
278316450,Sách Em Bé Và Tôi ( Chọn Tập Lẻ),Truyện tranh/Manga,Tiki,69100,75000,0.08,200,5.0,https://tiki.vn/em-be-va-toi-tap-1-tang-kem-special-jacket-p278316450.html?spid=278860198,False
278100335,Sách Ánh Sao Bên Tôi,Truyện tranh/Manga,Tiki,122500,175000,0.3,253,5.0,https://tiki.vn/anh-sao-ben-toi-tap-1-p278100335.html?spid=279182055,False
277568841,Kingdom,Truyện tranh/Manga,Tiki,40000,45000,0.11,79,5.0,https://tiki.vn/kingdom-p277568841.html?spid=277690334,False
277402962,ReLIFE,Truyện tranh/Manga,Tiki,55400,75000,0.26,114,5.0,https://tiki.vn/relife-p277402962.html?spid=277402969,False
276922193,Shin Cậu Bé Bút Chì - Truyện Dài Tập 21: Bốn Chàng Hiệp Sĩ Của Vương Quốc Vẽ Vời,Truyện tranh/Manga,Tiki,24500,25000,0.02,16,5.0,https://tiki.vn/shin-cau-be-but-chi-truyen-dai-tap-21-bon-chang-hiep-si-cua-vuong-quoc-ve-voi-p276922193.html?spid=276922195,False
276659735,Series các tập Saiyuki,Truyện tranh/Manga,Tiki,49000,55000,0.11,18,5.0,https://tiki.vn/series-cac-tap-saiyuki-p276659735.html?spid=276585419,False
276109497,Spy X Family Tập 10,Truyện tranh/Manga,Tiki,28500,30000,0.05,163,5.0,https://tiki.vn/spy-x-family-tap-10-tang-kem-standee-p276109497.html?spid=276109499,False
275881767,Series các tập Thiên hà cạnh bên,Truyện tranh/Manga,Tiki,45000,50000,0.1,78,5.0,https://tiki.vn/thien-ha-canh-ben-01-tang-kem-postcard-giay-p275881767.html?spid=276285615,False
275617268,Shin Cậu Bé Bút Chì - Truyện Dài Tập 15: Câu Chuyện Xuất Ngoại Và Trận Chiến Xương Rồng,Truyện tranh/Manga,Tiki,23750,25000,0.05,23,5.0,https://tiki.vn/shin-cau-be-but-chi-truyen-dai-tap-15-cau-chuyen-xuat-ngoai-va-tran-chien-xuong-rong-p275617268.html?spid=275617271,False
274728129,Vũ điệu rực lửa - Welcome to the Ballroom,Truyện tranh/Manga,Tiki,36000,40000,0.1,297,5.0,https://tiki.vn/vu-dieu-ruc-lua-welcome-to-the-ballroom-p274728129.html?spid=274928242,False
274031577,Series các tập ATTACK ON TITAN - Combo tập 1-2-3,Truyện tranh/Manga,Tiki,133820,144000,0.07,1858,5.0,https://tiki.vn/series-cac-tap-attack-on-titan-combo-tap-1-2-3-p274031577.html?spid=274031703,False
273219000,Shin - Cậu Bé Bút Chì Tập 34,Truyện tranh/Manga,Tiki,23750,25000,0.05,5,5.0,https://tiki.vn/shin-cau-be-but-chi-tap-34-p273219000.html?spid=273219003,False
272122637,Chú Thuật Hồi Chiến Tập 17: Ngậm Ngọn Cỏ Lau,Truyện tranh/Manga,Tiki,28500,30000,0.05,442,5.0,https://tiki.vn/chu-thuat-hoi-chien-tap-17-ngam-ngon-co-lau-p272122637.html?spid=272122641,False
270790402,Shin - Cậu Bé Bút Chì - Tập 50,Truyện tranh/Manga,Tiki,23750,25000,0.05,44,5.0,https://tiki.vn/shin-cau-be-but-chi-tap-50-p270790402.html?spid=270790405,False
270466655,Shin - Cậu Bé Bút Chì Tập 13,Truyện tranh/Manga,Tiki,24500,25000,0.02,24,4.6,https://tiki.vn/shin-cau-be-but-chi-tap-13-p270466655.html?spid=270466658,False
270463602,Shin - Cậu Bé Bút Chì Tập 1,Truyện tranh/Manga,Tiki,23750,25000,0.05,65,5.0,https://tiki.vn/shin-cau-be-but-chi-tap-1-p270463602.html?spid=270463605,False
267178870,Doraemon Tuyển Tập Tranh Truyện Màu - Tập 1,Truyện tranh/Manga,Tiki,47500,50000,0.05,112,5.0,https://tiki.vn/doraemon-tuyen-tap-tranh-truyen-mau-tap-1-p267178870.html?spid=267178873,False
247442497,Combo Doraemon Tranh Truyện Màu - Nobita Tây Du Kí (2 cuốn) [Tái Bản 2023],Truyện tranh/Manga,Tiki,57000,60000,0.05,107,5.0,https://tiki.vn/combo-doraemon-tranh-truyen-mau-nobita-tay-du-ki-2-cuon-tai-ban-2023-p247442497.html?spid=247442498,False
215983686,Combo Shin - Cậu Bé Bút Chì - Đặc Biệt  (8 Tập),Truyện tranh/Manga,Tiki,195000,200000,0.03,89,4.8,https://tiki.vn/combo-shin-cau-be-but-chi-dac-biet-8-tap-p215983686.html?spid=215983687,False
173515978,My Hero Academia - Học Viện Siêu Anh Hùng Tập 8: Yaoyorozu: Trỗi Dậy (Tái Bản 2022),Truyện tranh/Manga,Tiki,28500,30000,0.05,26,5.0,https://tiki.vn/my-hero-academia-hoc-vien-sieu-anh-hung-tap-8-yaoyorozu-troi-day-tai-ban-2022-p173515978.html?spid=173515980,False
51320541,Combo Thám Tử Lừng Danh Conan Tập 61 - 70 (Bộ 10 cuốn),Truyện tranh/Manga,Tiki,240000,250000,0.04,628,5.0,https://tiki.vn/combo-tham-tu-lung-danh-conan-tap-61-70-bo-10-cuon-p51320541.html?spid=58806032,False
21508579,Doraemon Plus Tập 4 (Tái Bản),Truyện tranh/Manga,Tiki,20900,22000,0.05,463,5.0,https://tiki.vn/doraemon-plus-tap-4-tai-ban-p21508579.html?spid=21508580,False
13105192,Doraemon - Chú Mèo Máy Đến Từ Tương Lai Tập 43 (Tái Bản),Truyện tranh/Manga,Tiki,20900,22000,0.05,469,5.0,https://tiki.vn/doraemon-chu-meo-may-den-tu-tuong-lai-tap-43-tai-ban-p13105192.html?spid=13105193,False
509618,Combo Dragon Ball (Trọn Bộ 42 Tập),Truyện tranh/Manga,Tiki,1192250,1260000,0.05,3094,4.8,https://tiki.vn/combo-dragon-ball-tron-bo-42-tap-p509618.html?spid=226387,True
279408699,Sách Dấu Ấn Hoàng Gia - Tập 60 ,Truyện tranh/Manga,Tiki,28500,30000,0.05,126,5.0,https://tiki.vn/sach-dau-an-hoang-gia-tap-60-p279408699.html?spid=279408701,False
279396019,Sách Official Character Book - My Hero Academia - Học Viện Siêu Anh Hùng: Ultra Archive [Tặng Kèm Set Bookmark PVC + Bảng Sticker],Truyện tranh/Manga,Tiki,42750,45000,0.05,4,0.0,https://tiki.vn/sach-official-character-book-my-hero-academia-hoc-vien-sieu-anh-hung-ultra-archive-tang-kem-set-bookmark-pvc-bang-sticker-p279396019.html?spid=279396022,False
279395932,Sách Vivre Card - Thẻ Dữ Liệu Nhân Vật One Piece Booster Pack - Băng Hải Tặc Của “Tứ Hoàng” Big Mom!! ,Truyện tranh/Manga,Tiki,23750,25000,0.05,7,5.0,https://tiki.vn/sach-vivre-card-the-du-lieu-nhan-vat-one-piece-booster-pack-bang-hai-tac-cua-tu-hoang-big-mom-p279395932.html?spid=279395934,False
279349883,Sách Dấu Ấn Hoàng Gia - Tập 54 ,Truyện tranh/Manga,Tiki,28500,30000,0.05,268,5.0,https://tiki.vn/sach-dau-an-hoang-gia-tap-54-p279349883.html?spid=279349885,False
279319890,Sách - Monster - Deluxe Edition - Tập 4 - Tặng Kèm Bookmark,Truyện tranh/Manga,Tiki,118700,125000,0.05,100,4.7,https://tiki.vn/sach-monster-deluxe-edition-tap-4-tang-kem-bookmark-p279319890.html?spid=279319891,False
279305766,Dấu Ấn Hoàng Gia - Tập 50 ,Truyện tranh/Manga,Tiki,28500,30000,0.05,263,5.0,https://tiki.vn/dau-an-hoang-gia-tap-50-p279305766.html?spid=279305768,False
279305764,Sách Dịch Vụ Giao Hàng Của Phù Thủy Kiki (Truyện Tranh Màu) - (Chọn Tập Lẻ),Truyện tranh/Manga,Tiki,67500,67500,0.0,59,5.0,https://tiki.vn/dich-vu-giao-hang-cua-phu-thuy-kiki-truyen-tranh-mau-chon-tap-le-p279305764.html?spid=279395400,False
279292554,Chung Một Mái Nhà - Tập 5,Truyện tranh/Manga,Tiki,84000,105000,0.2,10,5.0,https://tiki.vn/chung-mot-mai-nha-tap-5-p279292554.html?spid=279293803,False
279291900,Dấu Ấn Hoàng Gia - Tập 47,Truyện tranh/Manga,Tiki,28500,30000,0.05,259,5.0,https://tiki.vn/dau-an-hoang-gia-tap-47-p279291900.html?spid=279291901,False
279272462,Sách Vitamin Mèo Và Những Câu Chuyện Bất Tận - Nhiều Phiên Bản,Truyện tranh/Manga,Tiki,96700,129000,0.25,15,5.0,https://tiki.vn/sach-sach-vitamin-meo-va-nhung-cau-chuyen-bat-tan-nhieu-phien-ban-p279272462.html?spid=279272468,False
279001755,Sách Thủy Cung Đáy Biển Magmell [ Chọn Tập Lẻ,Truyện tranh/Manga,Tiki,36000,40000,0.1,91,5.0,https://tiki.vn/sach-thuy-cung-day-bien-magmell-chon-tap-le-p279001755.html?spid=279557373,False
278892522,Sách Ác Nữ Nửa Vời - Truyền Kì Hoán Hồn Đổi Xác (Truyện Tranh) [Chọn Tập Lẻ,Truyện tranh/Manga,Tiki,42650,45000,0.05,50,5.0,https://tiki.vn/sach-ac-nu-nua-voi-truyen-ki-hoan-hon-doi-xac-truyen-tranh-tap-1-tang-postcard-standee-be-hinh-p278892522.html?spid=278892525,False
278870038,Sách - Wild Cats - Tặng Kèm Mini Poster + Card PVC,Truyện tranh/Manga,Tiki,132300,135000,0.02,4,0.0,https://tiki.vn/sach-wild-cats-tang-kem-mini-poster-card-pvc-p278870038.html?spid=278870039,False
278831291,Sách - Boxset Nguyên Tội Của Takopi - Tập 1 + Tập 2 (Hộp 2 Tập) - Tặng Kèm Standee Giấy Bồi,Truyện tranh/Manga,Tiki,98000,100000,0.02,18,5.0,https://tiki.vn/sach-boxset-nguyen-toi-cua-takopi-tap-1-tap-2-hop-2-tap-tang-kem-standee-giay-boi-p278831291.html?spid=278831292,False
278788244,Sách Dragon Quest - Cuộc Phiêu Lưu Của Dũng Sĩ Dai [Chọn Tập Lẻ,Truyện tranh/Manga,Tiki,65550,69000,0.05,348,5.0,https://tiki.vn/sach-dragon-quest-cuoc-phieu-luu-cua-dung-si-dai-chon-tap-le-p278788244.html?spid=279306660,False
278603968,Rồng & Tắc Kè Hoa,Truyện tranh/Manga,Tiki,52000,55000,0.05,72,5.0,https://tiki.vn/rong-tac-ke-hoa-p278603968.html?spid=279130813,False
278469816,Cú Đấm Phúc Âm,Truyện tranh/Manga,Tiki,52000,55000,0.05,315,5.0,https://tiki.vn/cu-dam-phuc-am-p278469816.html?spid=278747151,False
278445298,Slam Dunk - Deluxe Edition ( Các Tập Lẻ),Truyện tranh/Manga,Tiki,57000,60000,0.05,293,5.0,https://tiki.vn/slam-dunk-deluxe-edition-cac-tap-le-p278445298.html?spid=278445305,False
278315209,Thám Tử Lừng Danh Conan Vs. Tổ Chức Áo Đen - Tập 1,Truyện tranh/Manga,Tiki,33250,35000,0.05,638,4.8,https://tiki.vn/tham-tu-lung-danh-conan-vs-to-chuc-ao-den-p278315209.html?spid=2610741,False
275955976,Nhóc Maruko Tập 11 [Tặng Kèm Set Postcard Polaroid],Truyện tranh/Manga,Tiki,39200,40000,0.02,127,5.0,https://tiki.vn/nhoc-maruko-tap-11-tang-kem-set-postcard-polaroid-p275955976.html?spid=275955979,False
275606968,Thám Tử Lừng Danh Conan - Hanzawa Chàng Hung Thủ Số Nhọ - Tập 7,Truyện tranh/Manga,Tiki,25000,25000,0.0,1,0.0,https://tiki.vn/tham-tu-lung-danh-conan-hanzawa-chang-hung-thu-so-nho-tap-7-p275606968.html?spid=275606969,False
273787649,Nina Ở Thị Trấn Cao Nguyên,Truyện tranh/Manga,Tiki,34000,38000,0.11,58,5.0,https://tiki.vn/nina-o-thi-tran-cao-nguyen-p273787649.html?spid=274850762,False
271516431,Nhóc Miko! Cô Bé Nhí Nhảnh - Tập 16,Truyện tranh/Manga,Tiki,23000,25000,0.08,38,5.0,https://tiki.vn/nhoc-miko-co-be-nhi-nhanh-tap-16-p271516431.html?spid=271516434,False
271478393,Thám tử Kindaichi phần đặc biệt: Thanh tra Akechi và chuyên án hào nhoáng,Truyện tranh/Manga,Tiki,44900,50000,0.1,161,5.0,https://tiki.vn/tham-tu-kindaichi-phan-dac-biet-thanh-tra-akechi-va-chuyen-an-hao-nhoang-p271478393.html?spid=271478396,False
270463575,Shin - Cậu Bé Bút Chì - Tập 37,Truyện tranh/Manga,Tiki,23750,25000,0.05,21,4.8,https://tiki.vn/shin-cau-be-but-chi-tap-37-p270463575.html?spid=270463578,False
263970133,Thám tử lừng danh Conan Tập 28,Truyện tranh/Manga,Tiki,23750,25000,0.05,30,5.0,https://tiki.vn/tham-tu-lung-danh-conan-tap-28-p263970133.html?spid=263970135,False
263698219,Bluelock Tập 10,Truyện tranh/Manga,Tiki,33250,35000,0.05,102,5.0,https://tiki.vn/bluelock-tap-10-tang-kem-pvc-card-va-standee-nhan-vat-p263698219.html?spid=263698220,False
262304766,Thám Tử Lừng Danh Conan Tập 6,Truyện tranh/Manga,Tiki,23275,25000,0.07,71,4.7,https://tiki.vn/tham-tu-lung-danh-conan-tap-6-p262304766.html?spid=262304769,False
262303861,Thám Tử Lừng Danh Conan - Tập 8,Truyện tranh/Manga,Tiki,24500,25000,0.02,72,5.0,https://tiki.vn/tham-tu-lung-danh-conan-tap-8-p262303861.html?spid=262303864,False
253366263,Doraemon - Chú Mèo Máy Đến Từ Tương Lai Tập 9 (Tái Bản),Truyện tranh/Manga,Tiki,23750,25000,0.05,48,5.0,https://tiki.vn/doraemon-chu-meo-may-den-tu-tuong-lai-tap-9-tai-ban-2023-p253366263.html?spid=253366265,False
249025946,"Doraemon - Phiên Bản Điện Ảnh Màu - Ấn Bản Đầy Đủ Ngoại Truyện: Đêm Trước Đám Cưới Nobita, Kỉ Niệm Về Bà [Tái Bản 2023]",Truyện tranh/Manga,Tiki,58000,60000,0.03,19,5.0,https://tiki.vn/doraemon-phien-ban-dien-anh-mau-an-ban-day-du-ngoai-truyen-dem-truoc-dam-cuoi-nobita-ki-niem-ve-ba-tai-ban-2023-p249025946.html?spid=249025949,False
243023702,Doraemon - Chú Mèo Máy Đến Từ Tương Lai Tập 33 (Tái Bản),Truyện tranh/Manga,Tiki,23750,25000,0.05,26,5.0,https://tiki.vn/doraemon-chu-meo-may-den-tu-tuong-lai-tap-33-tai-ban-2023-p243023702.html?spid=243023707,False
197214004,Combo Magic Kaito (5 Cuốn) (Tái Bản 2022),Truyện tranh/Manga,Tiki,168000,175000,0.04,141,5.0,https://tiki.vn/combo-magic-kaito-5-cuon-tai-ban-2022-p197214004.html?spid=197214006,False
197212989,Magic Kaito Tập 1 (Tái Bản 2022),Truyện tranh/Manga,Tiki,33250,35000,0.05,51,5.0,https://tiki.vn/magic-kaito-tap-1-tai-ban-2022-p197212989.html?spid=197212990,False
186267247,Shaman King 11,Truyện tranh/Manga,Tiki,35000,35000,0.0,298,5.0,https://tiki.vn/shaman-king-11-p186267247.html?spid=186267249,False
171876692,Dragon Ball Super - Tập 7: Giải Đấu Sức Mạnh - Cuộc Đua Tranh Sống Còn (Tái Bản),Truyện tranh/Manga,Tiki,28800,30000,0.04,117,5.0,https://tiki.vn/dragon-ball-super-tap-7-giai-dau-suc-manh-cuoc-dua-tranh-song-con-tai-ban-2022-p171876692.html?spid=171876693,False
63554358,Combo Thám Tử Lừng Danh Conan: Hoa Hướng Dương Trong Biển Lửa (2 Tập),Truyện tranh/Manga,Tiki,117000,120000,0.03,139,4.7,https://tiki.vn/combo-tham-tu-lung-danh-conan-hoa-huong-duong-trong-bien-lua-2-tap-p63554358.html?spid=63554359,False
63554343,Combo Thám Tử Lừng Danh Conan: Cuộc Điều Tra Giữa Biển Khơi (2 Tập),Truyện tranh/Manga,Tiki,114000,120000,0.05,102,5.0,https://tiki.vn/combo-tham-tu-lung-danh-conan-cuoc-dieu-tra-giua-bien-khoi-2-tap-p63554343.html?spid=63554346,False
50477553,Combo Thám Tử Lừng Danh Conan Tập 31 - 40 (Bộ 10 cuốn),Truyện tranh/Manga,Tiki,240000,250000,0.04,959,5.0,https://tiki.vn/combo-tham-tu-lung-danh-conan-tap-31-40-bo-10-cuon-p50477553.html?spid=58806028,False
48963465,Fullmetal Alchemist - Cang Giả Kim Thuật Sư - Fullmetal Edition Tập 3,Truyện tranh/Manga,Tiki,71250,75000,0.05,1356,5.0,https://tiki.vn/llmetal-alchemist-cang-gia-kim-thuat-su-fullmetal-edition-tap-3-p48963465.html?spid=48963466,False
279374423,Sách Dấu Ấn Hoàng Gia - Tập 56 [Tặng Kèm Postcard] ,Truyện tranh/Manga,Tiki,27000,30000,0.1,156,5.0,https://tiki.vn/dau-an-hoang-gia-tap-56-tang-kem-postcard-p279374423.html?spid=279374425,False
279349882,Sách Dấu Ấn Hoàng Gia - Tập 53 ,Truyện tranh/Manga,Tiki,28500,30000,0.05,270,5.0,https://tiki.vn/sach-dau-an-hoang-gia-tap-53-p279349882.html?spid=279349884,False
279329126,Sách Ngôi Nhà Mặt Trời Mọc (Tập 2),Truyện tranh/Manga,Tiki,125300,179000,0.3,12,5.0,https://tiki.vn/sach-ngoi-nha-mat-troi-moc-tap-2-p279329126.html?spid=279330001,False
279286655,Sách - Hikaru - Kì Thủ Cờ Vây - Ultimate Edition - Tập 3 - Tặng Kèm Character Card,Truyện tranh/Manga,Tiki,78400,80000,0.02,23,5.0,https://tiki.vn/sach-hikaru-ki-thu-co-vay-ultimate-edition-tap-3-tang-kem-character-card-p279286655.html?spid=279286656,False
279258707,Sách Dấu Ấn Hoàng Gia – Tập 44,Truyện tranh/Manga,Tiki,28500,30000,0.05,263,5.0,https://tiki.vn/sach-dau-an-hoang-gia-tap-44-p279258707.html?spid=279258710,False
279235206,Sách Thiên Sứ Nhà Bên ~ After The Rain (Truyện Tranh) [Chọn Tập,Truyện tranh/Manga,Tiki,42750,45000,0.05,12,0.0,https://tiki.vn/sach-thien-su-nha-ben-after-the-rain-truyen-tranh-chon-tap-p279235206.html?spid=279235318,False
279226139,Combo Truyện Card Captor Sakura - Thẻ Bài Pha Lê ( Trọn Bộ 16 Tập),Truyện tranh/Manga,Tiki,504000,560000,0.1,24,5.0,https://tiki.vn/combo-truyen-card-captor-sakura-the-bai-pha-le-tron-bo-18-tap-p279226139.html?spid=279226140,False
279185704,Sách Cuốn Từ Điển Kì Bí,Truyện tranh/Manga,Tiki,23750,25000,0.05,121,5.0,https://tiki.vn/sach-cuon-tu-dien-ki-bi-p279185704.html?spid=279185715,False
279112898,One Piece Magazine - Tập 5 [Tặng Kèm Tờ Truy Nã Zoro],Truyện tranh/Manga,Tiki,123500,130000,0.05,20,5.0,https://tiki.vn/one-piece-magazine-tap-5-tang-kem-to-truy-na-zoro-p279112898.html?spid=279112900,False
278916774,Doraemon Movie Story Màu - Phiên Bản Mới: Nobita Thám Hiểm Vùng Đất Mới,Truyện tranh/Manga,Tiki,33250,35000,0.05,19,0.0,https://tiki.vn/doraemon-movie-story-mau-phien-ban-moi-nobita-tham-hiem-vung-dat-moi-p278916774.html?spid=278916775,False
278916767,Thám Tử Lừng Danh Conan Hoạt Hình Màu: Tàu Ngầm Sắt Màu Đen,Truyện tranh/Manga,Tiki,57000,60000,0.05,23,0.0,https://tiki.vn/tham-tu-lung-danh-conan-hoat-hinh-mau-tau-ngam-sat-mau-den-p278916767.html?spid=278916865,False
278892518,Sách Chàng Đầu Gấu Và Cô Nàng Khiếm Thị [Chọn Tập Lẻ,Truyện tranh/Manga,Tiki,42750,45000,0.05,26,0.0,https://tiki.vn/sach-chang-dau-gau-va-co-nang-khiem-thi-tap-1-tang-kem-standee-bap-benh-p278892518.html?spid=279185689,False
278706972,Combo Itto – Sóng Gió Cầu Trường (26 Tập),Truyện tranh/Manga,Tiki,617500,650000,0.05,61,5.0,https://tiki.vn/combo-itto-song-gio-cau-truong-26-tap-p278706972.html?spid=278706973,True
278602027,Mùa Xuân Của Cô Nàng Sắt Đá,Truyện tranh/Manga,Tiki,59500,85000,0.3,16,5.0,https://tiki.vn/mua-xuan-cua-co-nang-sat-da-p278602027.html?spid=278603273,False
278520724,Hell Mode (Manga) - Triệu Hồi Sư Khởi Nguyên,Truyện tranh/Manga,Tiki,39600,44000,0.1,27,5.0,https://tiki.vn/hell-mode-manga-trieu-hoi-su-khoi-nguyen-p278520724.html?spid=279165349,False
277485817,Hội Những Người Thích Ở Nhà,Truyện tranh/Manga,Tiki,76000,80000,0.05,74,5.0,https://tiki.vn/hoi-nhung-nguoi-thich-o-nha-tang-bookmark-khung-anh-p277485817.html?spid=277485819,False
276379811,Series các tập WIND BREAKER,Truyện tranh/Manga,Tiki,42000,45000,0.07,402,5.0,https://tiki.vn/series-cac-tap-wind-breaker-p276379811.html?spid=276379814,False
276106321,Thám Tử Lừng Danh Conan Tập 103,Truyện tranh/Manga,Tiki,23750,25000,0.05,581,5.0,https://tiki.vn/tham-tu-lung-danh-conan-tap-103-p276106321.html?spid=276106324,False
275490886,Asari - Cô Bé Tinh Nghịch Tập 21 – Tập 30 [Tái Bản 2024,Truyện tranh/Manga,Tiki,23750,25000,0.05,38,4.5,https://tiki.vn/asari-co-be-tinh-nghich-tap-21-tap-30-tai-ban-2024-p275490886.html?spid=275491509,False
274919299,Shin - Cậu Bé Bút Chì - Đặc Biệt Tập 7 [Tái Bản 2024],Truyện tranh/Manga,Tiki,24500,25000,0.02,7,0.0,https://tiki.vn/shin-cau-be-but-chi-dac-biet-tap-7-tai-ban-2024-p274919299.html?spid=274919301,False
273612689,"Có Chó Có Mèo, Ngày Nào Cũng Vui",Truyện tranh/Manga,Tiki,33000,35000,0.06,64,4.8,https://tiki.vn/co-cho-co-meo-ngay-nao-cung-vui-p273612689.html?spid=273847914,False
273219140,Series các tập  Banana Fish,Truyện tranh/Manga,Tiki,43000,45000,0.04,85,5.0,https://tiki.vn/banana-fish-p273219140.html?spid=262875314,False
271782878,Hananoi và Triệu chứng tình yêu,Truyện tranh/Manga,Tiki,37000,40000,0.08,459,5.0,https://tiki.vn/hananoi-va-trieu-chung-tinh-yeu-p271782878.html?spid=272214684,False
271537839,Series các tập Nhóc Maruko,Truyện tranh/Manga,Tiki,38000,40000,0.05,1204,5.0,https://tiki.vn/series-cac-tap-nhoc-maruko-p271537839.html?spid=274802355,False
270790427,Shin - Cậu Bé Bút Chì - Tập 12,Truyện tranh/Manga,Tiki,24250,25000,0.03,21,4.8,https://tiki.vn/shin-cau-be-but-chi-tap-12-p270790427.html?spid=270790430,False
270789906,Shin - Cậu Bé Bút Chì - Tập 29,Truyện tranh/Manga,Tiki,23750,25000,0.05,24,5.0,https://tiki.vn/shin-cau-be-but-chi-tap-29-p270789906.html?spid=270789909,False
270788995,Shin - Cậu Bé Bút Chì Truyện Dài Tập 1: Cuộc Giao Tranh Thời Chiến Quốc,Truyện tranh/Manga,Tiki,23750,25000,0.05,32,4.8,https://tiki.vn/shin-cau-be-but-chi-truyen-dai-tap-1-cuoc-giao-tranh-thoi-chien-quoc-p270788995.html?spid=270788998,False
270465777,Shin - Cậu Bé Bút Chì - Tập 27,Truyện tranh/Manga,Tiki,23750,25000,0.05,30,5.0,https://tiki.vn/shin-cau-be-but-chi-tap-27-p270465777.html?spid=270465780,False
252044267,Spy X Family Tập 8,Truyện tranh/Manga,Tiki,28500,30000,0.05,732,5.0,https://tiki.vn/spy-x-family-tap-8-p252044267.html?spid=252044268,False
247444634,Doraemon Tập 2: Nobita Và Lịch Sử Khai Phá Vũ Trụ (Tái Bản),Truyện tranh/Manga,Tiki,20900,25000,0.16,35,0.0,https://tiki.vn/doraemon-tap-2-nobita-va-lich-su-khai-pha-vu-tru-tai-ban-2023-p247444634.html?spid=247444635,False
215983672,Combo Doraemon Tuyển Tập Tranh Truyện Màu (6 Tập),Truyện tranh/Manga,Tiki,285000,300000,0.05,158,4.8,https://tiki.vn/combo-doraemon-tuyen-tap-tranh-truyen-mau-6-tap-p215983672.html?spid=215983673,False
205336471,Dr.Slump Ultimate Edition - Tập 13,Truyện tranh/Manga,Tiki,59000,60000,0.02,417,5.0,https://tiki.vn/dr-slump-ultimate-edition-tap-13-p205336471.html?spid=205336472,False
205299813,"Tashiro, Cậu Đúng Thật Là! - Tập 2",Truyện tranh/Manga,Tiki,86400,109000,0.21,338,5.0,https://tiki.vn/tashiro-cau-dung-that-la-tap-2-p205299813.html?spid=205299814,False
197990871,Doraemon Movie Story: Nobita Và Hòn Đảo Diệu Kì - Cuộc Phiêu Lưu Của Loài Thú,Truyện tranh/Manga,Tiki,27000,30000,0.1,362,5.0,https://tiki.vn/doraemon-movie-story-nobita-va-hon-dao-dieu-ki-cuoc-phieu-luu-cua-loai-thu-p197990871.html?spid=197990872,False
171876684,Dragon Ball Super - Tập 9: Tàn Cuộc (Tái Bản 2022),Truyện tranh/Manga,Tiki,28500,30000,0.05,132,5.0,https://tiki.vn/dragon-ball-super-tap-9-tan-cuoc-tai-ban-2022-p171876684.html?spid=171876685,False
130230756,Combo Trọn Bộ 31 Tập: Siêu Quậy Teppei,Truyện tranh/Manga,Tiki,736250,775000,0.05,339,5.0,https://tiki.vn/combo-tron-bo-31-tap-sieu-quay-teppei-p130230756.html?spid=130230757,True
49884647,Combo Thám Tử Lừng Danh Conan Tập 11 - 20 (Bộ 10 cuốn),Truyện tranh/Manga,Tiki,240000,250000,0.04,986,5.0,https://tiki.vn/combo-tham-tu-lung-danh-conan-tap-11-20-bo-10-cuon-p49884647.html?spid=58806026,False
22169380,Doraemon Plus Tập 3 (Tái Bản),Truyện tranh/Manga,Tiki,20900,22000,0.05,459,5.0,https://tiki.vn/doraemon-plus-tap-3-tai-ban-p22169380.html?spid=22169381,False
11806673,Combo Doraemon Tuyển Tập Theo Chủ Đề (10 Cuốn),Truyện tranh/Manga,Tiki,340000,350000,0.03,248,5.0,https://tiki.vn/combo-doraemon-tuyen-tap-theo-chu-de-10-cuon-p11806673.html?spid=11806674,False
11713424,Doraemon - Chú Mèo Máy Đến Từ Tương Lai Tập 8 (Tái Bản 2019),Truyện tranh/Manga,Tiki,23750,25000,0.05,842,5.0,https://tiki.vn/doraemon-chu-meo-may-den-tu-tuong-lai-tap-8-tai-ban-2019-p11713424.html?spid=11713425,False
279414864,Sách - Xưởng Phép Thuật - Atelier Of Witch Hat - Tập 3 (Tái Bản 2026),Truyện tranh/Manga,Tiki,58200,60000,0.03,6,5.0,https://tiki.vn/sach-xuong-phep-thuat-atelier-of-witch-hat-tap-3-tai-ban-2026-p279414864.html?spid=279414865,False
279414862,Sách - Chú Thuật Hồi Chiến - Tập 25 - Quyết Chiến Tại Tử Địa Shinjuku,Truyện tranh/Manga,Tiki,30000,30000,0.0,31,5.0,https://tiki.vn/sach-chu-thuat-hoi-chien-tap-25-quyet-chien-tai-tu-dia-shinjuku-p279414862.html?spid=279414863,False
279414801,Sách - Dấu Ấn Hoàng Gia - Tập 59,Truyện tranh/Manga,Tiki,30000,30000,0.0,16,5.0,https://tiki.vn/sach-dau-an-hoang-gia-tap-59-p279414801.html?spid=279414802,False
279408708,Sách Thám Tử Lừng Danh Conan - Tập 67 (Bản Nâng Cấp) [Tặng Kèm Bookmark] ,Truyện tranh/Manga,Tiki,33250,35000,0.05,14,0.0,https://tiki.vn/sach-tham-tu-lung-danh-conan-tap-67-ban-nang-cap-tang-kem-bookmark-p279408708.html?spid=279408709,False
279407562,Sách - One Piece - Tập 110 - “Làn Sóng Thời Đại” - Bản Bìa Áo,Truyện tranh/Manga,Tiki,30000,30000,0.0,12,0.0,https://tiki.vn/sach-one-piece-tap-110-lan-song-thoi-dai-ban-bia-ao-p279407562.html?spid=279407564,False
279392876,Sách - Beastars - Tập 14,Truyện tranh/Manga,Tiki,34600,35000,0.01,15,0.0,https://tiki.vn/sach-beastars-tap-14-p279392876.html?spid=279392877,False
279389049,Sách - Dấu Ấn Hoàng Gia - Tập 56 - Tặng Kèm Postcard,Truyện tranh/Manga,Tiki,29700,30000,0.01,15,5.0,https://tiki.vn/sach-dau-an-hoang-gia-tap-56-tang-kem-postcard-p279389049.html?spid=279389050,False
279374419,Sách Nhiệm Vụ Tối Thượng Nhà Yozakura - Tập 26: Taiyo Và Asa ,Truyện tranh/Manga,Tiki,28500,30000,0.05,19,0.0,https://tiki.vn/nhiem-vu-toi-thuong-nha-yozakura-tap-26-taiyo-va-asa-p279374419.html?spid=279374420,False
279346821,Sách Combo Flying Witch (Tập 8+9),Truyện tranh/Manga,Tiki,91000,130000,0.3,16,0.0,https://tiki.vn/sach-combo-flying-witch-tap-8-9-p279346821.html?spid=279346928,False
279292559,Song Mệnh Cõi Hoàng Tuyền - Tập 1 (Bản Thường + Bản Đặc Biệt),Truyện tranh/Manga,Tiki,109250,115000,0.05,7,0.0,https://tiki.vn/song-menh-coi-hoang-tuyen-tap-1-ban-thuong-ban-dac-biet-p279292559.html?spid=279292560,False
279160705,Sách - Series Ẩm thực qua tranh (Nhã Nam Official),Truyện tranh/Manga,Tiki,144000,160000,0.1,8,0.0,https://tiki.vn/sach-series-am-thuc-qua-tranh-nha-nam-official-p279160705.html?spid=279160717,False
279149141,"Nagahama To Be, or Not To Be - Nagahama To Be, or Not To Be - TẬP 2",Truyện tranh/Manga,Tiki,69300,99000,0.3,180,4.8,https://tiki.vn/nagahama-to-be-or-not-to-be-nagahama-to-be-or-not-to-be-tap-2-ban-dac-biet-p279149141.html?spid=279149148,False
279022301,Frieren - Pháp Sư Tiễn Táng Trọn Bộ 13 Tập,Truyện tranh/Manga,Tiki,555750,585000,0.05,5,5.0,https://tiki.vn/frieren-phap-su-tien-tang-tron-bo-12-tap-p279022301.html?spid=279022302,False
278841852,Chúa Tể Bóng Tối - Tập 5 (Bản Giới Hạn) [Tặng Kèm Thẻ Nhân Vật + Khung Tranh],Truyện tranh/Manga,Tiki,115200,128000,0.1,50,4.3,https://tiki.vn/chua-te-bong-toi-tap-5-ban-gioi-han-tang-kem-the-nhan-vat-khung-tranh-p278841852.html?spid=278841853,False
278598025,Dấu Ấn Hoàng Gia - Tập 31,Truyện tranh/Manga,Tiki,29400,30000,0.02,200,5.0,https://tiki.vn/dau-an-hoang-gia-tap-31-tang-kem-postcard-p278598025.html?spid=278598028,False
278571212,Sách - One Piece - Tập 109 - “Đứng Về Phía Cháu” - Bản Bìa Áo,Truyện tranh/Manga,Tiki,30000,30000,0.0,17,0.0,https://tiki.vn/sach-one-piece-tap-109-dung-ve-phia-chau-ban-bia-ao-p278571212.html?spid=278571213,False
278520574,Dấu Ấn Hoàng Gia - Tập 30,Truyện tranh/Manga,Tiki,29400,30000,0.02,107,5.0,https://tiki.vn/dau-an-hoang-gia-tap-30-p278520574.html?spid=278520577,False
278462369,Dấu Ấn Hoàng Gia - Tập 29,Truyện tranh/Manga,Tiki,29400,30000,0.02,96,5.0,https://tiki.vn/dau-an-hoang-gia-tap-29-p278462369.html?spid=278462370,False
278377762,Thám Tử Lừng Danh Conan - Tập 106,Truyện tranh/Manga,Tiki,23750,25000,0.05,613,4.8,https://tiki.vn/tham-tu-lung-danh-conan-tap-106-p278377762.html?spid=278377806,False
278314458,Thám Tử Lừng Danh Conan - Tuyển Tập Đặc Biệt: Những Câu Chuyện Lãng Mạn - Tập 1,Truyện tranh/Manga,Tiki,40925,65000,0.37,4692,4.8,https://tiki.vn/tham-tu-lung-danh-conan-tuyen-tap-dac-biet-nhung-cau-chuyen-lang-man-p278314458.html?spid=310039,False
278160119,One-Punch Man - Tập 30: Chướng Ngại Lớn Nhất (Bản Thường),Truyện tranh/Manga,Tiki,28500,30000,0.05,149,5.0,https://tiki.vn/one-punch-man-tap-30-chuong-ngai-lon-nhat-ban-thuong-tang-kem-bookmark-p278160119.html?spid=278160120,False
276968644,Truyện - Doraemon Truyện Ngắn - Chọn Lẻ Tập 1 Tới 24 - Fujiko Fujio - Kim Đồng,Truyện tranh/Manga,Tiki,34000,34000,0.0,103,5.0,https://tiki.vn/truyen-doraemon-truyen-ngan-chon-le-tap-1-toi-24-fujiko-fujio-kim-dong-p276968644.html?spid=276968672,False
276944166,Truyện - Chú Thuật Hồi Chiến - Chọn Lẻ 0 Tới 28 - Gege Akutami - Kim Đồng,Truyện tranh/Manga,Tiki,40000,40000,0.0,12,5.0,https://tiki.vn/truyen-chu-thuat-hoi-chien-chon-le-0-toi-23-gege-akutami-kim-dong-p276944166.html?spid=276944202,False
276755695,Dấu Ấn Hoàng Gia Tập 13,Truyện tranh/Manga,Tiki,29400,30000,0.02,361,5.0,https://tiki.vn/dau-an-hoang-gia-tap-13-p276755695.html?spid=276755696,False
276563039,Thám Tử Lừng Danh Conan Tập 104 (Bản Thường),Truyện tranh/Manga,Tiki,24500,25000,0.02,364,5.0,https://tiki.vn/tham-tu-lung-danh-conan-tap-104-ban-thuong-p276563039.html?spid=276563043,False
276168127,One Piece Tập 103 - Bản Bìa Áo: “Chiến Binh Giải Phóng”,Truyện tranh/Manga,Tiki,28500,30000,0.05,159,3.9,https://tiki.vn/one-piece-tap-103-p276168127.html?spid=276168220,False
275023297,My Hero Academia - Học Viện Siêu Anh Hùng Tập 38: Hi Vọng,Truyện tranh/Manga,Tiki,28500,30000,0.05,57,5.0,https://tiki.vn/my-hero-academia-hoc-vien-sieu-anh-hung-tap-38-hi-vong-tang-kem-bookmark-p275023297.html?spid=275023298,False
274537220,Cang Giả Kim Thuật Sư - Fullmetal Alchemist - Tuyển Tập Truyện 4 Khung [Tặng Kèm Bookmark],Truyện tranh/Manga,Tiki,28500,30000,0.05,31,5.0,https://tiki.vn/cang-gia-kim-thuat-su-fullmetal-alchemist-tuyen-tap-truyen-4-khung-tang-kem-bookmark-p274537220.html?spid=274537221,False
272002880,Thị Trấn Mèo Tập 3,Truyện tranh/Manga,Tiki,64600,68000,0.05,366,5.0,https://tiki.vn/thi-tran-meo-tap-3-p272002880.html?spid=33543702,False
270106592,Doraemon Movie Story Màu: Nobita Và Vùng Đất Lý Tưởng Trên Bầu Trời,Truyện tranh/Manga,Tiki,34300,35000,0.02,127,5.0,https://tiki.vn/doraemon-movie-story-mau-nobita-va-vung-dat-ly-tuong-tren-bau-troi-p270106592.html?spid=270106593,False
261028263,Chú Thuật Hồi Chiến Tập 13: Biến Cố Shibuya – Sấm Rền,Truyện tranh/Manga,Tiki,28500,30000,0.05,1124,4.7,https://tiki.vn/chu-thuat-hoi-chien-tap-13-bien-co-shibuya-sam-ren-p261028263.html?spid=261028265,False
252994461,Shin - Cậu Bé Bút Chì Tập 34 (Tái Bản 2023),Truyện tranh/Manga,Tiki,23750,25000,0.05,7,0.0,https://tiki.vn/shin-cau-be-but-chi-tap-34-tai-ban-2023-p252994461.html?spid=252994464,False
251256145,Shin - Cậu Bé Bút Chì Tập 15 (Tái Bản 2023),Truyện tranh/Manga,Tiki,24500,25000,0.02,12,0.0,https://tiki.vn/shin-cau-be-but-chi-tap-15-tai-ban-2023-p251256145.html?spid=251256147,False
251255487,Doraemon - Chú Mèo Máy Đến Từ Tương Lai Tập 45 [Tái Bản 2023],Truyện tranh/Manga,Tiki,23750,25000,0.05,33,5.0,https://tiki.vn/doraemon-chu-meo-may-den-tu-tuong-lai-tap-45-tai-ban-2023-p251255487.html?spid=251255492,False
251255481,Doraemon - Chú Mèo Máy Đến Từ Tương Lai Tập 25 (Tái Bản),Truyện tranh/Manga,Tiki,23750,25000,0.05,36,5.0,https://tiki.vn/doraemon-chu-meo-may-den-tu-tuong-lai-tap-25-tai-ban-2023-p251255481.html?spid=251255483,False
243023699,Doraemon - Chú Mèo Máy Đến Từ Tương Lai Tập 2 [Tái Bản 2023],Truyện tranh/Manga,Tiki,22500,25000,0.1,24,0.0,https://tiki.vn/doraemon-chu-meo-may-den-tu-tuong-lai-tap-2-tai-ban-2023-p243023699.html?spid=243023701,False
200705632,Doraemon Movie Story: Nobita Và Người Khổng Lồ Xanh (Tái Bản 2022),Truyện tranh/Manga,Tiki,27000,30000,0.1,210,5.0,https://tiki.vn/doraemon-movie-story-nobita-va-nguoi-khong-lo-xanh-tai-ban-2022-p200705632.html?spid=200705633,False
186265452,My Hero Academia - Học Viện Siêu Anh Hùng Tập 29: Bakugo Katsuki: Trỗi Dậy,Truyện tranh/Manga,Tiki,28500,30000,0.05,1771,4.8,https://tiki.vn/my-hero-academia-hoc-vien-sieu-anh-hung-tap-29-bakugo-katsuki-troi-day-tang-kem-bookmark-pro-hero-p186265452.html?spid=186265456,False
163297419,My Hero Academia - Học Viện Siêu Anh Hùng Tập 1: Midoriya Izuku: Khởi Đầu (Tái Bản),Truyện tranh/Manga,Tiki,28500,30000,0.05,197,5.0,https://tiki.vn/my-hero-academia-hoc-vien-sieu-anh-hung-tap-1-midoriya-izuku-khoi-dau-tai-ban-2022-p163297419.html?spid=163297421,False
163297418,My Hero Academia - Học Viện Siêu Anh Hùng Tập 9: Người Hùng Của Tôi (Tái Bản),Truyện tranh/Manga,Tiki,28500,30000,0.05,115,5.0,https://tiki.vn/my-hero-academia-hoc-vien-sieu-anh-hung-tap-9-nguoi-hung-cua-toi-tai-ban-2022-p163297418.html?spid=163297420,False
279439216,Sách - Chú Thuật Hồi Chiến - Tập 28 - Quyết Chiến Tại Tử Địa Shinjuku - Chấp 9 Quân - Tặng Kèm Card PVC,Truyện tranh/Manga,Tiki,28500,30000,0.05,32,5.0,https://tiki.vn/sach-chu-thuat-hoi-chien-tap-28-quyet-chien-tai-tu-dia-shinjuku-chap-9-quan-tang-kem-card-pvc-p279439216.html?spid=279439217,False
279423160,Sách - Komi - Nữ Thần Sợ Giao Tiếp - Tập 33,Truyện tranh/Manga,Tiki,30000,30000,0.0,14,5.0,https://tiki.vn/sach-komi-nu-than-so-giao-tiep-tap-33-p279423160.html?spid=279423161,False
279414813,Sách - Dấu Ấn Hoàng Gia - Tập 60,Truyện tranh/Manga,Tiki,30000,30000,0.0,12,5.0,https://tiki.vn/sach-dau-an-hoang-gia-tap-60-p279414813.html?spid=279414814,False
279312657,Sách Chuyện Asuka Và Chàng Yêu Quái,Truyện tranh/Manga,Tiki,62300,89000,0.3,44,5.0,https://tiki.vn/sach-chuyen-asuka-va-chang-yeu-quai-p279312657.html?spid=279312944,False
279303307,Sách - Host Club Trường Ouran - Tập 3 - Tặng Kèm Bookmark,Truyện tranh/Manga,Tiki,34300,35000,0.02,63,5.0,https://tiki.vn/sach-host-club-truong-ouran-tap-3-tang-kem-bookmark-p279303307.html?spid=279303308,False
279199164,Sách - Monster - Deluxe Edition - Tập 3 - Tặng Kèm Bookmark,Truyện tranh/Manga,Tiki,118700,125000,0.05,48,5.0,https://tiki.vn/sach-monster-deluxe-edition-tap-3-tang-kem-bookmark-p279199164.html?spid=279199165,False
279124245,Sách - Thám Tử Lừng Danh Conan - Tập 107,Truyện tranh/Manga,Tiki,25000,25000,0.0,65,4.5,https://tiki.vn/sach-tham-tu-lung-danh-conan-tap-107-p279124245.html?spid=279124246,False
278968288,Spy X Family – Tập 13,Truyện tranh/Manga,Tiki,28500,30000,0.05,58,5.0,https://tiki.vn/spy-x-family-tap-13-tang-kem-standee-pvc-p278968288.html?spid=278968289,False
278968247,Dược Sư Tự Sự - Tập 8 [Tặng Kèm Bookmark + Set 04 Khánh Treo],Truyện tranh/Manga,Tiki,106250,125000,0.15,44,5.0,https://tiki.vn/duoc-su-tu-su-tap-8-tang-kem-bookmark-set-04-khanh-treo-p278968247.html?spid=278968248,False
278949629,Vương quốc thất tịch,Truyện tranh/Manga,Tiki,55000,58000,0.05,90,5.0,https://tiki.vn/vuong-quoc-that-tich-p278949629.html?spid=278949632,False
278917023,Sách Nhật Kí Nơi Xứ Lạ (Tập 6),Truyện tranh/Manga,Tiki,52500,75000,0.3,17,5.0,https://tiki.vn/sach-nhat-ki-noi-xu-la-tap-6-p278917023.html?spid=278917024,False
278870046,Sách - Dấu Ấn Hoàng Gia - Tập 36 - Tặng Kèm Postcard,Truyện tranh/Manga,Tiki,30000,30000,0.0,58,0.0,https://tiki.vn/sach-dau-an-hoang-gia-tap-36-tang-kem-postcard-p278870046.html?spid=278870047,False
278729078,Masamune Báo Thù [Chọn Tập Lẻ,Truyện tranh/Manga,Tiki,36100,38000,0.05,125,5.0,https://tiki.vn/masamune-bao-thu-chon-tap-le-p278729078.html?spid=279134906,False
278682879,Tớ Là Mèo Pusheen - Tập 3 – Cẩm Nang Tất Tần Tật Của Pusheen [Tặng Kèm Bảng Sticker + Mini Clearfile],Truyện tranh/Manga,Tiki,60000,80000,0.25,15,5.0,https://tiki.vn/to-la-meo-pusheen-tap-3-cam-nang-tat-tan-tat-cua-pusheen-tang-kem-bang-sticker-mini-clearfile-p278682879.html?spid=278682882,False
278638435,Điện Hạ Umeboshi,Truyện tranh/Manga,Tiki,23750,25000,0.05,23,5.0,https://tiki.vn/dien-ha-umeboshi-p278638435.html?spid=278638819,False
278520579,Bluelock - Tập 27,Truyện tranh/Manga,Tiki,33250,35000,0.05,45,5.0,https://tiki.vn/bluelock-tap-27-p278520579.html?spid=278520607,False
278160056,One Piece - Tập 107 (Bản Bìa Áo): “Anh Hùng Huyền Thoại”,Truyện tranh/Manga,Tiki,29100,30000,0.03,87,5.0,https://tiki.vn/one-piece-tap-107-ban-bia-ao-anh-hung-huyen-thoai-p278160056.html?spid=278160061,False
278103698,Thánh Địa Khủng Long,Truyện tranh/Manga,Tiki,49000,55000,0.11,106,4.0,https://tiki.vn/thanh-dia-khung-long-p278103698.html?spid=278103716,False
277591498,Truyện tranh Chú thuật hồi chiến lẻ tập (0 -> 28) - Chang Book,Truyện tranh/Manga,Tiki,35100,35100,0.0,8,4.0,https://tiki.vn/truyen-tranh-chu-thuat-hoi-chien-le-tap-chang-book-p277591498.html?spid=279437083,False
276944652,Truyện - Giờ Trà Của Zero - Thám Tử Lừng Danh Conan - Chọn Lẻ 6 Tập - Kim Đồng,Truyện tranh/Manga,Tiki,40000,40000,0.0,16,4.8,https://tiki.vn/truyen-gio-tra-cua-zero-tham-tu-lung-danh-conan-chon-le-5-tap-kim-dong-p276944652.html?spid=276944660,False
276922197,Dragon Ball Super Tập 23: Son Gohan- Siêu Tiềm Lực Khai Mở!,Truyện tranh/Manga,Tiki,29400,30000,0.02,100,5.0,https://tiki.vn/dragon-ball-super-tap-23-son-gohan-sieu-tiem-luc-khai-mo-tang-kem-postcard-p276922197.html?spid=276922201,False
276609088,Shin Cậu Bé Bút Chì - Truyện Dài Tập 19: Những Cậu Bé Kung Fu - Mì Ramen Đại Chiến,Truyện tranh/Manga,Tiki,24000,25000,0.04,19,5.0,https://tiki.vn/shin-cau-be-but-chi-truyen-dai-tap-19-nhung-cau-be-kung-fu-mi-ramen-dai-chien-p276609088.html?spid=276609090,False
276558783,Truyện tranh Cecilia & Lawrence - Chang Book,Truyện tranh/Manga,Tiki,46800,46800,0.0,4,0.0,https://tiki.vn/truyen-tranh-cecilia-lawrence-chang-book-p276558783.html?spid=277215226,False
276242875,Boxset Tokyo Babylon (7 Tập) [Tặng Kèm Set 03 Postcard + Phong Bì],Truyện tranh/Manga,Tiki,340000,350000,0.03,53,5.0,https://tiki.vn/boxset-tokyo-babylon-7-tap-tang-kem-set-03-postcard-phong-bi-p276242875.html?spid=276242876,False
274145959,Combo Truyện - Haikyu,Truyện tranh/Manga,Tiki,570000,600000,0.05,143,4.5,https://tiki.vn/haikyu-premium-boxset-p274145959.html?spid=277931540,False
270790360,Shin - Cậu Bé Bút Chì Tập 24,Truyện tranh/Manga,Tiki,23500,25000,0.06,31,5.0,https://tiki.vn/shin-cau-be-but-chi-tap-24-p270790360.html?spid=270790363,False
270790125,BLUELOCK Tập 2,Truyện tranh/Manga,Tiki,33250,35000,0.05,4,5.0,https://tiki.vn/bluelock-tap-2-p270790125.html?spid=270790128,False
270789216,Shin Cậu Bé Bút Chì Tập 3 - Bản Đặc Biệt,Truyện tranh/Manga,Tiki,23750,25000,0.05,38,4.8,https://tiki.vn/shin-cau-be-but-chi-tap-3-ban-dac-biet-p270789216.html?spid=270789219,False
270789003,Shin - Cậu Bé Bút Chì Truyện Dài Tập 2: Đế Quốc Người Lớn Phản Công,Truyện tranh/Manga,Tiki,24000,25000,0.04,37,5.0,https://tiki.vn/shin-cau-be-but-chi-truyen-dai-tap-2-de-quoc-nguoi-lon-phan-cong-p270789003.html?spid=270789006,False
263698297,Dragon Ball Super Tập 8: Dấu Hiệu Thức Tỉnh Của Son Goku,Truyện tranh/Manga,Tiki,28800,30000,0.04,45,5.0,https://tiki.vn/dragon-ball-super-tap-8-dau-hieu-thuc-tinh-cua-son-goku-p263698297.html?spid=263698300,False
250074901,Thám Tử Lừng Danh Conan Tập 9 (Tái Bản),Truyện tranh/Manga,Tiki,23750,25000,0.05,78,5.0,https://tiki.vn/tham-tu-lung-danh-conan-tap-9-tai-ban-2023-p250074901.html?spid=250074911,False
247442494,Doraemon Tập 18: Nobita Du Hành Biển Phương Nam [Tái Bản 2023],Truyện tranh/Manga,Tiki,23750,25000,0.05,32,5.0,https://tiki.vn/doraemon-tap-18-nobita-du-hanh-bien-phuong-nam-tai-ban-2023-p247442494.html?spid=247442496,False
190605360,Người Bà Tài Giỏi Vùng Saga – Tập 1 (Tái Bản),Truyện tranh/Manga,Tiki,36400,52000,0.3,1012,5.0,https://tiki.vn/nguoi-ba-tai-gioi-vung-saga-tap-1-tai-ban-p190605360.html?spid=190605361,False
182551495,Black Jack 10 (Bìa Cứng),Truyện tranh/Manga,Tiki,120000,135000,0.11,527,4.8,https://tiki.vn/black-jack-10-bia-cung-p182551495.html?spid=182551497,False
178483672,Văn Phòng Thám Tử Quái Vật 04,Truyện tranh/Manga,Tiki,27000,30000,0.1,673,5.0,https://tiki.vn/van-phong-tham-tu-quai-vat-04-p178483672.html?spid=178483677,False
173515979,My Hero Academia - Học Viện Siêu Anh Hùng Tập 16: Red Riot (Tái Bản 2022),Truyện tranh/Manga,Tiki,28200,30000,0.06,22,5.0,https://tiki.vn/my-hero-academia-hoc-vien-sieu-anh-hung-tap-16-red-riot-tai-ban-2022-p173515979.html?spid=173515981,False
77621607,Spy X Family Tập 3,Truyện tranh/Manga,Tiki,28500,30000,0.05,2883,4.8,https://tiki.vn/spy-x-family-tap-3-p77621607.html?spid=77621608,False
46829123,Dragon Ball Ngoại Truyện: Tỉnh Giấc Hoá Yamcha,Truyện tranh/Manga,Tiki,23750,25000,0.05,576,4.7,https://tiki.vn/dragon-ball-ngoai-truyen-tinh-giac-hoa-yamcha-p46829123.html?spid=46829125,False
21767618,Combo One Piece (101 Tập) (Tái Bản),Truyện tranh/Manga,Tiki,2695500,3020000,0.11,124,4.6,https://tiki.vn/combo-one-piece-90-tap-tai-ban-p21767618.html?spid=21767619,True
11478941,Combo Đội Quân Doraemon (6 Tập) - Tái Bản 2019,Truyện tranh/Manga,Tiki,131100,138000,0.05,972,5.0,https://tiki.vn/combo-doi-quan-doraemon-6-tap-tai-ban-2019-p11478941.html?spid=11478942,False
279404048,Sách - Dan Da Dan - Tập 3 - Tặng Kèm Special Cover,Truyện tranh/Manga,Tiki,44500,45000,0.01,18,5.0,https://tiki.vn/sach-dan-da-dan-tap-3-tang-kem-special-cover-p279404048.html?spid=279404049,False
279392864,Sách - Chú Thuật Hồi Chiến - Tập 27 - Kẻ Sống Còn Ngốc Nghếch - Tặng Kèm Card Nhựa,Truyện tranh/Manga,Tiki,29700,30000,0.01,37,5.0,https://tiki.vn/sach-chu-thuat-hoi-chien-tap-27-ke-song-con-ngoc-nghech-tang-kem-card-nhua-p279392864.html?spid=279392865,False
279369126,Sách - Dấu Ấn Hoàng Gia - Tập 54,Truyện tranh/Manga,Tiki,29700,30000,0.01,12,5.0,https://tiki.vn/sach-dau-an-hoang-gia-tap-54-p279369126.html?spid=279369127,False
279365551,Sách - Dấu Ấn Hoàng Gia - Tập 53,Truyện tranh/Manga,Tiki,29700,30000,0.01,11,0.0,https://tiki.vn/sach-dau-an-hoang-gia-tap-53-p279365551.html?spid=279365552,False
279358459,Anh Em Nhà Motohashi (Tập 5),Truyện tranh/Manga,Tiki,55300,79000,0.3,14,5.0,https://tiki.vn/anh-em-nha-motohashi-tap-5-p279358459.html?spid=279358464,False
279201693,Solo Leveling - Tôi Thăng Cấp Một Mình - Tập 23,Truyện tranh/Manga,Tiki,83500,88000,0.05,27,5.0,https://tiki.vn/solo-leveling-toi-thang-cap-mot-minh-tap-23-p279201693.html?spid=279201694,False
279193585,Sách Rinko và Chàng Lang Thang (Tập 3+4),Truyện tranh/Manga,Tiki,112000,160000,0.3,24,5.0,https://tiki.vn/sach-rinko-va-chang-lang-thang-tap-3-4-p279193585.html?spid=279193696,False
278996248,Sách - Spy X Family - Tập 13 - Tặng Kèm Standee PVC,Truyện tranh/Manga,Tiki,30000,30000,0.0,45,5.0,https://tiki.vn/sach-spy-x-family-tap-13-tang-kem-standee-pvc-p278996248.html?spid=278996249,False
278949599,Nhóc Miko! Cô bé nhí nhảnh - Tập 39 (Tặng kèm bookmark giấy),Truyện tranh/Manga,Tiki,32500,35000,0.07,56,5.0,https://tiki.vn/nhoc-miko-co-be-nhi-nhanh-38-p278949599.html?spid=278949604,False
278874703,Sách Thám Tử Lừng Danh Conan Hoạt Hình Màu: Nàng Dâu Halloween,Truyện tranh/Manga,Tiki,57000,60000,0.05,36,0.0,https://tiki.vn/sach-tham-tu-lung-danh-conan-hoat-hinh-mau-nang-dau-halloween-p278874703.html?spid=278874747,False
278729097,Premium Boxset Thanh Gươm Diệt Quỷ - Kimetsu No Yaiba (Hộp 23 Tập),Truyện tranh/Manga,Tiki,892000,920000,0.03,37,4.8,https://tiki.vn/premium-boxset-thanh-guom-diet-quy-kimetsu-no-yaiba-hop-23-tap-p278729097.html?spid=278729100,True
278705942,Bảng Xếp Hạng Quân Vương – Tập 15 [Tặng Kèm Bookmark],Truyện tranh/Manga,Tiki,42750,45000,0.05,18,5.0,https://tiki.vn/bang-xep-hang-quan-vuong-tap-15-tang-kem-bookmark-p278705942.html?spid=278705943,False
278690012,One Piece 500 Quiz Book,Truyện tranh/Manga,Tiki,33900,35000,0.03,8,4.8,https://tiki.vn/one-piece-500-quiz-book-p278690012.html?spid=278690015,False
278682889,Thám Tử Lừng Danh Conan Hoạt Hình Màu: Viên Đạn Đỏ,Truyện tranh/Manga,Tiki,57600,60000,0.04,23,5.0,https://tiki.vn/tham-tu-lung-danh-conan-hoat-hinh-mau-vien-dan-do-p278682889.html?spid=278682929,False
278438165,Em Đến Cùng Mưa - With You And The Rain (Các Tập Lẻ),Truyện tranh/Manga,Tiki,36100,38000,0.05,68,5.0,https://tiki.vn/truyen-tranh-em-den-cung-mua-with-you-and-the-rain-cac-tap-le-p278438165.html?spid=279427930,False
278123145,Nhóc Maruko - Tập 18,Truyện tranh/Manga,Tiki,38400,40000,0.04,134,5.0,https://tiki.vn/nhoc-maruko-tap-18-tang-kem-set-postcard-poladroid-p278123145.html?spid=278123147,False
277978062,"Sách - Thanh Gươm Diệt Quỷ - Kimetsu No Yaiba - Tập 23 - Vượt Qua Tháng Năm, Sinh Mệnh Tỏa Rạng (Tái Bản 2025)",Truyện tranh/Manga,Tiki,30000,30000,0.0,74,5.0,https://tiki.vn/sach-thanh-guom-diet-quy-kimetsu-no-yaiba-tap-23-vuot-qua-thang-nam-sinh-menh-toa-rang-tai-ban-2025-p277978062.html?spid=277978064,False
277808321,Chậm Rãi Động Lòng (Tập 2),Truyện tranh/Manga,Tiki,139300,199000,0.3,35,5.0,https://tiki.vn/cham-rai-dong-long-tap-2-p277808321.html?spid=277808333,False
277357375,Xóm trọ yêu quái,Truyện tranh/Manga,Tiki,46000,50000,0.08,7,5.0,https://tiki.vn/xom-tro-yeu-quai-p277357375.html?spid=277357378,False
276699166,"Shin Cậu Bé Bút Chì - Truyện Dài Tập 20: Cơn Bão Tuần Trăng Mật Đã Cuốn Anh

Hiroshi Mất Tích",Truyện tranh/Manga,Tiki,24500,25000,0.02,12,5.0,https://tiki.vn/shin-cau-be-but-chi-truyen-dai-tap-20-con-bao-tuan-trang-mat-da-cuon-anh-hiroshi-mat-tich-p276699166.html?spid=276699168,False
276425600,Nhóc Maruko Tập 13,Truyện tranh/Manga,Tiki,38400,40000,0.04,132,5.0,https://tiki.vn/nhoc-maruko-tap-13-tang-kem-set-postcard-polaroid-p276425600.html?spid=276425601,False
276380224,Dấu Ấn Hoàng Gia Tập 9,Truyện tranh/Manga,Tiki,29400,30000,0.02,224,5.0,https://tiki.vn/dau-an-hoang-gia-tap-9-p276380224.html?spid=276380226,False
275256352,Thị Trấn Mèo – Tập 9,Truyện tranh/Manga,Tiki,62560,68000,0.08,146,5.0,https://tiki.vn/thi-tran-meo-tap-9-p275256352.html?spid=275256353,False
274742895,"My Hero Academia - Học Viện Siêu Anh Hùng Tập 37: Người Bảo Hộ, Kẻ Xâm Lăng",Truyện tranh/Manga,Tiki,28500,30000,0.05,70,5.0,https://tiki.vn/my-hero-academia-hoc-vien-sieu-anh-hung-tap-37-nguoi-bao-ho-ke-xam-lang-tang-kem-bookmark-p274742895.html?spid=274742896,False
273192589,Tiểu Thuyết Naruto - Mộc Diệp Bí Truyền: Chúc Ngôn Nhật Hòa,Truyện tranh/Manga,Tiki,49500,55000,0.1,59,5.0,https://tiki.vn/tieu-thuyet-naruto-p273192589.html?spid=273196665,False
272457463, Trọn Bộ 42 tập Dragon Ball - 7 Viên Ngọc Rồng,Truyện tranh/Manga,Tiki,1450000,1450000,0.0,10,0.0,https://tiki.vn/tron-bo-42-tap-dragon-ball-7-vien-ngoc-rong-p272457463.html?spid=272457464,True
272002892,Thị Trấn Mèo Tập 7,Truyện tranh/Manga,Tiki,64600,68000,0.05,1150,5.0,https://tiki.vn/thi-tran-meo-tap-7-p272002892.html?spid=141333749,False
270790446,Shin - Cậu Bé Bút Chì - Tập 25,Truyện tranh/Manga,Tiki,23750,25000,0.05,27,4.8,https://tiki.vn/shin-cau-be-but-chi-tap-25-p270790446.html?spid=270790449,False
270463613,Shin - Cậu Bé Bút Chì - Tập 2,Truyện tranh/Manga,Tiki,23275,25000,0.07,57,4.8,https://tiki.vn/shin-cau-be-but-chi-tap-2-p270463613.html?spid=270463616,False
267178878,Doraemon Tuyển Tập Tranh Truyện Màu - Tập 3,Truyện tranh/Manga,Tiki,47500,50000,0.05,107,4.8,https://tiki.vn/doraemon-tuyen-tap-tranh-truyen-mau-tap-3-p267178878.html?spid=267178881,False
253227581,Bluelock Tập 6,Truyện tranh/Manga,Tiki,33250,35000,0.05,168,4.6,https://tiki.vn/bluelock-tap-6-tang-kem-pvc-card-p253227581.html?spid=253227582,False
252664500,Chú Thuật Hồi Chiến - Tập 12: Biến Cố Shibuya - Giáng Linh - Tặng Kèm Obi Và Thẻ Bo Góc Nhựa,Truyện tranh/Manga,Tiki,30000,30000,0.0,75,5.0,https://tiki.vn/chu-thuat-hoi-chien-tap-12-bien-co-shibuya-giang-linh-tang-kem-obi-va-the-bo-goc-nhua-p252664500.html?spid=252664501,False
252044264,Dragon Ball Super Tập 16: Chiến Binh Mạnh Nhất Vũ Trụ,Truyện tranh/Manga,Tiki,28500,30000,0.05,446,4.7,https://tiki.vn/dragon-ball-super-tap-16-chien-binh-manh-nhat-vu-tru-p252044264.html?spid=252044265,False
189572564,Dragon Ball Super Tập 12: Thân Phận Thực Sự Của Merus (Tái Bản 2022),Truyện tranh/Manga,Tiki,28500,30000,0.05,177,4.7,https://tiki.vn/dragon-ball-super-tap-12-than-phan-thuc-su-cua-merus-tai-ban-2022-p189572564.html?spid=189572566,False
188930494,Người Bà Tài Giỏi Vùng Saga – Tập 4,Truyện tranh/Manga,Tiki,36400,52000,0.3,948,4.8,https://tiki.vn/nguoi-ba-tai-gioi-vung-saga-tap-4-p188930494.html?spid=188930495,False
185024355,Spy X Family 7,Truyện tranh/Manga,Tiki,28500,30000,0.05,3455,5.0,https://tiki.vn/spy-x-family-7-p185024355.html?spid=185024357,False
163297416,My Hero Academia - Học Viện Siêu Anh Hùng Tập 3: All Might (Tái Bản),Truyện tranh/Manga,Tiki,28500,30000,0.05,138,5.0,https://tiki.vn/my-hero-academia-hoc-vien-sieu-anh-hung-tap-3-all-might-tai-ban-2022-p163297416.html?spid=163297417,False
51322400,Combo Thám Tử Lừng Danh Conan Tập 71 - 80 (Bộ 10 cuốn),Truyện tranh/Manga,Tiki,240000,250000,0.04,524,5.0,https://tiki.vn/combo-tham-tu-lung-danh-conan-tap-71-80-bo-10-cuon-p51322400.html?spid=58806033,False
43262261,Thám Tử Lừng Danh Conan - Giờ Trà Của Zero Tập 1,Truyện tranh/Manga,Tiki,33250,35000,0.05,1707,5.0,https://tiki.vn/tham-tu-lung-danh-conan-gio-tra-cua-zero-tap-1-p43262261.html?spid=43262262,False
12081414,Doraemon - Chú Mèo Máy Đến Từ Tương Lai Tập 21 (Tái Bản),Truyện tranh/Manga,Tiki,20900,22000,0.05,371,5.0,https://tiki.vn/doraemon-chu-meo-may-den-tu-tuong-lai-tap-21-tai-ban-2019-p12081414.html?spid=12081415,False
279278206,Sách Solo Leveling - Tôi Thăng Cấp Một Mình - Tập 24 [Tặng Kèm 02 Card PVC],Truyện tranh/Manga,Tiki,83600,88000,0.05,23,5.0,https://tiki.vn/sach-solo-leveling-toi-thang-cap-mot-minh-tap-24-tang-kem-02-card-pvc-p279278206.html?spid=279278207,False
279260064,Sách - Nisekoi - Cặp Đôi Giả Tạo - Tập 12 - Lễ Hội,Truyện tranh/Manga,Tiki,39200,40000,0.02,10,5.0,https://tiki.vn/sach-nisekoi-cap-doi-gia-tao-tap-12-le-hoi-p279260064.html?spid=279260066,False
279259806,Nhóc Miko - Cô bé nhí nhảnh trọn bộ 36 tập,Truyện tranh/Manga,Tiki,12500,25000,0.5,0,5.0,https://tiki.vn/nhoc-miko-co-be-nhi-nhanh-tron-bo-36-tap-p279259806.html?spid=279259829,False
279229250,Sách Tây Du Hí (Tập 8),Truyện tranh/Manga,Tiki,83300,119000,0.3,18,5.0,https://tiki.vn/sach-tay-du-hi-tap-8-p279229250.html?spid=279229279,False
279185702,Sách - Dấu Ấn Hoàng Gia - Tập 42,Truyện tranh/Manga,Tiki,28500,30000,0.05,110,5.0,https://tiki.vn/sach-dau-an-hoang-gia-tap-42-p279185702.html?spid=279185703,False
279134973,Hội Chứng Tuổi Thanh Xuân - Tập 12: Cô Nàng Học Sinh Của Tôi,Truyện tranh/Manga,Tiki,84000,105000,0.2,25,5.0,https://tiki.vn/hoi-chung-tuoi-thanh-xuan-tap-12-co-nang-hoc-sinh-cua-toi-p279134973.html?spid=279134988,False
279134887,Sách Ác Nữ Nửa Vời - Truyền Kì Hoán Hồn Đổi Xác  - [Chọn Tập Lẻ,Truyện tranh/Manga,Tiki,92000,115000,0.2,29,5.0,https://tiki.vn/sach-ac-nu-nua-voi-truyen-ki-hoan-hon-doi-xac-tap-1-light-novel-chon-tap-le-p279134887.html?spid=279445513,False
279057678,Khi “Trai” Đẹp Hẹn Hò – Tập 9 [Tặng Kèm Postcard],Truyện tranh/Manga,Tiki,44100,45000,0.02,10,0.0,https://tiki.vn/khi-trai-dep-hen-ho-tap-9-tang-kem-postcard-p279057678.html?spid=279057679,False
278961975,Truyện tranh Marriagetoxin - Mai Mối Cho Độc Sư (Chang Book),Truyện tranh/Manga,Tiki,53000,53000,0.0,9,5.0,https://tiki.vn/truyen-tranh-marriagetoxin-mai-moi-cho-doc-su-chang-book-p278961975.html?spid=279182159,False
278883268,Sách - Thám Tử Lừng Danh Conan - Hoạt Hình Màu - Nàng Dâu Halloween - Tập 1,Truyện tranh/Manga,Tiki,58800,60000,0.02,7,0.0,https://tiki.vn/sach-tham-tu-lung-danh-conan-hoat-hinh-mau-nang-dau-halloween-tap-1-p278883268.html?spid=278883269,False
278830785,Sách - Dấu Ấn Hoàng Gia - Tập 35,Truyện tranh/Manga,Tiki,30000,30000,0.0,65,0.0,https://tiki.vn/sach-dau-an-hoang-gia-tap-35-p278830785.html?spid=278830786,False
278638429,Bảng Xếp Hạng Quân Vương – Tập 14 [Tặng Kèm Bookmark],Truyện tranh/Manga,Tiki,42750,45000,0.05,17,5.0,https://tiki.vn/bang-xep-hang-quan-vuong-tap-14-tang-kem-bookmark-p278638429.html?spid=278638433,False
277384188,3x3 Eyes - Cô bé ba mắt,Truyện tranh/Manga,Tiki,85000,90000,0.06,37,5.0,https://tiki.vn/3x3-eyes-co-be-ba-mat-p277384188.html?spid=277670730,False
276957509,Dấu Ấn Hoàng Gia Tập 15,Truyện tranh/Manga,Tiki,29400,30000,0.02,247,5.0,https://tiki.vn/dau-an-hoang-gia-tap-15-p276957509.html?spid=276957513,False
276655588,Nhóc Maruko Tập 14,Truyện tranh/Manga,Tiki,38000,40000,0.05,114,5.0,https://tiki.vn/nhoc-maruko-tap-14-tang-set-postcard-polaroid-p276655588.html?spid=276655590,False
276563060,Dấu Ấn Hoàng Gia Tập 11,Truyện tranh/Manga,Tiki,28500,30000,0.05,185,4.6,https://tiki.vn/dau-an-hoang-gia-tap-11-tang-kem-postcard-p276563060.html?spid=276563062,False
276563036,Câu Lạc Bộ Những Kẻ Mất Ngủ - Insomniacs After School Tập 9 [Tặng Kèm Postcard],Truyện tranh/Manga,Tiki,38000,40000,0.05,22,5.0,https://tiki.vn/cau-lac-bo-nhung-ke-mat-ngu-insomniacs-after-school-tap-9-tang-kem-postcard-p276563036.html?spid=276563042,False
276075635,Câu Lạc Bộ Những Kẻ Mất Ngủ - Insomniacs After School Tập 6 [Tặng Kèm Postcard],Truyện tranh/Manga,Tiki,38400,40000,0.04,26,5.0,https://tiki.vn/cau-lac-bo-nhung-ke-mat-ngu-insomniacs-after-school-tap-6-tang-kem-postcard-p276075635.html?spid=276075636,False
275946551,Hirayasumi – Những Tháng Ngày Chơi Vơi (Tập 1),Truyện tranh/Manga,Tiki,47600,68000,0.3,168,5.0,https://tiki.vn/hirayasumi-nhung-thang-ngay-choi-voi-tap-1-p275946551.html?spid=275947062,False
275346395,Ông Chú Siêu Nhân Saenai,Truyện tranh/Manga,Tiki,31500,35000,0.1,30,5.0,https://tiki.vn/ong-chu-sieu-nhan-saenai-p275346395.html?spid=275346398,False
275185693,Asari - Cô Bé Tinh Nghịch Tập 11 – Tập 20 [Tái Bản 2024,Truyện tranh/Manga,Tiki,24500,25000,0.02,38,0.0,https://tiki.vn/asari-co-be-tinh-nghich-tap-11-tap-20-tai-ban-2024-p275185693.html?spid=275186781,False
274813505,Nhóc Miko! Cô Bé Nhí Nhảnh - Tập 27,Truyện tranh/Manga,Tiki,24000,25000,0.04,35,5.0,https://tiki.vn/nhoc-miko-co-be-nhi-nhanh-tap-27-p274813505.html?spid=274813509,False
274660763,Dragon Ball Super Tập 20: Lao Tâm Khổ Chiến,Truyện tranh/Manga,Tiki,28500,30000,0.05,111,5.0,https://tiki.vn/dragon-ball-super-tap-20-lao-tam-kho-chien-tang-kem-postcard-p274660763.html?spid=274660767,False
273381058,Ma đạo tổ sư - Tập 3 - Bản Thường tặng 01 Card bo góc random ¼,Truyện tranh/Manga,Tiki,111300,159000,0.3,203,4.7,https://tiki.vn/ma-dao-to-su-tap-3-p273381058.html?spid=273381404,False
272382702,Shin Cậu Bé Bút Chì - Tập 2,Truyện tranh/Manga,Tiki,25000,25000,0.0,5,0.0,https://tiki.vn/shin-cau-be-but-chi-tap-2-p272382702.html?spid=272382703,False
270790464,Shin - Cậu Bé Bút Chì - Tập 38,Truyện tranh/Manga,Tiki,23750,25000,0.05,27,4.6,https://tiki.vn/shin-cau-be-but-chi-tap-38-p270790464.html?spid=270790467,False
270790373,Shin - Cậu Bé Bút Chì Tập 44,Truyện tranh/Manga,Tiki,23275,25000,0.07,15,4.7,https://tiki.vn/shin-cau-be-but-chi-tap-44-p270790373.html?spid=270790376,False
270790305,Doraemon Plus Tập 1,Truyện tranh/Manga,Tiki,23750,25000,0.05,29,4.8,https://tiki.vn/doraemon-plus-tap-1-p270790305.html?spid=270790308,False
270789203,Shin - Cậu Bé Bút Chì - Tập 2 (Bản Đặc Biệt),Truyện tranh/Manga,Tiki,23750,25000,0.05,21,4.8,https://tiki.vn/shin-cau-be-but-chi-tap-2-ban-dac-biet-p270789203.html?spid=270789206,False
270751053,Fire Force 10,Truyện tranh/Manga,Tiki,40000,43000,0.07,76,5.0,https://tiki.vn/fire-force-10-p270751053.html?spid=270751054,False
270106655,Fire Force 09,Truyện tranh/Manga,Tiki,40000,43000,0.07,73,5.0,https://tiki.vn/fire-force-09-p270106655.html?spid=270106657,False
267178874,Doraemon Tuyển Tập Tranh Truyện Màu - Tập 2,Truyện tranh/Manga,Tiki,47000,50000,0.06,107,4.8,https://tiki.vn/doraemon-tuyen-tap-tranh-truyen-mau-tap-2-p267178874.html?spid=267178877,False
243023700,Doraemon - Chú Mèo Máy Đến Từ Tương Lai Tập 38 (Tái Bản),Truyện tranh/Manga,Tiki,23750,25000,0.05,25,0.0,https://tiki.vn/doraemon-chu-meo-may-den-tu-tuong-lai-tap-38-tai-ban-2023-p243023700.html?spid=243023703,False
202878483,"Gửi em, người bất tử - Tập 14",Truyện tranh/Manga,Tiki,26950,30000,0.1,378,5.0,https://tiki.vn/gui-em-nguoi-bat-tu-tap-14-p202878483.html?spid=202878484,False
176906737,Dragon Ball Super Tập 10: Điều Ước Của Moro (Tái Bản),Truyện tranh/Manga,Tiki,28500,30000,0.05,101,5.0,https://tiki.vn/dragon-ball-super-tap-10-dieu-uoc-cua-moro-tai-ban-2022-p176906737.html?spid=176906740,False
91774356,Fullmetal Alchemist - Cang Giả Kim Thuật Sư - Fullmetal Edition Tập 8,Truyện tranh/Manga,Tiki,71250,75000,0.05,148,5.0,https://tiki.vn/fullmetal-alchemist-cang-gia-kim-thuat-su-fullmetal-edition-tap-8-p91774356.html?spid=127545037,False
76658407,Thám Tử Lừng Danh Conan - Hanzawa - Chàng Hung Thủ Số Nhọ - Tập 3,Truyện tranh/Manga,Tiki,23750,25000,0.05,642,5.0,https://tiki.vn/tham-tu-lung-danh-conan-hanzawa-chang-hung-thu-so-nho-tap-3-tang-kem-postcard-p76658407.html?spid=76658410,False
17948445,Thám Tử Lừng Danh Conan - Tập 71 ( Tái Bản ),Truyện tranh/Manga,Tiki,23750,25000,0.05,619,5.0,https://tiki.vn/tham-tu-lung-danh-conan-tap-71-tai-ban-p17948445.html?spid=17948446,False
16306339,Combo Shin - Cậu Bé Bút Chì - Bản Đặt Biệt (6 Tập),Truyện tranh/Manga,Tiki,142500,150000,0.05,1753,4.8,https://tiki.vn/combo-shin-cau-be-but-chi-ban-dat-biet-6-tap-p16306339.html?spid=16306340,False
13637679,Thám Tử Lừng Danh Conan - Tập 68 (Tái Bản 2019),Truyện tranh/Manga,Tiki,23750,25000,0.05,527,5.0,https://tiki.vn/tham-tu-lung-danh-conan-tap-68-tai-ban-2019-p13637679.html?spid=13637680,False
279353678,Sách - Host Club Trường Ouran - Tập 4,Truyện tranh/Manga,Tiki,34600,35000,0.01,20,5.0,https://tiki.vn/sach-host-club-truong-ouran-tap-4-p279353678.html?spid=279353679,False
279235511,Sách Nhật Kí Nơi Xứ Lạ (Tập 8),Truyện tranh/Manga,Tiki,52500,75000,0.3,17,5.0,https://tiki.vn/nhat-ki-noi-xu-la-tap-8-p279235511.html?spid=279235513,False
279212528,Sách - Hikaru - Kì Thủ Cờ Vây - Ultimate Edition - Tập 2 - Tặng Kèm Character Card,Truyện tranh/Manga,Tiki,78400,80000,0.02,15,0.0,https://tiki.vn/sach-hikaru-ki-thu-co-vay-ultimate-edition-tap-2-tang-kem-character-card-p279212528.html?spid=279212529,False
279199148,Sách - Frieren - Pháp Sư Tiễn Táng - Tập 11,Truyện tranh/Manga,Tiki,44100,45000,0.02,26,5.0,https://tiki.vn/sach-frieren-phap-su-tien-tang-tap-11-p279199148.html?spid=279199149,False
279112380,Sách - Spy X Family - Tập 14 - Tặng Kèm Standee PVC,Truyện tranh/Manga,Tiki,29400,30000,0.02,51,5.0,https://tiki.vn/sach-spy-x-family-tap-14-tang-kem-standee-pvc-p279112380.html?spid=279112381,False
279082301,Dấu Ấn Hoàng Gia - Tập 40,Truyện tranh/Manga,Tiki,28500,30000,0.05,66,5.0,https://tiki.vn/dau-an-hoang-gia-tap-40-p279082301.html?spid=279082304,False
279063602,Sách Quý Ngài Hoàn Mỹ,Truyện tranh/Manga,Tiki,99100,119000,0.17,8,5.0,https://tiki.vn/sach-quy-ngai-hoan-my-p279063602.html?spid=279063603,False
279059440,Doraemon Movie Story Màu: Nobita Và Đảo Giấu Vàng,Truyện tranh/Manga,Tiki,31500,35000,0.1,21,0.0,https://tiki.vn/doraemon-movie-story-mau-nobita-va-dao-giau-vang-p279059440.html?spid=279059441,False
278945831,Thiên Sứ Nhà Bên – (Bản Phổ Thông) [chọn Tập Lẻ,Truyện tranh/Manga,Tiki,85500,95000,0.1,18,5.0,https://tiki.vn/thien-su-nha-ben-tap-9-ban-pho-thong-tang-bookmark-p278945831.html?spid=277360189,False
278903287,Sách - Dấu Ấn Hoàng Gia - Tập 37,Truyện tranh/Manga,Tiki,30000,30000,0.0,62,5.0,https://tiki.vn/sach-dau-an-hoang-gia-tap-37-p278903287.html?spid=278903288,False
278883286,Sách - Thám Tử Lừng Danh Conan - Hoạt Hình Màu - Nàng Dâu Halloween - Tập 2,Truyện tranh/Manga,Tiki,58800,60000,0.02,7,0.0,https://tiki.vn/sach-tham-tu-lung-danh-conan-hoat-hinh-mau-nang-dau-halloween-tap-2-p278883286.html?spid=278883287,False
278733177,Truyện tranh Rắc rối đáng yêu (Lovely Complex) full 17 tập - Chang Book,Truyện tranh/Manga,Tiki,58500,58500,0.0,9,5.0,https://tiki.vn/truyen-tranh-rac-roi-dang-yeu-lovely-complex-chang-book-p278733177.html?spid=279419011,False
278596739,Sách - Thị Trấn Mèo - Tập 10 - Tặng Kèm Postcard,Truyện tranh/Manga,Tiki,66600,68000,0.02,24,5.0,https://tiki.vn/sach-thi-tran-meo-tap-10-tang-kem-postcard-p278596739.html?spid=278596740,False
278572375,Servamp - Hầu Cận Ma Cà Rồng – Tập 19,Truyện tranh/Manga,Tiki,33250,35000,0.05,5,5.0,https://tiki.vn/servamp-hau-can-ma-ca-rong-tap-19-p278572375.html?spid=278572377,False
278493331,Bé Lớn Lên Cùng Những Câu Chuyện Nhỏ,Truyện tranh/Manga,Tiki,48700,69000,0.29,11,0.0,https://tiki.vn/be-lon-len-cung-nhung-cau-chuyen-nho-p278493331.html?spid=278493344,False
278095717,Dấu Ấn Hoàng Gia - Tập 25,Truyện tranh/Manga,Tiki,29400,30000,0.02,114,5.0,https://tiki.vn/dau-an-hoang-gia-tap-25-p278095717.html?spid=278095718,False
276947999,Yêu Thầm - Tập 2,Truyện tranh/Manga,Tiki,143500,205000,0.3,242,5.0,https://tiki.vn/yeu-tham-tap-2-p276947999.html?spid=276948017,False
276944222,Truyện - Doraemon Tranh Truyện Màu - Nobita Và Cuộc Phiêu Lưu Ở Thành Phố Dây Cót - Chọn Lẻ 2 Tập - Kim Đồng,Truyện tranh/Manga,Tiki,34000,34000,0.0,4,0.0,https://tiki.vn/truyen-doraemon-tranh-truyen-mau-nobita-va-cuoc-phieu-luu-o-thanh-pho-day-cot-chon-le-2-tap-kim-dong-p276944222.html?spid=276944224,False
276819713,Thám Tử Lừng Danh Conan - Giờ Trà Của Zero Tập 4 [Tặng Kèm Obi Metalize],Truyện tranh/Manga,Tiki,34300,35000,0.02,54,5.0,https://tiki.vn/tham-tu-lung-danh-conan-gio-tra-cua-zero-tap-4-tang-kem-obi-metalize-p276819713.html?spid=276819718,False
276589155,Truyện tranh Câu Lạc Bộ Những Kẻ Mất Ngủ - Insomniacs After School (Chang Book),Truyện tranh/Manga,Tiki,46800,46800,0.0,3,0.0,https://tiki.vn/truyen-tranh-cau-lac-bo-nhung-ke-mat-ngu-insomniacs-after-school-chang-book-p276589155.html?spid=276969552,False
276581136,Truyện tranh Dấu ấn Hoàng Gia lẻ Tập (1 -> 66) - Chang Book,Truyện tranh/Manga,Tiki,35100,35100,0.0,9,0.0,https://tiki.vn/truyen-tranh-dau-an-hoang-gia-chang-book-p276581136.html?spid=279447249,False
276528404,Truyện Tranh - Thám Tử Lừng Danh Conan - Bản Nâng Cấp - Tập 1 Đến Tập 77,Truyện tranh/Manga,Tiki,35000,35000,0.0,2,5.0,https://tiki.vn/tham-tu-lung-danh-conan-ban-nang-cap-p276528404.html?spid=279188270,False
276487775,Truyện tranh Skip and Loafer - Nhịp bước tuổi xanh (Chang Book),Truyện tranh/Manga,Tiki,58000,58000,0.0,2,1.0,https://tiki.vn/truyen-tranh-skip-and-loafer-nhip-buoc-tuoi-xanh-chang-book-p276487775.html?spid=277811562,False
276425590,Bluelock Tập 24 (Bản Thường),Truyện tranh/Manga,Tiki,32300,35000,0.08,20,5.0,https://tiki.vn/bluelock-tap-24-ban-thuong-tang-kem-pvc-card-p276425590.html?spid=276425591,False
275129547,One-Punch Man Tập 27: Tatsumaki Toàn Phần Công Lực,Truyện tranh/Manga,Tiki,29400,30000,0.02,128,5.0,https://tiki.vn/one-punch-man-tap-27-tatsumaki-toan-phan-cong-luc-p275129547.html?spid=275129548,False
273952771,Tớ Là Mèo Pusheen Tập 2 - Cuộc Sống Muôn Màu Của Pusheen,Truyện tranh/Manga,Tiki,62400,80000,0.22,50,5.0,https://tiki.vn/to-la-meo-pusheen-tap-2-cuoc-song-muon-mau-cua-pusheen-p273952771.html?spid=273952772,False
273789471,Slam Dunk - Deluxe Edition - Tập 18 - Tặng Kèm Obi + Bìa Áo Limited Ngẫu Nhiên,Truyện tranh/Manga,Tiki,59400,60000,0.01,39,5.0,https://tiki.vn/slam-dunk-deluxe-edition-tap-18-tang-kem-obi-bia-ao-limited-ngau-nhien-p273789471.html?spid=273789472,False
272376581,Thám Tử Lừng Danh Conan - Tập 71 (Tái Bản 2023),Truyện tranh/Manga,Tiki,25000,25000,0.0,13,0.0,https://tiki.vn/tham-tu-lung-danh-conan-tap-71-tai-ban-2023-p272376581.html?spid=272376582,False
270790479,Shin - Cậu Bé Bút Chì - Tập 42,Truyện tranh/Manga,Tiki,23750,25000,0.05,17,5.0,https://tiki.vn/shin-cau-be-but-chi-tap-42-p270790479.html?spid=270790482,False
254085701,Kingdom 49,Truyện tranh/Manga,Tiki,42000,45000,0.07,256,5.0,https://tiki.vn/kingdom-49-p254085701.html?spid=254085703,False
250074902,Thám Tử Lừng Danh Conan Tập 3 [Tái Bản 2023],Truyện tranh/Manga,Tiki,23750,25000,0.05,98,5.0,https://tiki.vn/tham-tu-lung-danh-conan-tap-3-tai-ban-2023-p250074902.html?spid=250074909,False
247444616,My Hero Academia - Học Viện Siêu Anh Hùng Tập 32: Kẻ Tiếp Theo,Truyện tranh/Manga,Tiki,28500,30000,0.05,292,5.0,https://tiki.vn/my-hero-academia-hoc-vien-sieu-anh-hung-tap-32-ke-tiep-theo-tang-kem-bookmark-nhan-vat-p247444616.html?spid=247444617,False
246073878,Thám Tử Lừng Danh Conan - Tuyển Tập Đặc Biệt: FBI Selection (Tái Bản),Truyện tranh/Manga,Tiki,52250,55000,0.05,88,4.8,https://tiki.vn/tham-tu-lung-danh-conan-tuyen-tap-dac-biet-fbi-selection-tai-ban-2023-p246073878.html?spid=246073879,False
242424351,Khu Rừng Đom Đóm (Bản Mới),Truyện tranh/Manga,Tiki,63000,65000,0.03,324,5.0,https://tiki.vn/khu-rung-dom-dom-ban-moi-p242424351.html?spid=242424352,False
215983658,Combo Đội Quân Doraemon Đặc Biệt - Trường Học Robot (3 Tập),Truyện tranh/Manga,Tiki,65550,72000,0.09,94,5.0,https://tiki.vn/combo-doi-quan-doraemon-dac-biet-truong-hoc-robot-3-tap-p215983658.html?spid=215983659,False
197990867,Doraemon Movie Story: Nobita Và Viện Bảo Tàng Bảo Bối,Truyện tranh/Manga,Tiki,33250,35000,0.05,340,5.0,https://tiki.vn/doraemon-movie-story-nobita-va-vien-bao-tang-bao-boi-p197990867.html?spid=197990868,False
192115858,Chú Thuật Hồi Chiến -  Tập 5,Truyện tranh/Manga,Tiki,28500,30000,0.05,3104,5.0,https://tiki.vn/chu-thuat-hoi-chien-tap-5-p192115858.html?spid=271536111,False
72970903,Doraemon Hoạt Hình Màu - Tập 1 (Tái Bản 2020),Truyện tranh/Manga,Tiki,33250,35000,0.05,31,5.0,https://tiki.vn/doraemon-hoat-hinh-mau-tap-1-tai-ban-2020-p72970903.html?spid=72970905,False
59260763,Dr.SLUMP Ultimate Edition - Tập 2,Truyện tranh/Manga,Tiki,57000,60000,0.05,1030,5.0,https://tiki.vn/dr-slump-ultimate-edition-tap-2-p59260763.html?spid=59260764,False
50724989,Combo Thám Tử Lừng Danh Conan Tập 51 - 60 (Bộ 10 cuốn),Truyện tranh/Manga,Tiki,237500,250000,0.05,661,5.0,https://tiki.vn/combo-tham-tu-lung-danh-conan-tap-51-60-bo-10-cuon-p50724989.html?spid=58806030,False
279411794,Máy tính bảng Samsung Galaxy Tab A11 4G ( 4GB/64GB) - Hàng chính hãng,Điện thoại - Máy tính bảng,Tiki,6990000,6990000,0.0,110,0.0,https://tiki.vn/may-tinh-bang-samsung-galaxy-tab-a11-4g-4gb-64gb-p279411794.html?spid=279412568,True
279411764,Máy Tính Bảng Samsung Galaxy Tab A11 WiFi (4GB/64GB) - Hàng chính hãng,Điện thoại - Máy tính bảng,Tiki,5990000,5990000,0.0,182,0.0,https://tiki.vn/may-tinh-bang-samsung-galaxy-tab-a11-wifi-4gb-64gb-p279411764.html?spid=279411768,True
279314917,Điện thoại Xiaomi Redmi Note 15 Pro 12GB/256GB - Hàng Chính Hãng,Điện thoại - Máy tính bảng,Tiki,7590000,7590000,0.0,7,4.7,https://tiki.vn/dien-thoai-xiaomi-redmi-note-15-pro-12gb-256gb-hang-chinh-hang-p279314917.html?spid=279322849,True
279314906,Điện thoại Xiaomi Redmi Note 15 Pro 8GB/256GB - Hàng Chính Hãng,Điện thoại - Máy tính bảng,Tiki,7250000,7250000,0.0,0,0.0,https://tiki.vn/dien-thoai-xiaomi-redmi-note-15-pro-8gb-256gb-hang-chinh-hang-p279314906.html?spid=279314910,True
279297038,Điện Thoại Samsung Galaxy A57 5G 8GB/128GB - Hàng Chính Hãng,Điện thoại - Máy tính bảng,Tiki,10169000,12490000,0.19,0,0.0,https://tiki.vn/dien-thoai-samsung-galaxy-a57-5g-8gb-128gb-hang-chinh-hang-p279297038.html?spid=279297040,True
279277488,Điện thoại Samsung Galaxy A57 5G (8GB/128GB) - Hàng chính hãng,Điện thoại - Máy tính bảng,Tiki,12490000,12490000,0.0,1,5.0,https://tiki.vn/dien-thoai-samsung-galaxy-a57-5g-8gb-128gb-hang-chinh-hang-p279277488.html?spid=279277490,True
279257510,Điện Thoại Samsung Galaxy A57 5G ( 8GB/128GB) - Hàng Chính Hãng,Điện thoại - Máy tính bảng,Tiki,9900000,12490000,0.21,3,4.8,https://tiki.vn/dien-thoai-samsung-galaxy-a57-5g-8gb-128gb-hang-chinh-hang-p279257510.html?spid=279257514,True
279257463,Điện Thoại Samsung Galaxy A37 5G (8GB/128GB) - Hàng Chính Hãng,Điện thoại - Máy tính bảng,Tiki,8990000,10990000,0.18,3,5.0,https://tiki.vn/dien-thoai-samsung-galaxy-a37-5g-hang-chinh-hang-p279257463.html?spid=279257465,True
279254865,Điện Thoại Xiaomi Redmi Note 15 Pro 5G 12GB/256GB - Hàng Chính Hãng,Điện thoại - Máy tính bảng,Tiki,9819000,11490000,0.15,0,5.0,https://tiki.vn/dien-thoai-xiaomi-redmi-note-15-pro-5g-12gb-256gb-hang-chinh-hang-p279254865.html?spid=279254871,True
279231976,Apple iPad Air M4 11-Inch Wi-Fi,Điện thoại - Máy tính bảng,Tiki,18490000,18490000,0.0,9,5.0,https://tiki.vn/apple-ipad-air-m4-11-inch-wi-fi-hang-chinh-hang-p279231976.html?spid=279231986,True
279188180,Máy Tính Bảng Galaxy Tab S10 Lite Wifi (8GB/256GB) - Hàng Chính Hãng,Điện thoại - Máy tính bảng,Tiki,11990000,11990000,0.0,97,0.0,https://tiki.vn/may-tinh-bang-galaxy-tab-s10-lite-wifi-8gb-256gb-hang-chinh-hang-p279188180.html?spid=279188182,True
279185853,Điện Thoại Samsung Galaxy S26 Ultra (12GB/256GB) - Hàng Chính Hãng,Điện thoại - Máy tính bảng,Tiki,27900000,36990000,0.25,5,0.0,https://tiki.vn/dien-thoai-samsung-galaxy-s26-ultra-12gb-256gb-hang-chinh-hang-p279185853.html?spid=279185857,True
279185842,Điện Thoại Samsung Galaxy S26+ (12GB/256GB) - Hàng Chính Hãng,Điện thoại - Máy tính bảng,Tiki,21990000,29990000,0.27,0,0.0,https://tiki.vn/dien-thoai-samsung-galaxy-s26-12gb-256gb-hang-chinh-hang-p279185842.html?spid=279185844,True
279185812,Điện Thoại Samsung Galaxy S26 (12GB/256GB) - Hàng Chính Hãng,Điện thoại - Máy tính bảng,Tiki,20900000,25990000,0.2,1,0.0,https://tiki.vn/dien-thoai-samsung-galaxy-s26-12gb-256gb-hang-chinh-hang-p279185812.html?spid=279185818,True
279122014,Điện thoại Xiaomi Redmi Note 15 Pro (12GB/256GB) - Hàng chính hãng,Điện thoại - Máy tính bảng,Tiki,8290000,10090000,0.18,0,0.0,https://tiki.vn/dien-thoai-xiaomi-redmi-note-15-pro-12gb-256gb-hang-chinh-hang-p279122014.html?spid=279122018,True
279077078, Điện thoại Oppo A5x (4GB/128GB) - Hàng chính hãng,Điện thoại - Máy tính bảng,Tiki,4690000,4690000,0.0,7571,0.0,https://tiki.vn/dien-thoai-oppo-a5x-4gb-128gb-hang-chinh-hang-p279077078.html?spid=279077080,True
279074852,Điện Thoại Xiaomi Redmi 15C 6GB/128GB - Hàng Chính Hãng,Điện thoại - Máy tính bảng,Tiki,4439000,4990000,0.11,2,5.0,https://tiki.vn/dien-thoai-xiaomi-redmi-15c-6gb-128gb-hang-chinh-hang-p279074852.html?spid=279074854,True
278820676,Điện Thoại Xiaomi 15T Pro 5G 12GB/512GB - Hàng Chính Hãng,Điện thoại - Máy tính bảng,Tiki,16979000,19490000,0.13,0,0.0,https://tiki.vn/dien-thoai-xiaomi-15t-pro-5g-12gb-512gb-hang-chinh-hang-p278820676.html?spid=278820682,True
278814651,Điện thoại Xiaomi Redmi 15C (6GB/128GB) - Hàng chính hãng,Điện thoại - Máy tính bảng,Tiki,4990000,4990000,0.0,7,0.0,https://tiki.vn/dien-thoai-xiaomi-redmi-15c-6gb-128gb-hang-chinh-hang-p278814651.html?spid=279051355,True
278730376,Máy tính bảng Samsung Galaxy Tab A11 Wifi (4GB/64GB) - Hàng chính hãng,Điện thoại - Máy tính bảng,Tiki,3990000,3990000,0.0,0,0.0,https://tiki.vn/may-tinh-bang-samsung-galaxy-tab-a11-wifi-4gb-64gb-hang-chinh-hang-p278730376.html?spid=278730380,True
278729165,Máy tính bảng Samsung Galaxy Tab A11 LTE (4GB/64GB) - Hàng chính hãng,Điện thoại - Máy tính bảng,Tiki,5490000,5490000,0.0,2,0.0,https://tiki.vn/may-tinh-bang-samsung-galaxy-tab-a11-lte-4gb-64gb-hang-chinh-hang-p278729165.html?spid=278729169,True
278635796,Điện Thoại Samsung Galaxy A17 8GB/128GB - Hàng Chính Hãng,Điện thoại - Máy tính bảng,Tiki,5249000,6190000,0.15,3,0.0,https://tiki.vn/dien-thoai-samsung-galaxy-a17-8gb-128gb-hang-chinh-hang-p278635796.html?spid=278635798,True
278630285,Apple iPhone Air - Xanh Da Trời - 256GB,Điện thoại - Máy tính bảng,Tiki,21990000,21990000,0.0,53,5.0,https://tiki.vn/apple-iphone-air-p278630285.html?spid=278630803,True
278630241,Apple iPhone 17 - Xanh lam khói - 256GB,Điện thoại - Máy tính bảng,Tiki,23500000,23500000,0.0,251,5.0,https://tiki.vn/apple-iphone-17-p278630241.html?spid=278630823,True
278591193,Điện thoại Samsung Galaxy A17 5G (8GB/128GB) - Hàng chính hãng,Điện thoại - Máy tính bảng,Tiki,6390000,6390000,0.0,0,0.0,https://tiki.vn/dien-thoai-samsung-galaxy-a17-5g-8gb-128gb-hang-chinh-hang-p278591193.html?spid=278591198,True
278540683,Điện Thoại Samsung Galaxy A17 5G 8GB/128GB - Hàng Chính Hãng,Điện thoại - Máy tính bảng,Tiki,5929000,6190000,0.04,2,0.0,https://tiki.vn/dien-thoai-samsung-galaxy-a17-5g-8gb-128gb-hang-chinh-hang-p278540683.html?spid=278540689,True
277944334,Điện Thoại Samsung Galaxy A06 5G 4GB/64GB - Hàng Chính Hãng,Điện thoại - Máy tính bảng,Tiki,3389000,3490000,0.03,8,5.0,https://tiki.vn/dien-thoai-samsung-a06-5g-4gb-64gb-hang-chinh-hang-p277944334.html?spid=277944340,True
277812880,Máy Tính Bảng Galaxy Tab S10 FE Wifi (8GB/128GB) - Hàng Chính Hãng,Điện thoại - Máy tính bảng,Tiki,9900000,11990000,0.17,196,5.0,https://tiki.vn/may-tinh-bang-galaxy-tab-s10-fe-wifi-8gb-128gb-hang-chinh-hang-p277812880.html?spid=277812886,True
277646748,Điện thoại Samsung Galaxy A06 5G (4GB/64GB) - Hàng chính hãng,Điện thoại - Máy tính bảng,Tiki,3990000,3990000,0.0,2,5.0,https://tiki.vn/dien-thoai-samsung-galaxy-a06-5g-4gb-64gb-hang-chinh-hang-p277646748.html?spid=277646755,True
277619147,Máy tính bảng iPad Gen 11 (A16) WiFi,Điện thoại - Máy tính bảng,Tiki,11990000,11990000,0.0,474,5.0,https://tiki.vn/may-tinh-bang-ipad-gen-11-a16-wifi-p277619147.html?spid=277619155,True
277574339,Củ Sạc Samsung Không Kèm Cáp 25W - Hàng Chính Hãng,Điện thoại - Máy tính bảng,Tiki,180000,540000,0.67,512,4.8,https://tiki.vn/cu-sac-samsung-khong-kem-cap-25w-hang-chinh-hang-p277574339.html?spid=277574341,False
277512611,Điện Thoại Samsung Galaxy A56 5G 8GB/128GB - Hàng Chính Hãng,Điện thoại - Máy tính bảng,Tiki,9990000,9990000,0.0,2,5.0,https://tiki.vn/dien-thoai-samsung-a56-5g-8gb-128gb-hang-chinh-hang-p277512611.html?spid=277512615,True
276539826,"Máy đọc sách New Kindle 2024, 16Gb Mới nguyên Seal - Hàng chính hãng",Điện thoại - Máy tính bảng,Tiki,3690000,3690000,0.0,9,5.0,https://tiki.vn/may-doc-sach-new-kindle-2024-16gb-moi-nguyen-seal-hang-chinh-hang-p276539826.html?spid=276540791,True
276448920,"Máy đọc sách Amazon Kindle Paperwhite 6 (Gen 12th), Mới nguyên Seal - Hàng chính hãng",Điện thoại - Máy tính bảng,Tiki,4890000,4890000,0.0,24,5.0,https://tiki.vn/may-doc-sach-amazon-kindle-paperwhite-6-gen-12th-hang-chinh-hang-p276448920.html?spid=276448922,True
275386982,Điện Thoại Nokia 220 4G - Hàng Chính Hãng,Điện thoại - Máy tính bảng,Tiki,1089000,1190000,0.08,17,5.0,https://tiki.vn/dien-thoai-nokia-220-4g-hang-chinh-hang-p275386982.html?spid=275386986,True
271234577,Điện Thoại Nokia 105 4G Pro - Hàng Chính Hãng,Điện thoại - Máy tính bảng,Tiki,849000,849000,0.0,20,5.0,https://tiki.vn/dien-thoai-nokia-105-4g-pro-hang-chinh-hang-p271234577.html?spid=271234579,True
252586291,Máy đọc sách All New Kindle Paperwhite 5 (11th Gen) - Hàng chính hãng,Điện thoại - Máy tính bảng,Tiki,4130000,4130000,0.0,521,5.0,https://tiki.vn/may-doc-sach-all-new-kindle-paperwhite-5-11th-gen-hang-nhap-khau-p252586291.html?spid=252586532,True
201067649,Combo máy đọc sách Kindle Paperwhite 5 (11th gen) tặng kèm bao da ( Cover ) - Hàng nhập khẩu,Điện thoại - Máy tính bảng,Tiki,3890000,3890000,0.0,256,5.0,https://tiki.vn/combo-may-doc-sach-kindle-paperwhite-5-8gb-black-11th-gen-tang-kem-bao-da-cover-hang-nhap-khau-p201067649.html?spid=184640913,True
196197701,Điện thoại Samsung Galaxy Z Fold4 5G (12GB/256GB) - Hàng chính hãng,Điện thoại - Máy tính bảng,Tiki,40990000,40990000,0.0,0,0.0,https://tiki.vn/dien-thoai-samsung-galaxy-z-fold4-5g-12gb-256gb-hang-chinh-hang-p196197701.html?spid=196197705,True
4048581,Điện Thoại Bàn Panasonic KX-TSC11,Điện thoại - Máy tính bảng,Tiki,739000,739000,0.0,67,4.5,https://tiki.vn/dien-thoai-ban-panasonic-kx-tsc11-hang-chinh-hang-p4048581.html?spid=26683926,True
279463314,Điện thoại Xiaomi Redmi Note 15 (8GB/128GB) - Hàng chính hãng,Điện thoại - Máy tính bảng,Tiki,6490000,6490000,0.0,0,0.0,https://tiki.vn/dien-thoai-xiaomi-redmi-note-15-8gb-128gb-hang-chinh-hang-p279463314.html?spid=279463318,True
279418684,Điện Thoại Xiaomi Redmi 15 5G 4GB/128GB - Hàng Chính Hãng,Điện thoại - Máy tính bảng,Tiki,4439000,5690000,0.22,0,0.0,https://tiki.vn/dien-thoai-xiaomi-redmi-15-5g-4gb-128gb-hang-chinh-hang-p279418684.html?spid=279418686,True
279418598,Điện Thoại Samsung Galaxy A07 5G 4GB/128GB - Hàng Chính Hãng,Điện thoại - Máy tính bảng,Tiki,4299000,4590000,0.06,0,0.0,https://tiki.vn/dien-thoai-samsung-galaxy-a07-5g-4gb-128gb-hang-chinh-hang-p279418598.html?spid=279418600,True
279402741,Điện thoại Samsung Galaxy A07 5G (4GB/64GB) - Hàng chính hãng,Điện thoại - Máy tính bảng,Tiki,4690000,4690000,0.0,0,0.0,https://tiki.vn/dien-thoai-samsung-galaxy-a07-5g-4gb-64gb-hang-chinh-hang-p279402741.html?spid=279402747,True
279389858,Điện thoại Xiaomi Redmi A7 Pro (4GB/64GB) - Hàng chính hãng,Điện thoại - Máy tính bảng,Tiki,4190000,4190000,0.0,0,0.0,https://tiki.vn/dien-thoai-xiaomi-redmi-a7-pro-hang-chinh-hang-p279389858.html?spid=279389860,True
279280385,Điện thoại Xiaomi Redmi Note 15 Pro (8GB/256GB) - Hàng chính hãng,Điện thoại - Máy tính bảng,Tiki,8990000,8990000,0.0,0,0.0,https://tiki.vn/dien-thoai-xiaomi-redmi-note-15-pro-8gb-256gb-hang-chinh-hang-p279280385.html?spid=279280389,True
279278848,Điện thoại Samsung Galaxy A37 5G (8GB/128GB) - Hàng chính hãng,Điện thoại - Máy tính bảng,Tiki,10790000,10790000,0.0,0,0.0,https://tiki.vn/dien-thoai-samsung-galaxy-a37-5g-8gb-128gb-hang-chinh-hang-p279278848.html?spid=279278852,True
279277445,Điện thoại Samsung Galaxy S26+ (12GB/512GB) - Hàng chính hãng,Điện thoại - Máy tính bảng,Tiki,35990000,35990000,0.0,0,0.0,https://tiki.vn/dien-thoai-samsung-galaxy-s26-12gb-512gb-hang-chinh-hang-p279277445.html?spid=279277449,True
279277056,Điện thoại Samsung Galaxy S26+ (12GB/256GB) - Hàng chính hãng,Điện thoại - Máy tính bảng,Tiki,29990000,29990000,0.0,0,0.0,https://tiki.vn/dien-thoai-samsung-galaxy-s26-12gb-256gb-hang-chinh-hang-p279277056.html?spid=279277060,True
279255062,Máy Tính Bảng Xiaomi Redmi Pad 2 Wifi 6GB/128GB - Hàng Chính Hãng,Điện thoại - Máy tính bảng,Tiki,6129000,6690000,0.08,0,0.0,https://tiki.vn/may-tinh-bang-xiaomi-redmi-pad-2-wifi-6gb-128gb-hang-chinh-hang-p279255062.html?spid=279255066,True
279254739,Điện Thoại Xiaomi Redmi 15 5G 8GB/256GB - Hàng Chính Hãng,Điện thoại - Máy tính bảng,Tiki,6279000,6690000,0.06,2,5.0,https://tiki.vn/dien-thoai-xiaomi-redmi-15-5g-8gb-256gb-hang-chinh-hang-p279254739.html?spid=279254741,True
279247627,Điện thoại Xiaomi Redmi 15 5G (4GB/128GB) - Hàng chính hãng,Điện thoại - Máy tính bảng,Tiki,5690000,5690000,0.0,0,0.0,https://tiki.vn/dien-thoai-xiaomi-redmi-15-5g-4gb-128gb-hang-chinh-hang-p279247627.html?spid=279247629,True
279212199,Điện thoại Samsung Galaxy A17 5G (4GB/128GB) - Hàng chính hãng,Điện thoại - Máy tính bảng,Tiki,6190000,6190000,0.0,0,0.0,https://tiki.vn/dien-thoai-samsung-galaxy-a17-5g-4gb-128gb-hang-chinh-hang-p279212199.html?spid=279212205,True
279076946,Điện Thoại Xiaomi Redmi Note 15 6GB/128GB - Hàng Chính Hãng,Điện thoại - Máy tính bảng,Tiki,5069000,5990000,0.15,1,0.0,https://tiki.vn/dien-thoai-xiaomi-redmi-note-15-6gb-128gb-hang-chinh-hang-p279076946.html?spid=279076950,True
279076844,Điện Thoại Xiaomi Redmi Note 15 5G 6GB/128GB - Hàng Chính Hãng,Điện thoại - Máy tính bảng,Tiki,6139000,7490000,0.18,1,5.0,https://tiki.vn/dien-thoai-xiaomi-redmi-note-15-5g-6gb-128gb-hang-chinh-hang-p279076844.html?spid=279076846,True
279076808,Điện Thoại Xiaomi Redmi Note 15 Pro 12GB/256GB - Hàng Chính Hãng,Điện thoại - Máy tính bảng,Tiki,8269000,10090000,0.18,0,0.0,https://tiki.vn/dien-thoai-xiaomi-redmi-note-15-pro-12gb-256gb-hang-chinh-hang-p279076808.html?spid=279076812,True
279075921,Điện Thoại Oppo A6t 4GB/128GB - Hàng Chính Hãng,Điện thoại - Máy tính bảng,Tiki,5349000,5490000,0.03,0,0.0,https://tiki.vn/dien-thoai-oppo-a6t-4gb-128gb-hang-chinh-hang-p279075921.html?spid=279075925,True
279073856,Điện thoại Xiaomi Redmi Note 15 (6GB/128GB) - Hàng chính hãng,Điện thoại - Máy tính bảng,Tiki,5990000,5990000,0.0,0,0.0,https://tiki.vn/dien-thoai-xiaomi-redmi-note-15-6gb-128gb-hang-chinh-hang-p279073856.html?spid=279073860,True
278834233,Điện Thoại Xiaomi Redmi Note 14 8GB/256GB - Hàng Chính Hãng,Điện thoại - Máy tính bảng,Tiki,5979000,6190000,0.03,0,0.0,https://tiki.vn/dien-thoai-xiaomi-redmi-note-14-8gb-256gb-hang-chinh-hang-p278834233.html?spid=278834239,True
278834052,Điện Thoại Xiaomi Redmi Note 14 8GB/128GB - Hàng Chính Hãng,Điện thoại - Máy tính bảng,Tiki,4999000,5490000,0.09,1,0.0,https://tiki.vn/dien-thoai-xiaomi-redmi-note-14-8gb-128gb-hang-chinh-hang-p278834052.html?spid=278834054,True
278672823,Điện thoại Samsung Galaxy A17 LTE (8GB/128GB) - Hàng chính hãng,Điện thoại - Máy tính bảng,Tiki,6190000,6190000,0.0,0,0.0,https://tiki.vn/dien-thoai-samsung-galaxy-a17-lte-8gb-128gb-hang-chinh-hang-p278672823.html?spid=278672827,True
278592429,Điện thoại Samsung Galaxy A07 LTE (6GB/128GB) - Hàng chính hãng,Điện thoại - Máy tính bảng,Tiki,4490000,4490000,0.0,0,0.0,https://tiki.vn/dien-thoai-samsung-galaxy-a07-lte-6gb-128gb-hang-chinh-hang-p278592429.html?spid=278592431,True
278592403,Điện thoại Samsung Galaxy A07 LTE (4GB/64GB) - Hàng chính hãng,Điện thoại - Máy tính bảng,Tiki,3890000,3890000,0.0,0,0.0,https://tiki.vn/dien-thoai-samsung-galaxy-a07-lte-4gb-64gb-hang-chinh-hang-p278592403.html?spid=278592409,True
278591094,Điện thoại Samsung Galaxy A07 LTE (4GB/128GB) - Hàng chính hãng,Điện thoại - Máy tính bảng,Tiki,4190000,4190000,0.0,0,0.0,https://tiki.vn/dien-thoai-samsung-galaxy-a07-lte-4gb-128gb-hang-chinh-hang-p278591094.html?spid=278591100,True
277944378,Điện Thoại Xiaomi Redmi A5 3GB/64GB - Hàng Chính Hãng,Điện thoại - Máy tính bảng,Tiki,2999000,3090000,0.03,0,0.0,https://tiki.vn/dien-thoai-xiaomi-redmi-a5-3gb-64gb-hang-chinh-hang-p277944378.html?spid=277944380,True
277811118,Điện Thoại Xiaomi Redmi Note 14 5G 8GB/256GB - Hàng Chính Hãng,Điện thoại - Máy tính bảng,Tiki,6199000,7290000,0.15,1,0.0,https://tiki.vn/dien-thoai-xiaomi-redmi-note-14-5g-8gb-256gb-hang-chinh-hang-p277811118.html?spid=277811124,True
277737595,Điện Thoại Samsung Galaxy A06 5G 4GB/128GB - Hàng Chính Hãng,Điện thoại - Máy tính bảng,Tiki,3799000,4490000,0.15,17,4.8,https://tiki.vn/dien-thoai-samsung-a06-5g-4gb-128gb-hang-chinh-hang-p277737595.html?spid=277737599,True
277651890,Điện thoại Samsung Galaxy A06 5G (4GB/128GB) - Hàng chính hãng,Điện thoại - Máy tính bảng,Tiki,4490000,4490000,0.0,0,0.0,https://tiki.vn/dien-thoai-samsung-galaxy-a06-5g-4gb-128gb-hang-chinh-hang-p277651890.html?spid=277651926,True
276451993,"Máy đọc sách Basic 2024 màn hình 6 inch, độ phân giải 300ppi, dung Lượng 16GB, cổng sạc type C - HÀNG CHÍNH HÃNG",Điện thoại - Máy tính bảng,Tiki,3790000,3790000,0.0,6,0.0,https://tiki.vn/may-doc-sach-basic-2024-man-hinh-6-inch-do-phan-giai-300ppi-dung-luong-16gb-cong-sac-type-c-p276451993.html?spid=276452015,True
275386649,Điện Thoại Nokia 3210 4G - Hàng Chính Hãng,Điện thoại - Máy tính bảng,Tiki,1549000,1790000,0.13,5,5.0,https://tiki.vn/dien-thoai-nokia-3210-4g-hang-chinh-hang-p275386649.html?spid=275386651,True
271530789,Combo Máy đọc sách All New Kindle Paperwhite 6 - Hàng chính hãng,Điện thoại - Máy tính bảng,Tiki,4790000,4790000,0.0,17,4.7,https://tiki.vn/combo-may-doc-sach-all-new-kindle-paperwhite-5-11th-kids-edittion-khong-quang-cao-va-bao-da-hang-chinh-hang-p271530789.html?spid=276464092,True
271362153,"Combo Máy đọc sách All New Kindle Paperwhite 5 (11th Gen) và Bao da FOR KIDS (Bản KIDS, Không Quảng Cáo) - Hàng chính hãng",Điện thoại - Máy tính bảng,Tiki,3990000,3990000,0.0,16,5.0,https://tiki.vn/combo-may-doc-sach-all-new-kindle-paperwhite-5-11th-gen-va-bao-da-for-kids-ban-kids-khong-quang-cao-hang-nhap-khau-p271362153.html?spid=271362159,True
270794184,"Máy đọc sách Kobo Clara (Clara Colour, Clara BW, Clara 2e, Clara HD) - 6inch, 16gb - Hàng Chính Hãng",Điện thoại - Máy tính bảng,Tiki,5390000,5390000,0.0,9,5.0,https://tiki.vn/may-doc-sach-kobo-clara-hang-chinh-hang-p270794184.html?spid=275380047,True
249782771,Máy tính bảng Xelex Gama Tab X8 EDU (Hàng chính hãng),Điện thoại - Máy tính bảng,Tiki,2890000,2890000,0.0,0,0.0,https://tiki.vn/may-tinh-bang-xelex-gama-tab-x8-edu-p249782771.html?spid=249782772,True
193366048,Điện thoại OnePlus 10T 5G - Hàng Chính Hãng,Điện thoại - Máy tính bảng,Tiki,15990000,15990000,0.0,0,0.0,https://tiki.vn/dien-thoai-oneplus-10t-5g-hang-chinh-hang-p193366048.html?spid=193366050,True
172537996,"(Hàng chính hãng) Điện thoại bàn hữu tuyến H2P, hiệu Alcatel - Lucent",Điện thoại - Máy tính bảng,Tiki,2220000,2220000,0.0,0,0.0,https://tiki.vn/dien-thoai-ban-huu-tuyen-h2p-hieu-alcatel-lucent-p172537996.html?spid=172537997,True
139632023,Máy đọc sách Kobo Libra 2 - hàng nhập khẩu,Điện thoại - Máy tính bảng,Tiki,8290000,8290000,0.0,209,5.0,https://tiki.vn/may-doc-sach-kobo-libra-libra-colour-libra-2-hang-nhap-khau-p139632023.html?spid=275176272,True
94453667,Điện thoại VoIP Yealink SIP-T30,Điện thoại - Máy tính bảng,Tiki,1050000,1050000,0.0,0,0.0,https://tiki.vn/dien-thoai-voip-yealink-sip-t30-p94453667.html?spid=94453668,True
53380152,Điện Thoại IP Phone Fanvil X1S - Hàng Chính Hãng,Điện thoại - Máy tính bảng,Tiki,950000,950000,0.0,0,0.0,https://tiki.vn/dien-thoai-ip-phone-fanvil-x1s-hang-chinh-hang-p53380152.html?spid=68169992,True
29440849,điện thoại  IP622C - hàng chính hãng,Điện thoại - Máy tính bảng,Tiki,1650000,1650000,0.0,0,0.0,https://tiki.vn/dien-thoai-ip622c-hang-chinh-hang-p29440849.html?spid=29440850,True
279645260,Điện thoại Xiaomi Redmi 17 (6GB/256GB) - Hàng chính hãng,Điện thoại - Máy tính bảng,Tiki,7490000,7490000,0.0,0,0.0,https://tiki.vn/dien-thoai-xiaomi-redmi-17-6gb-256gb-hang-chinh-hang-p279645260.html?spid=279645264,True
279645250,Điện thoại Xiaomi Redmi 17 5G (4GB/128GB) - Hàng chính hãng,Điện thoại - Máy tính bảng,Tiki,6490000,6490000,0.0,0,0.0,https://tiki.vn/dien-thoai-xiaomi-redmi-17-5g-4gb-128gb-hang-chinh-hang-p279645250.html?spid=279645252,True
279638770,Điện Thoại Xiaomi Redmi 17 6GB/256GB - Hàng Chính Hãng,Điện thoại - Máy tính bảng,Tiki,6579000,7490000,0.12,0,0.0,https://tiki.vn/dien-thoai-xiaomi-redmi-17-6gb-256gb-hang-chinh-hang-p279638770.html?spid=279638772,True
279638757,Điện Thoại Oppo A6t Pro 8GB/128GB - Hàng Chính Hãng,Điện thoại - Máy tính bảng,Tiki,8399000,8990000,0.07,0,0.0,https://tiki.vn/dien-thoai-oppo-a6t-pro-8gb-128gb-hang-chinh-hang-p279638757.html?spid=279638759,True
279576348,Điện thoại Xiaomi Redmi A7 (3GB/64GB) - Hàng chính hãng,Điện thoại - Máy tính bảng,Tiki,3890000,3890000,0.0,0,0.0,https://tiki.vn/dien-thoai-xiaomi-redmi-a7-3gb-64gb-hang-chinh-hang-p279576348.html?spid=279576352,True
279564458,Điện Thoại Xiaomi Redmi Note 15 Pro 5G 8GB/256GB - Hàng Chính Hãng,Điện thoại - Máy tính bảng,Tiki,8729000,10490000,0.17,0,0.0,https://tiki.vn/dien-thoai-xiaomi-redmi-note-15-pro-5g-8gb-256gb-hang-chinh-hang-p279564458.html?spid=279564460,True
279564330,Điện Thoại Realme Note 80 4GB/64GB - Hàng Chính Hãng,Điện thoại - Máy tính bảng,Tiki,3559000,3990000,0.11,0,0.0,https://tiki.vn/dien-thoai-realme-note-80-4gb-64gb-hang-chinh-hang-p279564330.html?spid=279564332,True
279551576,"Điện thoại Samsung Galaxy A27 5G (6GB + 128GB) | Màn hình 6.7"" FHD+ | Pin 5000mAh | Snapdragon 6 Gen 3 - Hàng chính hãng",Điện thoại - Máy tính bảng,Tiki,7490000,7990000,0.06,30,0.0,https://tiki.vn/dien-thoai-samsung-galaxy-a27-5g-6gb-128gb-man-hinh-6-7-fhd-pin-5000mah-snapdragon-6-gen-3-hang-chinh-hang-p279551576.html?spid=279551573,True
279528897,Điện Thoại Oppo Reno16 F 5G 8GB/256GB - Hàng Chính Hãng,Điện thoại - Máy tính bảng,Tiki,13439000,15990000,0.16,0,0.0,https://tiki.vn/dien-thoai-oppo-reno16-f-5g-8gb-256gb-hang-chinh-hang-p279528897.html?spid=279528903,True
279509688,Điện thoại Samsung Galaxy A27 5G (6GB/128GB) - Hàng chính hãng,Điện thoại - Máy tính bảng,Tiki,8509000,8509000,0.0,0,0.0,https://tiki.vn/dien-thoai-samsung-galaxy-a27-5g-6gb-128gb-hang-chinh-hang-p279509688.html?spid=279509692,True
279506734,Điện Thoại Realme C85 6GB/128GB - Hàng Chính Hãng,Điện thoại - Máy tính bảng,Tiki,4599000,5690000,0.19,0,0.0,https://tiki.vn/dien-thoai-realme-c85-6gb-128gb-hang-chinh-hang-p279506734.html?spid=279506740,True
279505709,Điện Thoại Oppo A6c 4GB/64GB - Hàng Chính Hãng,Điện thoại - Máy tính bảng,Tiki,4199000,4690000,0.1,0,0.0,https://tiki.vn/dien-thoai-oppo-a6c-4gb-64gb-hang-chinh-hang-p279505709.html?spid=279505711,True
279505669,Điện Thoại Oppo A6c 4GB/128GB - Hàng Chính Hãng,Điện thoại - Máy tính bảng,Tiki,5099000,5690000,0.1,0,0.0,https://tiki.vn/dien-thoai-oppo-a6c-4gb-128gb-hang-chinh-hang-p279505669.html?spid=279505673,True
279505643,Điện thoại Xiaomi 17T Pro 5G (12GB/512GB) - Hàng chính hãng,Điện thoại - Máy tính bảng,Tiki,24990000,24990000,0.0,0,0.0,https://tiki.vn/dien-thoai-xiaomi-17t-pro-5g-12gb-512gb-hang-chinh-hang-p279505643.html?spid=279505647,True
279505636,Máy Tính Bảng Xiaomi Redmi Pad 2 Wifi 4GB/64GB Bản 9.7 Inches - Hàng Chính Hãng,Điện thoại - Máy tính bảng,Tiki,4299000,4990000,0.14,1,0.0,https://tiki.vn/may-tinh-bang-xiaomi-redmi-pad-2-wifi-4gb-64gb-ban-9-7-inches-hang-chinh-hang-p279505636.html?spid=279505638,True
279505495,Máy Tính Bảng Xiaomi Redmi Pad 2 Wifi 4GB/128GB - Hàng Chính Hãng,Điện thoại - Máy tính bảng,Tiki,4989000,5290000,0.06,0,0.0,https://tiki.vn/may-tinh-bang-xiaomi-redmi-pad-2-wifi-4gb-128gb-hang-chinh-hang-p279505495.html?spid=279505497,True
279504673,"Máy tính bảng Xiaomi Redmi Pad 8 11.2"" Wifi (8GB/128GB) - Hàng chính hãng",Điện thoại - Máy tính bảng,Tiki,11990000,11990000,0.0,0,0.0,https://tiki.vn/may-tinh-bang-xiaomi-redmi-pad-8-11-2-wifi-8gb-128gb-hang-chinh-hang-p279504673.html?spid=279504677,True
279504232,Máy tính bảng Xiaomi Redmi Pad 2 9.7 Wifi (4GB/64GB) - Hàng chính hãng,Điện thoại - Máy tính bảng,Tiki,4990000,4990000,0.0,0,0.0,https://tiki.vn/may-tinh-bang-xiaomi-redmi-pad-2-9-7-wifi-4gb-64gb-hang-chinh-hang-p279504232.html?spid=279504234,True
279503826,Điện thoại Xiaomi 17T 5G (12GB/512GB) -  Hàng chính hãng,Điện thoại - Máy tính bảng,Tiki,20990000,20990000,0.0,0,0.0,https://tiki.vn/dien-thoai-xiaomi-17t-5g-12gb-512gb-hang-chinh-hang-p279503826.html?spid=279503830,True
279503231,Điện Thoại Xiaomi Redmi Note 15 8GB/128GB - Hàng Chính Hãng,Điện thoại - Máy tính bảng,Tiki,5899000,6490000,0.09,0,0.0,https://tiki.vn/dien-thoai-xiaomi-redmi-note-15-8gb-128gb-hang-chinh-hang-p279503231.html?spid=279503233,True
279418664,Điện Thoại Xiaomi 17T 5G 12GB/512GB - Hàng Chính Hãng,Điện thoại - Máy tính bảng,Tiki,14849000,20990000,0.29,0,0.0,https://tiki.vn/dien-thoai-xiaomi-17t-5g-12gb-512gb-hang-chinh-hang-p279418664.html?spid=279418666,True
279418637,Điện Thoại Xiaomi 17T Pro 5G 12GB/512GB - Hàng Chính Hãng,Điện thoại - Máy tính bảng,Tiki,19979000,24990000,0.2,0,0.0,https://tiki.vn/dien-thoai-xiaomi-17t-pro-5g-12gb-512gb-hang-chinh-hang-p279418637.html?spid=279418641,True
279395979,Điện thoại realme Note 80 4GB/64GB - Hàng Chính Hãng,Điện thoại - Máy tính bảng,Tiki,3250000,3250000,0.0,0,0.0,https://tiki.vn/dien-thoai-realme-note-80-4gb-64gb-hang-chinh-hang-p279395979.html?spid=279395981,True
279319829,Điện thoại Xiaomi Redmi 15 5G (8GB/256GB) - Hàng chính hãng,Điện thoại - Máy tính bảng,Tiki,6690000,6690000,0.0,0,0.0,https://tiki.vn/dien-thoai-xiaomi-redmi-15-5g-8gb-256gb-hang-chinh-hang-p279319829.html?spid=279319834,True
279307767,Điện Thoại Realme C85 8GB/128GB - Hàng Chính Hãng,Điện thoại - Máy tính bảng,Tiki,4899000,6290000,0.22,2,3.0,https://tiki.vn/dien-thoai-realme-c85-8gb-128gb-hang-chinh-hang-p279307767.html?spid=279307769,True
279185974,Tai nghe nhét tai Samsung EO-IC100 Type C - Hàng Chính Hãng,Điện thoại - Máy tính bảng,Tiki,550000,550000,0.0,214,5.0,https://tiki.vn/tai-nghe-nhet-tai-samsung-eo-ic100-type-c-hang-chinh-hang-p279185974.html?spid=279185975,False
279174132,Máy Tính Bảng Samsung Galaxy Tab A11 Wifi 4GB/64GB - Hàng Chính Hãng,Điện thoại - Máy tính bảng,Tiki,3990000,3990000,0.0,1,0.0,https://tiki.vn/may-tinh-bang-samsung-galaxy-tab-a11-wifi-4gb-64gb-hang-chinh-hang-p279174132.html?spid=279174136,True
279075947,Điện Thoại Oppo A6t 4GB/64GB - Hàng Chính Hãng,Điện thoại - Máy tính bảng,Tiki,4590000,4590000,0.0,0,0.0,https://tiki.vn/dien-thoai-oppo-a6t-4gb-64gb-hang-chinh-hang-p279075947.html?spid=279075951,True
279075629,Điện Thoại Xiaomi Redmi 15C 4GB/128GB - Hàng Chính Hãng,Điện thoại - Máy tính bảng,Tiki,3899000,4690000,0.17,4,0.0,https://tiki.vn/dien-thoai-xiaomi-redmi-15c-4gb-128gb-hang-chinh-hang-p279075629.html?spid=279075631,True
279074841,Điện Thoại Xiaomi POCO C85 6GB/128GB - Hàng Chính Hãng,Điện thoại - Máy tính bảng,Tiki,4299000,4690000,0.08,3,0.0,https://tiki.vn/dien-thoai-xiaomi-poco-c85-6gb-128gb-hang-chinh-hang-p279074841.html?spid=279074847,True
276509102,Máy tính bảng Masstel Tab 10A 10.1 inch (3GB/32GB) - Hàng chính hãng,Điện thoại - Máy tính bảng,Tiki,1990000,1990000,0.0,0,0.0,https://tiki.vn/may-tinh-bang-masstel-tab-10a-10-1-inch-3gb-32gb-hang-chinh-hang-p276509102.html?spid=276509104,True
217548686,"Máy đọc sách Kindle Scribe – thế hệ đầu tiên có thể đọc và viết, màn hình 10,2” 300PPI, đèn vàng warmlight, bộ nhớ 16-64GB, đồng bộ dữ liệu qua Microsoft Word - hàng nhập khẩu",Điện thoại - Máy tính bảng,Tiki,9800000,9800000,0.0,4,4.0,https://tiki.vn/may-doc-sach-kindle-scribe-the-he-dau-tien-co-the-doc-va-viet-man-hinh-10-2-300ppi-den-vang-warmlight-bo-nho-16-64gb-dong-bo-du-lieu-qua-microsoft-word-hang-nhap-khau-p217548686.html?spid=217548688,True
198868735,Điện thoại IP Grandstream GRP 2601 hàng chính hãng,Điện thoại - Máy tính bảng,Tiki,880000,880000,0.0,0,0.0,https://tiki.vn/dien-thoai-ip-grandstream-grp-2601-hang-chinh-hang-p198868735.html?spid=262386115,True
117347869,ĐIỆN THOẠI HỘI NGHỊ YEALINK CP960 -HÀNG CHÍNH HÃNG,Điện thoại - Máy tính bảng,Tiki,15230000,15230000,0.0,0,0.0,https://tiki.vn/dien-thoai-hoi-nghi-yealink-cp960-p117347869.html?spid=125595231,True
102620086,Điện thoại VoIP Yealink SIP-T30 - Hàng Chính Hãng,Điện thoại - Máy tính bảng,Tiki,1200000,1200000,0.0,0,0.0,https://tiki.vn/dien-thoai-voip-yealink-sip-t30-hang-chinh-hang-p102620086.html?spid=102620089,True
4048043,Điện Thoại Bàn Panasonic KX-TS500,Điện thoại - Máy tính bảng,Tiki,369000,369000,0.0,320,4.5,https://tiki.vn/dien-thoai-ban-panasonic-kx-ts500-hang-chinh-hang-p4048043.html?spid=26682357,False
279379520,"Áo ba lỗ sát nách nam cao cấp vải Coolmax nhẹ, co giãn tốt, thoáng mát SNN015",Thời trang nam,Tiki,189000,235000,0.2,2,0.0,https://tiki.vn/ao-ba-lo-sat-nach-nam-cao-cap-vai-coolmax-nhe-co-gian-tot-thoang-mat-snn015-p279379520.html?spid=279379548,False
279321285,"[Chọn LẺ hoặc SET] Quần Lót Nam LT1 Liền Mạch D Danido – Modal Sợi Gỗ Sồi Cao Cấp, Hai Mặt Kháng Khuẩn, Thoáng Khí Cực MátQuần Lót Nam LT1",Thời trang nam,Tiki,85000,150000,0.43,6,0.0,https://tiki.vn/chon-le-hoac-set-quan-lot-nam-lt1-lien-mach-d-danido-modal-soi-go-soi-cao-cap-hai-mat-khang-khuan-thoang-khi-cuc-matquan-lot-nam-lt1-p279321285.html?spid=279321311,False
279023305,"Quần suông nam form rộng có túi trước sau phối cạp chun basic dễ mặc, dễ phối đồ",Thời trang nam,Tiki,350000,350000,0.0,4,0.0,https://tiki.vn/quan-suong-nam-form-rong-co-tui-truoc-sau-phoi-cap-chun-basic-de-mac-de-phoi-do-p279023305.html?spid=279023309,False
278049759,Áo sơ mi nam ngắn tay Novelty Casual Hoa văn SMI25001 - 250078N,Thời trang nam,Tiki,395000,395000,0.0,0,5.0,https://tiki.vn/ao-so-mi-nam-ngan-tay-novelty-casual-hoa-van-smi25001-p278049759.html?spid=278049903,False
278042068,ÁO SƠ MI NAM DÀI TAY NOVELTY REGULAR FIT RECYCLED - 240628D,Thời trang nam,Tiki,429000,429000,0.0,1,0.0,https://tiki.vn/ao-so-mi-nam-dai-tay-novelty-regular-fit-recycled-p278042068.html?spid=278042146,False
278008502,Combo 3 Quần lót nam iBasic phom brief cotton USA kháng khuẩn poly logo IB PANM117,Thời trang nam,Tiki,219000,237000,0.08,3,0.0,https://tiki.vn/combo-3-quan-lot-nam-ibasic-phom-brief-cotton-usa-khang-khuan-poly-logo-ib-panm117-p278008502.html?spid=278008504,False
277924007,"Áo thun nam ngắn tay vải thun lạnh mát mẻ, thấm hút mồ hôi cực tốt",Thời trang nam,Tiki,90000,90000,0.0,7,5.0,https://tiki.vn/ao-thun-nam-ngan-tay-vai-thun-lanh-mat-me-tham-hut-mo-hoi-cuc-tot-p277924007.html?spid=278620963,False
277600025,"Áo Polo Nam Công Sở Đẹp, Sang Trọng | Hàng Hiệu Cao Cấp PLN05",Thời trang nam,Tiki,270000,270000,0.0,16,5.0,https://tiki.vn/ao-polo-nam-cong-so-dep-sang-trong-hang-hieu-cao-cap-pln05-p277600025.html?spid=277600053,False
276667776,Quần Short Mặc Nhà Nam Davie Dvs01 Chất Liệu Vải Kate 100% Cotton - Giao Màu Ngẫu Nhiên,Thời trang nam,Tiki,75000,75000,0.0,10,0.0,https://tiki.vn/quan-short-mac-nha-nam-davie-dvs01-chat-lieu-vai-kate-100-cotton-giao-mau-ngau-nhien-p276667776.html?spid=276667790,False
276569649,"Quần dài nam chất linen cao cấp, quần suông trơn nam phù hợp  mọi lứa tuổi, có chun rút eo",Thời trang nam,Tiki,350000,350000,0.0,11,3.5,https://tiki.vn/quan-dai-nam-chat-linen-cao-cap-quan-suong-tron-nam-phu-hop-moi-lua-tuoi-co-chun-rut-eo-p276569649.html?spid=276569659,False
275396535,"Bộ bơi nam quần 2 lớp trẻ trung nam tính thời trang, đồ bơi đồ tập kín đáo chống lộ, chất thoáng khí nhanh khô, áo thun bơi co giãn tốt, có size lớn | BN032",Thời trang nam,Tiki,299000,299000,0.0,15,5.0,https://tiki.vn/bo-boi-nam-quan-2-lop-tre-trung-nam-tinh-thoi-trang-do-boi-do-tap-kin-dao-chong-lo-chat-thoang-khi-nhanh-kho-ao-thun-boi-co-gian-tot-co-size-lon-bn032-p275396535.html?spid=275396539,False
251773296,"Áo thun Polo Nam Coolmax - Premium nam tính, thanh lịch sang trọng MRM Manlywear",Thời trang nam,Tiki,275000,450000,0.39,140,5.0,https://tiki.vn/ao-thun-polo-nam-coolmax-premium-nam-tinh-thanh-lich-sang-trong-mrm-manlywear-p251773296.html?spid=251773300,False
249723132,Quần Jean nam cao cấp ống đứng kazata màu xanh trung vải xuất khẩu xướt nhẹ dáng slimfit vải co giãn,Thời trang nam,Tiki,410000,410000,0.0,22,5.0,https://tiki.vn/quan-jean-nam-cao-cap-ong-dung-le511-mau-xanh-trung-vai-xuat-khau-xuot-nhe-dang-slimfit-vai-co-gian-p249723132.html?spid=249723140,False
199678933,"Quần lót nam Boxer UB1 co giãn 4 chiều, lưng thun nhỏ, công nghệ thoáng khí - màu Xanh Rêu",Thời trang nam,Tiki,50000,50000,0.0,72,4.8,https://tiki.vn/quan-lot-nam-boxer-co-gian-4-chieu-cong-nghe-thoang-khi-air-seven-ub1-mau-xanh-reu-p199678933.html?spid=199678937,False
176250783,Áo thun nam Cotton Compact Premium trẻ trung năng động thấm hút mồ hôi co giãn 4 chiều MRM Manlywear,Thời trang nam,Tiki,155000,249000,0.38,974,4.8,https://tiki.vn/ao-thun-nam-cotton-compact-premium-tre-trung-nang-dong-tham-hut-mo-hoi-co-gian-4-chieu-mrm-manlywear-p176250783.html?spid=251275944,False
172474530,"Quần short thun nam cao cấp, quần short nam vải cotton LN058",Thời trang nam,Tiki,75000,75000,0.0,24,4.6,https://tiki.vn/quan-short-thun-nam-cao-cap-quan-short-nam-vai-cotton-ln058-p172474530.html?spid=276917292,False
163731428,"Quần bơi boxer nam loại đẹp dầy dặn, thiết kế chuyên nghiệp, chất thun bơi lạnh cao cấp mau khô, ôm gọn chống lộ | BN002",Thời trang nam,Tiki,135000,135000,0.0,11,5.0,https://tiki.vn/quan-boi-boxer-nam-loai-dep-day-dan-thiet-ke-chuyen-nghiep-chat-thun-boi-lanh-cao-cap-mau-kho-om-gon-chong-lo-bn007-p163731428.html?spid=274876101,False
160961409,"Bộ đồ thể thao nam phối sọc, set đồ nam cộc tay mặc nhà chất thun thoáng mát có 4 màu Cực Chất",Thời trang nam,Tiki,150000,150000,0.0,2,0.0,https://tiki.vn/bo-do-the-thao-nam-phoi-soc-set-do-nam-coc-tay-mac-nha-chat-thun-thoang-mat-co-4-mau-cuc-chat-p160961409.html?spid=278635210,False
154298071,"Combo 2 quần đùi nam, quần Short Gió nam thể thao Họa Tiết Rằn Ri trẻ trung năng động, thoáng mát co giãn 4 chiều MRM Manlywear",Thời trang nam,Tiki,269000,399000,0.33,961,4.8,https://tiki.vn/combo-2-qua-n-du-i-nam-qua-n-short-gio-nam-the-thao-hoa-tiet-ran-ri-tre-trung-nang-do-ng-thoa-ng-ma-t-co-gia-n-4-chie-u-mrm-manlywear-p154298071.html?spid=189475415,False
154292862,"Quần đùi short gió nam thể thao Họa Tiết Rằn Ri trẻ trung năng động, thoáng mát co giãn 4 chiều MRM Manlywear",Thời trang nam,Tiki,137500,199000,0.31,418,5.0,https://tiki.vn/qua-n-du-i-short-gio-nam-the-thao-hoa-tiet-ran-ri-tre-trung-nang-do-ng-thoa-ng-ma-t-co-gia-n-4-chie-u-mrm-manlywear-p154292862.html?spid=189475061,False
110858223,Hộp 5 quần lót nam cotton cao cấp xuất Nhật,Thời trang nam,Tiki,152000,152000,0.0,7,0.0,https://tiki.vn/hop-5-quan-lot-nam-cotton-cao-cap-xuat-nhat-p110858223.html?spid=184309759,False
104904605,Quần short nam big size quần sọt nam thể thao quần đùi nam mặc nhà quần thun nam cotton 4 chiều co giãn cao cấp ShopN6 - TSB2,Thời trang nam,Tiki,59000,59000,0.0,780,4.3,https://tiki.vn/quan-short-nam-big-size-quan-sot-nam-the-thao-quan-dui-nam-mac-nha-quan-thun-nam-cotton-4-chieu-co-gian-cao-cap-shopn6-tsb2-p104904605.html?spid=104904607,False
103093005,"Combo 5 quần lót nam,Sịp nam cao cấp (ROMAN,HEROMAN,TONNY) 5 màu,lưng thun 4cm,thun lạnh cực mát",Thời trang nam,Tiki,229000,229000,0.0,69,4.1,https://tiki.vn/combo-5-quan-lot-nam-sip-nam-5-mau-bang-lung-thun-lon-cuc-thoai-mai-p103093005.html?spid=103093009,False
103012443,Quần nam ống rộng lưng thun chất liệu đũi,Thời trang nam,Tiki,350000,350000,0.0,8,5.0,https://tiki.vn/quan-nam-ong-rong-lung-thun-chat-lieu-dui-p103012443.html?spid=278215180,False
101949588,Quần lót nam 292,Thời trang nam,Tiki,27500,27500,0.0,59,5.0,https://tiki.vn/quan-lot-nam-292-p101949588.html?spid=101949677,False
101949529,Combo 4 quần lót nam 270,Thời trang nam,Tiki,59000,59000,0.0,28,4.5,https://tiki.vn/combo-4-quan-lot-nam-270-p101949529.html?spid=101949555,False
99968881,"Set 2 quần đùi nam, quần Short Gió nam thể thao Basic trẻ trung năng động, thoáng mát co giãn 4 chiều MRM Manlywear",Thời trang nam,Tiki,239000,399000,0.4,2522,4.8,https://tiki.vn/set-2-qua-n-du-i-nam-qua-n-short-gio-nam-the-thao-basic-tre-trung-nang-do-ng-thoa-ng-ma-t-co-gia-n-4-chie-u-mrm-manlywear-p99968881.html?spid=99968966,False
99958075,"Quần đùi short gió nam thể thao Basic trẻ trung năng động, thoáng mát co giãn 4 chiều MRM Manlywear",Thời trang nam,Tiki,139000,199000,0.3,3303,4.7,https://tiki.vn/qua-n-du-i-short-gio-nam-the-thao-basic-tre-trung-nang-do-ng-thoa-ng-ma-t-co-gia-n-4-chie-u-mrm-manlywear-p99958075.html?spid=99958281,False
95052893,Quần short nam big size quần sọt nam thể thao chống nóng quần đùi nam mặc nhà quần thun nam cotton 4 chiều co giãn cao cấp WSB2,Thời trang nam,Tiki,59000,89000,0.34,1444,4.5,https://tiki.vn/quan-short-nam-big-size-quan-sot-nam-the-thao-chong-nong-quan-dui-nam-mac-nha-quan-thun-nam-cotton-4-chieu-co-gian-cao-cap-wsb2-p95052893.html?spid=95052899,False
87981660,"Combo 2 áo ba lỗ nam, áo 3 lỗ nam, sợi cotton mềm mịn, thấm hút mồ hôi tốt, thoáng mát, mặc thoải mái JAMANO",Thời trang nam,Tiki,198000,198000,0.0,1930,4.8,https://tiki.vn/combo-2-ao-ba-lo-nam-ao-3-lo-nam-soi-cotton-mem-min-tham-hut-mo-hoi-tot-thoang-mat-mac-thoai-mai-jamano-p87981660.html?spid=87981809,False
68202834,"Combo 2 áo ba lỗ nam, áo sát nách nam,sợi cotton cao cấp mềm mịn, thấm hút mồ hôi, siều thoáng mát, co giãn 4 chiều Mrm Manlywear - MM",Thời trang nam,Tiki,249000,310000,0.2,895,4.7,https://tiki.vn/set-2-ao-thun-ba-lo-nam-sat-nach-soi-cotton-mem-min-tham-hut-mo-hoi-thoang-mat-co-gian-4-chieu-mrm-manlywear-mm-p68202834.html?spid=193289499,False
68200548,"Áo ba lỗ nam, áo sát nách nam,sợi cotton cao cấp mềm mịn, thấm hút mồ hôi, siều thoáng mát, co giãn 4 chiều Mrm Manlywear",Thời trang nam,Tiki,129000,155000,0.17,395,4.7,https://tiki.vn/ao-thun-ba-lo-nam-sat-nach-soi-cotton-mem-min-tham-hut-mo-hoi-thoang-mat-co-gian-4-chieu-mrm-manlywear-p68200548.html?spid=68200574,False
52189164,Combo 3 quần lót nam sợi cotton Organic mềm mịn thoáng mát co giãn 4 chiều MRM Manlywear (TẶNG Đôi Tất Nam Cao Cấp màu ngẫu nhiên),Thời trang nam,Tiki,209000,255000,0.18,3429,4.6,https://tiki.vn/combo-3-qua-n-lo-t-nam-so-i-cotton-organic-me-m-mi-n-thoa-ng-ma-t-co-gia-n-4-chie-u-mrm-manlywear-tang-doi-tat-nam-cao-cap-mau-ngau-nhien-p52189164.html?spid=52189166,False
52184516,Combo 3 quần lót nam Boxer sợi Organic mềm mịn thoáng mát co giãn 4 chiều MRM Manlywear ( TẶNG Đôi Tất Nam Cao Cấp Giao Ngẫu Nhiên),Thời trang nam,Tiki,219000,285000,0.23,4348,4.6,https://tiki.vn/combo-3-qua-n-lo-t-nam-boxer-so-i-cotton-organic-me-m-mi-n-thoa-ng-ma-t-co-gia-n-4-chie-u-mrm-manlywear-tang-doi-tat-nam-cao-cap-giao-ngau-nhien-p52184516.html?spid=52184520,False
43333663,"Combo 2 áo ba lỗ nam/áo 3 lỗ nam, sợi cotton mềm mịn siêu thoáng mát, thấm hút mồ hôi cực tốt, co giãn 4 chiều MRM FASHION -MM",Thời trang nam,Tiki,235000,250000,0.06,999,4.6,https://tiki.vn/combo-2-ao-ba-lo-nam-ao-lot-nam-cao-cap-mrm-fashion-mix-mau-p43333663.html?spid=43333671,False
42899542,"Áo ba lỗ nam/ 3 lỗ nam cao cấp, sợi cotton mềm mịn siêu thoáng mát, thấm hút mồ hôi cực tốt, co dãn 4 chiều MRM FASHION",Thời trang nam,Tiki,109000,125000,0.13,1728,4.7,https://tiki.vn/ao-ba-lo-nam-ao-lot-nam-cao-cap-mrm-fashion-p42899542.html?spid=68355778,False
35548457,Áo Khoác Dù Nam Unisex Hàn Quốc KD2B7,Thời trang nam,Tiki,308950,308950,0.0,3,0.0,https://tiki.vn/ao-khoac-du-nam-unisex-han-quoc-kd2b7-p35548457.html?spid=113228679,False
35087712,"Quần lót nam thun lạnh không đường may, sịp nam tam giác cao cấp chất liệu thoáng mát, mềm mịn QLW606",Thời trang nam,Tiki,90000,90000,0.0,1781,4.6,https://tiki.vn/quan-lot-nam-thun-lanh-su-qlw606-p35087712.html?spid=35087720,False
31638135,"Combo 4 quần lót nam Boxer sợi cạp 1cm sợi tre tự nhiên mềm mịn thấm hút mồ hôi, co giãn 4 chiều MRM Manlywear - Màu ngẫu nhiên",Thời trang nam,Tiki,279000,340000,0.18,5877,4.7,https://tiki.vn/combo-4-quan-sip-dui-nam-quan-lot-nam-boxer-soi-tre-mem-min-sieu-thoang-mat-co-gian-4-chieu-cao-cap-cap-1cm-mrm-fashion-3-mau-p31638135.html?spid=31638146,False
31637590,Combo 4 quần lót nam tam giác Bamboo Organic mềm mịn thoáng mát thấm hút mồ hôi - MRM Manlywear - Màu Ngẫu Nhiên,Thời trang nam,Tiki,269000,340000,0.21,3791,4.7,https://tiki.vn/combo-4-qua-n-lo-t-nam-tam-gia-c-bamboo-organic-me-m-mi-n-thoa-ng-ma-t-tha-m-hu-t-mo-hoi-mrm-manlywear-ma-u-nga-u-nhien-p31637590.html?spid=31637602,False
279326117,"Áo polo nam cao cấp vải Coolmax nhẹ, co giãn tốt, thoáng mát POLO-026",Thời trang nam,Tiki,379000,475000,0.2,1,0.0,https://tiki.vn/ao-polo-nam-cao-cap-vai-coolmax-nhe-co-gian-tot-thoang-mat-polo-026-p279326117.html?spid=279326121,False
279287522,"Bộ áo điều hòa KITO NEWPRO KT10 thế hệ mới nhất 2026 quạt 24V siêu bên ,chống chai ,chống phồng",Thời trang nam,Tiki,1070000,1070000,0.0,9,0.0,https://tiki.vn/bo-ao-dieu-hoa-kito-newpro-kt10-the-he-moi-nhat-2026-quat-24v-sieu-ben-chong-chai-chong-phong-p279287522.html?spid=279287524,True
279282114,"Áo rời của Áo Điều Hòa KITO có mũ,chất vải 100% Cotton,chống tia UV ( Áo không quạt )",Thời trang nam,Tiki,189000,189000,0.0,1,2.0,https://tiki.vn/ao-roi-cua-ao-dieu-hoa-kito-co-mu-chat-vai-100-cotton-chong-tia-uv-ao-khong-quat-p279282114.html?spid=279282124,False
279014911,Áo sweater thu đông form rộng in hình hài hước đi nhậu Mr.buffalo - [HN15] Áo Trắng,Thời trang nam,Tiki,160000,160000,0.0,1,5.0,https://tiki.vn/ao-sweater-thu-dong-form-rong-in-hinh-hai-huoc-di-nhau-mr-buffalo-p279014911.html?spid=279015018,False
278856465,"Quần đùi nam huong tam cao cấp (QDNN19). Chất liệu vải loại tốt: mềm mại, thoáng mát, không phai màu",Thời trang nam,Tiki,47600,47600,0.0,2,4.0,https://tiki.vn/quan-dui-nam-huong-tam-cao-cap-qdnn19-chat-lieu-vai-loai-tot-mem-mai-thoang-mat-khong-phai-mau-p278856465.html?spid=278856499,False
276669234,Quần Lót Nam Tam Giác Thương Hiệu Samaki Mã SKCT01 Chất Liệu Co Giãn,Thời trang nam,Tiki,48000,48000,0.0,0,5.0,https://tiki.vn/quan-lot-nam-tam-giac-thuong-hieu-samaki-ma-skct01-chat-lieu-co-gian-p276669234.html?spid=276669332,False
276579860,"Quần dài nam dáng suông basic, thiết kế khuy khóa trước kèm dây rút và bản lưng chu phía sau, thời thượng, phong cách",Thời trang nam,Tiki,350000,350000,0.0,6,5.0,https://tiki.vn/quan-dai-nam-dang-suong-basic-thiet-ke-khuy-khoa-truoc-kem-day-rut-va-ban-lung-chu-phia-sau-thoi-thuong-phong-cach-p276579860.html?spid=276579890,False
274960088,"Quần đùi nam huong tam cao cấp (QDNN6). Chất liệu vải loại tốt: mềm mại, thoáng mát, không phai màu",Thời trang nam,Tiki,47600,47600,0.0,34,5.0,https://tiki.vn/quan-dui-nam-huong-tam-cao-cap-qdnn6-chat-lieu-vai-loai-tot-mem-mai-thoang-mat-khong-phai-mau-p274960088.html?spid=274960122,False
269943106,Quần đùi squat nam tập gym DOGYMSHOP thun lạnh co giãn 4 chiều thoáng mát thoải mái khi chơi thể thao QVQS1,Thời trang nam,Tiki,159000,159000,0.0,1,0.0,https://tiki.vn/quan-dui-squat-nam-tap-gym-dogymshop-thun-lanh-co-gian-4-chieu-thoang-mat-thoai-mai-khi-choi-the-thao-qvqs1-p269943106.html?spid=269943118,False
269905075,Quần 2 lớp nam tập gym DO GYM SHOP thun lỗ kim thoáng mát khi chơi thể thao QV2L11,Thời trang nam,Tiki,159000,159000,0.0,4,5.0,https://tiki.vn/quan-2-lop-nam-tap-gym-do-gym-shop-thun-lo-kim-thoang-mat-khi-choi-the-thao-qv2l11-p269905075.html?spid=269905087,False
251771032,"Combo 2 Áo thun Polo Nam Coolmax - Premium nam tính, thanh lịch sang trọng MRM Manlywear",Thời trang nam,Tiki,525000,899000,0.42,20,5.0,https://tiki.vn/combo-2-ao-thun-polo-nam-coolmax-premium-nam-tinh-thanh-lich-sang-trong-mrm-manlywear-p251771032.html?spid=251771060,False
249724558,Quần Jean nam cao cấp ống đứng kazata màu xanh rêu vải xuất khẩu xướt nhẹ dáng slimfit vải co giãn,Thời trang nam,Tiki,410000,410000,0.0,9,5.0,https://tiki.vn/quan-jean-nam-cao-cap-ong-dung-le511-mau-xanh-reu-vai-xuat-khau-xuot-nhe-dang-slimfit-vai-co-gian-p249724558.html?spid=249724570,False
249724356,Quần Jean nam cao cấp ống đứng kazata màu xanh đậm vải xuất khẩu xướt nhẹ dáng slimfit vải co giãn,Thời trang nam,Tiki,410000,410000,0.0,8,0.0,https://tiki.vn/quan-jean-nam-cao-cap-ong-dung-le511-mau-xanh-dam-vai-xuat-khau-xuot-nhe-dang-slimfit-vai-co-gian-p249724356.html?spid=249724358,False
213541798,"Quần bơi nam boxer lửng form dài giữa đùi, đồ bơi nam cao cấp trẻ trung phối màu đẹp QBL00110",Thời trang nam,Tiki,235000,235000,0.0,4,5.0,https://tiki.vn/quan-boi-nam-boxer-lung-form-dai-giua-dui-do-boi-nam-cao-cap-tre-trung-phoi-mau-dep-qbl00110-p213541798.html?spid=213541812,False
212330039,Quần Short Nam Đi Biển S807 - Chất Liệu Cao Cấp - Form Dáng Tiêu Chuẩn Xu Hướng,Thời trang nam,Tiki,280000,400000,0.3,1,0.0,https://tiki.vn/quan-short-nam-di-bien-s807-chat-lieu-cao-cap-form-dang-tieu-chuan-xu-huong-p212330039.html?spid=212330049,False
208740657,"Áo vest Blazer Linen nam,Blazer nam Đũi Việt 2 cúc, form rộng chất vải linen mềm mại phong cách trẻ trung",Thời trang nam,Tiki,420000,420000,0.0,3,4.0,https://tiki.vn/ao-vest-blazer-linen-nam-blazer-nam-dui-viet-2-cuc-form-rong-chat-vai-linen-mem-mai-phong-cach-tre-trung-p208740657.html?spid=278215131,False
199752074,"Quần lót nam Boxer thun co giãn 4 chiều, lưng thun nhỏ, công nghệ thoáng khí - màu Xám",Thời trang nam,Tiki,50000,50000,0.0,84,4.5,https://tiki.vn/quan-lot-nam-boxer-co-gian-4-chieu-cong-nghe-thoang-khi-air-seven-ub1-mau-xam-p199752074.html?spid=199752082,False
197058539,Áo khoác măng tô nam cổ đức phong cách trẻ trung công sở NMT31,Thời trang nam,Tiki,936000,936000,0.0,11,5.0,https://tiki.vn/ao-khoac-mang-to-nam-co-duc-phong-cach-tre-trung-cong-so-nmt31-p197058539.html?spid=273419938,True
196202846,"Quần âu nam công sở Hiền Trần BOUTIQUE, quần tây nam kiểu dáng Hàn Quốc, vải mềm chống nhăn phong cách lịch lãm",Thời trang nam,Tiki,350000,350000,0.0,16,4.6,https://tiki.vn/quan-au-nam-cong-so-hien-tran-boutique-quan-tay-nam-kieu-dang-han-quoc-vai-mem-chong-nhan-phong-cach-lich-lam-p196202846.html?spid=196202938,False
181566777,Áo sơ mi nam sọc tay ngắn dáng ôm body chuẩn form nhiều màu sắc - MON01,Thời trang nam,Tiki,137500,250000,0.45,24,5.0,https://tiki.vn/ao-so-mi-nam-soc-tay-ngan-dang-om-body-chuan-form-nhieu-mau-sac-mon01-p181566777.html?spid=181566811,False
178006534,"Đồ Bơi Cặp Nam Nữ Tay Dài Chống Nắng AT225 MayHomes Thun Lạnh Co Giãn Tốt UPF 50+, Long-Sleeve Rash Guard Swimsuit",Thời trang nam,Tiki,228000,228000,0.0,94,5.0,https://tiki.vn/do-boi-cap-nam-nu-tay-dai-chong-nang-at225-mayhomes-thun-lanh-co-gian-tot-upf-50-long-sleeve-rash-guard-swimsuit-p178006534.html?spid=178006546,False
174593731,"Quần Short NamThể Thao Thanh Lịch US ARMY 8898 Trẻ Trung, Năng Động, Nam Tính -HÀNG CHÍNH HÃNG",Thời trang nam,Tiki,70000,100000,0.3,70,4.8,https://tiki.vn/quan-short-namthe-thao-thanh-lich-us-army-8898-tre-trung-nang-dong-nam-tinh-hang-chinh-hang-p174593731.html?spid=177619671,False
153074569,hộp 4 quần sịp quần lót nam cao cấp thông hơi thoáng khi alex cool,Thời trang nam,Tiki,126000,126000,0.0,0,0.0,https://tiki.vn/hop-4-quan-sip-quan-lot-nam-cao-cap-thong-hoi-thoang-khi-alex-cool-p153074569.html?spid=184308696,False
139207843,Bộ 5 Quần Lót Nam Đùi Xuất Nhật Chất Mát từ 40kg đến 90kg (Màu Ngẫu Nghiên),Thời trang nam,Tiki,160000,160000,0.0,6,4.5,https://tiki.vn/bo-5-quan-lot-nam-dui-xuat-nhat-chat-mat-tu-40kg-den-90kg-mau-ngau-nghien-p139207843.html?spid=139207865,False
127197643,"Bộ Quần Áo Nam Lính Mỹ US ARMY  Kiểu Dáng Túi Hộp, Chất Liệu Kaki Cao Cấp Phong Cách Lính Cực Ngầu (Tặng dây lưng) - HÀNG CHÍNH HÃNG",Thời trang nam,Tiki,899000,1798000,0.5,14,4.5,https://tiki.vn/bo-quan-ao-nam-linh-my-us-army-kieu-dang-tui-hop-chat-lieu-kaki-cao-cap-phong-cach-linh-cuc-ngau-tang-day-lung-hang-chinh-hang-p127197643.html?spid=182094563,True
98690795,ÁO CHỐNG NẮNG NAM THÔNG HƠI,Thời trang nam,Tiki,159000,159000,0.0,1,0.0,https://tiki.vn/ao-chong-nang-nam-thong-hoi-p98690795.html?spid=174620814,False
97823540,Áo Khoác Big Size Áo Khoác Dù Nam Có Cổ Trụ Chống Nắng Chống Nóng Chống Lạnh Chống Gió 2 Lớp Phối Logo Sọt Thời Trang Nam Tính Hàn Quốc Giá Tốt AD70  - M,Thời trang nam,Tiki,189000,199000,0.05,724,4.5,https://tiki.vn/ao-khoac-big-size-ao-khoac-du-nam-co-co-tru-chong-nang-chong-nong-chong-lanh-chong-gio-2-lop-phoi-logo-sot-thoi-trang-nam-tinh-han-quoc-gia-tot-ad70-p97823540.html?spid=97823544,False
83617921,Quần lót nam không viền may siêu mỏng túi lồi thoải mái,Thời trang nam,Tiki,79000,79000,0.0,30,2.5,https://tiki.vn/quan-lot-nam-khong-vien-may-sieu-mong-tui-loi-thoai-mai-p83617921.html?spid=242411127,False
76600936,Quần Jean Nam TH Store Bò Kaki Siêu Co Dãn Nhiều Màu Xanh và Đen,Thời trang nam,Tiki,415000,415000,0.0,6,2.0,https://tiki.vn/quan-jean-nam-th-store-bo-kaki-sieu-co-dan-nhieu-mau-xanh-va-den-p76600936.html?spid=113227288,False
72101305,"Quần lót nam boxer cao cấp thun cotton co giãn tốt, sịp đùi nam kiểu dáng hiện đại trẻ trung, lưng cạp to nam tính và co giãn thoải mái, màu trơn thanh lịch QLINC004",Thời trang nam,Tiki,135000,135000,0.0,217,5.0,https://tiki.vn/quan-lot-nam-boxer-cao-cap-thun-cotton-co-gian-tot-sip-dui-nam-kieu-dang-hien-dai-tre-trung-lung-cap-to-nam-tinh-va-co-gian-thoai-mai-mau-tron-thanh-lich-qlinc004-p72101305.html?spid=72101329,False
57758774,"Quần short nam có Big Size 115kg lưng thun co giãn 4 chiều ,quần đùi nam thể thao cao cấp ShopN6 - QSB1 (sọc ngẫu nhiên)",Thời trang nam,Tiki,59000,69000,0.14,363,4.5,https://tiki.vn/quan-short-nam-co-big-size-115kg-lung-thun-co-gian-4-chieu-quan-dui-nam-the-thao-cao-cap-shopn6-qsb1-soc-ngau-nhien-p57758774.html?spid=57758776,False
56958910,Quần kaki nam màu be Aligro ALGK055,Thời trang nam,Tiki,607200,607200,0.0,4,0.0,https://tiki.vn/quan-kaki-nam-aligro-algk055-p56958910.html?spid=56958912,True
54781910,Quần Đi Bơi Nam Thời Trang 410,Thời trang nam,Tiki,259000,470000,0.45,30,4.8,https://tiki.vn/quan-di-boi-nam-thoi-trang-410-p54781910.html?spid=54782552,False
52253824,Quần short thun Nam tập GYM thể thao - Q0003,Thời trang nam,Tiki,110000,110000,0.0,98,4.8,https://tiki.vn/quan-short-thun-nam-tap-gym-the-thao-p52253824.html?spid=76819418,False
50669330,Áo Thun Nam Cổ Tròn Cotton Co Giãn Tốt,Thời trang nam,Tiki,90000,90000,0.0,0,4.0,https://tiki.vn/ao-thun-nam-co-tron-cotton-co-gian-tot-p50669330.html?spid=276671893,False
48634032,Quần Lót Nam Boxer Bamboo LK152,Thời trang nam,Tiki,90000,90000,0.0,11,5.0,https://tiki.vn/quan-lot-nam-boxer-bamboo-lk152-p48634032.html?spid=48634043,False
43154580,Combo 4 Quần Lót Nam Xuất Nhật - Quần Sịp Nam Thông Hơi Cao Cấp - Chất Liệu Mềm Mịn Mát Lạnh,Thời trang nam,Tiki,120000,120000,0.0,6,0.0,https://tiki.vn/combo-4-quan-lot-nam-xuat-nhat-quan-sip-nam-thong-hoi-cao-cap-chat-lieu-mem-min-mat-lanh-p43154580.html?spid=86963280,False
31638205,Combo 4 quần lót nam cạp 1cm sợi tre Bamboo tự nhiên mềm mịn thấm hút mồ hôi - Màu Ngẫu nhiên,Thời trang nam,Tiki,229000,229000,0.0,1103,4.7,https://tiki.vn/combo-4-qua-n-lo-t-nam-ca-p-1cm-so-i-tre-bamboo-tu--nhien-me-m-mi-n-tha-m-hu-t-mo--hoi---mau-ngau-nhien-p31638205.html?spid=31638318,False
24793563,Áo thun nam cổ bẻ kiểu trơn có 1 túi áo,Thời trang nam,Tiki,120000,120000,0.0,7,0.0,https://tiki.vn/ao-thun-nam-co-be-kieu-tron-co-1-tui-ao-p24793563.html?spid=278608019,False
16375016,COMBO HỘP 5 Quần Lót ĐÙI Nam Xuất Nhật Cao Cấp (MIX NGẪU NHIÊN),Thời trang nam,Tiki,231660,286000,0.19,6,0.0,https://tiki.vn/combo-hop-5-quan-lot-dui-nam-xuat-nhat-cao-cap-mix-ngau-nhien-p16375016.html?spid=277961875,False
278069333,"Quần short huongtam nam cao cấp(QSNN16). Chất liệu vải loại tốt: mềm mại, thoáng mát, không phai màu",Thời trang nam,Tiki,73000,73000,0.0,5,5.0,https://tiki.vn/quan-short-huongtam-nam-cao-cap-qsnn16-chat-lieu-vai-loai-tot-mem-mai-thoang-mat-khong-phai-mau-p278069333.html?spid=278069369,False
277996544,"Hộp 5 Quần lót nam cotton lụa – Siêu đẹp, mềm mịn, thoáng mát",Thời trang nam,Tiki,187000,220000,0.15,9,5.0,https://tiki.vn/hop-5-quan-lot-nam-cotton-lua-muji-sieu-dep-mem-min-thoang-mat-p277996544.html?spid=278006736,False
276882715,"Áo khoác blazer nam tay dài form rộng thiết kế 2 cúc sang trọng,thanh lịch",Thời trang nam,Tiki,420000,420000,0.0,3,0.0,https://tiki.vn/ao-khoac-blazer-nam-tay-dai-form-rong-thiet-ke-2-cuc-sang-trong-thanh-lich-p276882715.html?spid=276882723,False
276832011,Quần Mặc Nhà Nam SKD02 Vải Kate Co Giãn Nhẹ,Thời trang nam,Tiki,65000,65000,0.0,8,0.0,https://tiki.vn/quan-mac-nha-nam-skd02-vai-kate-co-gian-nhe-p276832011.html?spid=276832013,False
273597613,"Áo len Gile nam đẹp, áo len gilê nam LNA28",Thời trang nam,Tiki,456000,456000,0.0,7,0.0,https://tiki.vn/ao-len-gile-nam-dep-ao-len-gile-nam-lna28-p273597613.html?spid=276346260,False
273395259,"Quần Đùi HUONGTAM  nam cao cấp(QDN). Chất liệu vải loại tốt: mềm mại, thoáng mát, không phai màu",Thời trang nam,Tiki,47600,47600,0.0,56,5.0,https://tiki.vn/quan-dui-huongtam-nam-cao-cap-qdn-chat-lieu-vai-loai-tot-mem-mai-thoang-mat-khong-phai-mau-p273395259.html?spid=273395438,False
271395656,"Bao Quần Lót Miễn Giặt Tiện Lợi TRAVEL-MATE Nam, 5 Cái/Bao",Thời trang nam,Tiki,30000,30000,0.0,79,0.0,https://tiki.vn/bao-quan-lot-tien-loi-travel-mate-nam-5-cai-bao-p271395656.html?spid=271395660,False
253379891,Hộp 100 móng tay úp liền mạch trong suốt bằng acrylic cho nữ,Thời trang nam,Tiki,25000,25000,0.0,6,4.0,https://tiki.vn/hop-100-mong-tay-up-lien-mach-trong-suot-bang-acrylic-cho-nu-p253379891.html?spid=253379895,False
248928122,Quần Âu Nam Công Sở Trung Niên Thương Hiệu Anton Dáng Suông Rộng Màu Đen Xếp Ly Mã QA404,Thời trang nam,Tiki,328000,328000,0.0,10,5.0,https://tiki.vn/quan-au-nam-cong-so-trung-nien-thuong-hieu-anton-dang-suong-rong-mau-den-xep-ly-ma-qa404-p248928122.html?spid=248928126,False
248129588,Quần jogger nam nữ túi hộp JKN12345 cạp chun chất kaki dày dặn đứng dáng nổi bật phong cách thể thao full size,Thời trang nam,Tiki,179000,179000,0.0,13,4.2,https://tiki.vn/quan-jogger-nam-nu-tron-cap-chun-chat-gio-mem-co-dan-vien-ly-dung-dang-noi-bat-phong-cach-the-thao-full-size-p248129588.html?spid=274853972,False
199752718,"Quần lót nam Boxer co giãn 4 chiều, lưng thun nhỏ, công nghệ thoáng khí - màu Xanh đen",Thời trang nam,Tiki,50000,50000,0.0,144,4.7,https://tiki.vn/quan-lot-nam-boxer-co-gian-4-chieu-cong-nghe-thoang-khi-air-seven-mau-xanh-den-p199752718.html?spid=199752722,False
190129715,Áo sơ mi nam cổ tàu cổ trụ form rộng tay dài trẻ trung thanh lịch vải lụa mềm mịn mát ít nhăn- MRDT01,Thời trang nam,Tiki,121000,220000,0.45,8,5.0,https://tiki.vn/ao-so-mi-nam-co-tau-co-tru-form-rong-tay-dai-tre-trung-thanh-lich-vai-lua-mem-min-mat-it-nhan-mrdt01-p190129715.html?spid=190129717,False
186133766,"Quần Short Kaki Nam US ARMY, Quần Túi Hộp Nam Phong Cách Lính Chất Liệu KaKi Cao Cấp, Kiểu Dáng Trẻ Trung Năng Động -HÀNG CHÍNH HÃNG",Thời trang nam,Tiki,299000,598000,0.5,269,4.7,https://tiki.vn/quan-short-kaki-nam-us-army-quan-tui-hop-nam-phong-cach-linh-chat-lieu-kaki-cao-cap-kieu-dang-tre-trung-nang-dong-hang-chinh-hang-p186133766.html?spid=186133780,False
177588270,Áo Thun Có Cổ Nhiều Màu Cho Nam Và Nữ,Thời trang nam,Tiki,110000,110000,0.0,0,4.0,https://tiki.vn/ao-thun-co-co-nhieu-mau-cho-nam-va-nu-p177588270.html?spid=278867709,False
176251118,"Combo 2 Áo thun nam Cotton Compact Premium trẻ trung thấm hút mồ hôi, co giãn 4 chiều MRM Manlywear",Thời trang nam,Tiki,285000,499000,0.43,616,4.8,https://tiki.vn/combo-2-ao-thun-nam-cotton-compact-premium-tre-trung-tham-hut-mo-hoi-co-gian-4-chieu-mrm-manlywear-p176251118.html?spid=251275657,False
173831458,Dây dầu màu trước sau độ xe máy dáng thể thao siêu bền đẹp lắp các loại xe,Thời trang nam,Tiki,138000,138000,0.0,3,5.0,https://tiki.vn/day-dau-mau-lap-nhu-zin-do-cac-loai-xe-may-cuc-dep-p173831458.html?spid=173831468,False
163716172,"Áo Sơ Mi Nam Xanh Tím Than Ngắn Tay Công Sở Trung Niên Anton Kẻ Caro Thoáng Mát, Thấm Hút Mồ Hôi - NT201",Thời trang nam,Tiki,425000,425000,0.0,13,5.0,https://tiki.vn/ao-so-mi-nam-xanh-tim-than-ngan-tay-cong-so-trung-nien-anton-ke-caro-thoang-mat-tham-hut-mo-hoi-nt201-p163716172.html?spid=163716182,False
154917738,Áo ba lỗ nam chính hãng May 10,Thời trang nam,Tiki,135000,135000,0.0,58,5.0,https://tiki.vn/ao-ba-lo-nam-chinh-hang-may-10-p154917738.html?spid=154917796,False
136070812,Áo thun nam Polo cá sấu,Thời trang nam,Tiki,100000,100000,0.0,3,0.0,https://tiki.vn/ao-thun-nam-polo-ca-sau-p136070812.html?spid=278513654,False
108772138,"Áo Thun Nam Ngắn Tay Không Cổ US ARMY U229, Chất Liệu Cotton Thoáng Mát, Mềm Mịn, Mát, Bền Màu-HÀNG CHÍNH HÃNG",Thời trang nam,Tiki,199000,398000,0.5,42,5.0,https://tiki.vn/ao-thun-nam-ngan-tay-kieu-linh-khong-co-us-army-u229-chat-lieu-cotton-thoang-mat-mem-min-mat-ben-mau-hang-chinh-hang-p108772138.html?spid=178779987,False
107661666,"Quần Lót Nam Sexy Brave Person B1186 - Chất Liệu Xi Phông Kết Hợp Spandex Siêu Quyến Rũ Và Cá Tính - Form Dáng Ôm, Tôn Lên Vẻ Nam Tính Cùa Phái Mạnh",Thời trang nam,Tiki,129000,199000,0.35,15,4.8,https://tiki.vn/quan-lot-nam-brave-person-b1186-thiet-ke-dang-luoi-thoang-mat-mem-mai-co-dan-4-chieu-khang-khuan-an-toan-tre-trung-hang-chinh-hang-p107661666.html?spid=107661678,False
103076103,"áo ba lỗ nam, áo 3 lỗ nam sợi cotton Organic mềm mịn siêu thoáng mát thấm hút mồ hôi JAMANO",Thời trang nam,Tiki,99000,99000,0.0,1360,4.8,https://tiki.vn/a-o-ba-lo-nam-a-o-3-lo-nam-so-i-cotton-organic-me-m-mi-n-sieu-thoa-ng-ma-t-tha-m-hu-t-mo-hoi-jamano-p103076103.html?spid=103076105,False
103049077, (Có size lớn) Hộp 4 quần lót boxer nam William WS60 - Quần sịp đùi lưới thông hơi thoáng mát,Thời trang nam,Tiki,153550,185000,0.17,10,4.0,https://tiki.vn/co-size-lon-hop-4-quan-lot-boxer-nam-william-ws60-quan-sip-dui-luoi-thong-hoi-thoang-mat-p103049077.html?spid=145612011,False
102531428,Quần âu nam Hiền Trần BOUTIQUE công sở chất vải chéo 79 cao cấp,Thời trang nam,Tiki,499000,499000,0.0,15,5.0,https://tiki.vn/quan-au-nam-hien-tran-boutique-cong-so-chat-vai-cheo-79-cao-cap-p102531428.html?spid=102531486,False
102295413,Áo thun nam in hình lá cờ Việt Nam cá tính phong cách vải dày mịn TEEWO528,Thời trang nam,Tiki,120000,120000,0.0,0,0.0,https://tiki.vn/ao-thun-nam-in-hinh-la-co-viet-nam-ca-tinh-phong-cach-vai-day-min-teewo528-p102295413.html?spid=278562041,False
101949747,Quần lót lưới nam,Thời trang nam,Tiki,15000,15000,0.0,179,4.8,https://tiki.vn/quan-lot-luoi-nam-p101949747.html?spid=101949821,False
101281280,Bộ 5 Quần Lót Nam Nhật Cao Cấp Từ 40kg đến 90kg (Giao Màu Ngẫu Nhiên),Thời trang nam,Tiki,160000,160000,0.0,6,0.0,https://tiki.vn/bo-5-quan-lot-nam-nhat-cao-cap-tu-40kg-den-90kg-giao-mau-ngau-nhien-p101281280.html?spid=101281292,False
98120055,"Quần lót nam,sịp nam cao cấp đùi boxer lưng 4cm-thun lạnh 4 chiều cực mát",Thời trang nam,Tiki,65000,65000,0.0,25,5.0,https://tiki.vn/quan-lot-nam-dang-dui-lung-lon-chat-lieu-thun-lanh-4-chieu-cuc-mat-p98120055.html?spid=98120093,False
86066414,Áo khoác dù chống thấm nước 2 lớp cao cấp Bonado AK34 - Đen,Thời trang nam,Tiki,441250,441250,0.0,2,0.0,https://tiki.vn/ao-khoac-du-chong-tham-nuoc-2-lop-cao-cap-ak34-den-p86066414.html?spid=113225737,False
80651700,QUẦN THUN NAM THỂ THAO CAO CẤP CÓ SIZE DƯỚI 82KG,Thời trang nam,Tiki,350950,350950,0.0,4,0.0,https://tiki.vn/quan-thun-nam-the-thao-cao-cap-co-size-duoi-82kg-p80651700.html?spid=113225913,False
73219234,Áo Khoác Nam Áo Khoác Kaki Nam Big Size Cổ Cao Hai Lớp Chống Nắng Chống Lạnh Hàn Quốc Cao Cấp AK35 - ShopN6 (Nhiều Màu),Thời trang nam,Tiki,169000,169000,0.0,241,3.8,https://tiki.vn/ao-khoac-nam-ao-khoac-kaki-nam-big-size-co-cao-hai-lop-chong-nang-chong-lanh-han-quoc-cao-cap-ak35-shopn6-nhieu-mau-p73219234.html?spid=73219236,False
67921385,"ÁO THUN CỔ BẺ NAM, ÁO POLO THỜI TRANG NGẮN TAY, CHẤT THUN CÁ SẤU DỄ PHỐI ĐỒ  - LZPS114",Thời trang nam,Tiki,319450,319450,0.0,3,1.0,https://tiki.vn/ao-thun-co-be-nam-ao-polo-thoi-trang-ngan-tay-chat-thun-ca-sau-de-phoi-do-lzps114-p67921385.html?spid=113226175,False
57682962,Combo 5 Quần Lót Nam Xuất Khẩu Nhật - Quần Sịp Nam Thông Hơi thoáng mát Cao Cấp - Chất Liệu Mềm Mịn Mát Lạnh - Màu ngẫu nhiên,Thời trang nam,Tiki,145000,145000,0.0,1,5.0,https://tiki.vn/combo-5-quan-lot-nam-xuat-khau-nhat-quan-sip-nam-thong-hoi-thoang-mat-cao-cap-chat-lieu-mem-min-mat-lanh-mau-ngau-nhien-p57682962.html?spid=184308478,False
55022423,KENDO - ÁO BA LỖ THỂ THAO TANK TOP size M - L,Thời trang nam,Tiki,46800,90000,0.48,45,4.8,https://tiki.vn/kendo-ao-ba-lo-the-thao-tank-top-p55022423.html?spid=278598748,False
51097029,Áo thun Nam form rộng phong cách Hàn Quốc - AT10A,Thời trang nam,Tiki,150000,150000,0.0,15,4.5,https://tiki.vn/ao-thun-nam-form-rong-phong-cach-han-quoc-at10a-p51097029.html?spid=51097041,False
49733157,"Quần bơi nam giới dáng vừa, độ dài trên gối, chất thun bơi lạnh dày đẹp, co giãn 4 chiều ôm đùi gọn gàng dễ chịu, thoáng mát nhanh khô | BN005",Thời trang nam,Tiki,115000,115000,0.0,101,4.6,https://tiki.vn/quan-boi-nam-dang-lung-mau-moi-2020-vai-boi-day-dan-dep-co-gian-4-chieu-bn005-p49733157.html?spid=49733163,False
40979664,Combo 3 quần sịp đùi nam Cao Cấp Boxer Cạp Nhỏ MRM FASHION cùng màu,Thời trang nam,Tiki,199000,255000,0.22,141,4.8,https://tiki.vn/combo-3-quan-sip-dui-nam-cao-cap-boxer-cap-nho-mrm-fashion-cung-mau-p40979664.html?spid=40979670,False
37269401,Combo 5 Quần Lót Nam Thông Hơi Xuất Nhật Mã S02,Thời trang nam,Tiki,119000,119000,0.0,2,0.0,https://tiki.vn/combo-5-quan-lot-nam-thong-hoi-xuat-nhat-ma-s02-p37269401.html?spid=198496796,False
31637448,Combo 4 quần lót nam Boxer Bamboo Organic mềm mịn thoáng mát thấm hút mồ hôi MRM Manlywear - Màu Ngẫu Nhiên,Thời trang nam,Tiki,265000,380000,0.3,415,4.7,https://tiki.vn/combo-4-qua-n-lo-t-nam-boxer-bamboo-organic-me-m-mi-n-thoa-ng-ma-t-tha-m-hu-t-mo-hoi-mrm-manlywear-ma-u-nga-u-nhien-p31637448.html?spid=31637461,False
15784024,Áo Khoác Nam Áo Khoác Dù Dày Nam Trơn  Cao Cấp ShopN6 - AD34,Thời trang nam,Tiki,199000,245000,0.19,2683,4.5,https://tiki.vn/ao-khoac-nam-ao-khoac-du-day-nam-tron-lot-caro-cao-cap-shopn6-ad34-p15784024.html?spid=15784041,False
278849722,Quần Jean Thời Trang Basic Nam Tapper Ninomaxx 2508002,Thời trang nam,Tiki,769000,769000,0.0,1,0.0,https://tiki.vn/quan-jean-thoi-trang-basic-nam-tapper-ninomaxx-2508002-p278849722.html?spid=278849728,True
278686114,"áo sơ mi nam ngắn tay cổ trụ thiết kế trơn dễ phối đồ sang chảnh, thanh lịch",Thời trang nam,Tiki,350000,350000,0.0,2,0.0,https://tiki.vn/ao-so-mi-nam-ngan-tay-co-tru-thiet-ke-tron-de-phoi-do-sang-chanh-thanh-lich-p278686114.html?spid=278686138,False
276668956,"Quần Lót Nam Boxer Thương Hiệu Davie Cao Cấp Mã Dvlx002 Không Đường Viền, Co Giãn Tốt",Thời trang nam,Tiki,115000,115000,0.0,0,0.0,https://tiki.vn/quan-lot-nam-boxer-thuong-hieu-davie-cao-cap-ma-dvlx002-khong-duong-vien-co-gian-tot-p276668956.html?spid=276669012,False
276581455,"Áo khoác nam, áo blazer nam 2 cúc phong cách Hàn Quốc vải Linen mềm mát thoải mái",Thời trang nam,Tiki,420000,420000,0.0,5,0.0,https://tiki.vn/ao-khoac-nam-ao-blazer-nam-2-cuc-phong-cach-han-quoc-vai-linen-mem-mat-thoai-mai-p276581455.html?spid=276581501,False
276515278,"Quần đùi nam huong tam cao cấp (QDNN10). Chất liệu vải loại tốt: mềm mại, thoáng mát, không phai màu",Thời trang nam,Tiki,47600,47600,0.0,7,5.0,https://tiki.vn/quan-dui-nam-huong-tam-cao-cap-qdnn10-chat-lieu-vai-loai-tot-mem-mai-thoang-mat-khong-phai-mau-p276515278.html?spid=276515294,False
276366333,"Aó khoác gió nam US ARMY đặc biệt Chống Gió, Chống nắng form chuẩn hàng đẹp",Thời trang nam,Tiki,429000,858000,0.5,13,4.0,https://tiki.vn/ao-khoac-gio-nam-us-army-dac-biet-chong-gio-chong-nang-form-chuan-hang-dep-p276366333.html?spid=276366828,False
275878934,Áo chống nắng nam thun lạnh thoáng mát chống tia UV cao cấp UPF50,Thời trang nam,Tiki,200000,200000,0.0,11,0.0,https://tiki.vn/ao-chong-nang-nam-cao-cap-thong-hoi-chong-nang-chong-tia-uv-chong-bam-bui-fmtht024-p275878934.html?spid=277944885,False
274954091,Áo thun nam cổ tròn Novelty TR727374,Thời trang nam,Tiki,249000,249000,0.0,4,5.0,https://tiki.vn/ao-thun-nam-co-tron-novelty-tr72-73-74-p274954091.html?spid=274954318,False
274524642,Áo len nam hàng hiệu khóa kéo LNA04,Thời trang nam,Tiki,432000,432000,0.0,5,0.0,https://tiki.vn/ao-len-nam-hang-hieu-khoa-keo-lna04-p274524642.html?spid=274524644,False
273748509,Áo Khoác Nam siêu mỏng Chống Tia uv Thoáng Khí phong cách Hàn Quốc - T0421,Thời trang nam,Tiki,250000,250000,0.0,6,0.0,https://tiki.vn/ao-khoac-nam-sieu-mong-chong-tia-uv-thoang-khi-phong-cach-han-quoc-t0421-p273748509.html?spid=273748537,False
271158363,"Bộ Pyjama HUONGTAM Kate  tay ngắn nam cao cấp(PNK02). Chất liệu Kate loại tốt:  mềm mại, thoáng mát, không phai màu",Thời trang nam,Tiki,259000,259000,0.0,2,4.0,https://tiki.vn/bo-pyjama-huongtam-kate-tay-ngan-nam-cao-cap-pnk02-chat-lieu-kate-loai-tot-mem-mai-thoang-mat-khong-phai-mau-p271158363.html?spid=271158405,False
270743291,Hộp 5 quần lót nam xuất Nhật màu ngẫu nhiên siêu đẹp,Thời trang nam,Tiki,48000,48000,0.0,29,4.0,https://tiki.vn/hop-5-quan-lot-nam-muji-mau-ngau-nhien-sieu-dep-p270743291.html?spid=270743305,False
269945602,Quần 2 lớp tập gym nam thể thao DOGYMSHOP chất vải si giãn nhanh khô thoáng khí QG2L4,Thời trang nam,Tiki,159000,159000,0.0,0,0.0,https://tiki.vn/quan-2-lop-tap-gym-nam-the-thao-dogymshop-chat-vai-si-gian-nhanh-kho-thoang-khi-qg2l4-p269945602.html?spid=269945618,False
251401736,Quần kaki nam ALIGRO chất liệu kaki mềm mịn cao cấp dáng slimfit màu ghi sáng ALGK074,Thời trang nam,Tiki,552000,552000,0.0,1,0.0,https://tiki.vn/quan-kaki-nam-aligro-chat-lieu-kaki-mem-min-cao-cap-dang-slimfit-mau-ghi-sang-algk074-p251401736.html?spid=251401740,False
206664470,Áo phao nam công sở trẻ trung NAP37,Thời trang nam,Tiki,900000,900000,0.0,6,0.0,https://tiki.vn/ao-phao-nam-cong-so-tre-trung-nap37-p206664470.html?spid=206664478,True
201934333,Áo khoác gió nam chống nắng trượt nước cản gió cản bụi hiệu quả MRM Manlywear,Thời trang nam,Tiki,219000,390000,0.44,170,4.8,https://tiki.vn/ao-khoac-gio-nam-giu-nhiet-chong-nuoc-can-gio-can-bui-hieu-qua-mrm-manlywear-p201934333.html?spid=201934360,False
196033255,Áo sơ mi nam form rộng tay dài kiểu trẻ trung hàn quốc chất lụa mềm mịn mát ít nhăn- MRD04,Thời trang nam,Tiki,115500,210000,0.45,45,5.0,https://tiki.vn/ao-so-mi-nam-form-rong-tay-dai-kieu-tre-trung-han-quoc-chat-lua-mem-min-mat-it-nhan-mrd04-p196033255.html?spid=196033284,False
190142008,Áo sơ mi nam form rộng cổ tàu cổ trụ tay dài Giấu Nút phong cách hàn quốc trẻ trung lịch lãm-MRDT02,Thời trang nam,Tiki,121000,220000,0.45,13,0.0,https://tiki.vn/ao-so-mi-nam-form-rong-co-tau-co-tru-tay-dai-giau-nut-phong-cach-han-quoc-tre-trung-lich-lam-mrdt02-p190142008.html?spid=190142022,False
181142190,Áo sơ mi nam Slim fit ngắn tay hồng đậm 170284N,Thời trang nam,Tiki,449000,449000,0.0,3,5.0,https://tiki.vn/ao-so-mi-nam-slim-fit-ngan-tay-hong-dam-170284n-p181142190.html?spid=181142194,False
113052442,Áo thun nam Áo phông nam cổ tròn - không cổ Out of control thời trang siêu hot hàng đẹp bao đẹp-M190,Thời trang nam,Tiki,203950,203950,0.0,8,3.4,https://tiki.vn/ao-thun-nam-ao-phong-nam-co-tron-khong-co-out-of-control-thoi-trang-sieu-hot-hang-dep-bao-dep-m190-p113052442.html?spid=113052460,False
81074746,SET THẾ THAO NAM NĂNG ĐỘNG,Thời trang nam,Tiki,403450,403450,0.0,2,3.0,https://tiki.vn/set-the-thao-nam-nang-dong-p81074746.html?spid=113224910,False
77884223,BỘ THỂ THAO NAM NĂNG ĐỘNG,Thời trang nam,Tiki,445450,445450,0.0,1,0.0,https://tiki.vn/bo-the-thao-nam-nang-dong-p77884223.html?spid=113227579,False
76600710,"Quần kaki nam thời trang, quần nam chất kaki co giãn dễ chịu thoải mái",Thời trang nam,Tiki,346750,346750,0.0,1,0.0,https://tiki.vn/quan-kaki-nam-thoi-trang-co-gian-de-chiu-thoai-mai-p76600710.html?spid=113226533,False
73456416,Áo Khoác Nam Big Size Áo Khoác Kaki Nam Hai Lớp Big Size Chống Lạnh Chống Nắng Chống Gió Hàn Quốc Cao Cấp WK35 - ShopN6 (Nhiều Màu),Thời trang nam,Tiki,179000,260000,0.31,319,4.1,https://tiki.vn/ao-khoac-nam-big-size-ao-khoac-kaki-nam-hai-lop-big-size-chong-lanh-chong-nang-chong-gio-han-quoc-cao-cap-wk35-shopn6-nhieu-mau-p73456416.html?spid=73456438,False
73335809,Áo Khoác Nam Big Size Áo Khoác Dù Nam Cổ Cao Chống Lạnh Chống Gió Chống Nắng Tia UV Cao Cấp Nam Tính Hàn Quốc QM19 - ShopN6 (Nhiều Màu),Thời trang nam,Tiki,199000,255000,0.22,277,4.1,https://tiki.vn/ao-khoac-nam-big-size-ao-khoac-du-nam-co-cao-chong-lanh-chong-gio-chong-nang-tia-uv-cao-cap-nam-tinh-han-quoc-qm19-shopn6-nhieu-mau-p73335809.html?spid=73335821,False
72462368,Áo Khoác Nam Áo Khoác Dù Dày Nam Hai Lớp Lót Nỉ Chống Lạnh Chống Gió Chống Nắng Tia UV Cao Cấp AD64 - ShopN6 (Nhiều Màu),Thời trang nam,Tiki,189000,225000,0.16,28,4.3,https://tiki.vn/ao-khoac-nam-ao-khoac-du-day-nam-hai-lop-lot-ni-chong-lanh-chong-gio-chong-nang-tia-uv-cao-cap-ad64-shopn6-nhieu-mau-p72462368.html?spid=72462376,False
67516317,Áo Khoác Kaki Nam Áo Khoác Nam Hai Lớp FS Chống Nắng Chống Lạnh Cao Cấp KK46 - ShopN6 (Nhiều Màu),Thời trang nam,Tiki,199000,240000,0.17,444,4.3,https://tiki.vn/ao-khoac-kaki-nam-ao-khoac-nam-hai-lop-fs-chong-nang-chong-lanh-cao-cap-kk46-shopn6-nhieu-mau-p67516317.html?spid=67516329,False
56958321,Quần kaki nam Aligro ALGK052,Thời trang nam,Tiki,759000,759000,0.0,9,4.5,https://tiki.vn/quan-kaki-nam-aligro-algk052-p56958321.html?spid=56958333,True
56041700,"Quần bơi nam cao cấp, đồ bơi nam boxer đẹp",Thời trang nam,Tiki,200000,200000,0.0,133,5.0,https://tiki.vn/quan-boi-nam-cao-cap-do-boi-nam-boxer-dep-p56041700.html?spid=56041707,False
55740133,"Quần lót nam tam giác thun cotton co giãn tốt, sịp nam cao cấp lưng thun cạp to, thiết kế trẻ trung đơn giản và sang trọng QLCC019",Thời trang nam,Tiki,130000,130000,0.0,102,4.8,https://tiki.vn/quan-lot-nam-tam-giac-cao-cap-thun-cotton-qlcc019-p55740133.html?spid=55740145,False
52198505,Combo 4 Quần Lót Nam Quần Sịp Nam Sợi Cotton Cao Cấp MRM FASHION Mix 2 Màu TẶNG Đôi Tất Nam Cao Cấp,Thời trang nam,Tiki,265000,340000,0.22,107,4.7,https://tiki.vn/combo-4-quan-lot-nam-quan-sip-nam-soi-cotton-cao-cap-mrm-fashion-mix-2-mau-tang-doi-tat-nam-cao-cap-p52198505.html?spid=52198528,False
52188529,Combo 4 Quần Lót Nam Quần Sịp Đùi Sợi Cotton Cao Cấp MRM FASHION Mix 2 Màu TẶNG Đôi Tất Nam Cao Cấp,Thời trang nam,Tiki,265000,380000,0.3,46,4.6,https://tiki.vn/combo-4-quan-sip-dui-nam-quan-lot-nam-boxer-soi-cotton-cao-cap-mrm-fashion-mix-2-mau-tang-doi-tat-nam-cao-cap-p52188529.html?spid=52188556,False
51100972,Quần Jean Nam body phong cách Hàn Quốc - J002A,Thời trang nam,Tiki,190000,190000,0.0,1,0.0,https://tiki.vn/quan-jean-nam-body-phong-cach-han-quoc-tang-day-chyen-thoi-trang-p51100972.html?spid=51100978,False
35193581,[FREEMAN] Combo 5 quần lót nam 639,Thời trang nam,Tiki,196000,245000,0.2,77,4.3,https://tiki.vn/combo-5-quan-lot-nam-freeman-6039-p35193581.html?spid=35193588,False
16712370,Áo Khoác Kaki Nam Hai Lớp Simple Cao Cấp ShopN6-KK35,Thời trang nam,Tiki,179000,245000,0.27,4015,3.9,https://tiki.vn/ao-khoac-kaki-nam-hai-lop-simple-cao-cap-shopn6-kk35-p16712370.html?spid=16712374,False
15993454,Áo Khoác Nam Áo Khoác Kaki Nam Đơn Giản Cao Cấp-KK34,Thời trang nam,Tiki,169000,270000,0.37,228,3.4,https://tiki.vn/ao-khoac-nam-ao-khoac-kaki-nam-don-gian-cao-cap-kk34-p15993454.html?spid=15993462,False
13326027,Quần lót nam thun lạnh - QL005,Thời trang nam,Tiki,99000,99000,0.0,105,4.6,https://tiki.vn/quan-lot-nam-thun-lanh-p13326027.html?spid=13326037,False
7078807,Bộ 10 Quần Lót Nam Chéo Nhật Bản Cao Cấp Thoáng Mát (Giao Màu Ngẫu Nhiên),Thời trang nam,Tiki,327600,420000,0.22,13,4.5,https://tiki.vn/bo-10-quan-lot-nam-cheo-nhat-ban-cao-cap-thoang-mat-giao-mau-ngau-nhien-p7078807.html?spid=67858801,False
6187707,Bộ 5 quần sịp đùi xuất Nhật chất lụa cao cấp,Thời trang nam,Tiki,165000,165000,0.0,0,0.0,https://tiki.vn/bo-5-quan-dui-lot-nam-xuat-nhat-chat-lua-cao-cap-p6187707.html?spid=279319738,False
5757757,Bộ 4 Quần Boxer Đúc Cao Cấp Nhật Bản Cho Nam,Thời trang nam,Tiki,178000,178000,0.0,6,3.3,https://tiki.vn/bo-4-quan-boxer-duc-cao-cap-nhat-ban-cho-nam-p5757757.html?spid=55354606,False
278833580,"Quần Lót Nam (Combo 5 quần) NeSa Shop, Quần sịp đùi nam thun lạnh, co dãn 4 chiều, thoáng khí kháng khuẩn tốt",Thời trang nam,Tiki,80005,159000,0.5,0,5.0,https://tiki.vn/quan-lot-nam-combo-5-quan-nesa-shop-quan-sip-dui-nam-thun-lanh-co-dan-4-chieu-thoang-khi-khang-khuan-tot-p278833580.html?spid=278833600,False
278686018,Áo sơ mi nam dài tay trơn cổ bẻ basic vải Linen sợi tự nhiên mềm mát,Thời trang nam,Tiki,350000,350000,0.0,2,0.0,https://tiki.vn/ao-so-mi-nam-dai-tay-tron-co-be-basic-vai-linen-soi-tu-nhien-mem-mat-p278686018.html?spid=278686030,False
278498646,"Quần short Nam tập Gym thể thao, mặc nhà, đi chơi - T0588",Thời trang nam,Tiki,110000,110000,0.0,13,0.0,https://tiki.vn/quan-short-nam-tap-gym-the-thao-mac-nha-di-choi-t0588-p278498646.html?spid=278498660,False
276897802,"Quần nam ống rộng chất linen vải đẹp mềm thoáng mát, thiết kế dây rút kết hợp khóa kéo độc la Haint boutique Qd11",Thời trang nam,Tiki,350000,350000,0.0,5,4.0,https://tiki.vn/quan-nam-ong-rong-chat-linen-vai-dep-mem-thoang-mat-thiet-ke-day-rut-ket-hop-khoa-keo-doc-la-haint-boutique-qd11-p276897802.html?spid=276897810,False
276897778,"Quần linen nam ống suông, quần dài ống rộng cạp chun có dây rút và khuy trước, phong cách tối giản, vintage Qd11",Thời trang nam,Tiki,350000,350000,0.0,2,0.0,https://tiki.vn/quan-linen-nam-ong-suong-quan-dai-ong-rong-cap-chun-co-day-rut-va-khuy-truoc-phong-cach-toi-gian-vintage-qd11-p276897778.html?spid=276897782,False
276887044,"Quần nam chất linen form suông, bản ống vừa phải không quá rộng, cap chun dây rút Qd10",Thời trang nam,Tiki,350000,350000,0.0,3,1.0,https://tiki.vn/quan-nam-chat-linen-form-suong-ban-ong-vua-phai-khong-qua-rong-cap-chun-day-rut-qd10-p276887044.html?spid=276887046,False
276833571,Quần Short Mặt Nhà Thương Hiệu Davie Dvs06 Chất Liệu Kate 100% Cotton Thoáng Mát,Thời trang nam,Tiki,89000,89000,0.0,1,0.0,https://tiki.vn/quan-short-mat-nha-thuong-hieu-davie-dvs06-chat-lieu-kate-100-cotton-thoang-mat-p276833571.html?spid=276833573,False
276667981,"Quần Lót Nam Thương Hiệu Davie DVBX030 Lưng Bản Nhỏ 1.5 Co Giãn 4 Chiều, Thoải Mái Và Thấm Hút Mồ Hôi",Thời trang nam,Tiki,69000,69000,0.0,1,0.0,https://tiki.vn/quan-lot-nam-thuong-hieu-davie-dvbx030-lung-ban-nho-1-5-co-gian-4-chieu-thoai-mai-va-tham-hut-mo-hoi-p276667981.html?spid=276667995,False
276584671,"Áo sơ mi linen dành cho  nam, trơn cổ trụ, sơ mi hàn quốc Haint Boutique, form vừa",Thời trang nam,Tiki,320000,320000,0.0,3,0.0,https://tiki.vn/ao-so-mi-linen-danh-cho-nam-tron-co-tru-so-mi-han-quoc-haint-boutique-form-vua-p276584671.html?spid=276584685,False
275661729,"Áo sơ mi nam ngắn tay cổ tàu, chất liệu đũi mềm mát, sản phẩm cao cấp Đũi Việt",Thời trang nam,Tiki,320000,320000,0.0,1,0.0,https://tiki.vn/ao-so-mi-nam-ngan-tay-co-tau-chat-lieu-dui-mem-mat-san-pham-cao-cap-dui-viet-p275661729.html?spid=278215165,False
275106811,"Quần dài nam ống gấp line, cạp chun sau kết hợp khóa khuy trước và dây rút thời trang, trẻ trung, lịch lãm QD11",Thời trang nam,Tiki,350000,350000,0.0,5,0.0,https://tiki.vn/quan-dai-nam-ong-gap-line-cap-chun-sau-ket-hop-khoa-khuy-truoc-va-day-rut-thoi-trang-tre-trung-lich-lam-qd11-p275106811.html?spid=275106817,False
269904929,Quần hai lớp nam tập gym DO GYM SHOP chất thun lỗ kim thoáng khí khi chơi thể thao,Thời trang nam,Tiki,159000,159000,0.0,8,5.0,https://tiki.vn/quan-hai-lop-nam-tap-gym-do-gym-shop-chat-thun-lo-kim-thoang-khi-khi-choi-the-thao-p269904929.html?spid=269904935,False
252160562,"Áo bơi nam dài tay & ngắn tay rời, hoạ tiết da cá nam tính, phom ôm gọn gàng, thun bơi lạnh dày mịn thoáng mát, áo bơi nam lẻ | BN028",Thời trang nam,Tiki,220000,220000,0.0,1,0.0,https://tiki.vn/ao-boi-nam-dai-tay-ngan-tay-roi-hoa-tiet-da-ca-nam-tinh-phom-om-gon-gang-thun-boi-lanh-day-min-thoang-mat-ao-boi-nam-le-bn028-p252160562.html?spid=252160566,False
252157171,"Quần bơi nam 2 lớp cao cấp, phong cách boxer ống ngắn rộng rãi, họa tiết da cá nam tính, lớp trong thun bơi co giãn, lớp ngoài trượt nước dày dặn nhanh khô | BN026",Thời trang nam,Tiki,250000,250000,0.0,34,4.5,https://tiki.vn/quan-boi-nam-2-lop-cao-cap-phong-cach-boxer-ong-ngan-rong-rai-hoa-tiet-da-ca-nam-tinh-lop-trong-thun-boi-co-gian-lop-ngoai-truot-nuoc-day-dan-nhanh-kho-bn026-p252157171.html?spid=277589057,False
248632967,Áo Sơ Mi Nam Trung Niên Công Sở Anton Somianton Dài Tay Vải Sợi Tre Kẻ Caro - AC26,Thời trang nam,Tiki,325000,325000,0.0,4,0.0,https://tiki.vn/ao-so-mi-nam-trung-nien-cong-so-anton-somianton-dai-tay-vai-soi-tre-ke-caro-ac26-p248632967.html?spid=248632971,False
244297794,"Combo 5 Quần Lót Nam Thun Lạnh Lưng To Menlive ML1 – Size M–4XL, Co Giãn 4 Chiều",Thời trang nam,Tiki,205000,205000,0.0,7,5.0,https://tiki.vn/combo-5-quan-lot-nam-thun-lanh-menlive-p244297794.html?spid=244297797,False
205827767,Áo len nam cổ lọ ấm áp LNA10,Thời trang nam,Tiki,372000,372000,0.0,6,5.0,https://tiki.vn/ao-len-nam-co-lo-am-ap-lna10-p205827767.html?spid=205827769,False
198057906,Áo len nam cổ tròn dệt kim công sở LNA20,Thời trang nam,Tiki,264000,264000,0.0,21,4.6,https://tiki.vn/ao-len-nam-co-tron-det-kim-cong-so-lna20-p198057906.html?spid=198057912,False
193978418,Quần Jean nam Leman xám khói trơn JD13 - Slim Form,Thời trang nam,Tiki,549000,549000,0.0,68,5.0,https://tiki.vn/quan-jean-nam-leman-xam-khoi-tron-jd13-slim-form-p193978418.html?spid=193978432,False
193492866,Áo thun thể thao nam MRM Active Pro thấm hút mồ hôi tốt co dãn thoải mái vận động,Thời trang nam,Tiki,129000,199000,0.35,176,5.0,https://tiki.vn/ao-thun-the-thao-nam-mrm-active-pro-tham-hut-mo-hoi-tot-co-dan-thoai-mai-van-dong-p193492866.html?spid=193492892,False
177589309,Áo Thun Nam Nữ Cổ Bẻ Phong Cách Hàn Quốc Vải Cá Sấu Sấu Mè Có Viền,Thời trang nam,Tiki,100000,100000,0.0,3,0.0,https://tiki.vn/ao-thun-nam-nu-co-be-phong-cach-han-quoc-vai-ca-sau-sau-me-co-vien-p177589309.html?spid=278718775,False
128971030,Hộp 4 Quần lót nam thông hơi - Quần sịp đùi nam,Thời trang nam,Tiki,159000,159000,0.0,1,0.0,https://tiki.vn/hop-4-quan-lot-nam-thong-hoi-quan-sip-dui-nam-p128971030.html?spid=198498234,False
113115245,Quần Lót Nam ️️ Hộp 4 Quần Sịp Đùi Thông Hơi Xuất Nhật NO408 MỀM MỊN MÁT,Thời trang nam,Tiki,125000,125000,0.0,2,0.0,https://tiki.vn/quan-lot-nam-hop-4-quan-sip-dui-thong-hoi-no408-mem-min-mat-p113115245.html?spid=198498230,False
113052759,Áo khoác nam Áo khoát nam kaki chống nắng rẻ from rộng trơn cực chất siêu chất,Thời trang nam,Tiki,245000,245000,0.0,59,4.1,https://tiki.vn/ao-khoac-nam-kaki-chong-nang-from-rong-tron-p113052759.html?spid=113052822,False
113050461,Áo khoát của nam hoodie QUCHUN cực chuẩn mẫu mới-A634,Thời trang nam,Tiki,189250,189250,0.0,1,0.0,https://tiki.vn/ao-khoat-cua-nam-hoodie-quchun-cuc-chuan-mau-moi-a634-p113050461.html?spid=113050535,False
105937313,"Quần Lót Nam Lọt Khe Sexy Brave Person B1177 - Thiết Kế Quyến Rũ Dành Riêng Cho Phái Mạnh - Chất Liệu Mềm Mại, Thoải Mái, Thoàng Khí, Kháng Khuẩn",Thời trang nam,Tiki,139000,199000,0.3,45,4.7,https://tiki.vn/quan-lot-nam-lot-khe-sexy-brave-person-b1177-thiet-ke-ca-tinh-ton-len-ve-nam-tinh-chat-lieu-mem-mai-thoang-mat-khang-khuan-phu-hop-mac-khi-luyen-tap-the-thao-p105937313.html?spid=105937325,False
101278805,Sét  5 Quần lót nam thun lạnh hàng cao cấp thoáng mát Từ 40kg đến 75kg( màu ngẫu nhiên),Thời trang nam,Tiki,155000,155000,0.0,7,4.0,https://tiki.vn/set-5-quan-lot-nam-thun-lanh-hang-cao-cap-thoang-mat-tu-40kg-den-75kg-mau-ngau-nhien-p101278805.html?spid=101278833,False
101174402,Set  5 Quần lót nam tam giác  thun coton Nita hàng cao cấp thoáng mát Từ 40kg đến 80kg,Thời trang nam,Tiki,160000,160000,0.0,3,0.0,https://tiki.vn/set-5-quan-lot-nam-tam-giac-thun-coton-nita-hang-cao-cap-thoang-mat-tu-40kg-den-80kg-p101174402.html?spid=101174404,False
98126967,Quần lót nam Roman cao cấp - bảng lưng lớn - chất liệu thun lạnh silk 4 chiều cực mát,Thời trang nam,Tiki,59000,59000,0.0,9,0.0,https://tiki.vn/quan-lot-nam-roman-cao-cap-bang-lung-lon-chat-lieu-thun-lanh-silk-4-chieu-cuc-mat-p98126967.html?spid=98126969,False
92806576,Áo Khoác Big Size Nam Nữ Có Nón Áo Khoác Dù Nam Nữ Chống Nắng Chống Nước Chống Gió Chống Tia uv Cực Tím Cao Cấp UD54 - ShopN6,Thời trang nam,Tiki,169000,189000,0.11,13,3.8,https://tiki.vn/ao-khoac-big-size-nam-nu-co-non-ao-khoac-du-nam-nu-chong-nang-chong-nuoc-chong-gio-chong-tia-uv-cuc-tim-cao-cap-ud54-shopn6-p92806576.html?spid=92806578,False
90483829,Combo 2 Áo lót nam cổ tim tay ngắn FREEMAN TSF311,Thời trang nam,Tiki,245100,258000,0.05,50,3.6,https://tiki.vn/ao-lot-nam-co-tim-tay-ngan-freeman-tsf311-combo-2-p90483829.html?spid=90483844,False
87094676,"Bộ bơi đôi dài tay Nam và Nữ, set 3 chi tiết quần dài chống nắng, đồ bơi cho couple, có size nhỏ cho bé mặc đồ gia đình | KT022 | BN022",Thời trang nam,Tiki,520000,520000,0.0,55,4.6,https://tiki.vn/bo-boi-doi-dai-tay-nam-va-nu-set-3-chi-tiet-quan-dai-chong-nang-do-boi-cho-couple-co-size-nho-cho-be-mac-do-gia-dinh-kt022-bn022-p87094676.html?spid=87094688,False
74429355,"ÁO THUN TAY NGẮN CÓ CỔ PHỐI TÚI SỌC ĐỘC ĐÁO, PHONG CÁCH LỊCH LÃM - LZ FASHION - LZPS143",Thời trang nam,Tiki,320500,320500,0.0,1,0.0,https://tiki.vn/ao-thun-tay-ngan-co-co-phoi-tui-soc-doc-dao-phong-cach-lich-lam-lz-fashion-lzps143-p74429355.html?spid=113226068,False
54569520,"Quần Lót nam, quần sịp nam lụa Sữa Cao Cấp sp-340",Thời trang nam,Tiki,68640,88000,0.22,16,5.0,https://tiki.vn/quan-lot-nam-quan-sip-nam-lua-sua-cao-cap-sp-340-p54569520.html?spid=67859897,False
37970004,Combo 5 Quần Lót Nam Cao Cấp Munafie Co Dãn Xuất Nhật Kèm Túi Zip,Thời trang nam,Tiki,170000,170000,0.0,4,5.0,https://tiki.vn/combo-5-quan-lot-nam-cao-cap-munafie-co-dan-xuat-nhat-kem-tui-zip-p37970004.html?spid=51982338,False
31637401,"Combo 3 Quần Lót Nam Tam Giác Bamboo MRM Manlywear (Đen,Xanh Navy,Ghi nhạt)",Thời trang nam,Tiki,199000,240000,0.17,28,4.8,https://tiki.vn/combo-3-quan-lot-nam-tam-giac-bamboo-mrm-manlywear-den-xanh-navy-ghi-nhat-p31637401.html?spid=31637423,False
24595627,Áo thun Nam thời trang mềm mỏng cho mùa hè - AT015,Thời trang nam,Tiki,145000,145000,0.0,3,0.0,https://tiki.vn/ao-thun-nam-thoi-trang-kieu-dang-moi-p24595627.html?spid=24595633,False
16546849,Combo 5 Quần Lót Nam Tam Giác Nhật,Thời trang nam,Tiki,161700,210000,0.23,35,4.7,https://tiki.vn/combo-5-quan-lot-nam-tam-giac-nhat-p16546849.html?spid=53006036,False
7078761,Bộ 5 Quần Lót Nam Nhật Cao Cấp (Giao Màu Ngẫu Nhiên),Thời trang nam,Tiki,156000,156000,0.0,47,4.5,https://tiki.vn/bo-5-quan-lot-nam-nhat-cao-cap-giao-mau-ngau-nhien-p7078761.html?spid=8014100,False
2212215,Combo 04 quần lót nam Pro Ben bảng nhỏ MS914,Thời trang nam,Tiki,147840,192000,0.23,16,5.0,https://tiki.vn/combo-04-quan-lot-nam-pro-ben-bang-nho-ms914-p2212215.html?spid=53788069,False
279410411,Quần đùi nam cạp chun cao cấp Lucibeaty vải cotton phong cách thể thao chính hãng QJK02,Thời trang nam,Tiki,365000,365000,0.0,0,0.0,https://tiki.vn/quan-dui-nam-cap-chun-cao-cap-lucibeaty-vai-cotton-phong-cach-the-thao-chinh-hang-qjk02-p279410411.html?spid=279410489,False
279325254,"Áo polo nam cao cấp vải Coolmax nhẹ, co giãn tốt, thoáng mát POLO-022",Thời trang nam,Tiki,349000,435000,0.2,0,0.0,https://tiki.vn/ao-polo-nam-cao-cap-vai-coolmax-nhe-co-gian-tot-thoang-mat-polo-022-p279325254.html?spid=279325282,False
279015139,"Áo Thun Đôi, Cặp Mr.Buffalo CUTE Tshirt Cotton 100% có bigsize Unisex Local Brand B19B19n - Đen B19n",Thời trang nam,Tiki,125000,125000,0.0,0,0.0,https://tiki.vn/ao-thun-doi-cap-mr-buffalo-cute-tshirt-cotton-100-co-bigsize-unisex-local-brand-b19b19n-p279015139.html?spid=279015147,False
279014284,"Áo sweater thu đông form rộng in hình hài hước ""Có Tài mà sếp không nhận ra"" Mr.buffalo - [HN32] Áo Trắng",Thời trang nam,Tiki,160000,160000,0.0,0,0.0,https://tiki.vn/ao-sweater-thu-dong-form-rong-in-hinh-hai-huoc-co-tai-ma-sep-khong-nhan-ra-mr-buffalo-p279014284.html?spid=279014301,False
278856546,"Quần đùi nam huong tam cao cấp (QDNN19.1). Chất liệu vải loại tốt: mềm mại, thoáng mát, không phai màu",Thời trang nam,Tiki,47600,47600,0.0,3,0.0,https://tiki.vn/quan-dui-nam-huong-tam-cao-cap-qdnn19-1-chat-lieu-vai-loai-tot-mem-mai-thoang-mat-khong-phai-mau-p278856546.html?spid=278856566,False
278594703,Combo 3 Quần Tây Dài Nam Co Giãn Mạnh/Quần Tây Âu Mềm Mịn Ống Côn Form Đẹp Chuẩn Size,Thời trang nam,Tiki,159999,159999,0.0,0,0.0,https://tiki.vn/quan-tay-dai-nam-co-gian-manh-quan-tay-au-mem-min-ong-con-form-dep-chuan-size-p278594703.html?spid=278595081,False
278021672,Quần Lót Nam Đùi Boxer Lụa Băng Menpro MP9 - Mỏng nhem Thoáng Khí,Thời trang nam,Tiki,67150,79000,0.15,7,0.0,https://tiki.vn/quan-lot-nam-dui-boxer-lua-bang-menpro-mp9-mong-nhem-thoang-khi-p278021672.html?spid=278021674,False
277924226,Áo Thun vải cá sấu trơn NAM- NỮ  Không Nhăn không  xù lông ( từ 40kg -95kg ) Màu Tím Huế,Thời trang nam,Tiki,95000,95000,0.0,5,0.0,https://tiki.vn/ao-thun-vai-ca-sau-tron-nam-nu-khong-nhan-khong-xu-long-tu-40kg-95kg-mau-tim-hue-p277924226.html?spid=277924246,False
276678209,"Quần Tam Giác Hiệu Davie Mã DVTL009, Chất Thun Lạnh Cao Cấp",Thời trang nam,Tiki,75000,75000,0.0,0,0.0,https://tiki.vn/quan-tam-giac-hieu-davie-ma-dvtl009-chat-thun-lanh-cao-cap-p276678209.html?spid=276678245,False
276667813,Quần Lót Nam Thương Hiệu Davie Dvtl036 Quần Lưới Thông Hơi Cao Cấp Chất Liệu Thun Lạnh,Thời trang nam,Tiki,92000,92000,0.0,0,0.0,https://tiki.vn/quan-lot-nam-thuong-hieu-davie-dvtl036-quan-luoi-thong-hoi-cao-cap-chat-lieu-thun-lanh-p276667813.html?spid=276667837,False
276590644,Áo phao nam trẻ trung công sở NAP74,Thời trang nam,Tiki,624000,624000,0.0,3,0.0,https://tiki.vn/ao-phao-nam-tre-trung-cong-so-nap74-p276590644.html?spid=276590652,True
276457976,Quần lót nam Boxer su lạnh mềm mại mẫu trơn co dãn tốt,Thời trang nam,Tiki,43750,43750,0.0,5,4.0,https://tiki.vn/quan-lot-nam-boxer-su-lanh-mem-mai-mau-tron-co-dan-tot-p276457976.html?spid=276457982,False
276174389,Combo 4 Quần Nam MJ Vải Êm Mềm Thoáng Mát mlot,Thời trang nam,Tiki,61000,61000,0.0,0,0.0,https://tiki.vn/combo-4-quan-dui-nam-muji-vai-bao-mem-em-dem-mlot-p276174389.html?spid=276251069,False
275255891,Quần Jean nam cao cấp ống đứng kazata màu xanh đen trơn vải co giãn xuất khẩu dáng slimfit,Thời trang nam,Tiki,410000,410000,0.0,8,5.0,https://tiki.vn/quan-jean-nam-cao-cap-ong-dung-le511-mau-xanh-den-tron-vai-co-gian-xuat-khau-dang-slimfit-p275255891.html?spid=275255897,False
270801635,"Áo polo nam ngắn tay ALIGRO chất liệu CVC mềm mịn, co giãn, thấm hút mồ hôi ALGPLO91",Thời trang nam,Tiki,335000,335000,0.0,3,5.0,https://tiki.vn/ao-polo-nam-ngan-tay-aligro-chat-lieu-cvc-mem-min-co-gian-tham-hut-mo-hoi-algplo91-p270801635.html?spid=270801641,False
201594183,"Áo Thun Nam Dài Tay Aligro Chất Liệu Cotton Cao Cấp, Siêu Mềm Mại, Dày Dặn, Cực Dễ Chịu, Thấm Hút Tốt ALGAPD054",Thời trang nam,Tiki,335000,335000,0.0,2,0.0,https://tiki.vn/ao-thun-nam-dai-tay-aligro-chat-lieu-cotton-cao-cap-sieu-mem-mai-day-dan-cuc-de-chiu-tham-hut-tot-algapd054-p201594183.html?spid=201594189,False
198261845,"Áo polo, áo phông, áo thun cổ bẻ nam màu xanh nhạt Aligro chất liệu cotton, không xù, không bám dính, tôn dáng ALGPLO81",Thời trang nam,Tiki,335000,335000,0.0,13,0.0,https://tiki.vn/ao-polo-ao-phong-ao-thun-co-be-nam-mau-xanh-nhat-aligro-chat-lieu-cotton-khong-xu-khong-bam-dinh-ton-dang-algplo81-p198261845.html?spid=198261853,False
189673526,Áo sơ mi măng sét trắng Anlimen Gentle Cuff Shirt,Thời trang nam,Tiki,1090000,1090000,0.0,1,0.0,https://tiki.vn/so-mi-mang-set-cufflinks-anlimen-gentle-cuff-shirt-ags01-p189673526.html?spid=189673530,True
158666976,ĐỒ BỘ NAM MÙA HÈ PHỐI MÀU CHẤT THUN COTTON MÁT THẤM HÚT MỒ HÔI HỌA TIẾT MỚI NHẤT HIỆN NAY,Thời trang nam,Tiki,180000,180000,0.0,0,0.0,https://tiki.vn/do-bo-nam-mua-he-phoi-mau-chat-thun-cotton-mat-tham-hut-mo-hoi-hoa-tiet-moi-nhat-hien-nay-p158666976.html?spid=278635828,False
145717928,Áo khoác phao nam hà nội NAP09,Thời trang nam,Tiki,1020000,1020000,0.0,11,5.0,https://tiki.vn/ao-khoac-phao-nam-ha-noi-nap09-p145717928.html?spid=145717946,True
117652139,- Áo thun POLO trơn vải cá sấu cotton cao cấp ngắn tay có đủ bảng màu pastel cực hot,Thời trang nam,Tiki,75000,75000,0.0,0,0.0,https://tiki.vn/ao-thun-polo-tron-vai-ca-sau-cotton-cao-cap-ngan-tay-co-du-bang-mau-pastel-cuc-hot-p117652139.html?spid=140126019,False
113050507,Áo khoác nam BOMBER hàng rất đẹp chuẩn shop-A638,Thời trang nam,Tiki,189250,189250,0.0,4,5.0,https://tiki.vn/ao-khoac-nam-bomber-a638-p113050507.html?spid=113050557,False
110155843,Áo thun polo,Thời trang nam,Tiki,120000,120000,0.0,0,0.0,https://tiki.vn/ao-thun-polo-p110155843.html?spid=279283527,False
105708174,Áo Khoác Big Size Áo Khoác Dù Nam Có Nón Cổ Trụ Chống Nắng Chống Nóng Chống Lạnh Chống Gió 2 Lớp Phối Logo Thời Trang Nam Tính Hàn Quốc Giá Tốt ShopN6 - QD58,Thời trang nam,Tiki,199000,245000,0.19,41,3.6,https://tiki.vn/ao-khoac-big-size-ao-khoac-du-nam-co-non-co-tru-chong-nang-chong-nong-chong-lanh-chong-gio-2-lop-phoi-logo-thoi-trang-nam-tinh-han-quoc-gia-tot-shopn6-qd58-p105708174.html?spid=105708186,False
105104033,"[ÁO POLO] Áo thun nam vải cá sấu co giãn 4 chiều, kiểu may cao cấp cổ bẻ, tay bo, có xẻ lai - Màu xanh két",Thời trang nam,Tiki,100000,100000,0.0,0,0.0,https://tiki.vn/ao-polo-ao-thun-nam-vai-ca-sau-co-gian-4-chieu-kieu-may-cao-cap-co-be-tay-bo-co-xe-lai-mau-xanh-ket-p105104033.html?spid=278416259,False
101949478,Quần lót nam 274,Thời trang nam,Tiki,29000,29000,0.0,2,0.0,https://tiki.vn/quan-lot-nam-274-p101949478.html?spid=101949527,False
98675410,"Quần Short Nam Mặc Ngủ, Quần Thun Nam Mặc Nhà Brave Person B1164 - Form dáng trẻ trung, năng động, nam tính - Chất liệu thoáng mát, co dãn 4 chiều",Thời trang nam,Tiki,160000,250000,0.36,65,5.0,https://tiki.vn/quan-short-nam-mac-ngu-quan-thun-nam-mac-nha-brave-person-b1164-form-dang-tre-trung-nang-dong-nam-tinh-chat-lieu-thoang-mat-co-dan-4-chieu-p98675410.html?spid=98675416,False
90483672,Áo thun nam ngắn tay cổ tim cotton thoáng mát FREEMAN TSF311,Thời trang nam,Tiki,122550,129000,0.05,3,3.5,https://tiki.vn/ao-thun-nam-ngan-tay-co-tim-cotton-thoang-mat-freeman-tsf311-p90483672.html?spid=90483691,False
86061278,Áo khoác dù nam lót nỉ phối cổ cao cấp Bonado BA19,Thời trang nam,Tiki,371635,371635,0.0,1,0.0,https://tiki.vn/ao-khoac-du-nam-lot-ni-phoi-co-cao-cap-ba19-p86061278.html?spid=113227566,False
81075124,ÁO KHOÁC DÙ NAM DẤU NÓN,Thời trang nam,Tiki,445450,445450,0.0,4,5.0,https://tiki.vn/ao-khoac-du-nam-dau-non-p81075124.html?spid=113225112,False
75649772,Áo Khoác Big Size Nam Áo Khoác Dù Nam Chống Nóng Chống Nắng Chống Lạnh Chống Gió Hai Lớp Có Nón Hàn Quốc Cao Cấp WD54 - ShopN6,Thời trang nam,Tiki,189000,189000,0.0,36,4.3,https://tiki.vn/ao-khoac-big-size-nam-ao-khoac-du-nam-chong-nong-chong-nang-chong-lanh-chong-gio-hai-lop-co-non-han-quoc-cao-cap-wd54-shopn6-p75649772.html?spid=75649796,False
74895500,"ÁO THUN NAM CỔ TRÒN TAY NGẮN IN CHỮ NĂNG ĐỘNG, ĐỘC ĐÁO - LZPS133",Thời trang nam,Tiki,299500,299500,0.0,1,1.0,https://tiki.vn/ao-thun-nam-co-tron-tay-ngan-in-chu-nang-dong-doc-dao-lzps133-p74895500.html?spid=113226242,False
72881856,"Quần lót nam thun lạnh không đường may, sịp đùi nam cao cấp kiểu dáng boxer nam ôm sát, chất liệu su thoáng mát, mềm mịn và mỏng nhẹ, quần lót cạp nhỏ đơn giản với màu trơn QLW806",Thời trang nam,Tiki,69000,69000,0.0,146,4.3,https://tiki.vn/quan-lot-nam-thun-lanh-khong-duong-may-sip-dui-nam-cao-cap-kieu-dang-boxer-nam-om-sat-chat-lieu-su-thoang-mat-mem-min-va-mong-nhe-quan-lot-cap-nho-don-gian-voi-mau-tron-qlw806-p72881856.html?spid=102551180,False
70776478,QUẦN ĐÙI NAM - QUẦN SHORT NAM,Thời trang nam,Tiki,115000,115000,0.0,4,3.0,https://tiki.vn/quan-dui-nam-quan-short-nam-p70776478.html?spid=276661706,False
58403663,ÁO KHOÁC DÙ NAM 2 LỚP,Thời trang nam,Tiki,361450,361450,0.0,5,0.0,https://tiki.vn/ao-khoac-du-nam-2-lop-p58403663.html?spid=113228165,False
52054230,combo 5 quần sịp chéo cotton nam xuất nhật túi zip bạc,Thời trang nam,Tiki,189000,189000,0.0,2,0.0,https://tiki.vn/combo-5-quan-sip-cheo-cotton-nam-xuat-nhat-tui-zip-bac-p52054230.html?spid=73622917,False
46699028,Quần short thun nam có lưới thông hơi Phúc An 1051 màu,Thời trang nam,Tiki,71100,71100,0.0,79,4.6,https://tiki.vn/quan-short-thun-nam-co-luoi-thong-hoi-phuc-an-1051-p46699028.html?spid=46699030,False
16651795,️[5 Quần] ComBo 5 Quần Lót Nam THUN LẠNH Lưng Bự Hàng Việt Nam Cao Cấp,Thời trang nam,Tiki,168100,205000,0.18,10,5.0,https://tiki.vn/5-quan-combo-5-quan-lot-nam-thun-lanh-lung-bu-hang-viet-nam-cao-cap-p16651795.html?spid=51148104,False
15997524,Combo sỉ gồm 5 quần lót đùi nam xuất nhật - quần boxernam,Thời trang nam,Tiki,156000,156000,0.0,8,5.0,https://tiki.vn/combo-si-gom-5-quan-lot-dui-nam-xuat-nhat-quan-boxernam-p15997524.html?spid=184309770,False
15992824,Áo Khoác Nam Áo Khoác Dù Nam Cao Cấp-AD27,Thời trang nam,Tiki,189000,270000,0.3,1130,4.5,https://tiki.vn/ao-khoac-nam-ao-khoac-du-nam-2-lop-cao-cap-ad27-p15992824.html?spid=15992834,False
279325320,"Áo polo nam cao cấp vải Coolmax nhẹ, co giãn tốt, thoáng mát POLO-023",Thời trang nam,Tiki,355000,445000,0.2,0,0.0,https://tiki.vn/ao-polo-nam-cao-cap-vai-coolmax-nhe-co-gian-tot-thoang-mat-polo-023-p279325320.html?spid=279325330,False
279256688,"Bộ áo điều hòa KITO NEWPRO KT10 thế hệ mới nhất 2026 quạt 24V siêu bên ,chống chai ,chống phồng",Thời trang nam,Tiki,1050000,1050000,0.0,0,0.0,https://tiki.vn/bo-ao-dieu-hoa-kito-newpro-kt10-the-he-moi-nhat-2026-quat-24v-sieu-ben-chong-chai-chong-phong-p279256688.html?spid=279256700,True
279023390,Quần dài đũi Linen suông nam form rộng phối cạp chun kèm dây rút QD11,Thời trang nam,Tiki,299000,299000,0.0,0,0.0,https://tiki.vn/quan-dai-dui-linen-suong-nam-form-rong-phoi-cap-chun-kem-day-rut-p279023390.html?spid=279023404,False
279023215,Áo vest blazer nam form rộng Unisex phong các Hàn Quốc thanh lịch,Thời trang nam,Tiki,399000,399000,0.0,1,0.0,https://tiki.vn/ao-vest-blazer-nam-form-rong-unisex-phong-cac-han-quoc-thanh-lich-p279023215.html?spid=279023253,False
278865431,Áo Sơ Mi Nam Đũi Linen Dài Tay Phong Cách Hàn Quốc Unisex,Thời trang nam,Tiki,350000,350000,0.0,0,0.0,https://tiki.vn/ao-so-mi-nam-dui-linen-dai-tay-phong-cach-han-quoc-unisex-p278865431.html?spid=278865437,False
278309934,ÁO THUN COTTON CỔ TRÒN TRƠN MÀU NOVELTY [HÈ NÓNG- DEAL MÁT] - TOP BÁN CHẠY MÙA HÈ,Thời trang nam,Tiki,149000,149000,0.0,3,0.0,https://tiki.vn/ao-thun-cotton-co-tron-tron-mau-novelty-he-nong-deal-mat-top-ban-chay-mua-he-p278309934.html?spid=278309944,False
277725831,[TD] Áo khoác nam Áo khoát nam gió dù 2 lớp chống nắng cao cấp trơn nhiều màu hợp thời trang - A1006 - ĐEN,Thời trang nam,Tiki,249000,249000,0.0,5,5.0,https://tiki.vn/td-ao-khoac-nam-ao-khoat-nam-gio-du-2-lop-chong-nang-cao-cap-tron-nhieu-mau-hop-thoi-trang-a1006-p277725831.html?spid=277725837,False
277338667,Áo phao Jile nam May 10 mã 030124258 4TT,Thời trang nam,Tiki,884000,884000,0.0,1,0.0,https://tiki.vn/ao-phao-jile-nam-may-10-ma-030124258-4tt-p277338667.html?spid=277338677,True
276839924,Áo phao nam trẻ trung Lót Lông mẫu mới NAP78,Thời trang nam,Tiki,1020000,1020000,0.0,0,0.0,https://tiki.vn/ao-phao-nam-tre-trung-lot-long-mau-moi-nap78-p276839924.html?spid=276839950,True
274505011,Áo thun thể thao ngắn tay Phiten raku sport - Black / pink,Thời trang nam,Tiki,1298000,1298000,0.0,1,5.0,https://tiki.vn/ao-thun-the-thao-ngan-tay-phiten-raku-sport-p274505011.html?spid=274505029,True
274019609,"Quần Jogger Nam/nữ thể thao ống rộng unisex, quần Jogger Nam/Nữ chất nỉ da cá cao cấp trơn, dày dặn, bo gấu chun - trơ",Thời trang nam,Tiki,149000,149000,0.0,2,0.0,https://tiki.vn/qua-n-jogger-nam-nu-the-thao-ong-rong-unisex-quan-jogger-nam-nu-chat-ni-da-ca-cao-cap-tron-day-dan-bo-gau-chun-tro-p274019609.html?spid=274019615,False
273874204,Áo khoác nam May10 mã 030123310 JK010,Thời trang nam,Tiki,1820000,1820000,0.0,0,0.0,https://tiki.vn/ao-khoac-nam-may10-ma-030123310-jk010-p273874204.html?spid=273874210,True
272412339,"Áo Thun Nam Cổ Tròn NAVY, XÁM Đầy Phong Cách 100% Cotton Cao Cấp - Gold Rhino",Thời trang nam,Tiki,209000,209000,0.0,1,5.0,https://tiki.vn/t-shirt-nam-co-tron-navy-xam-100-cotton-cao-cap-ca-tinh-va-phong-cach-p272412339.html?spid=272412343,False
269849047,"Quần đùi tập gym nam DO GYM SHOP thun poly không xù lông, thoáng mát, logo thêu",Thời trang nam,Tiki,159000,159000,0.0,11,4.8,https://tiki.vn/quan-dui-tap-gym-nam-do-gym-shop-thun-poly-khong-xu-long-thoang-mat-logo-theu-p269849047.html?spid=269849051,False
253182468,Quần ngủ nam boxer nhiều họa tiết 1069,Thời trang nam,Tiki,60000,60000,0.0,11,0.0,https://tiki.vn/quan-ngu-nam-boxer-nhieu-hoa-tiet-1069-p253182468.html?spid=253182474,False
203954003,Áo khoác nam May10 mã 030122261,Thời trang nam,Tiki,1571000,1571000,0.0,1,5.0,https://tiki.vn/ao-khoac-nam-may10-ma-030122261-p203954003.html?spid=203954013,True
202743101,Áo giữ nhiệt cao cấp Wika,Thời trang nam,Tiki,120000,120000,0.0,3,0.0,https://tiki.vn/ao-giu-nhiet-cao-cap-wika-p202743101.html?spid=202743121,False
201597060,"Áo Thun Nam Dài Tay Aligro Chất Liệu Cotton Cao Cấp, Siêu Mềm Mại, Dày Dặn, Cực Dễ Chịu, Thấm Hút Tốt ALGAPD062",Thời trang nam,Tiki,195000,195000,0.0,0,0.0,https://tiki.vn/ao-thun-nam-dai-tay-aligro-chat-lieu-cotton-cao-cap-sieu-mem-mai-day-dan-cuc-de-chiu-tham-hut-tot-algapd062-p201597060.html?spid=201597066,False
176731624,Áo Sơ Mi Nam Công Sở Trung Niên Thương Hiệu Anton Dài Tay Kẻ Sọc Đỏ Vải Cotton Mã AC153,Thời trang nam,Tiki,405000,405000,0.0,6,5.0,https://tiki.vn/ao-so-mi-nam-cong-so-trung-nien-thuong-hieu-anton-dai-tay-ke-soc-do-vai-cotton-ac153-p176731624.html?spid=176731630,False
173991837,Quần Jean nam Leman xanh trơn JD02 - Slim Form,Thời trang nam,Tiki,549000,549000,0.0,11,4.8,https://tiki.vn/quan-jean-nam-leman-xanh-tron-jd02-slim-form-p173991837.html?spid=173991849,False
144139759,SET BỘ THỂ THAO THUN COTTON NAM,Thời trang nam,Tiki,180000,180000,0.0,0,0.0,https://tiki.vn/set-bo-the-thao-thun-cotton-nam-p144139759.html?spid=278635245,False
117132492,ÁO THUN NAM,Thời trang nam,Tiki,143000,143000,0.0,0,0.0,https://tiki.vn/ao-thun-nam-p117132492.html?spid=117132500,False
113050830,Áo thun nam Áo phông nam AR rất hot hàng rất đẹp phong cách đẹp cá tính-M189,Thời trang nam,Tiki,235450,235450,0.0,10,4.0,https://tiki.vn/ao-thun-nam-ao-phong-nam-ar-rat-hot-hang-rat-dep-phong-cach-dep-ca-tinh-m189-p113050830.html?spid=113050893,False
112866769,Quần đùi nam quần đùi nam thể thao,Thời trang nam,Tiki,115000,115000,0.0,5,0.0,https://tiki.vn/quan-dui-nam-freeship-quan-dui-nam-the-thao-p112866769.html?spid=276661697,False
111708924,Combo 6 quần đùi mặc nhà nam cao cấp kate 100% cotton,Thời trang nam,Tiki,414000,414000,0.0,5,5.0,https://tiki.vn/combo-6-quan-dui-mac-nha-nam-cao-cap-kate-100-cotton-p111708924.html?spid=111708932,False
109178425,"Quần Short Thể Thao Nam Desmiit S710 -  Thiết Kế Quần Short Và Quần Lót 2 Trong 1, Trẻ Trung, Năng Động, Nam Tính - Chất Liệu Mềm Mại, Thoáng Mát",Thời trang nam,Tiki,251000,500000,0.5,1,0.0,https://tiki.vn/quan-short-the-thao-nam-desmiit-s710-thiet-ke-quan-short-va-quan-lot-2-trong-1-tre-trung-nang-dong-nam-tinh-chat-lieu-mem-mai-thoang-mat-p109178425.html?spid=133232654,False
101280655,Bộ 5 Quần Lót Nam Đùi Xuất Nhật Chất Mát từ 40kg đến 90kg (Màu Ngẫu Nghiên),Thời trang nam,Tiki,177000,177000,0.0,5,5.0,https://tiki.vn/bo-5-quan-lot-nam-dui-xuat-nhat-chat-mat-tu-40kg-den-90kg-mau-ngau-nghien-p101280655.html?spid=101280672,False
92924637,Áo Thun Nam Có Cổ Màu Tròn Phom Body Áo Thun Cá Sấu Cotton 4 Chiều Thời Trang Hàn Quốc Nam Tính Giá Tốt Cao Cấp AT11 - ShopN6,Thời trang nam,Tiki,109000,110000,0.01,18,4.0,https://tiki.vn/ao-thun-nam-co-co-mau-tron-phom-body-ao-thun-ca-sau-cotton-4-chieu-thoi-trang-han-quoc-nam-tinh-gia-tot-cao-cap-at11-shopn6-p92924637.html?spid=92924994,False
90483671,Áo thun nam ngắn tay không cổ cotton thoáng mát FREEMAN TSF313,Thời trang nam,Tiki,94050,99000,0.05,25,5.0,https://tiki.vn/ao-thun-nam-ngan-tay-khong-co-cotton-thoang-mat-freeman-tsf313-p90483671.html?spid=90483704,False
76705126,Áo thun nam có cổ cá sấu vải loại 1 nhập từ thái lan loại áo thun tay lỡ size 55kg đến 85kg,Thời trang nam,Tiki,109000,109000,0.0,8,0.0,https://tiki.vn/ao-thun-nam-co-co-ca-sau-vai-loai-tot-nhap-tu-loai-ao-thun-tay-lo-size-55kg-den-85kg-p76705126.html?spid=137592594,False
73214429,Áo Khoác Nam Áo Khoác Dù Nam Nữ Hai Lớp Chống Nước Chống Nắng Chống Gió Phối Nón Cao Cấp QD54 - ShopN6 (Nhiều Màu),Thời trang nam,Tiki,189000,189000,0.0,442,4.5,https://tiki.vn/ao-khoac-nam-ao-khoac-du-nam-nu-hai-lop-chong-nuoc-chong-nang-chong-gio-phoi-non-cao-cap-qd54-shopn6-nhieu-mau-p73214429.html?spid=73214433,False
72600691,Áo Khoác Nam Áo Khoác Dù Lót Nỉ Nam Hai Lớp Chống Gió Chống Lạnh Chống Nắng Đơn Giản Cao Cấp AD66 - ShopN6 (Nhiều Màu),Thời trang nam,Tiki,189000,199000,0.05,38,4.0,https://tiki.vn/ao-khoac-nam-ao-khoac-du-lot-ni-nam-hai-lop-chong-gio-chong-lanh-chong-nang-don-gian-cao-cap-ad66-shopn6-nhieu-mau-p72600691.html?spid=72600715,False
71908855,"Quần lót nam cao cấp thun cotton co giãn và thấm hút mồ hôi tốt, sịp nam tam giác kiểu dáng hiện đại trẻ trung, cạp to nam tính và co giãn thoải mái",Thời trang nam,Tiki,130000,130000,0.0,88,4.8,https://tiki.vn/quan-lot-nam-cao-cap-thun-cotton-co-gian-va-tham-hut-mo-hoi-tot-sip-nam-tam-giac-kieu-dang-hien-dai-tre-trung-cap-to-nam-tinh-va-co-gian-thoai-mai-p71908855.html?spid=71908863,False
70285800,Áo Thun Nam Ngắn Tay Có Cổ Trơn Chất Cá Sấu Sịn Đẹp,Thời trang nam,Tiki,100000,100000,0.0,0,0.0,https://tiki.vn/ao-thun-nam-ngan-tay-co-co-tron-chat-ca-sau-sin-dep-p70285800.html?spid=278521410,False
67548437,Áo Khoác Nam Áo Khoác Dù Nam Hai Lớp Cổ Cao Chống Nắng Tia Cực Tím Chống Lạnh Giá Tốt AD60 - ShopN6 (Nhiều Màu),Thời trang nam,Tiki,199000,235000,0.15,7,0.0,https://tiki.vn/ao-khoac-nam-ao-khoac-du-nam-hai-lop-co-cao-chong-nang-tia-cuc-tim-chong-lanh-gia-tot-ad60-shopn6-nhieu-mau-p67548437.html?spid=67548470,False
56958267,Quần kaki nam Aligro ALGK049,Thời trang nam,Tiki,759000,759000,0.0,0,0.0,https://tiki.vn/quan-kaki-nam-aligro-algk049-p56958267.html?spid=56958279,True
37650433,ÁO KHOÁC KAKI NAM UNISEX -LLQAK01,Thời trang nam,Tiki,352000,352000,0.0,7,5.0,https://tiki.vn/ao-khoac-kaki-nam-unisex-llqak01-p37650433.html?spid=113226536,False
11956103,Quần Lót Nam Woada Brief Thun Lạnh 4 Chiều LK131,Thời trang nam,Tiki,65000,65000,0.0,23,0.0,https://tiki.vn/quan-lot-nam-woada-brief-thun-lanh-4-chieu-lk131-p11956103.html?spid=11956109,False
9820560,Áo len gile Aligro màu ghi sáng ALENGL010,Thời trang nam,Tiki,355000,355000,0.0,14,4.6,https://tiki.vn/ao-len-gile-aligro-alengl010-p9820560.html?spid=9820566,False
3969655,Quần Kaki Nam Aligo Xanh Dương ALGK030,Thời trang nam,Tiki,695000,695000,0.0,3,0.0,https://tiki.vn/quan-kaki-nam-aligo-algk030-xanh-duong-p3969655.html?spid=4096023,True
279013580,"Áo sweater thu đông form rộng in hình hài hước ""Mập rõ chứ không mập mờ"" Mr.buffalo - [HN13] Áo Đen",Thời trang nam,Tiki,160000,160000,0.0,0,0.0,https://tiki.vn/ao-sweater-thu-dong-form-rong-in-hinh-hai-huoc-map-ro-chu-khong-map-mo-mr-buffalo-p279013580.html?spid=279013662,False
278850341,Áo khoác nam May10 mã 030125931KEY JK008,Thời trang nam,Tiki,1963637,1963637,0.0,0,0.0,https://tiki.vn/ao-khoac-nam-may10-ma-030125931key-jk008-p278850341.html?spid=278850351,True
278676352,Combo Quần Lót Nam 4 Chiếc Nhiều Mẫu Cotton / Thun Lạnh Tam Giác - Boxer,Thời trang nam,Tiki,153000,153000,0.0,1,0.0,https://tiki.vn/combo-quan-lot-nam-4-chiec-nhieu-mau-cotton-thun-lanh-tam-giac-boxer-p278676352.html?spid=278676368,False
278452973,Áo thun Omada TP-Link - Hàng chính hãng,Thời trang nam,Tiki,99000,99000,0.0,0,0.0,https://tiki.vn/ao-thun-omada-tp-link-hang-chinh-hang-p278452973.html?spid=279145192,False
278049714,ÁO SƠ MI NAM DÀI TAY NOVELTY CLASSIC RECYCLED - 240629D,Thời trang nam,Tiki,429000,429000,0.0,0,0.0,https://tiki.vn/ao-so-mi-nam-dai-tay-novelty-classic-recycled-p278049714.html?spid=278049728,False
276897687,"Quần ống rộng nam LINEN, dáng suông, cạp chun có dây rút tiện lợi, chất đứng form dày dặn Qd11",Thời trang nam,Tiki,350000,350000,0.0,1,0.0,https://tiki.vn/quan-ong-rong-nam-linen-dang-suong-cap-chun-co-day-rut-tien-loi-chat-dung-form-day-dan-qd11-p276897687.html?spid=276897695,False
276580150,"Quần đùi nam, quần short linen nam nhiều màu, thoải mái, dễ mặc",Thời trang nam,Tiki,350000,350000,0.0,5,0.0,https://tiki.vn/quan-dui-nam-quan-short-linen-nam-nhieu-mau-thoai-mai-de-mac-p276580150.html?spid=276580160,False
276348729,Quần Lót Nam Boxer Relax - Quần Sịp Chất Thun Lạnh Thoải Mái Tặng Vớ Khi Mua Combo 2 Quần,Thời trang nam,Tiki,114000,114000,0.0,0,0.0,https://tiki.vn/quan-lot-nam-boxer-relax-quan-sip-chat-thun-lanh-thoai-mai-tang-vo-khi-mua-combo-2-quan-p276348729.html?spid=276348762,False
275621044,"Quần đùi nam thời trang trẻ trung, thoải mái, năng động,  không kén người mặc Qd12",Thời trang nam,Tiki,350000,350000,0.0,1,0.0,https://tiki.vn/quan-short-nam-di-bien-quan-dui-linen-dang-ngan-nhieu-mau-qd12-p275621044.html?spid=275621060,False
274505062,Áo polo thể thao Phiten polo,Thời trang nam,Tiki,1780000,1780000,0.0,0,0.0,https://tiki.vn/ao-polo-the-thao-phiten-polo-light-p274505062.html?spid=274505074,True
272897344,ZENTO - ÁO THUN NAM BA LỖ ZENTO - màu ngẫu nhiên,Thời trang nam,Tiki,26000,50000,0.48,7,5.0,https://tiki.vn/zento-ao-thun-nam-ba-lo-zento-mau-ngau-nhien-p272897344.html?spid=272897345,False
270469469,"Áo ba lỗ tanktop thể thao bóng rổ 23 premium, vải siêu nhẹ, thoáng mát, thấm hút mồ hôi tốt, màu xanh",Thời trang nam,Tiki,359000,359000,0.0,0,0.0,https://tiki.vn/ao-ba-lo-tanktop-the-thao-bong-ro-23-premium-vai-sieu-nhe-thoang-mat-tham-hut-mo-hoi-tot-mau-xanh-p270469469.html?spid=270469471,False
269945821,Quần đùi nỉ tập gym nam DOGYMSHOP chất thun dày dặn form rộng thoải mái vận động QGQL9,Thời trang nam,Tiki,179000,179000,0.0,0,0.0,https://tiki.vn/quan-dui-ni-tap-gym-nam-dogymshop-chat-thun-day-dan-form-rong-thoai-mai-van-dong-qgql9-p269945821.html?spid=269945829,False
201934265,Combo 2 Áo khoác gió nam chống nắng trượt nước cản gió cản bụi hiệu quả MRM Manlywear,Thời trang nam,Tiki,899000,899000,0.0,0,0.0,https://tiki.vn/combo-2-ao-khoac-gio-nam-giu-nhiet-chong-nuoc-can-gio-can-bui-hieu-qua-mrm-manlywear-p201934265.html?spid=201934281,True
193981069,Quần Jean nam Leman đen mài xám JD14 - Slim Form,Thời trang nam,Tiki,549000,549000,0.0,94,5.0,https://tiki.vn/quan-jean-nam-leman-den-mai-xam-jd14-slim-form-p193981069.html?spid=193981073,False
190740941,Bộ ngủ phối cổ nam Saint set cộc tay,Thời trang nam,Tiki,735000,735000,0.0,0,0.0,https://tiki.vn/bo-ngu-phoi-co-nam-saint-set-coc-tay-p190740941.html?spid=190740990,True
180389995,SIZE 29-30-31-32 - Quần Short Nam Chino Printed Shorts,Thời trang nam,Tiki,290000,290000,0.0,0,0.0,https://tiki.vn/size-29-30-31-32-quan-short-nam-chino-printed-shorts-p180389995.html?spid=180390007,False
171901581,Áo khoác nam mới đẹp lót lông nhung cao cấp thời trang thời trang-A1018,Thời trang nam,Tiki,277450,277450,0.0,2,5.0,https://tiki.vn/ao-khoac-nam-moi-dep-lot-long-nhung-cao-cap-thoi-trang-thoi-trang-a1018-p171901581.html?spid=171901597,False
157849114,"Quần ngố nam, quần short đùi thể thao nam vải thun cotton dệt sợi-OMAN QS81",Thời trang nam,Tiki,85000,85000,0.0,2,0.0,https://tiki.vn/quan-ngo-nam-quan-short-dui-the-thao-nam-vai-thun-cotton-det-soi-oman-qs81-p157849114.html?spid=276662001,False
141660170,Áo vest dạ nam trẻ trung cao cấp NAD70,Thời trang nam,Tiki,1776000,1776000,0.0,5,4.0,https://tiki.vn/ao-vest-da-nam-tre-trung-cao-cap-nad70-p141660170.html?spid=141660176,True
130969557,"Quần thun nam mặc ngủ, thể thao, tập gym - A077",Thời trang nam,Tiki,120000,120000,0.0,1,5.0,https://tiki.vn/quan-thun-nam-mac-ngu-the-thao-tap-gym-a077-p130969557.html?spid=130969567,False
112086654,"Quần Túi Hộp Nam Lính Mỹ US ARMY U768 Cao Cấp, Chất Liệu Vải Kaki,Bền Màu, Ống Rộng Phong Cách, Thiết kế Túi Hộp- HÀNG CHÍNH HÃNG",Thời trang nam,Tiki,500000,1000000,0.5,93,4.8,https://tiki.vn/quan-tui-hop-nam-linh-my-us-army-u768-cao-cap-chat-lieu-vai-kaki-ben-mau-ong-rong-phong-cach-thiet-ke-tui-hop-hang-chinh-hang-p112086654.html?spid=174219477,False
110813116,Áo Khoác Big Size Nam Nữ Áo Khoác Kaki Bomber Nam Nữ Chống Nắng Chống Lạnh Chống Gió Chống Nóng Hai lớp Thời Trang FS Hàn Quốc Nam Tính Giá Rẻ Cao Cấp WK46 - ShopN6,Thời trang nam,Tiki,199000,235000,0.15,17,4.6,https://tiki.vn/ao-khoac-big-size-nam-nu-ao-khoac-kaki-bomber-nam-nu-chong-nang-chong-lanh-chong-gio-chong-nong-hai-lop-thoi-trang-fs-han-quoc-nam-tinh-gia-re-cao-cap-wk46-shopn6-p110813116.html?spid=110813122,False
110139205,Áo Gile Nam Lính Mỹ U869 Phong Cách US ARMY - HÀNG CHÍNH HÃNG,Thời trang nam,Tiki,399000,798000,0.5,95,5.0,https://tiki.vn/ao-gile-nam-linh-my-u869-phong-cach-us-army-hang-chinh-hang-p110139205.html?spid=174134970,False
105673698,Quần short đũi nam cao cấp QD01,Thời trang nam,Tiki,320000,320000,0.0,7,4.0,https://tiki.vn/quan-short-dui-nam-cao-cap-qd01-p105673698.html?spid=105673711,False
95054251,Quần Short Nam Big Size Quần Sọt Nam Thể Thao Cotton 4 Chiều Quần Đùi Nam Trên 100kg Quần Thun Nam Cao Cấp Giá Tốt WSB1 - ShopN6 (Sọc Ngẫu Nhiên),Thời trang nam,Tiki,69000,105000,0.34,302,4.6,https://tiki.vn/quan-short-nam-big-size-quan-sot-nam-the-thao-cotton-4-chieu-quan-dui-nam-tren-100kg-quan-thun-nam-cao-cap-gia-tot-wsb1-shopn6-soc-ngau-nhien-p95054251.html?spid=95054261,False
91388606,ÁO THUN NAM CAO CẤP CỔ BẺ PEGA IN,Thời trang nam,Tiki,454900,454900,0.0,0,0.0,https://tiki.vn/product-p91388606.html?spid=113228056,False
82853568,"COMBO 3 quần Đùi Nam  - Combo 3 cái ( Đen , Trắng , Xanh ) - 2XL",Thời trang nam,Tiki,220000,220000,0.0,2,0.0,https://tiki.vn/combo-3-quan-dui-nam-p82853568.html?spid=279283032,False
73547916,ÁO THUN NAM CHẤT LIỆU THUN LẠNH  MÁT MỊN,Thời trang nam,Tiki,88000,88000,0.0,0,0.0,https://tiki.vn/ao-thun-nam-chat-lieu-thun-lanh-mat-min-p73547916.html?spid=278627219,False
73420975,ÁO LEN GILE NAM ALIGRO - XÁM NHẠT,Thời trang nam,Tiki,500500,500500,0.0,16,1.0,https://tiki.vn/ao-len-gile-nam-aligro-xam-nhat-p73420975.html?spid=73420977,False
59079180,ÁO KHOÁC LEN NAM CÀI NÚT,Thời trang nam,Tiki,325750,325750,0.0,1,0.0,https://tiki.vn/ao-khoac-len-nam-cai-nut-p59079180.html?spid=113227595,False
56959947,"Quần âu nam ALIGRO màu navy chấm trắng form chuẩn slimfit, vải cotton cao cấp cực tôn dáng, lịch sự ALGO1028",Thời trang nam,Tiki,690000,690000,0.0,1,0.0,https://tiki.vn/quan-tay-nam-aligro-algo1028-p56959947.html?spid=56959951,True
56958262,Quần kaki nam Aligro ALGK048,Thời trang nam,Tiki,759000,759000,0.0,4,0.0,https://tiki.vn/quan-kaki-nam-aligro-algk048-p56958262.html?spid=56958270,True
56958251,Quần kaki nam Aligro ALGK047,Thời trang nam,Tiki,552000,552000,0.0,2,5.0,https://tiki.vn/quan-kaki-nam-aligro-algk047-p56958251.html?spid=56958257,False
56471284,Áo Khoác Dù Dày Nam 2 Lớp Chống Nắng Chống Gió Lạnh Cổ Trụ Cao Cấp AD51 - ShopN6 (Nhiều Màu),Thời trang nam,Tiki,189000,240000,0.21,63,3.9,https://tiki.vn/ao-khoac-du-day-nam-2-lop-chong-nang-chong-gio-lanh-co-tru-cao-cap-ad51-shopn6-nhieu-mau-p56471284.html?spid=56471302,False
56461941,Áo Khoác Dù Nam Hai Lớp Chống Nắng Gió Bụi Bẩn Cao Cấp AD48 - ShopN6 (Nhiều Màu),Thời trang nam,Tiki,160000,160000,0.0,10,4.0,https://tiki.vn/ao-khoac-du-nam-hai-lop-chong-nang-gio-bui-ban-cao-cap-ad48-shopn6-nhieu-mau-p56461941.html?spid=56461955,False
41531018,Combo 3 quần lót nam Boxer sợi tre tự nhiên mềm mịn thoáng mát co giãn 4 chiều MRM Manlywear Tặng đôi tất nam Cao Cấp -Màu Ngẫu Nhiên,Thời trang nam,Tiki,219000,270000,0.19,999,4.7,https://tiki.vn/combo-3-qua-n-lo-t-nam-boxer-so-i-tre-tu-nhien-me-m-mi-n-thoa-ng-ma-t-co-gia-n-4-chie-u-mrm-manlywear-ma-u-nga-u-nhien-p41531018.html?spid=41531030,False
34706695,Áo khoác nam đẹp NMT16,Thời trang nam,Tiki,720000,720000,0.0,3,5.0,https://tiki.vn/ao-khoac-nam-dep-nmt16-p34706695.html?spid=34706720,True
23286414,áo khoác dù nam,Thời trang nam,Tiki,413950,413950,0.0,4,0.0,https://tiki.vn/ao-khoac-du-nam-p23286414.html?spid=113225080,False
13701589,Áo Khoác Da Nam Nâu Lót Lông Trơn ShopN6 Cao Cấp AKD05,Thời trang nam,Tiki,289000,425000,0.32,17,4.6,https://tiki.vn/ao-khoac-da-nam-nau-lot-long-tron-shopn6-cao-cap-akd05-p13701589.html?spid=13701591,False
279147948,"Quần Li - Ning Họa Tiết Lục Giác  Thanh Lịch Mặc Mát, Không Nhăn,Co Giãn Cực Êm -Không Nóng - Ghi",Thời trang nam,Tiki,250000,250000,0.0,0,0.0,https://tiki.vn/quan-li-ning-hoa-tiet-luc-giac-thanh-lich-mac-mat-khong-nhan-co-gian-cuc-em-khong-nong-p279147948.html?spid=279148056,False
279014755,"Áo sweater thu đông form rộng in chữ Hài Hước ""Gian sơn dễ đổi, Bản tính Dễ Thương"" Mr.buffalo - [HN63] Áo Trắng",Thời trang nam,Tiki,160000,160000,0.0,0,0.0,https://tiki.vn/ao-sweater-thu-dong-form-rong-in-chu-hai-huoc-gian-son-de-doi-ban-tinh-de-thuong-mr-buffalo-p279014755.html?spid=279014785,False
278849702,Quần Jean Thời Trang Basic Nam Ống Đứng Ninomaxx 2508001,Thời trang nam,Tiki,769000,769000,0.0,0,0.0,https://tiki.vn/quan-jean-thoi-trang-basic-nam-ong-dung-ninomaxx-2508001-p278849702.html?spid=278849714,True
278790215,"Quần Bơi Nam 2 Lớp Thời Trang, Thiết Kế Thông Minh Chống Chống Lộ, Chất Vải Co Giãn Nhanh Khô, Phong Cách Đi Biển, Tập Gym Cực Chất, Đa Dạng Họa Tiết | BN073",Thời trang nam,Tiki,180000,180000,0.0,0,0.0,https://tiki.vn/quan-boi-nam-2-lop-thoi-trang-thiet-ke-thong-minh-chong-chong-lo-chat-vai-co-gian-nhanh-kho-phong-cach-di-bien-tap-gym-cuc-chat-da-dang-hoa-tiet-bn073-p278790215.html?spid=278790243,False
278236121,Áo Sơ Mi Caro Melange Nam Cotton Chống Nhăn Tự Nhiên N&M Thương Hiệu NINOMAXX 2110030,Thời trang nam,Tiki,699000,699000,0.0,0,0.0,https://tiki.vn/ao-so-mi-caro-melange-nam-cotton-chong-nhan-tu-nhien-n-m-thuong-hieu-ninomaxx-2110030-p278236121.html?spid=278236127,True
278052413,"Áo Polo Nam Màu Oliu Cao Cấp 100% Cotton, Thoáng Mát, Kháng Khuẩn - Gold Rhino",Thời trang nam,Tiki,349000,349000,0.0,0,5.0,https://tiki.vn/ao-polo-nam-mau-oliu-cao-cap-voi-chat-vai-100-cotton-gold-rhino-p278052413.html?spid=278053796,False
277963997,Áo khoác da nam lót lông cao cấp bao chất thời trang-A1065 - A1038-lót lông-Nâu,Thời trang nam,Tiki,429000,429000,0.0,0,0.0,https://tiki.vn/ao-khoac-da-nam-lot-long-cao-cap-bao-chat-thoi-trang-a1065-p277963997.html?spid=277964061,False
277943165,Áo Thun NAM- NỮ Cá Sấu 4 Chiều chất poly Đỏ Đô,Thời trang nam,Tiki,108000,108000,0.0,0,0.0,https://tiki.vn/ao-thun-nam-nu-ca-sau-4-chieu-chat-poly-do-do-p277943165.html?spid=277943179,False
277869730,"Áo thun ba lỗ nam, áo thun sát nách nam mẫu mới cho mùa hè",Thời trang nam,Tiki,155000,155000,0.0,0,0.0,https://tiki.vn/ao-thun-ba-lo-nam-ao-thun-sat-nach-nam-mau-moi-cho-mua-he-p277869730.html?spid=277869746,False
277485009,"Quần bơi nam BIG SIZE dáng ngắn, đồ bơi cao cấp cho người mập béo, size lớn đến 135kg, chất đẹp co giãn cao, lớp lót thoáng khí nhanh khô, gọn gàng thoải mái | BN019",Thời trang nam,Tiki,160000,160000,0.0,0,0.0,https://tiki.vn/quan-boi-nam-big-size-dang-ngan-do-boi-cao-cap-cho-nguoi-map-beo-size-lon-den-135kg-chat-dep-co-gian-cao-lop-lot-thoang-khi-nhanh-kho-gon-gang-thoai-mai-bn019-p277485009.html?spid=277485083,False
276153979,"Áo sơ mi nam trơn cao cấp, áo sơ mi nam công sở mềm mịn, thoáng khí tốt MS03",Thời trang nam,Tiki,350000,350000,0.0,4,0.0,https://tiki.vn/ao-so-mi-nam-tron-cao-cap-ao-so-mi-nam-cong-so-mem-min-thoang-khi-tot-p276153979.html?spid=276153985,False
274885003,Áo thun nam T-Shirt TS063 Leman vải Cotton thấm hút tốt kiểu dáng Slimfit,Thời trang nam,Tiki,170000,170000,0.0,5,4.0,https://tiki.vn/ao-thun-nam-t-shirt-ts063-leman-vai-cotton-tham-hut-tot-kieu-dang-slimfit-p274885003.html?spid=274907302,False
263645349,QUẦN JEAN DÀI NAM LEMAN JD09 XANH TRƠN,Thời trang nam,Tiki,549000,549000,0.0,18,4.7,https://tiki.vn/quan-jean-dai-nam-leman-jd09-xanh-tron-p263645349.html?spid=263645359,False
205849327,"Áo tay dài Mmlg We Tap Hood - Áo Hoodie Sweater cho nam, nữ, unisex - MMLGH022",Thời trang nam,Tiki,2380000,2380000,0.0,1,0.0,https://tiki.vn/ao-tay-dai-mmlg-we-tap-hood-ao-hoodie-sweater-cho-nam-nu-unisex-p205849327.html?spid=205849338,True
201594583,"Áo Thun Nam Dài Tay Aligro Chất Liệu Cotton Cao Cấp, Siêu Mềm Mại, Dày Dặn, Cực Dễ Chịu, Thấm Hút Tốt ALGAPD055",Thời trang nam,Tiki,335000,335000,0.0,1,0.0,https://tiki.vn/ao-thun-nam-dai-tay-aligro-chat-lieu-cotton-cao-cap-sieu-mem-mai-day-dan-cuc-de-chiu-tham-hut-tot-algapd055-p201594583.html?spid=201594593,False
197675716,Áo sơ mi nam dài tay màu đen dáng suông May 10 mã 010122912L2,Thời trang nam,Tiki,295000,295000,0.0,6,5.0,https://tiki.vn/ao-so-mi-nam-dai-tay-mau-den-dang-suong-may-10-ma-010122912l2-p197675716.html?spid=197675718,False
193989559,Quần Jean nam Leman xanh bạc rách JD18 - Slim Form,Thời trang nam,Tiki,549000,549000,0.0,36,4.8,https://tiki.vn/quan-jean-nam-leman-xanh-bac-rach-jd18-slim-form-p193989559.html?spid=193989580,False
190229414,Sơ mi măng sét Anlimen Gentle Cuff Shirt - AGS03,Thời trang nam,Tiki,890000,890000,0.0,2,5.0,https://tiki.vn/so-mi-mang-set-anlimen-gentle-cuff-shirt-ags03-p190229414.html?spid=190229420,True
174025396,Áo thun nam T-Shirt Leman TS01 Cotton Compact màu trắng Regular Form,Thời trang nam,Tiki,299000,299000,0.0,44,4.7,https://tiki.vn/ao-thun-nam-t-shirt-leman-cotton-compact-mau-trang-regular-form-p174025396.html?spid=174025400,False
157117410,Quần Nam Harem ống côn phong cách Hàn Quốc - T0205,Thời trang nam,Tiki,250000,250000,0.0,7,5.0,https://tiki.vn/quan-nam-harem-ong-con-phong-cach-han-quoc-t0205-p157117410.html?spid=157117416,False
150738986,Áo Thun Polo Nam Sọc Ngang Thân Màu Xám Xanh Cao Cấp 2021,Thời trang nam,Tiki,290000,290000,0.0,0,0.0,https://tiki.vn/ao-thun-polo-nam-soc-ngang-than-mau-xam-xanh-cao-cap-2021-p150738986.html?spid=150739090,False
150214417,Quần kaki tím than túi hộp bảo hộ lao động SHUNI loại dày,Thời trang nam,Tiki,129000,129000,0.0,44,4.7,https://tiki.vn/quan-kaki-tim-than-tui-hop-bao-ho-lao-dong-shuni-loai-day-p150214417.html?spid=150214425,False
111682149,- Áo thun POLO trơn vải cá sấu cotton cao cấp ngắn tay có đủ bảng màu pastel cực hot,Thời trang nam,Tiki,75000,75000,0.0,1,0.0,https://tiki.vn/ao-thun-polo-tron-vai-ca-sau-cotton-cao-cap-ngan-tay-co-du-bang-mau-pastel-cuc-hot-p111682149.html?spid=140123129,False
110938120,"Áo Phông Nam Lính Mỹ (2 Màu), Chất Liệu Mềm Mại, Thoáng Mát, Chống Nhăn, Phom Dáng Xuông Trẻ Trung, Năng Động (U289)-HÀNG CHÍNH HÃNG",Thời trang nam,Tiki,249500,499000,0.5,141,5.0,https://tiki.vn/ao-phong-nam-linh-my-2-mau-chat-lieu-mem-mai-thoang-mat-chong-nhan-phom-dang-xuong-tre-trung-nang-dong-u289-hang-chinh-hang-p110938120.html?spid=174220686,False
101278903,Combo bộ 6 Quần lót nam cotton cao cấp thoáng mát Từ 50kg đến 90kg( màu ngẫu nhiên),Thời trang nam,Tiki,178000,178000,0.0,10,4.7,https://tiki.vn/combo-bo-6-quan-lot-nam-cotton-cao-cap-thoang-mat-tu-50kg-den-90kg-mau-ngau-nhien-p101278903.html?spid=101278926,False
100222219,Quần short thun nam thể thao tập gym - A058,Thời trang nam,Tiki,160000,160000,0.0,21,4.3,https://tiki.vn/quan-short-thun-nam-the-thao-tap-gym-a058-p100222219.html?spid=273388854,False
93010173,Áo thun Polo trơn nam có cổ Phúc An 2033 có size lớn (over size),Thời trang nam,Tiki,135000,135000,0.0,11,5.0,https://tiki.vn/ao-thun-polo-tron-nam-co-co-phuc-an-2033-co-size-lon-over-size-p93010173.html?spid=93010196,False
84872072,"Set đồ bơi nam full 5 chi tiết kèm túi đựng, Quần bơi da cá + Kính bơi + Mũ + Bịt tai + Kẹp mũi, hàng xịn đẹp chuẩn | BN009",Thời trang nam,Tiki,320000,320000,0.0,47,4.5,https://tiki.vn/set-do-boi-nam-full-5-chi-tiet-kem-tui-dung-quan-boi-da-ca-kinh-boi-mu-bit-tai-kep-mui-hang-xin-dep-chuan-bn009-p84872072.html?spid=84872092,False
81928917,QUẦN THUN NAM DÀI THỂ THAO BO ỐNG,Thời trang nam,Tiki,350950,350950,0.0,0,0.0,https://tiki.vn/quan-thun-nam-dai-the-thao-bo-ong-p81928917.html?spid=113227550,False
81928752,ÁO THUN NAM CÁ SẤU CỔ BẺ MẪU MỚI CAO CẤP,Thời trang nam,Tiki,298450,298450,0.0,0,0.0,https://tiki.vn/ao-thun-nam-ca-sau-co-be-mau-moi-cao-cap-p81928752.html?spid=113225719,False
76695580,ÁO KHOÁC DÙ,Thời trang nam,Tiki,413950,413950,0.0,0,0.0,https://tiki.vn/ao-khoac-du-p76695580.html?spid=113225174,False
76047427,Áo thun Polo nam Novelty 200029N,Thời trang nam,Tiki,399000,399000,0.0,8,5.0,https://tiki.vn/ao-thun-polo-nam-novelty-200029n-p76047427.html?spid=76047433,False
74026052,"ÁO THUN TAY NGẮN CÓ CỔ THỜI TRANG NAM LỊCH LÃM, PHONG CÁCH - FORMEN SHOP - FMPS144",Thời trang nam,Tiki,308950,308950,0.0,0,0.0,https://tiki.vn/ao-thun-tay-ngan-co-co-thoi-trang-nam-lich-lam-phong-cach-formen-shop-fmps144-p74026052.html?spid=113224917,False
73645538,Áo Khoác Nam,Thời trang nam,Tiki,415000,415000,0.0,2,0.0,https://tiki.vn/ao-khoac-nam-p73645538.html?spid=113226831,False
73208079,Áo khoác dạ nam dáng lửng cao cấp đẹp nhất hà nội NAD49,Thời trang nam,Tiki,2700000,2700000,0.0,5,0.0,https://tiki.vn/ao-khoac-da-nam-dang-lung-cao-cap-dep-nhat-ha-noi-nad49-p73208079.html?spid=73208085,True
71628252,"Áo khoác dù , áo khoác gió nam nữ mặc , áo khoác vải dù 2 lớp chống nắng chống lạnh tốt",Thời trang nam,Tiki,256450,256450,0.0,0,0.0,https://tiki.vn/ao-khoac-du-ao-khoac-gio-nam-nu-mac-ao-khoac-vai-du-2-lop-chong-nang-chong-lanh-tot-p71628252.html?spid=113228310,False
67526051,MAY 10 - Quần ĐÙI mặc nhà + mặc ngủ (HÀNG HIỆU GIÁ SHOCK),Thời trang nam,Tiki,75000,75000,0.0,284,4.2,https://tiki.vn/may-10-quan-dui-mac-nha-mac-ngu-hang-hieu-gia-shock-p67526051.html?spid=67526053,False
59080911,ÁO KHOÁC KAKI NAM,Thời trang nam,Tiki,445450,445450,0.0,6,4.0,https://tiki.vn/ao-khoac-kaki-nam-p59080911.html?spid=113227685,False
35364542,Hôp 5 quần lót nam boxer thun lạnh cao cấp chuẩn xuất Nhật,Thời trang nam,Tiki,225250,265000,0.15,9,5.0,https://tiki.vn/hop-5-quan-lot-nam-boxer-thun-lanh-cao-cap-chuan-xuat-nhat-p35364542.html?spid=54540073,False
15132079,Áo Khoác Da Nam Đen Lót Lông Cao Cấp AKD22,Thời trang nam,Tiki,269000,420000,0.36,306,4.2,https://tiki.vn/ao-khoac-da-nam-den-lot-long-cao-cap-akd22-p15132079.html?spid=15132081,False
279399073,"Quần Jean Thời Trang Basic Nam Dài Ninomaxx  vải mềm, thoáng khí và có khả năng co giãn nhẹ 2207015",Thời trang nam,Tiki,699000,699000,0.0,1,0.0,https://tiki.vn/quan-jean-thoi-trang-basic-nam-dai-ninomaxx-vai-mem-thoang-khi-va-co-kha-nang-co-gian-nhe-2207015-p279399073.html?spid=279399105,True
279380318,Quần đùi nam cạp chun cao cấp Lucibeaty vải gió phong cách thể thao chính hãng QGH-028,Thời trang nam,Tiki,270000,270000,0.0,0,0.0,https://tiki.vn/quan-dui-nam-cap-chun-cao-cap-lucibeaty-vai-gio-phong-cach-the-thao-chinh-hang-qgh-028-p279380318.html?spid=279380348,False
279379226,"Áo polo nam cao cấp vải Coolmax nhẹ, co giãn tốt, thoáng mát POLO-029",Thời trang nam,Tiki,409000,510000,0.2,0,0.0,https://tiki.vn/ao-polo-nam-cao-cap-vai-coolmax-nhe-co-gian-tot-thoang-mat-polo-029-p279379226.html?spid=279379230,False
277548613,"Bộ Pyjama HUONGTAM Kate tay dài nam cao cấp(PDK01N13). Chất liệu Kate loại tốt:  mềm mại, thoáng mát, không phai màu",Thời trang nam,Tiki,259000,259000,0.0,0,0.0,https://tiki.vn/bo-pyjama-huongtam-kate-tay-dai-nam-cao-cap-pdk01n13-chat-lieu-kate-loai-tot-mem-mai-thoang-mat-khong-phai-mau-p277548613.html?spid=277548617,False
277008598,"Áo bảo hộ lao động, chất liệu thoáng mát, bền đẹp - Mã C14",Thời trang nam,Tiki,165000,165000,0.0,0,0.0,https://tiki.vn/ao-bao-ho-lao-dong-chat-lieu-thoang-mat-ben-dep-ma-c14-p277008598.html?spid=277008604,False
276882727,"Áo vest blazer nam phong cách Hàn Quốc vải Linen thoáng mát, mềm mịn",Thời trang nam,Tiki,420000,420000,0.0,0,0.0,https://tiki.vn/ao-vest-blazer-nam-phong-cach-han-quoc-vai-linen-thoang-mat-mem-min-p276882727.html?spid=276882735,False
276671080,"Quần Lót Nam Tam Giác Davie Mã DVCT033 Chất 100% Cotton, Co Giãn 4 Chiều, Thấm Hút Mồ Hôi Và Khử Mùi Tốt",Thời trang nam,Tiki,67000,67000,0.0,0,0.0,https://tiki.vn/quan-lot-nam-tam-giac-davie-ma-dvct033-chat-100-cotton-co-gian-4-chieu-tham-hut-mo-hoi-va-khu-mui-tot-p276671080.html?spid=276671210,False
276664793,"Quần gió lót lông QD2 ấm áp thời trang cho nam, Quần nỉ jogger lót lông QD1 sang trọng và dày dặn D Danido",Thời trang nam,Tiki,239000,350000,0.32,4,5.0,https://tiki.vn/quan-gio-lot-long-qd2-am-ap-thoi-trang-cho-nam-quan-ni-jogger-lot-long-qd1-sang-trong-va-day-dan-d-danido-p276664793.html?spid=276664838,False
276580096,"Quần nam ống rộng phong cách Hàn Quốc, quần nam cạp cao có dây rút phía trước và lưng chun dễ mặc",Thời trang nam,Tiki,350000,350000,0.0,7,0.0,https://tiki.vn/quan-nam-ong-rong-phong-cach-han-quoc-quan-nam-cap-cao-co-day-rut-phia-truoc-va-lung-chun-de-mac-p276580096.html?spid=276580124,False
276356750,Áo dạ nam trẻ trung cao cấp dáng ngắn công sở NAD127,Thời trang nam,Tiki,2940000,2940000,0.0,0,0.0,https://tiki.vn/ao-da-nam-tre-trung-cao-cap-dang-ngan-cong-so-nad127-p276356750.html?spid=276356762,True
276070120,"Quần short huongtam nam cao cấp(QSNN8). Chất liệu vải loại tốt: mềm mại, thoáng mát, không phai màu",Thời trang nam,Tiki,73000,73000,0.0,1,0.0,https://tiki.vn/quan-short-huongtam-nam-cao-cap-qsnn8-chat-lieu-vai-loai-tot-mem-mai-thoang-mat-khong-phai-mau-p276070120.html?spid=276070130,False
274051771,Áo khoác măng tô nam dáng dài trẻ trung lịch lãm đích thực thời trang nam NMT61,Thời trang nam,Tiki,3900000,3900000,0.0,0,0.0,https://tiki.vn/ao-khoac-mang-to-nam-dang-dai-tre-trung-lich-lam-dich-thuc-thoi-trang-nam-nmt61-p274051771.html?spid=274051801,True
273188083,"Quần Short HUONGTAM  nam cao cấp(QSN). Chất liệu vải loại tốt: mềm mại, thoáng mát, không phai màu",Thời trang nam,Tiki,73000,73000,0.0,0,0.0,https://tiki.vn/quan-short-huongtam-nam-cao-cap-qsn-chat-lieu-vai-loai-tot-mem-mai-thoang-mat-khong-phai-mau-p273188083.html?spid=273214305,False
271829352,"Bộ 3 quần sịp từ tính tăng sinh lý nam, Quần sịp gắn nam châm, Quần lót cải thiện SL nam",Thời trang nam,Tiki,270000,270000,0.0,26,4.0,https://tiki.vn/bo-3-quan-sip-tu-tinh-tang-sinh-ly-nam-quan-sip-gan-nam-cham-quan-lot-cai-thien-sl-nam-p271829352.html?spid=271556683,False
264311896,"Áo thun tập gym nam DO GYM SHOP form ôm body, logo thêu, thun lạnh co giãn 4 chiều siêu thoáng mát",Thời trang nam,Tiki,159000,159000,0.0,4,5.0,https://tiki.vn/ao-thun-tap-gym-nam-do-gym-shop-form-om-body-logo-theu-thun-lanh-co-gian-4-chieu-sieu-thoang-mat-p264311896.html?spid=264311964,False
250083914,"Áo điều hòa Nhật Bản JW 21V năm 2023, chất vải Kaki Pangrim Hàn Quốc, pin dung lượng lớn 25000mAh, quạt không chổi than tốc độ cao cánh có thể tháo rời",Thời trang nam,Tiki,1799000,1799000,0.0,2,0.0,https://tiki.vn/ao-dieu-hoa-nhat-ban-jw-21v-nam-2023-chat-vai-kaki-pangrim-han-quoc-pin-dung-luong-lon-25000mah-quat-khong-choi-than-toc-do-cao-canh-co-the-thao-roi-p250083914.html?spid=250083946,True
205849269,"Áo tay dài Mmlg 19Mg Lsv-T - Áo Hoodie Sweater cho nam, nữ, unisex - MMLG2T011",Thời trang nam,Tiki,1748000,1748000,0.0,0,0.0,https://tiki.vn/ao-tay-dai-mmlg-19mg-lsv-t-ao-hoodie-sweater-cho-nam-nu-unisex-p205849269.html?spid=205849309,True
201594902,"Áo thun nam dài tay ALIGRO chất cotton thấm hút mồ hôi, mềm mại màu xanh cổ vịt ALGAPD052",Thời trang nam,Tiki,335000,335000,0.0,0,0.0,https://tiki.vn/ao-thun-nam-dai-tay-aligro-chat-lieu-cotton-cao-cap-sieu-mem-mai-day-dan-cuc-de-chiu-tham-hut-tot-algapd052-p201594902.html?spid=201594908,False
199250413,UPZ Áo Khoác Hoodie Dây Kéo Cơ Bản SS1 (5 Màu),Thời trang nam,Tiki,360000,360000,0.0,0,0.0,https://tiki.vn/upz-ao-khoac-hoodie-day-keo-co-ban-ss1-5-mau-p199250413.html?spid=199250430,False
198262015,Áo thun nam dài tay Aligro màu navy co giãn 4 chiều chất thun cao cấp ALGAPD059,Thời trang nam,Tiki,195000,195000,0.0,2,0.0,https://tiki.vn/ao-phong-dai-tay-aligro-mau-navy-chat-lieu-thun-cao-cap-nhe-co-gian-4-chieu-algapd059-p198262015.html?spid=198262019,False
178608518,Đồ Mặc Nhà Quần Shorts Eco-Linen Lounge Shorts - SIZE M/L/XL,Thời trang nam,Tiki,130000,130000,0.0,0,0.0,https://tiki.vn/do-mac-nha-quan-shorts-eco-linen-lounge-shorts-size-m-l-xl-p178608518.html?spid=178608524,False
174212366,"Áo lót đông xuân tay ngắn, chất cotton hữu cơ mềm mại, chất lượng hàng xuất khẩu loại 1",Thời trang nam,Tiki,79000,79000,0.0,28,4.0,https://tiki.vn/ao-lot-dong-xuan-tay-ngan-chat-cotton-huu-co-mem-mai-chat-luong-hang-xuat-khau-loai-1-p174212366.html?spid=174212370,False
159088076,"Áo polo TYPES OVERCO in họa tiết chữ thời trang, trẻ trung, năng động",Thời trang nam,Tiki,319000,319000,0.0,0,0.0,https://tiki.vn/ao-polo-types-overco-in-hoa-tiet-chu-thoi-trang-tre-trung-nang-dong-p159088076.html?spid=159088086,False
146449442,Combo 6 Quần lót nam thun coton hàng việt nam xuất khẩu dạng cao cấp thoáng mát Từ 40kg đến 75kg,Thời trang nam,Tiki,180000,180000,0.0,3,5.0,https://tiki.vn/combo-6-quan-lot-nam-thun-coton-hang-viet-nam-xuat-khau-dang-cao-cap-thoang-mat-tu-40kg-den-75kg-p146449442.html?spid=146449450,False
145716807,Áo phao nam trẻ trung phong cách NAP45,Thời trang nam,Tiki,2016000,2016000,0.0,0,0.0,https://tiki.vn/ao-phao-nam-tre-trung-phong-cach-nap45-p145716807.html?spid=145716819,True
141665125,Áo len nam cổ lọ mẫu mới LNA13,Thời trang nam,Tiki,324000,324000,0.0,9,4.7,https://tiki.vn/ao-len-nam-co-lo-mau-moi-lna13-p141665125.html?spid=274149023,False
132702980,Quần lót tam giác nam thun lạnh độc lạ - A079,Thời trang nam,Tiki,95000,95000,0.0,8,0.0,https://tiki.vn/quan-lot-tam-giac-nam-thun-lanh-doc-la-a079-p132702980.html?spid=132702990,False
113052130,Áo khoác nam Áo khoát nam gió dù 2 lớp chống nắng LOCAL PEOPLE đẹp siêu hot - M100,Thời trang nam,Tiki,189250,189250,0.0,4,0.0,https://tiki.vn/p-ao-khoac-nam-ao-khoat-nam-gio-du-2-lop-chong-nang-local-people-dep-sieu-hot-m100-p113052130.html?spid=113052195,False
106281201,"Combo 3 quần lót nam thun lạnh tam giác màu trơn đơn giản, sịp nam cạp nhỏ QLJ03",Thời trang nam,Tiki,99900,99900,0.0,46,4.7,https://tiki.vn/combo-3-quan-lot-nam-thun-lanh-tam-giac-mau-tron-don-gian-sip-nam-cap-nho-qlj03-p106281201.html?spid=157027623,False
98078737,Quần lót nam Roman cao cấp - 2 lưng với chất liệu thun lạnh silk 4 chiều cực mát,Thời trang nam,Tiki,59000,59000,0.0,57,5.0,https://tiki.vn/quan-lot-nam-roman-cao-cap-2-lung-voi-chat-lieu-thun-lanh-silk-4-chieu-cuc-mat-p98078737.html?spid=98078759,False
93233783,Áo Khoác Big Size Nam Nữ Unisex Áo Khoác Dù Nam 2 Lớp Chống Nắng Chống Lạnh Chống Gió Thời Trang Phom Body Phối Màu Hàn Quốc Cao Cấp AD73 - ShopN6,Thời trang nam,Tiki,180000,180000,0.0,20,3.6,https://tiki.vn/ao-khoac-big-size-nam-nu-unisex-ao-khoac-du-nam-2-lop-chong-nang-chong-lanh-chong-gio-thoi-trang-phom-body-phoi-mau-han-quoc-cao-cap-ad73-shopn6-p93233783.html?spid=93233807,False
90483623,Combo 3 Áo thun nam ba lỗ cotton FREEMAN ASF205,Thời trang nam,Tiki,240300,267000,0.1,16,5.0,https://tiki.vn/ao-thun-nam-ba-lo-cotton-freeman-asf205-combo-3-p90483623.html?spid=90483627,False
73330264,Áo Khoác Nam Big Size Áo Khoác Dù Dày Nam Trơn Hai Lớp Chống Lạnh Chống Nắng Chống Gió Cao Cấp QD34 - ShopN6 (Nhiều Màu),Thời trang nam,Tiki,189000,255000,0.26,167,4.5,https://tiki.vn/ao-khoac-nam-big-size-ao-khoac-du-day-nam-tron-hai-lop-chong-lanh-chong-nang-chong-gio-cao-cap-qd34-shopn6-nhieu-mau-p73330264.html?spid=73330270,False
67805324,Áo Thun Cổ Tròn Thời Trang Nam Thêu Ngực Lịch Lãm - LZPS003,Thời trang nam,Tiki,289000,289000,0.0,0,0.0,https://tiki.vn/ao-thun-co-tron-thoi-trang-nam-theu-nguc-lich-lam-lzps003-p67805324.html?spid=113227805,False
50405083,"COMBO 4 QUẦN LÓT BOXER NAM cao cấp chất vải mềm mịn, hút mồ hôi tốt, kiểu dáng quyến rũ L2893",Thời trang nam,Tiki,89999,89999,0.0,175,4.3,https://tiki.vn/combo-4-quan-lot-boxer-nam-cao-cap-chat-vai-mem-min-hut-mo-hoi-tot-kieu-dang-quyen-ru-l2893-p50405083.html?spid=95862061,False
42424755,Quần Jogger Nam Thể Thao - Quần Nỉ Nam QD1 Lót Lông Cao Cấp Chính Hãng,Thời trang nam,Tiki,239000,300000,0.2,677,4.6,https://tiki.vn/quan-ni-lot-long-nam-quan-jogger-giu-nhiet-chinh-hang-amalife-p42424755.html?spid=47321081,False
34702350,Áo khoác dạ nam dáng vest trẻ trung NAD43,Thời trang nam,Tiki,2460000,2460000,0.0,2,4.5,https://tiki.vn/ao-khoac-da-nam-dang-vest-tre-trung-nad43-p34702350.html?spid=34702470,True
15810955,Áo thun nam cá sấu,Thời trang nam,Tiki,100000,100000,0.0,0,0.0,https://tiki.vn/ao-thun-nam-ca-sau-p15810955.html?spid=278513589,False
13299719,Quần lót Nam thời trang mẫu mới - QL004,Thời trang nam,Tiki,110000,110000,0.0,8,4.8,https://tiki.vn/quan-lot-nam-thoi-trang-mau-moi-p13299719.html?spid=13299733,False
9820573,Áo len gile Aligro màu ghi đậm ALENGL011,Thời trang nam,Tiki,355000,355000,0.0,8,4.7,https://tiki.vn/ao-len-gile-aligro-alengl011-p9820573.html?spid=9820579,False
278500938,Gel bôi trơn Durex Play Classic Hộp 3 gói x 5ml,Làm đẹp - Sức khỏe,Tiki,39500,84000,0.53,155,0.0,https://tiki.vn/gel-boi-tron-durex-play-classic-hop-3-goi-x-5ml-p278500938.html?spid=278500939,False
277408577,Sữa Dưỡng Thể NIVEA Dưỡng Ẩm Chuyên Sâu 48H | Thấm Nhanh (500 ml) - 80212,Làm đẹp - Sức khỏe,Tiki,126500,189000,0.33,1030,4.8,https://tiki.vn/sua-duong-the-nivea-duong-am-chuyen-sau-48h-tham-nhanh-550-ml-98943-p277408577.html?spid=277408578,False
276522882,Khẩu Trang Y Tế Kháng Khuẩn Cao Cấp An Tâm - 4 Lớp - 50 Cái/Hộp,Làm đẹp - Sức khỏe,Tiki,36000,45000,0.2,487,5.0,https://tiki.vn/khau-trang-y-te-khang-khuan-cao-cap-an-tam-4-lop-50-cai-hop-p276522882.html?spid=276547185,False
276348907,[100 Cái 6A] Thùng/Combo Khẩu Trang Y Tế Kháng Khuẩn Chống Nắng 6A  An Tâm -10 Túi/100 Cái,Làm đẹp - Sức khỏe,Tiki,95000,110000,0.14,478,4.7,https://tiki.vn/100-cai-khau-trang-y-te-khang-khuan-chong-nang-6a-an-tam-10-tui-100-cai-p276348907.html?spid=276349058,False
276232275,Kem Dưỡng Ẩm Da NIVEA Crème (30 ml) - 80101,Làm đẹp - Sức khỏe,Tiki,43500,54000,0.19,128,5.0,https://tiki.vn/kem-duong-am-da-nivea-creme-30-ml-80101-p276232275.html?spid=276232276,False
276003962,Nước tẩy trang bí đao Cocoon 500ml,Làm đẹp - Sức khỏe,Tiki,238500,299455,0.2,43678,5.0,https://tiki.vn/nuoc-tay-trang-bi-dao-500ml-p276003962.html?spid=276003963,False
275970825,Dầu gội bưởi Cocoon giúp giảm gãy rụng và làm mềm tóc 500ml,Làm đẹp - Sức khỏe,Tiki,309500,395000,0.22,10744,4.6,https://tiki.vn/dau-goi-buoi-500ml-p275970825.html?spid=275970826,False
275967914,Sữa rửa mặt dạng Gel bí đao rửa mặt Cocoon 310ml,Làm đẹp - Sức khỏe,Tiki,255000,299455,0.15,2622,4.6,https://tiki.vn/gel-bi-dao-rua-mat-310ml-p275967914.html?spid=275967915,False
275085349,Dung Dịch Dưỡng Ẩm Tối Ưu Hada Labo Advanced Nourish Lotion Dùng Cho Da Thường Và Da Khô 20ml,Làm đẹp - Sức khỏe,Tiki,15000,50000,0.7,6296,5.0,https://tiki.vn/dung-dich-duong-am-toi-uu-hada-labo-advanced-nourish-lotion-dung-cho-da-thuong-va-da-kho-20ml-p275085349.html?spid=275085352,False
274847808,Sữa Tắm Lifebuoy 800gr Detox Và Sạch Sâu Khỏi Bụi Mịn Pm2.5 Detox 100% Từ Thiên Nhiên Diệt Khuẩn - Thảo Dược & Hoa Sen,Làm đẹp - Sức khỏe,Tiki,186500,214500,0.13,250,4.8,https://tiki.vn/sua-tam-lifebuoy-detox-va-bao-ve-khoi-vi-khuan-thao-duoc-hoa-sen-chai-800g-tang-sua-tam-lifebuoy-200g-p274847808.html?spid=274847809,False
272129158,Son dưỡng có màu hiệu chỉnh sắc môi Lipice Sheer Color,Làm đẹp - Sức khỏe,Tiki,68000,85000,0.2,21863,5.0,https://tiki.vn/son-duong-co-mau-hieu-chinh-sac-moi-lipice-sheer-color-p272129158.html?spid=272129166,False
271954067,Dầu Gội Pantene Ngăn Rụng Tóc - 650ML,Làm đẹp - Sức khỏe,Tiki,165000,165000,0.0,645,4.8,https://tiki.vn/dau-goi-pantene-ngan-rung-toc-650ml-p271954067.html?spid=271954113,False
271477435,Dầu Gội REJOICE chai 630ml Hoa Hồng Jeju,Làm đẹp - Sức khỏe,Tiki,130000,180000,0.28,727,4.5,https://tiki.vn/dau-goi-rejoice-chai-630ml-hoa-hong-jeju-p271477435.html?spid=271477436,False
271448529,Dầu Gội HEAD & SHOULDERS Chai 625ml,Làm đẹp - Sức khỏe,Tiki,158000,248000,0.36,1826,5.0,https://tiki.vn/dau-goi-head-shoulders-chai-625ml-p271448529.html?spid=271448542,False
248684066,Kem chống nắng cho da dầu mụn Acnes Blemish Control Sunscreen 50g,Làm đẹp - Sức khỏe,Tiki,126000,158000,0.2,5302,4.7,https://tiki.vn/kem-chong-nang-cho-da-dau-mun-acnes-blemish-control-sunscreen-50ml-p248684066.html?spid=248684067,False
188116913,Xà phòng trị mụn lưng và rửa mặt Acnes Washing Bar 75g,Làm đẹp - Sức khỏe,Tiki,59000,74000,0.2,56797,4.6,https://tiki.vn/xa-phong-tri-mun-lung-va-rua-mat-acnes-washing-bar-75g-p188116913.html?spid=188116914,False
176672117,Sữa rửa mặt ngăn ngừa mụn dạng gel Acnes Gentle Wash 100g,Làm đẹp - Sức khỏe,Tiki,62000,80000,0.23,11526,5.0,https://tiki.vn/sua-rua-mat-ngan-ngua-mun-dang-gel-acnes-gentle-wash-100g-p176672117.html?spid=176672118,False
174071718,"Sữa rửa mặt Hada Labo cho da dầu mụn, da nhạy cảm Hada Labo Acne Care Calming Cleanser 80g",Làm đẹp - Sức khỏe,Tiki,82000,102000,0.2,47879,4.6,https://tiki.vn/sua-rua-mat-hada-labo-cho-da-dau-mun-da-nhay-cam-hada-labo-acne-care-calming-cleanser-80g-p174071718.html?spid=174071720,False
116557922,Bộ đôi Kem chống nắng dạng sữa dưỡng da kiềm dầu bảo vệ hoàn hảo + Kem chống nắng dạng gel dưỡng ẩm bảo vệ hoàn hảo (Anessa Gold Milk 60ml + Gold Gel 90g),Làm đẹp - Sức khỏe,Tiki,904000,1200000,0.25,2132,4.7,https://tiki.vn/bo-doi-kem-chong-nang-dang-sua-duong-da-kiem-dau-bao-ve-hoan-hao-kem-chong-nang-dang-gel-duong-am-bao-ve-hoan-hao-anessa-gold-milk-60ml-gold-gel-90g-p116557922.html?spid=272278923,True
98605258,Bao cao su Durex Jeans Hộp 30 bao,Làm đẹp - Sức khỏe,Tiki,279753,490000,0.43,1715,4.8,https://tiki.vn/bao-cao-su-durex-jeans-hop-30-bao-p98605258.html?spid=153387454,False
54058503,Sữa rửa mặt dưỡng trắng Hada Labo Perfect White Tranexamic Acid Cleanser 80g,Làm đẹp - Sức khỏe,Tiki,82000,102000,0.2,79395,4.7,https://tiki.vn/sua-rua-mat-duong-trang-hada-labo-perfect-white-tranexamic-acid-cleanser-80g-p54058503.html?spid=54058504,False
54058501,Kem dưỡng trắng Hada Labo Perfect White Tranexamic Acid Cream 50g,Làm đẹp - Sức khỏe,Tiki,206000,257500,0.2,7621,4.7,https://tiki.vn/kem-duong-trang-hada-labo-perfect-white-tranexamic-acid-cream-50g-p54058501.html?spid=54058502,False
33597680,Son dưỡng môi hiệu chỉnh ửng hồng tự nhiên Lipice Sheer Color Hương Dâu (Ardent) 2.4g,Làm đẹp - Sức khỏe,Tiki,68000,85000,0.2,26751,4.7,https://tiki.vn/son-duong-moi-hieu-chinh-ung-hong-tu-nhien-lipice-sheer-color-p33597680.html?spid=33597686,False
25108217,Sữa rửa mặt ngăn ngừa mụn Acnes Creamy Wash 100g,Làm đẹp - Sức khỏe,Tiki,62000,77000,0.19,312678,5.0,https://tiki.vn/sua-rua-mat-ngan-ngua-mun-acnes-creamy-wash-100g-p25108217.html?spid=25108218,False
25107897,Sữa rửa mặt tạo bọt ngăn ngừa mụn Acnes Foaming Wash 150ml,Làm đẹp - Sức khỏe,Tiki,69000,81000,0.15,3445,4.8,https://tiki.vn/sua-rua-mat-tao-bot-ngan-ngua-mun-acnes-foaming-wash-150ml-p25107897.html?spid=25107898,False
20541866,"Dầu gội Selsun chống gàu, sạch gàu & hết ngứa da đầu Selsun Anti-Dandruff Shampoo 50ml",Làm đẹp - Sức khỏe,Tiki,54000,74000,0.27,173271,4.8,https://tiki.vn/dau-goi-selsun-chong-gau-sach-gau-het-ngua-da-dau-selsun-anti-dandruff-shampoo-50ml-p20541866.html?spid=20541867,False
10640154,Sữa rửa mặt kiểm soát nhờn ngăn ngừa mụn dạng gel Acnes Oil Control Cleanser 100g,Làm đẹp - Sức khỏe,Tiki,62000,77000,0.19,150934,4.7,https://tiki.vn/sua-rua-mat-kiem-soat-nhon-ngan-ngua-mun-dang-gel-acnes-oil-control-cleanser-100g-p10640154.html?spid=10862885,False
6874429,Miếng dán mụn giúp giảm mụn sưng viêm Acnes Clear Patch (24 Miếng),Làm đẹp - Sức khỏe,Tiki,52000,65000,0.2,204104,4.7,https://tiki.vn/mieng-dan-mun-giup-giam-mun-sung-viem-acnes-clear-patch-24-mieng-p6874429.html?spid=10863062,False
5902685,"Sữa rửa mặt vitamin làm sáng da, mờ sẹo thâm dạng kem Acnes Vitamin Cleanser 100g",Làm đẹp - Sức khỏe,Tiki,62000,77000,0.19,183757,4.8,https://tiki.vn/sua-rua-mat-vitamin-lam-sang-da-mo-seo-tham-dang-kem-acnes-vitamin-cleanser-100g-p5902685.html?spid=10863053,False
5560235,Gel bôi trơn Durex Play Classic 50ml,Làm đẹp - Sức khỏe,Tiki,83000,118000,0.3,42172,4.6,https://tiki.vn/gel-boi-tron-durex-play-classic-50ml-p5560235.html?spid=10674054,False
2042227,Bao cao su Durex Invisible Extra Thin Extra Lubricated 1 Hộp 10 Bao,Làm đẹp - Sức khỏe,Tiki,282000,454000,0.38,13932,4.8,https://tiki.vn/bao-cao-su-durex-invisible-extra-thin-extra-lubricated-1-hop-10-bao-p2042227.html?spid=2042809,False
1640153,Son dưỡng có màu tự nhiên LipIce Sheer Color Q Strawberry Tea (Trà dâu) 2.4g,Làm đẹp - Sức khỏe,Tiki,71000,89000,0.2,37343,4.7,https://tiki.vn/son-duong-co-mau-tu-nhien-lipice-sheer-color-q-p1640153.html?spid=272151746,False
1634983,Phim Thấm Dầu Acnes Oil Remover Film 50 Tờ,Làm đẹp - Sức khỏe,Tiki,59000,69000,0.14,83342,5.0,https://tiki.vn/phim-tham-dau-acnes-oil-remover-film-50-to-p1634983.html?spid=10862503,False
1634981,"Giấy thấm dầu kiểm soát nhờn, ngừa mụn Acnes Oil Remover Paper 100 tờ",Làm đẹp - Sức khỏe,Tiki,29000,34000,0.15,179970,4.7,https://tiki.vn/giay-tham-dau-kiem-soat-nhon-ngua-mun-acnes-oil-remover-paper-100-to-p1634981.html?spid=10862722,False
632680,"Dầu gội Selsun chống gàu, sạch gàu & hết ngứa da đầu Selsun Anti-Dandruff Shampoo 100ml",Làm đẹp - Sức khỏe,Tiki,84000,99000,0.15,578888,4.8,https://tiki.vn/dau-goi-selsun-chong-gau-sach-gau-het-ngua-da-dau-selsun-anti-dandruff-shampoo-100ml-p632680.html?spid=10862721,False
631959,Kem mờ sẹo và thâm dạng gel Acnes Scar Care 12g,Làm đẹp - Sức khỏe,Tiki,67000,84000,0.2,22999,4.7,https://tiki.vn/kem-mo-seo-va-tham-dang-gel-acnes-scar-care-12g-p631959.html?spid=10862535,False
631498,Kem dưỡng cải thiện lão hóa Hada Labo Pro-Aging Retinol B3 Cream 50g,Làm đẹp - Sức khỏe,Tiki,243000,304000,0.2,7205,4.7,https://tiki.vn/kem-duong-cai-thien-lao-hoa-hada-labo-pro-aging-retinol-b3-cream-50g-p631498.html?spid=10862543,False
630778,"Kem chống nắng Skin Aqua dưỡng trắng, kiểm dầu, dùng hàng ngày dạng sữa Sunplay Skin Aqua Clear White Eco Việt Nam SPF50, PA++++ 55g",Làm đẹp - Sức khỏe,Tiki,187000,234000,0.2,42350,4.8,https://tiki.vn/kem-chong-nang-skin-aqua-duong-trang-kiem-dau-dung-hang-ngay-dang-sua-sunplay-skin-aqua-clear-white-eco-viet-nam-spf50-pa-55g-p630778.html?spid=10862294,False
630777,"Kem chống nắng Sunplay cực mạnh dạng sữa Sunplay Super Block SPF 50+, PA++++ 70g",Làm đẹp - Sức khỏe,Tiki,159000,199000,0.2,33003,4.8,https://tiki.vn/kem-chong-nang-sunplay-cuc-manh-dang-sua-sunplay-super-block-spf-50-pa-70g-p630777.html?spid=10861844,False
385568,Bao cao su Durex Fetherlite Hộp 3 Bao,Làm đẹp - Sức khỏe,Tiki,64000,84000,0.24,19107,4.7,https://tiki.vn/bao-cao-su-durex-fetherlite-hop-3-bao-p385568.html?spid=85503,False
278998871,Sữa rửa mặt sen Hậu Giang Cocoon 310ml,Làm đẹp - Sức khỏe,Tiki,339000,339000,0.0,772,0.0,https://tiki.vn/sua-rua-mat-sen-hau-giang-cocoon-310ml-p278998871.html?spid=278998872,False
278979269,Kem Nhuộm L'Oreal Paris Dưỡng Tóc Phủ Bạc Excellence Crème 172ml,Làm đẹp - Sức khỏe,Tiki,183000,229000,0.2,18,5.0,https://tiki.vn/kem-nhuom-l-oreal-paris-duong-toc-phu-bac-excellence-creme-172ml-p278979269.html?spid=278979293,False
278965278,Dung dịch vệ sinh Mistine Ladycare Intimate Cleanser Cool,Làm đẹp - Sức khỏe,Tiki,32500,84000,0.61,106,5.0,https://tiki.vn/dung-dich-ve-sinh-mistine-ladycare-intimate-cleanser-p278965278.html?spid=278965304,False
277775740,Dung dịch chống muỗi dạng phun sương Rohto Mentholatum Remos Hương Lavender 70ml,Làm đẹp - Sức khỏe,Tiki,37000,41500,0.11,38464,4.8,https://tiki.vn/dung-dich-chong-muoi-dang-phun-suong-rohto-mentholatum-remos-huong-lavender-70ml-p277775740.html?spid=277775741,False
276111614,Phấn phủ kiềm dầu PERFECT DIARY chống thấm nước kiểm soát dầu lên đến 12h với 3 màu tùy chọn 7g,Làm đẹp - Sức khỏe,Tiki,187500,289000,0.35,108,4.8,https://tiki.vn/phan-phu-kiem-dau-perfect-diary-chong-tham-nuoc-kiem-soat-dau-len-den-12h-voi-3-mau-tuy-chon-7g-p276111614.html?spid=276111622,False
276003895,Tẩy Da Chết Mặt Cà Phê Đắk Lắk Cocoon 150ml,Làm đẹp - Sức khỏe,Tiki,146000,171818,0.15,33230,4.8,https://tiki.vn/ca-phe-dak-lak-lam-sach-da-chet-mat-cocoon-150ml-p276003895.html?spid=276003896,False
275970374,Dầu xả bưởi Cocoon 310ml,Làm đẹp - Sức khỏe,Tiki,148500,191455,0.22,1561,5.0,https://tiki.vn/dau-xa-buoi-310ml-p275970374.html?spid=275970375,False
275970279,Tẩy da chết cơ thể cà phê Dăk Lăk  Cocoon - Hũ 200ml,Làm đẹp - Sức khỏe,Tiki,113000,132545,0.15,11607,4.7,https://tiki.vn/ca-phe-dak-lak-lam-sach-da-chet-co-the-200ml-p275970279.html?spid=275970280,False
275969670,Mặt nạ nghệ Hưng Yên Cocoon 30ml,Làm đẹp - Sức khỏe,Tiki,121500,152182,0.2,10499,5.0,https://tiki.vn/mat-na-nghe-hung-yen-30ml-p275969670.html?spid=275969671,False
275969483,Nước sen Hậu Giang (toner) giúp phục hồi cho da rất nhạy cảm Cocoon 310ml,Làm đẹp - Sức khỏe,Tiki,249500,299455,0.17,8175,4.5,https://tiki.vn/nuoc-sen-hau-giang-310ml-p275969483.html?spid=275969484,False
275085347,Sữa rửa mặt dưỡng trắng Hada Labo Perfect White Tranexamic Acid Cleanser 15g,Làm đẹp - Sức khỏe,Tiki,15000,20000,0.25,388,0.0,https://tiki.vn/sua-rua-mat-duong-trang-hada-labo-perfect-white-tranexamic-acid-cleanser-15g-p275085347.html?spid=275085348,False
274656798,Kem chống nắng dạng gel dịu nhẹ cho da nhạy cảm và trẻ em Anessa Mineral UV sunscreen mild gel For Sensitive Skin & Babies SPF 35+ PA++++ 90g,Làm đẹp - Sức khỏe,Tiki,465000,575000,0.19,129,4.5,https://tiki.vn/kem-chong-nang-dang-gel-diu-nhe-cho-da-nhay-cam-va-tre-em-anessa-mineral-uv-sunscreen-mild-gel-for-sensitive-skin-babies-spf-35-pa-90g-p274656798.html?spid=274656799,False
273598230,Máy Tăm Nước Không Dây LocknLock Cordless Oral Irrigator,Làm đẹp - Sức khỏe,Tiki,650500,1495000,0.56,11249,4.7,https://tiki.vn/may-tam-nuoc-khong-day-locknlock-cordless-oral-irrigator-p273598230.html?spid=82721612,True
273455553,Lăn Ngăn Mùi NIVEA MEN Dry Impact Khô Thoáng (50ml) - 81610,Làm đẹp - Sức khỏe,Tiki,59500,72000,0.17,133989,5.0,https://tiki.vn/lan-ngan-mui-nivea-men-dry-impact-kho-thoang-50ml-81610-p273455553.html?spid=273455554,False
273455551,Lăn Ngăn Mùi NIVEA Extra Brightening Trắng Mịn Mờ Vết Thâm (50ml) - 83747,Làm đẹp - Sức khỏe,Tiki,83000,92000,0.1,33758,5.0,https://tiki.vn/lan-ngan-mui-nivea-extra-whitening-trang-min-mo-vet-tham-50ml-83747-p273455551.html?spid=273455552,False
273201159,[300 Cái Khẩu Trang KF94] Thùng Khẩu Trang Y Tế Kháng Khuẩn KF94 An Tâm- 4 Lớp,Làm đẹp - Sức khỏe,Tiki,219000,289000,0.24,1137,4.7,https://tiki.vn/300-cai-khau-trang-kf94-thung-khau-trang-y-te-khang-khuan-kf94-an-tam-4-lop-p273201159.html?spid=273203356,False
273188046,Phấn nước trang điểm che phủ kiềm dầu thuần chay GLAMRR Q VEGAN SUPER COVER CUSHION (1 lõi x 15g) by Gilaa,Làm đẹp - Sức khỏe,Tiki,415000,650000,0.36,84,5.0,https://tiki.vn/phan-nuoc-trang-diem-che-phu-kiem-dau-thuan-chay-glamrr-q-vegan-super-cover-cushion-1-loi-x-15g-by-gilaa-p273188046.html?spid=273188617,False
273188043,Phấn nước trang điểm dưỡng da GLAMRR Q LONG WEAR DD CUSHION by Gilaa (1 lõi x 13g),Làm đẹp - Sức khỏe,Tiki,219000,300000,0.27,123,4.8,https://tiki.vn/phan-nuoc-trang-diem-duong-da-glamrr-q-long-wear-dd-cushion-by-gilaa-1-loi-x-13g-p273188043.html?spid=277453291,False
273177565,"Dụng cụ cắt tỉa lông mũi bằng thép không gỉ RiBi, máy cắt lông mũi an toàn tiện lợi kèm cọ vệ sinh, hộp đựng sang trọng - Hàng Chính Hãng",Làm đẹp - Sức khỏe,Tiki,50000,50000,0.0,352,4.7,https://tiki.vn/dung-cu-cat-tia-long-mui-bang-thep-khong-gi-ribi-may-cat-long-mui-an-toan-tien-loi-kem-co-ve-sinh-hop-dung-sang-trong-hang-chinh-hang-p273177565.html?spid=273177566,False
263795515,Xịt chống muỗi Rohto Mentholatum Remos Hương Sả Chanh 150ml,Làm đẹp - Sức khỏe,Tiki,61000,81000,0.25,3854,5.0,https://tiki.vn/xit-chong-muoi-rohto-mentholatum-remos-huong-sa-chanh-150ml-p263795515.html?spid=263795516,False
247287157,Kem dưỡng trắng dạng gel Hada Labo Perfect White Tranexamic Acid Cream 50g,Làm đẹp - Sức khỏe,Tiki,223000,278500,0.2,1085,4.5,https://tiki.vn/kem-duong-trang-dang-gel-hada-labo-perfect-white-tranexamic-acid-cream-50g-p247287157.html?spid=247287158,False
204877913,Cân sức khỏe Life360,Làm đẹp - Sức khỏe,Tiki,158500,290000,0.45,67,4.6,https://tiki.vn/can-suc-khoe-life360-p204877913.html?spid=171252243,False
191752367,[HOT DEAL] Kem Dưỡng Da Trắng Hồng ban đêm Giảm Thâm Sạm Không Cồn dạng gel SENKA AQUA BRIGHT GLOW GEL CREAM 50g - 15538,Làm đẹp - Sức khỏe,Tiki,235000,360000,0.35,877,4.7,https://tiki.vn/kem-duong-trang-ban-dem-senka-aqua-bright-glow-gel-cream-50g-p191752367.html?spid=272310534,False
176672113,Kem chấm mụn chuyên sâu Acnes Blemish Clear Cream 10g,Làm đẹp - Sức khỏe,Tiki,54000,67000,0.19,9572,4.8,https://tiki.vn/kem-cham-mun-chuyen-sau-acnes-blemish-clear-cream-10g-p176672113.html?spid=176672114,False
176284237,Sữa Rửa Mặt Nivea Men Hạt Mát Xa Sạch Nhờn Mát Lạnh (100G) - 88880,Làm đẹp - Sức khỏe,Tiki,66500,82000,0.19,22211,4.5,https://tiki.vn/sua-rua-mat-nivea-men-hat-mat-xa-sach-nhon-mat-lanh-100g-88880-p176284237.html?spid=273568533,False
171564906,"Dầu gội Selsun chống gàu, sạch gàu & hết ngứa da đầu Selsun Anti-Dandruff Shampoo 250ml",Làm đẹp - Sức khỏe,Tiki,194000,228000,0.15,20149,4.8,https://tiki.vn/dau-goi-selsun-chong-gau-sach-gau-het-ngua-da-dau-selsun-anti-dandruff-shampoo-250ml-p171564906.html?spid=171564907,False
108830964,Combo 2 Kem đánh răng P/S Trắng răng than hoạt tính & tre 230g,Làm đẹp - Sức khỏe,Tiki,114500,135000,0.15,2135,4.8,https://tiki.vn/bo-3-kem-danh-rang-p-s-than-hoat-tinh-230g-p108830964.html?spid=108830967,False
72885805,Dầu gội Rejoice Trị gàu 3 trong 1,Làm đẹp - Sức khỏe,Tiki,243000,332000,0.27,245,4.8,https://tiki.vn/dau-goi-rejoice-ho-tro-dieu-tri-gau-3-trong-1-p72885805.html?spid=72885809,False
10071383,Sữa Tắm Lifebuoy 800gr Detox Và Sạch Sâu Khỏi Bụi Mịn Pm2.5 Detox 100% Từ Thiên Nhiên Diệt Khuẩn - Matcha & Khổ Qua,Làm đẹp - Sức khỏe,Tiki,180000,214500,0.16,12290,4.7,https://tiki.vn/sua-tam-lifebuoy-detox-va-sach-sau-khoi-bui-min-pm2-5-detox-bao-ve-khoi-vi-khuan-gay-mun-co-the-matcha-kho-qua-chai-800g-p10071383.html?spid=10071384,False
1672157,Bao cao su Durex Invisible Extra Thin Extra Sensitive 1 Hộp 10 Bao,Làm đẹp - Sức khỏe,Tiki,260000,418000,0.38,57773,4.7,https://tiki.vn/bao-cao-su-durex-invisible-extra-thin-extra-sensitive-1-hop-10-bao-p1672157.html?spid=1115608,False
1672153,Bao cao su Durex Performa 12 bao,Làm đẹp - Sức khỏe,Tiki,222000,360000,0.38,37101,4.7,https://tiki.vn/bao-cao-su-durex-performa-12-bao-p1672153.html?spid=85611,False
1537315,Gel bôi trơn Durex K-Y Jelly 50g - KY Jelly,Làm đẹp - Sức khỏe,Tiki,82000,118000,0.31,92846,4.7,https://tiki.vn/gel-boi-tron-durex-k-y-jelly-50g-ky-jelly-p1537315.html?spid=1537389,False
1313877,"Kem chống nắng Sunplay cho bé từ 6 tháng tuổi và da nhạy cảm, dạng sữa Sunplay Baby Mild SPF 35, PA++ 30g",Làm đẹp - Sức khỏe,Tiki,86000,107000,0.2,4245,4.8,https://tiki.vn/kem-chong-nang-sunplay-cho-be-tu-6-thang-tuoi-va-da-nhay-cam-dang-sua-sunplay-baby-mild-spf-35-pa-30g-p1313877.html?spid=10861847,False
796867,Bao cao su Durex Invisible Extra Thin Extra Sensitive 1 Hộp 3 Bao,Làm đẹp - Sức khỏe,Tiki,80000,156000,0.49,29833,4.7,https://tiki.vn/bao-cao-su-durex-invisible-extra-thin-extra-sensitive-1-hop-3-bao-p796867.html?spid=1115610,False
631496,Kem dưỡng ẩm Hada Labo Advanced Nourish Cream 50g,Làm đẹp - Sức khỏe,Tiki,182000,227000,0.2,9971,4.7,https://tiki.vn/kem-duong-am-hada-labo-advanced-nourish-cream-50g-p631496.html?spid=10862626,False
631034,Sữa rửa mặt dưỡng ẩm tối ưu Hada Labo Advanced Nourish Cleanser 80g,Làm đẹp - Sức khỏe,Tiki,73000,91500,0.2,118163,4.7,https://tiki.vn/sua-rua-mat-duong-am-toi-uu-hada-labo-advanced-nourish-cleanser-80g-p631034.html?spid=10862753,False
630793,"Kem chống nắng Skin Aqua trang điểm tạo nền trắng mịn & đều màu dạng sữa Sunplay Skin Clear White CC Milk SPF 50, PA++++ 25g",Làm đẹp - Sức khỏe,Tiki,123000,154000,0.2,1617,4.7,https://tiki.vn/kem-chong-nang-skin-aqua-trang-diem-tao-nen-trang-min-deu-mau-dang-sua-sunplay-skin-clear-white-cc-milk-spf-50-pa-25g-p630793.html?spid=10862171,False
517596,Dầu Gội Pantene hỗ trợ điều trị Gàu Chai 650ml,Làm đẹp - Sức khỏe,Tiki,170500,227000,0.25,547,4.3,https://tiki.vn/dau-goi-pantene-ho-tro-dieu-tri-gau-chai-650ml-p517596.html?spid=235533,False
394073,Lăn Khử Mùi Nivea Nam Phân Tử Bạc Silver Protect 25ml - 83779 ,Làm đẹp - Sức khỏe,Tiki,45000,47000,0.04,364,4.8,https://tiki.vn/lan-khu-mui-nivea-nam-phan-tu-bac-silver-protect-25ml-83779-p394073.html?spid=95289,False
385654,Bao cao su Durex Performa 3 bao,Làm đẹp - Sức khỏe,Tiki,65500,99000,0.34,19147,4.7,https://tiki.vn/bao-cao-su-durex-performa-3-bao-p385654.html?spid=85603,False
278844507,[MỚI] Dung dịch vệ sinh phụ nữ Fresh&Care Odor Fresh,Làm đẹp - Sức khỏe,Tiki,45000,51000,0.12,28,5.0,https://tiki.vn/moi-dung-dich-ve-sinh-phu-nu-fresh-care-odor-fresh-p278844507.html?spid=278844527,False
278733434,"Nước Tẩy Trang Sen Hậu Giang Sạch Bụi Siêu Mịn PM1.0, Có Prebiotics Dịu Êm Cho Da Rất Nhạy Cảm Cocoon 500ml",Làm đẹp - Sức khỏe,Tiki,263000,309273,0.15,1069,5.0,https://tiki.vn/nuoc-tay-trang-sen-hau-giang-sach-bui-sieu-min-pm1-0-co-prebiotics-diu-em-cho-da-rat-nhay-cam-cocoon-500ml-p278733434.html?spid=278733435,False
278578284,Nước súc miệng Marvis Collutorio (400ml) - Hàng chính hãng,Làm đẹp - Sức khỏe,Tiki,399000,399000,0.0,15,0.0,https://tiki.vn/nuoc-suc-mieng-marvis-collutorio-400ml-hang-chinh-hang-p278578284.html?spid=278578286,False
277561408,"Kem chống nắng nâng tông Skin Aqua Tone up Blue cho da vàng có khuyết điểm đỏ, dạng sữa Sunplay Skin Aqua Tone Up UV Milk Blue SPF 50+ PA++++ 50g",Làm đẹp - Sức khỏe,Tiki,165000,195500,0.16,22,5.0,https://tiki.vn/kem-chong-nang-nang-tong-skin-aqua-tone-up-blue-cho-da-vang-co-khuyet-diem-do-dang-sua-sunplay-skin-aqua-tone-up-uv-milk-blue-spf-50-pa-50g-p277561408.html?spid=277561409,False
277020770,Dao cạo Blue 3 FLexi ,Làm đẹp - Sức khỏe,Tiki,15000,17000,0.12,19344,5.0,https://tiki.vn/dao-cao-blue-3-flexi-p277020770.html?spid=277020771,False
276568035,XỊT LẠNH LONGTIME _Gel bôi trơn jex ,Làm đẹp - Sức khỏe,Tiki,150000,150000,0.0,23,0.0,https://tiki.vn/xit-lanh-longtime-_gel-boi-tron-jex-p276568035.html?spid=276568036,False
276174256,Kem Dưỡng Ẩm Da NIVEA Crème (60 ml) - 80102,Làm đẹp - Sức khỏe,Tiki,59000,86000,0.31,141,5.0,https://tiki.vn/kem-duong-am-da-nivea-creme-60-ml-80102-p276174256.html?spid=276174257,False
276051050,"Viên uống tăng cường sinh lý nam Ngựa Thái, hộp 10 viên",Làm đẹp - Sức khỏe,Tiki,125000,125000,0.0,475,4.3,https://tiki.vn/vien-uong-tang-cuong-sinh-ly-nam-ngua-thai-hop-10-vien-p276051050.html?spid=276051051,False
276036754,Combo 2 Băng Vệ Sinh Diana Super Night Có Cánh 29cm (Gói 4 Miếng),Làm đẹp - Sức khỏe,Tiki,30000,40000,0.25,126,5.0,https://tiki.vn/combo-6-bang-ve-sinh-diana-super-night-co-canh-29cm-goi-4-mieng-p276036754.html?spid=276036755,False
276022715,"Sữa rửa mặt cho nam Oxy sạch dịu nhẹ, giảm khô căng dạng gel Oxy Hydrating Wash 100g",Làm đẹp - Sức khỏe,Tiki,78000,97000,0.2,59,4.5,https://tiki.vn/sua-rua-mat-cho-nam-oxy-sach-diu-nhe-giam-kho-cang-dang-gel-oxy-hydrating-wash-100g-p276022715.html?spid=276022718,False
275970806,Dầu gội bưởi Cocoon 310ml,Làm đẹp - Sức khỏe,Tiki,218500,260182,0.16,1121,5.0,https://tiki.vn/dau-goi-buoi-310ml-p275970806.html?spid=275970807,False
275969428,Nước sen Hậu Giang Cocoon 140ml,Làm đẹp - Sức khỏe,Tiki,163000,191455,0.15,17,0.0,https://tiki.vn/nuoc-sen-hau-giang-140ml-p275969428.html?spid=275969430,False
275428305,Gương Trang Điểm [CUTE01] Tai Mèo Xoay 360 độ | Có Móc Treo Phụ Kiện - Hàng chính hãng,Làm đẹp - Sức khỏe,Tiki,59000,59000,0.0,6,5.0,https://tiki.vn/guong-trang-diem-cute01-tai-meo-xoay-360-do-co-moc-treo-phu-kien-hang-chinh-hang-p275428305.html?spid=275428311,False
275408919,Xịt chống nắng bảo vệ đa chiều Skin Aqua Ultra Protection Mist 60ml,Làm đẹp - Sức khỏe,Tiki,178000,222000,0.2,43,5.0,https://tiki.vn/xit-chong-nang-bao-ve-da-chieu-skin-aqua-ultra-protection-mist-60ml-p275408919.html?spid=275408922,False
275338097,"Combo 3 Xà Bông Cục SAFEGUARD Sạch 99,9% Vi Khuẩn & Dịu Nhẹ Cho Da 130g/125g",Làm đẹp - Sức khỏe,Tiki,57000,79000,0.28,330,5.0,https://tiki.vn/combo-3-xa-bong-cuc-safeguard-sach-99-9-vi-khuan-diu-nhe-cho-da-130g-125g-p275338097.html?spid=275338130,False
275180792,"Bao cao su gân gai, hạt nổi, kéo dài thời gian G'EXlife Rock'nRoll Hộp 12 Cái",Làm đẹp - Sức khỏe,Tiki,286000,286000,0.0,28,0.0,https://tiki.vn/bao-cao-su-gan-gai-hat-noi-keo-dai-thoi-gian-g-exlife-rock-nroll-hop-12-cai-p275180792.html?spid=275180793,False
274988573,Xịt Ngăn Mùi NIVEA MEN Deep Than Đen Hương Espresso (150 ml) - 85367,Làm đẹp - Sức khỏe,Tiki,102500,125000,0.18,361,0.0,https://tiki.vn/xit-ngan-mui-nivea-men-than-den-huong-espresso-150ml-p274988573.html?spid=274988574,False
274964902,Máy tăm nước LocknLock ENR154WHT - Kèm 4 đầu tăm - Dung tích 250ml - Màu trắng,Làm đẹp - Sức khỏe,Tiki,1054950,1623000,0.35,197,4.8,https://tiki.vn/may-tam-nuoc-locknlock-enr154wht-kem-4-dau-tam-dung-tich-250ml-mau-trang-p274964902.html?spid=274964903,True
274948813,"[MỚI] Kem tẩy lông Veet Pure cho da thường 50g, công thức cải tiến",Làm đẹp - Sức khỏe,Tiki,61500,136000,0.55,7986,4.8,https://tiki.vn/moi-kem-tay-long-veet-pure-cho-da-thuong-50g-cong-thuc-cai-tien-p274948813.html?spid=274948814,False
274590333,Bàn chải đánh răng điện LocknLock Electric toothbrush DC3.7V ENR321BLK - Hộp đựng kèm - 1W - Màu đen,Làm đẹp - Sức khỏe,Tiki,466000,871000,0.46,140,4.8,https://tiki.vn/ban-chai-danh-rang-dien-locknlock-electric-toothbrush-dc3-7v-enr321blk-hop-dung-kem-1w-mau-den-p274590333.html?spid=274590334,False
274079594,Kem Đánh Răng Colgate Vitamin C Thơm Mát 170G ,Làm đẹp - Sức khỏe,Tiki,27000,38000,0.29,17615,4.8,https://tiki.vn/kem-danh-rang-colgate-vitamin-c-thom-mat-170g-p274079594.html?spid=274079595,False
262899667,"Glucosamine 1500mg MSM 1500mg Kirkland Signature  - Phục hồi sụn khớp, Giảm đau nhức xương khớp và Hỗ trợ sự vận động linh hoạt hiệu quả - QuaTangMe Extaste",Làm đẹp - Sức khỏe,Tiki,999000,999000,0.0,2036,4.8,https://tiki.vn/thuc-pham-bao-ve-suc-khoe-kirkland-signature-glucosamine-with-msm-p262899667.html?spid=8338053,True
206945062,Kem Đánh Răng MEDIAN DENTAL IQ 93% 120g - MEDIAN GUM SCIENCE 87% - 93% 120g,Làm đẹp - Sức khỏe,Tiki,55000,55000,0.0,512,4.8,https://tiki.vn/kem-danh-rang-han-quoc-trang-rang-median-dental-iq-93-120g-p206945062.html?spid=206945064,False
194421467,Dầu Gội REJOICE Siêu Mượt (630ml),Làm đẹp - Sức khỏe,Tiki,142000,170000,0.16,2459,5.0,https://tiki.vn/dau-goi-rejoice-sieu-muot-630ml-p194421467.html?spid=271477434,False
144962141,Xịt Ngăn Mùi NIVEA MEN Black&White Ngăn Vệt Ố Vàng Vượt Trội - Hương Nhẹ Nhàng (150 Ml) - 82241,Làm đẹp - Sức khỏe,Tiki,100500,125000,0.2,376,0.0,https://tiki.vn/xit-ngan-mui-nivea-men-black-white-invisible-original-5in1-ngan-vet-o-vang-vuot-troi-huong-nhe-nhang-150ml-82241-p144962141.html?spid=273568725,False
136666870,Dầu Gội PANTENE Chai,Làm đẹp - Sức khỏe,Tiki,192000,314000,0.39,6140,4.8,https://tiki.vn/dau-goi-pantene-chai-650ml-900ml-1-2l-1-750ml-p136666870.html?spid=58462893,False
113775375,"Tinh Dầu Cam Ngọt TOKI MORI Xuất Khẩu Nhật Bản (50ml) 100% Thiên Nhiên, Xông Phòng, Khử Mùi, Kháng Khuẩn, Đuổi Muỗi, Ngủ Ngon, Giảm Stress, An Toàn Cho Trẻ.",Làm đẹp - Sức khỏe,Tiki,219000,219000,0.0,111,4.7,https://tiki.vn/tinh-dau-cam-ngot-toki-mori-xuat-khau-nhat-ban-50ml-100-thien-nhien-xong-phong-khu-mui-khang-khuan-duoi-muoi-ngu-ngon-giam-stress-an-toan-cho-tre-p113775375.html?spid=113775376,False
92560200,Xịt khử mùi dưỡng trắng hương nước hoa Refre Whitening Perfume In Love - Hương Tình Yêu 30ml,Làm đẹp - Sức khỏe,Tiki,55000,65001,0.15,762,4.8,https://tiki.vn/xit-khu-mui-duong-trang-huong-nuoc-hoa-refre-whitening-perfume-in-love-huong-tinh-yeu-30ml-p92560200.html?spid=92560201,False
83319137,Bộ 3 bàn chải Colgate chăm sóc nướu ( màu ngẫu nhiên ),Làm đẹp - Sức khỏe,Tiki,37000,50000,0.26,104,5.0,https://tiki.vn/bo-3-ban-chai-colgate-cham-soc-nuou-p83319137.html?spid=273211905,False
68494638,Son dưỡng môi không màu thành phần tự nhiên Lip Pure Natural Không Mùi 3.9g,Làm đẹp - Sức khỏe,Tiki,82000,102000,0.2,1367,4.8,https://tiki.vn/son-duong-moi-khong-mau-thanh-phan-tu-nhien-lip-pure-p68494638.html?spid=68494640,False
58261730,Tinh bột nghệ nguyên chất - MS ( 200gr),Làm đẹp - Sức khỏe,Tiki,150000,150000,0.0,444,4.7,https://tiki.vn/tinh-bot-nghe-nguyen-chat-ms-200gr-p58261730.html?spid=58261731,False
22052322,Sữa rửa mặt cho nam Oxy sạch sâu giảm nhờn dạng kem có hạt massage Oxy Deep Wash 100g,Làm đẹp - Sức khỏe,Tiki,72000,89500,0.2,63916,4.8,https://tiki.vn/sua-rua-mat-cho-nam-oxy-sach-sau-giam-nhon-dang-kem-co-hat-massage-oxy-deep-wash-100g-p22052322.html?spid=22052324,False
8959289,Tinh chất chống nắng nâng tông Skin Aqua Tone up Lavender cho da tối màu & da vàng Sunplay Skin Aqua Tone Up UV Essence Lavender SPF 50+ PA++++ 50g,Làm đẹp - Sức khỏe,Tiki,162000,202000,0.2,22382,4.6,https://tiki.vn/tinh-chat-chong-nang-nang-tong-skin-aqua-tone-up-lavender-cho-da-toi-mau-da-vang-sunplay-skin-aqua-tone-up-uv-essence-lavender-spf-50-pa-50g-p8959289.html?spid=10863050,False
4028035,Combo 2 hộp bao cao su Sagami Xtreme White 10 pcs,Làm đẹp - Sức khỏe,Tiki,210000,210000,0.0,41,0.0,https://tiki.vn/combo-2-hop-bao-cao-su-sagami-xtreme-white-10-pcs-p4028035.html?spid=262783236,False
2406967,Bọt rửa mặt dưỡng ẩm Hada Labo Gokujyun Moisturizing Foaming Wash 160ml,Làm đẹp - Sức khỏe,Tiki,176000,220500,0.2,2422,4.7,https://tiki.vn/bot-rua-mat-duong-am-hada-labo-gokujyun-moisturizing-foaming-wash-160ml-p2406967.html?spid=10862157,False
1672155,Bao cao su Durex Kingtex 3 bao,Làm đẹp - Sức khỏe,Tiki,37000,63000,0.41,62214,4.6,https://tiki.vn/bao-cao-su-durex-kingtex-3-bao-p1672155.html?spid=85357,False
1634963,Son dưỡng có màu tự nhiên LipIce Sheer Color Q,Làm đẹp - Sức khỏe,Tiki,66000,89000,0.26,28039,4.7,https://tiki.vn/son-duong-co-mau-tu-nhien-lipice-sheer-color-q-p1634963.html?spid=10862993,False
1313871,"Kem chống nắng Sunplay cực mạnh dạng sữa Sunplay Super Block SPF 50+, PA++++ 30g",Làm đẹp - Sức khỏe,Tiki,90000,112000,0.2,63669,5.0,https://tiki.vn/kem-chong-nang-sunplay-cuc-manh-dang-sua-sunplay-super-block-spf-50-pa-30g-p1313871.html?spid=10862283,False
631525,Sữa rửa mặt cải thiện dấu hiệu lão hóa dạng kem Hada Labo Pro-Aging Retinol B3 Cleanser 80g,Làm đẹp - Sức khỏe,Tiki,82000,102000,0.2,55686,4.7,https://tiki.vn/sua-rua-mat-cai-thien-dau-hieu-lao-hoa-dang-kem-hada-labo-pro-aging-retinol-b3-cleanser-80g-p631525.html?spid=10862507,False
385615,Bao cao su Durex Pleasuremax Hộp 12 Bao,Làm đẹp - Sức khỏe,Tiki,215000,322000,0.33,9096,4.5,https://tiki.vn/bao-cao-su-durex-pleasuremax-hop-12-bao-p385615.html?spid=85561,False
279186450,"Viên uống Ngựa Thái,hộp 10 viên, tăng cường sinh lý nam, hỗ trợ sức khỏe nam giới",Làm đẹp - Sức khỏe,Tiki,125000,125000,0.0,74,5.0,https://tiki.vn/vien-uong-tang-cuong-sinh-ly-nam-ngua-thai-hop-10-vien-thai-lan-ho-tro-suc-khoe-nam-gioi-p279186450.html?spid=279186451,False
278991461,Kem Nền Mịn Nhẹ Kiềm Dầu 16H Fit Me Maybelline Matte + Poreless Liquid Foundation Dành Cho Da Dầu và Da Thường 30ml,Làm đẹp - Sức khỏe,Tiki,201500,288000,0.3,13,5.0,https://tiki.vn/kem-nen-min-nhe-kiem-dau-maybelline-fit-me-spf22-30ml-p278991461.html?spid=278992559,False
278438263,Kem Nhuộm Tóc Thời Trang Youth & Color Lavox 60ml - Nhuộm Tóc Tại Nhà (Kèm Bao tay & Oxy Trợ Nhuộm) Lamimi Chính Hãng,Làm đẹp - Sức khỏe,Tiki,68000,72000,0.06,31,0.0,https://tiki.vn/kem-nhuom-toc-mau-thoi-trang-youth-color-lavox-60mlx2-p278438263.html?spid=278438468,False
278102856,Gel tắm sữa tắm đường thốt nốt An Giang Cocoon 500ml,Làm đẹp - Sức khỏe,Tiki,210000,211091,0.01,124,5.0,https://tiki.vn/gel-tam-sua-tam-duong-thot-not-an-giang-cocoon-500ml-p278102856.html?spid=278102857,False
278006237,"[CHÍNH HÃNG] Kem Đánh Răng Sensodyne – Giảm Ê Buốt, Bảo Vệ Răng Nhạy Cảm Hiệu Quả",Làm đẹp - Sức khỏe,Tiki,92400,92400,0.0,39,5.0,https://tiki.vn/chinh-hang-kem-danh-rang-sensodyne-giam-e-buot-bao-ve-rang-nhay-cam-hieu-qua-p278006237.html?spid=278074842,False
276862669,Dung dịch chống muỗi dạng phun sương Remos Mentholatum hương Sả Chanh 70ml,Làm đẹp - Sức khỏe,Tiki,35000,41500,0.16,16883,4.8,https://tiki.vn/dung-dich-chong-muoi-dang-phun-suong-remos-mentholatum-huong-sa-chanh-70ml-p276862669.html?spid=276862670,False
276474996,"Máy Massage Mặt, Mắt Châm Cứu 10 Kiểu Tần Số Không Dây Pin Sạc Lại (Có Hàng Sẵn Nhiều Màu)",Làm đẹp - Sức khỏe,Tiki,178000,178000,0.0,68,5.0,https://tiki.vn/may-massage-mat-mat-cham-cuu-10-kieu-tan-so-khong-day-pin-sac-lai-co-hang-san-nhieu-mau-p276474996.html?spid=276475012,False
276281961,"Xịt khoáng dưỡng ẩm, làm dịu và bảo vệ da Evoluderm Atomiseur Eau Pure",Làm đẹp - Sức khỏe,Tiki,104500,195000,0.46,203,5.0,https://tiki.vn/xit-khoang-duong-am-lam-diu-va-bao-ve-da-evoluderm-atomiseur-eau-pure-p276281961.html?spid=276284109,False
276243438,Kem Dưỡng Giảm Thâm Nám Chuyên Biệt Angel's Liquid Tranexamic Mela Zero Cream 50ml,Làm đẹp - Sức khỏe,Tiki,630000,1159000,0.46,23,4.8,https://tiki.vn/kem-duong-giam-tham-nam-chuyen-biet-angel-s-liquid-tranexamic-mela-zero-cream-50ml-p276243438.html?spid=276243439,True
276130279,Dầu tẩy trang hoa hồng Cocoon 140ml,Làm đẹp - Sức khỏe,Tiki,155000,180000,0.14,49,5.0,https://tiki.vn/dau-tay-trang-hoa-hong-cocoon-140ml-p276130279.html?spid=276130280,False
275970393,Nước dưỡng tóc tinh dầu bưởi Cocoon 140ml - NEW,Làm đẹp - Sức khỏe,Tiki,133500,199000,0.33,27697,4.8,https://tiki.vn/nuoc-duong-toc-tinh-dau-buoi-140ml-new-p275970393.html?spid=275970394,False
275926493,Lăn Khử Mùi Hương Vip Romano 50Ml,Làm đẹp - Sức khỏe,Tiki,59000,139000,0.58,1486,4.8,https://tiki.vn/lan-khu-mui-huong-vip-romano-50ml-p275926493.html?spid=275926495,False
275798194,Sữa rửa mặt tẩy trang sáng da Hatomugi 130g/tuýp,Làm đẹp - Sức khỏe,Tiki,45000,90000,0.5,121,5.0,https://tiki.vn/sua-rua-mat-tay-trang-hatomugi-130g-tuyp-p275798194.html?spid=275798199,False
274988783,Lăn Ngăn Mùi NIVEA MEN Deep Than Hoạt Tính (50 ml) - 80031,Làm đẹp - Sức khỏe,Tiki,76500,96000,0.2,1823,5.0,https://tiki.vn/lan-ngan-mui-nivea-men-than-hoat-tinh-50ml-p274988783.html?spid=274988784,False
274954614,Combo 4 Băng Vệ Sinh Kotex Hằng Ngày Kháng Khuẩn Hương Tự Nhiên - Gói 40 miếng,Làm đẹp - Sức khỏe,Tiki,98500,128000,0.23,77,5.0,https://tiki.vn/combo-4-bang-ve-sinh-kotex-hang-ngay-khang-khuan-huong-tu-nhien-goi-40-mieng-p274954614.html?spid=274954615,False
274954445,Combo 4 Băng vệ sinh Kotex Max Cool French Spa 23cm 8 miếng Có Cánh,Làm đẹp - Sức khỏe,Tiki,88000,96000,0.08,200,5.0,https://tiki.vn/combo-4-bang-ve-sinh-kotex-max-cool-french-spa-23cm-8-mieng-co-canh-p274954445.html?spid=274954446,False
274411196,[100 Cái 5D] Thùng/Combo Khẩu Trang Y Tế Kháng Khuẩn 5D An Tâm -100 Cái/10 Túi,Làm đẹp - Sức khỏe,Tiki,65000,65000,0.0,204,5.0,https://tiki.vn/100-cai-5d-thung-khau-trang-y-te-khang-khuan-5d-an-tam-100-cai-10-tui-p274411196.html?spid=274414827,False
273455565,Lăn Ngăn Mùi NIVEA Pearl & Beauty Ngọc Trai Quyến Rũ (50ml) - 83735,Làm đẹp - Sức khỏe,Tiki,82000,92000,0.11,129171,5.0,https://tiki.vn/lan-ngan-mui-nivea-pearl-beauty-ngoc-trai-quyen-ru-50ml-83735-p273455565.html?spid=273455566,False
273455547,Lăn Ngăn Mùi NIVEA Sáng Mịn Mờ Thâm Se Khít Lỗ Chân Lông (50 ml) - 81644,Làm đẹp - Sức khỏe,Tiki,67500,92000,0.27,26860,0.0,https://tiki.vn/lan-ngan-mui-nivea-sang-min-mo-tham-se-khit-lo-chan-long-50-ml-81644-p273455547.html?spid=273455548,False
273386945,"Bao Cao Su Durex Invisible Siêu Mỏng, Size 52 mm, Hộp 16 Bao Mới Ra Mắt - Hộp Lớn Siêu Tiết Kiệm",Làm đẹp - Sức khỏe,Tiki,359148,520000,0.31,1269,0.0,https://tiki.vn/bao-cao-su-durex-invisible-sieu-mong-size-52-mm-hop-16-bao-moi-ra-mat-hop-lon-sieu-tiet-kiem-p273386945.html?spid=273386946,False
252130985,Bọt Vệ Sinh Nam Giới Orimen Hương Thơm Nam Tính Lưu Hương Đến 12H Chai 120ml,Làm đẹp - Sức khỏe,Tiki,155000,170000,0.09,674,4.8,https://tiki.vn/dung-dich-ve-sinh-chuyen-biet-cho-nam-gioi-oriss-100g-p252130985.html?spid=252130990,False
196337083,"Viên Uống Dầu Cá Bổ Sung Double Omega Hỗ Trợ Cho Tim, Mắt và Da Blackmores Double Omega High Strength Lọ 90 Viên",Làm đẹp - Sức khỏe,Tiki,757000,906000,0.16,137,5.0,https://tiki.vn/vien-uong-dau-ca-bo-sung-double-omega-ho-tro-cho-tim-mat-va-da-blackmores-double-omega-high-strength-lo-90-vien-p196337083.html?spid=273930859,True
92702781,Combo 2 Sữa Dưỡng Thể Vaseline Sáng Da Chuyên Sâu Ban Đêm 300ml (Mới),Làm đẹp - Sức khỏe,Tiki,135500,275000,0.51,6075,4.7,https://tiki.vn/serum-chong-nang-co-the-320ml-vaseline-duong-am-sang-da-chong-nang-spf50-pa-sun-pollution-protection-bao-ve-da-suot-8h-voi-spf50-pa-da-sang-rang-ro-voi-tinh-chat-niacinamide-ket-hop-voi-vitamin-c-e-p92702781.html?spid=92702783,False
77986600,Kem dưỡng trắng dạng gel giúp cải thiện thâm sạm Melano CC Whitening Gel 100g,Làm đẹp - Sức khỏe,Tiki,300000,374500,0.2,577,4.5,https://tiki.vn/kem-duong-trang-dang-gel-giup-cai-thien-tham-sam-melano-cc-whitening-gel-100g-p77986600.html?spid=77986601,False
76776131,Dầu gội xả 2in1 Palmolive thiên nhiên 600ml,Làm đẹp - Sức khỏe,Tiki,116000,157000,0.26,199,5.0,https://tiki.vn/dau-goi-xa-2in1-palmolive-thien-nhien-600ml-p76776131.html?spid=273167295,False
68491719,"Dầu xả ngăn rụng tóc, dưỡng tóc 50 Megumi Hair Fall Control Conditioner",Làm đẹp - Sức khỏe,Tiki,130000,167000,0.22,1836,4.8,https://tiki.vn/dau-xa-ngan-rung-toc-duong-toc-50-megumi-hair-fall-control-conditioner-p68491719.html?spid=68491723,False
60684152,"Dầu Gội Hà Thủ Ô 2in1 Dành Riêng Cho TÓC BẠC Và RỤNG TÓC Cocayhoala Chai Lớn 450g Tiết Kiệm Hơn 1,5 lần",Làm đẹp - Sức khỏe,Tiki,295000,295000,0.0,116,4.8,https://tiki.vn/dau-goi-ha-thu-o-2in1-danh-rieng-cho-toc-bac-va-rung-toc-cocayhoala-chai-lon-450g-tiet-kiem-hon-1-5-lan-p60684152.html?spid=217612133,False
58731233,Combo 3 Kem đánh răng Closeup thơm mát bất tận tinh thể băng tuyết 230g,Làm đẹp - Sức khỏe,Tiki,135500,162000,0.16,1396,4.8,https://tiki.vn/combo-3-kem-danh-rang-closeup-thom-mat-bat-tan-tinh-the-bang-tuyet-230g-p58731233.html?spid=58731235,False
55705551,Sữa rửa mặt NIVEA Pearl White Đất Sét giúp trắng da ngọc trai (100g) - 81273,Làm đẹp - Sức khỏe,Tiki,59500,79000,0.25,9152,4.8,https://tiki.vn/sua-rua-mat-nivea-pearl-white-dat-set-giup-trang-da-ngoc-trai-100g-81273-p55705551.html?spid=273568557,False
54414118,Tinh Chất Chống Nắng NIVEA Dưỡng Trắng & Kiểm Soát Dầu SPF50+ PA+++ (30ml) - 86060,Làm đẹp - Sức khỏe,Tiki,73500,120000,0.39,258,0.0,https://tiki.vn/tinh-chat-chong-nang-nivea-duong-trang-kiem-soat-dau-spf50-pa-30ml-86060-p54414118.html?spid=273568729,False
51542411,Kem chống nắng dạng gel dưỡng ẩm bảo vệ hoàn hảo Anessa Perfect UV Sunscreen Skincare Gel SPF50+ PA++++ 90g,Làm đẹp - Sức khỏe,Tiki,430000,575000,0.25,2153,4.7,https://tiki.vn/kem-chong-nang-dang-gel-duong-am-bao-ve-hoan-hao-anessa-perfect-uv-sunscreen-skincare-gel-spf50-pa-90g-p51542411.html?spid=59495559,False
51540051,Kem chống nắng dạng sữa dưỡng da kiềm dầu bảo vệ hoàn hảo Anessa Perfect UV Sunscreen Skincare Milk SPF 50+ PA++++ 60ml,Làm đẹp - Sức khỏe,Tiki,535000,715000,0.25,5303,4.8,https://tiki.vn/kem-chong-nang-dang-sua-duong-da-kiem-dau-bao-ve-hoan-hao-anessa-perfect-uv-sunscreen-skincare-milk-spf-50-pa-60ml-p51540051.html?spid=59495560,False
35031098,"Son thỏi dưỡng môi trang điểm, cho môi căng mọng Lip On Lip Water Color Red Orangy (Cam Đỏ) 2.2g",Làm đẹp - Sức khỏe,Tiki,115000,144000,0.2,2357,4.7,https://tiki.vn/son-thoi-duong-moi-trang-diem-cho-moi-cang-mong-lip-on-lip-water-color-p35031098.html?spid=35031106,False
25108019,Gel chấm mụn đầu trắng và đầu đen Acnes Sealing Jell 18g,Làm đẹp - Sức khỏe,Tiki,59000,74000,0.2,13549,4.7,https://tiki.vn/gel-cham-mun-dau-trang-va-dau-den-acnes-sealing-jell-18g-p25108019.html?spid=25108020,False
11368961,Bao Cao Su Innova Đen- Gai Lớn - Kéo Dài Thời Gian Cực Đã hộp 12c,Làm đẹp - Sức khỏe,Tiki,129000,129000,0.0,4814,4.6,https://tiki.vn/bao-cao-su-innova-den-gai-lon-keo-dai-thoi-gian-cuc-da-hop-12c-p11368961.html?spid=36037280,False
2042221,Gel bôi trơn Durex Play Strawberry 100ml,Làm đẹp - Sức khỏe,Tiki,188000,246000,0.24,4209,4.6,https://tiki.vn/gel-boi-tron-durex-play-strawberry-100ml-p2042221.html?spid=2042803,False
1672211,Gel bôi trơn Durex Play Warming 100ml,Làm đẹp - Sức khỏe,Tiki,188000,246000,0.24,7686,4.6,https://tiki.vn/gel-boi-tron-durex-play-warming-100ml-p1672211.html?spid=85388,False
1313885,"Kem chống nắng Skin Aqua dưỡng trắng, kiểm dầu, dùng hàng ngày dạng sữa Sunplay Skin Aqua Clear White Eco Việt Nam SPF50, PA++++ 25g",Làm đẹp - Sức khỏe,Tiki,107000,134000,0.2,39276,4.8,https://tiki.vn/kem-chong-nang-skin-aqua-duong-trang-kiem-dau-dung-hang-ngay-dang-sua-sunplay-skin-aqua-clear-white-eco-viet-nam-spf50-pa-25g-p1313885.html?spid=10861852,False
907522,Viên uống bổ mắt Lutein Rohto V5 ( Hộp 30 viên),Làm đẹp - Sức khỏe,Tiki,396000,495000,0.2,3547,4.7,https://tiki.vn/vien-uong-bo-mat-lutein-rohto-v5-hop-30-vien-p907522.html?spid=2719663,False
385574,Durex Gel Bôi Trơn Play Massage 2 - in- 1 200ml,Làm đẹp - Sức khỏe,Tiki,258500,380000,0.32,6240,4.5,https://tiki.vn/durex-gel-boi-tron-play-massage-2-in-1-200ml-p385574.html?spid=85509,False
279222023,Gel chống nắng màu hồng dưỡng sáng nâng tông & hiệu chỉnh sắc da Anessa Brightening UV Sunscreen Gel NA SPF50+ PA++++ 90g - MẪU MỚI 2026,Làm đẹp - Sức khỏe,Tiki,457000,565000,0.19,343,5.0,https://tiki.vn/gel-chong-nang-mau-hong-duong-sang-nang-tong-hieu-chinh-sac-da-anessa-brightening-uv-sunscreen-gel-na-spf50-pa-90g-mau-moi-2026-p279222023.html?spid=279222024,False
279164339,"Khăn Ướt Cồn LET-GREEN 50 Miếng | Sạch Khuẩn, Sạch Bẩn",Làm đẹp - Sức khỏe,Tiki,36000,36000,0.0,0,0.0,https://tiki.vn/khan-uot-con-let-green-50-mieng-sach-khuan-sach-ban-p279164339.html?spid=279164341,False
278965395,Lăn khử mùi Mistine Top Country Roll On,Làm đẹp - Sức khỏe,Tiki,27300,68000,0.6,42,5.0,https://tiki.vn/lan-khu-mui-mistine-top-country-roll-on-p278965395.html?spid=278965397,False
278939024,"Cảm Biến Đo Đường Huyết Liên Tục CareSens Air, Chính hãng, Tiện lợi, Độ Chính Xác Cao",Làm đẹp - Sức khỏe,Tiki,1790000,1790000,0.0,2,0.0,https://tiki.vn/cam-bien-do-duong-huyet-lien-tuc-caresens-air-chinh-hang-tien-loi-do-chinh-xac-cao-p278939024.html?spid=278939025,True
278571600,"[MỚI] Bao cao su Durex Jeans cơ bản, bôi trơn, size 52.5mm, hộp 12 bao",Làm đẹp - Sức khỏe,Tiki,140500,222000,0.37,38,0.0,https://tiki.vn/moi-bao-cao-su-durex-jeans-co-ban-boi-tron-size-52-5mm-hop-12-bao-p278571600.html?spid=278571601,False
278371175,Combo 2 Kem Đánh Răng P/S Ngừa Sâu Răng Vượt Trội 230G,Làm đẹp - Sức khỏe,Tiki,72000,80000,0.1,66,4.8,https://tiki.vn/kem-danh-rang-p-s-ngua-sau-rang-vuot-troi-230g-p278371175.html?spid=278371176,False
277353444,Đầu bàn chải điện Oral-B Extra Sensitive Clean EB60 - Hàng chính hãng,Làm đẹp - Sức khỏe,Tiki,449000,449000,0.0,48,5.0,https://tiki.vn/dau-ban-chai-dien-oral-b-extra-sensitive-clean-eb60-hang-chinh-hang-p277353444.html?spid=277353624,False
277312807,Xịt Khóa Nền Cố Định Glamrr Q Vegan Super Stay Makeup Fixer 50ml,Làm đẹp - Sức khỏe,Tiki,325000,455000,0.29,28,4.5,https://tiki.vn/xit-khoa-nen-co-dinh-glamrr-q-vegan-super-stay-makeup-fixer-50ml-p277312807.html?spid=277312809,False
276821811,Tắm gội 2in1 hương nước hoa Romano Grandiose 650g,Làm đẹp - Sức khỏe,Tiki,143000,209000,0.32,2206,5.0,https://tiki.vn/tam-goi-2in1-huong-nuoc-hoa-romano-grandiose-650g-p276821811.html?spid=276821812,False
276534521,Tắm Gội 2 Trong 1 Romano Hương Nước Hoa Gentleman 650g 2in1 Hair & Body Wash,Làm đẹp - Sức khỏe,Tiki,144000,209000,0.31,734,4.7,https://tiki.vn/tam-goi-2-trong-1-romano-huong-nuoc-hoa-gentleman-650g-2in1-hair-body-wash-p276534521.html?spid=276534523,False
276380779,Combo 10 Mặt Nạ Tăng Sinh Collagen Cấp Tốc Dr.WonJin Instant Repair Triple Peptide Wrinkle Solution Mask 30g x10,Làm đẹp - Sức khỏe,Tiki,299000,400000,0.25,29,5.0,https://tiki.vn/combo-10-mat-na-tang-sinh-collagen-cap-toc-dr-wonjin-instant-repair-triple-peptide-wrinkle-solution-mask-30g-x10-p276380779.html?spid=276380780,False
276176819,Khăn Ướt Cồn LET-GREEN 10 Miếng | Khử Khuẩn Tức Thì,Làm đẹp - Sức khỏe,Tiki,10000,10000,0.0,209,5.0,https://tiki.vn/combo-goi-khan-uot-con-let-green-10-mieng-goi-p276176819.html?spid=279160612,False
276152426,Combo 8 gói băng vệ sinh Gardenia Deo+ - Hoa Anh Đào Mặt Bông siêu mỏng 23cm 8 miếng,Làm đẹp - Sức khỏe,Tiki,150000,320000,0.53,33,5.0,https://tiki.vn/combo-8-goi-bang-ve-sinh-gardenia-deo-hoa-anh-dao-mat-bong-sieu-mong-23cm-8-mieng-p276152426.html?spid=276152427,False
276130006,Son Dưỡng Dầu Dừa Bến Tre Cocoon ,Làm đẹp - Sức khỏe,Tiki,27000,31418,0.14,18392,4.8,https://tiki.vn/son-duong-dau-dua-ben-tre-cocoon-p276130006.html?spid=276130007,False
276129814,Sữa rửa mặt dạng gel Bí Đao Rửa Mặt Cocoon (140ml),Làm đẹp - Sức khỏe,Tiki,165750,191455,0.13,21,5.0,https://tiki.vn/gel-bi-dao-rua-mat-cocoon-140ml-p276129814.html?spid=276129815,False
276112895,Chì kẻ mày PERFECT DIARY 0.28g chống thấm nước 5 màu tùy chọn,Làm đẹp - Sức khỏe,Tiki,132500,219000,0.39,44,4.5,https://tiki.vn/chi-ke-may-perfect-diary-0-28g-chong-tham-nuoc-5-mau-tuy-chon-p276112895.html?spid=276112897,False
275432494,Bao Cao Su OKAMOTO hộp 10 cái,Làm đẹp - Sức khỏe,Tiki,100000,100000,0.0,33,0.0,https://tiki.vn/bao-cao-su-okamoto-hop-10-cai-p275432494.html?spid=275432508,False
275062642,(18 mùi) Tinh dầu thiên nhiên nguyên chất PurAroma by IMMORTEL - 10mL - Chính hãng Pháp,Làm đẹp - Sức khỏe,Tiki,67500,67500,0.0,22,5.0,https://tiki.vn/dam-dac-tinh-dau-nguyen-chat-puraroma-by-immortel-sa-chanh-la-tre-cam-bergamot-10ml-chinh-hang-phap-p275062642.html?spid=275063183,False
273674195,Combo 4 gói Băng Vệ Sinh Kotex Bảo Vệ Toàn Diện 23cm Siêu Mỏng Cánh - Gói 8 miếng,Làm đẹp - Sức khỏe,Tiki,70000,88000,0.2,71,5.0,https://tiki.vn/combo-8-goi-bvs-kotex-bao-ve-toan-dien-23cm-sieu-mong-canh-goi-8-mieng-p273674195.html?spid=273674198,False
273455567,Lăn Ngăn Mùi NIVEA MEN Black&White Ngăn Vệt Ố Vàng Vượt Trội - Hương Mạnh Mẽ (50 ml) - 85392,Làm đẹp - Sức khỏe,Tiki,77400,96000,0.19,35707,4.6,https://tiki.vn/lan-ngan-mui-nivea-men-black-white-ngan-vet-o-vang-vuot-troi-huong-manh-me-50-ml-85392-p273455567.html?spid=273455568,False
271448611,Dầu Gội HEAD & SHOULDERS Chai 625ml,Làm đẹp - Sức khỏe,Tiki,158000,179000,0.12,62,5.0,https://tiki.vn/dau-goi-head-shoulders-chai-625ml-p271448611.html?spid=271448615,False
260805667,Bộ 6 Gói Băng Vệ Sinh Diana Hàng Ngày Cool Fresh (Gói 20 miếng),Làm đẹp - Sức khỏe,Tiki,117500,132000,0.11,1327,5.0,https://tiki.vn/bo-6-goi-bang-ve-sinh-diana-hang-ngay-sensi-cool-fresh-20-2-mieng-goi-p260805667.html?spid=10122292,False
215910941,"Thùng khẩu trang 5d SHB pro mask nguyên thùng, khẩu trang 5d mask hàn quốc cao cấp",Làm đẹp - Sức khỏe,Tiki,63000,77900,0.19,63,4.3,https://tiki.vn/khau-trang-5d-shb-pro-mask-nguyen-thung-5d-mask-han-quoc-cao-cap-p215910941.html?spid=276639166,False
214089017,Tinh Chất Dưỡng Thể NIVEA sáng da 10 Super Vitamins & Skin Foods (170 Ml) - 93830,Làm đẹp - Sức khỏe,Tiki,133500,155000,0.14,20,0.0,https://tiki.vn/tinh-chat-duong-the-nivea-10-super-vitamins-skin-foods-180-ml-93767-p214089017.html?spid=273568522,False
205506262,"Gói Dầu Gội Phủ Bạc, Nhuộm Tóc Thảo Dược Mankani [Gói 25ml - Đen Tự Nhiên",Làm đẹp - Sức khỏe,Tiki,35000,35000,0.0,159,5.0,https://tiki.vn/goi-dau-goi-phu-bac-thao-duoc-nhuom-toc-mau-den-tu-nhien-mankani-p205506262.html?spid=205506269,False
200731941,Combo 3 Bông Tăm Kháng Khuẩn Jomi (200 Que/Hộp),Làm đẹp - Sức khỏe,Tiki,80000,105000,0.24,334,5.0,https://tiki.vn/combo-3-bong-tam-khang-khuan-jomi-200-que-hop-p200731941.html?spid=200731942,False
196332851,Vitamin Tổng Hợp Hỗ Trợ Sức Khỏe Nam Giới Blackmores Multivitamin For Men Lọ 50 Viên,Làm đẹp - Sức khỏe,Tiki,534000,561600,0.05,88,4.8,https://tiki.vn/vitamin-tong-hop-ho-tro-suc-khoe-nam-gioi-blackmores-multivitamin-for-men-lo-50-vien-p196332851.html?spid=273930858,False
174614074,"Tinh Dầu Thiên Nhiên Kobi 10ml Nguyên Chất, Tinh Dầu Xông Phòng, Giúp Giảm Stress, Xua Đuổi Côn Trùng Và Khử Mùi Hiệu Quả, Dùng Với Đèn Xông Tinh Dầu, Máy Khuếch Tán Tinh Dầu, Massage",Làm đẹp - Sức khỏe,Tiki,55000,55000,0.0,348,5.0,https://tiki.vn/tinh-dau-thien-nhien-kobi-10ml-nguyen-chat-tinh-dau-xong-phong-giup-giam-stress-xua-duoi-con-trung-va-khu-mui-hieu-qua-dung-voi-den-xong-tinh-dau-may-khuech-tan-tinh-dau-massage-p174614074.html?spid=174614076,False
141132405,"Bao Cao Su Okamoto 001 PU Siêu Mỏng, Truyền Nhiệt Nhanh, Tăng Khoái Cảm - Hộp 4 Bao",Làm đẹp - Sức khỏe,Tiki,360000,360000,0.0,25,0.0,https://tiki.vn/bao-cao-su-okamoto-001-pu-sieu-mong-truyen-nhiet-nhanh-tang-khoai-cam-hop-4-bao-p141132405.html?spid=276597909,False
92387104,"Lăn Nách Mờ Thâm, Dưỡng Trắng Da Angel's Liquid Glutathione Plus Niacinamide Fresh Deodorant 60ml",Làm đẹp - Sức khỏe,Tiki,340000,599000,0.43,20,4.0,https://tiki.vn/lan-nach-mo-tham-duong-trang-da-angel-s-liquid-glutathione-plus-niacinamide-fresh-deodorant-60ml-p92387104.html?spid=276242850,False
84376854,Combo 5 Bông tẩy trang Jomi 120 miếng/gói,Làm đẹp - Sức khỏe,Tiki,138000,207000,0.33,185,5.0,https://tiki.vn/combo-5-bong-tay-trang-jomi-120-mieng-goi-p84376854.html?spid=198894117,False
76775262,Bộ 2 Dầu gội xả 2in1 Palmolive thiên nhiên 600ml,Làm đẹp - Sức khỏe,Tiki,222000,315000,0.3,86,4.8,https://tiki.vn/bo-2-dau-goi-xa-2in1-palmolive-thien-nhien-600ml-p76775262.html?spid=273427718,False
73429271,Kem chống lão hóa Vichy Liftactiv Collagen Specialist 15ml,Làm đẹp - Sức khỏe,Tiki,145000,145000,0.0,221,4.5,https://tiki.vn/kem-chong-lao-hoa-vichy-liftactiv-collagen-specialist-15ml-p73429271.html?spid=73839097,False
70495152,"Son dưỡng môi dạng sáp chuyên biệt dành cho môi khô, nứt nẻ Mentholatum Medi Lip Balm 7g",Làm đẹp - Sức khỏe,Tiki,75000,94000,0.2,442,4.8,https://tiki.vn/son-duong-moi-dang-sap-chuyen-biet-danh-cho-moi-kho-nut-ne-mentholatum-medi-lip-balm-7g-p70495152.html?spid=70495153,False
22052325,Sữa rửa mặt cho nam Oxy sạch sâu mát lạnh dạng kem Oxy Perfect Wash 100g,Làm đẹp - Sức khỏe,Tiki,68000,85000,0.2,69157,4.8,https://tiki.vn/sua-rua-mat-cho-nam-oxy-sach-sau-mat-lanh-dang-kem-oxy-perfect-wash-100g-p22052325.html?spid=22052326,False
7609680,Kéo Cắt Tỉa Lông Mũi Đầu Tròn Kềm Nghĩa KM 604- Thép Không Gỉ Cao Cấp - Thiết Kế Nhỏ - Gọn - Nhẹ - An toàn,Làm đẹp - Sức khỏe,Tiki,70000,70000,0.0,1472,4.8,https://tiki.vn/keo-ca-nhan-thep-khong-gi-km-604-p7609680.html?spid=7609681,False
5902771,Kem dưỡng vitamin làm sáng da mờ sẹo thâm Acnes Vitamin Cream 50g,Làm đẹp - Sức khỏe,Tiki,82000,103000,0.2,2153,4.6,https://tiki.vn/kem-duong-vitamin-lam-sang-da-mo-seo-tham-acnes-vitamin-cream-50g-p5902771.html?spid=10862974,False
2738475,Bộ 3 Hộp Silcot Bông Trang Điểm (bông tẩy trang) Nhật Bản (82 Miếng/Hộp),Làm đẹp - Sức khỏe,Tiki,100000,132000,0.24,20665,4.8,https://tiki.vn/bo-3-hop-silcot-bong-trang-diem-bong-tay-trang-nhat-ban-82-mieng-hop-p2738475.html?spid=13670127,False
542967,Dầu Xả Pantene Ngăn Rụng Tóc Chai 650ml,Làm đẹp - Sức khỏe,Tiki,156000,227000,0.31,1406,5.0,https://tiki.vn/dau-xa-pantene-ngan-rung-toc-chai-650ml-p542967.html?spid=266045,False
426104,Combo 3 Phim Thấm Dầu Jomi Mayan (70 Tờ) - Xanh,Làm đẹp - Sức khỏe,Tiki,152000,198000,0.23,8166,0.0,https://tiki.vn/combo-3-phim-tham-dau-jomi-mayan-70-to-xanh-p426104.html?spid=130332,False
277857885,Túi phao chần bông đeo chéo Sunplay 2025  (Giao màu ngẫu nhiên),Làm đẹp - Sức khỏe,Tiki,49000,150000,0.67,309,0.0,https://tiki.vn/qua-tang-tui-phao-chan-bong-deo-cheo-sunplay-2025-giao-mau-ngau-nhien-p277857885.html?spid=277857886,False
277502406,[Webber Naturals] Viên Uống Bổ Sung Magnesium Bisglycinate 200mg - 120 Viên - Hàng Công Ty,Làm đẹp - Sức khỏe,Tiki,594000,594000,0.0,51,5.0,https://tiki.vn/webber-naturals-vien-uong-bo-sung-magnesium-bisglycinate-200mg-120-vien-hang-cong-ty-p277502406.html?spid=277502407,False
277408641,Sữa Dưỡng Thể NIVEA 8 Super Foods Dưỡng Sáng Da | Mịn Da (500ml),Làm đẹp - Sức khỏe,Tiki,128500,189000,0.32,24,5.0,https://tiki.vn/sua-duong-the-nivea-8-super-foods-duong-sang-da-min-da-550-ml-98924-p277408641.html?spid=277408642,False
277375309,Sữa rửa mặt Hada Labo chống lão hóa Premium Cleanser Aging Care 100g,Làm đẹp - Sức khỏe,Tiki,106000,132500,0.2,39,4.7,https://tiki.vn/sua-rua-mat-hada-labo-chong-lao-hoa-premium-cleanser-aging-care-100g-p277375309.html?spid=277375310,False
276582604,Kem Đánh Răng Dontodent Đức 125ml bảo vệ nướu và giảm sâu răng làm trắng răng,Làm đẹp - Sức khỏe,Tiki,95000,95000,0.0,19,3.0,https://tiki.vn/kem-danh-rang-dontodent-duc-125ml-bao-ve-nuou-va-giam-sau-rang-lam-trang-rang-p276582604.html?spid=276602997,False
276284393,Kem dưỡng ẩm phục hồi và nuôi dưỡng làn da Evoluderm 50ml,Làm đẹp - Sức khỏe,Tiki,144500,345000,0.58,34,5.0,https://tiki.vn/kem-duong-am-phuc-hoi-va-nuoi-duong-lan-da-evoluderm-50ml-p276284393.html?spid=276285036,False
276255428,Dầu gội Lashe chai 640g,Làm đẹp - Sức khỏe,Tiki,102500,200000,0.49,41,4.5,https://tiki.vn/dau-goi-lashe-chai-640g-p276255428.html?spid=276255467,False
276130343,Cà Phê Đăk Lăk Làm Sạch Da Chết Môi Cocoon 5g,Làm đẹp - Sức khỏe,Tiki,55500,73636,0.25,2613,5.0,https://tiki.vn/ca-phe-dak-lak-lam-sach-da-chet-moi-cocoon-5g-p276130343.html?spid=276130344,False
276032347,"Serum dưỡng ẩm chuyên sâu, làm dịu da Acnes Lab B5 Recovery Serum 25ml",Làm đẹp - Sức khỏe,Tiki,348000,435000,0.2,82,4.8,https://tiki.vn/serum-duong-am-chuyen-sau-lam-diu-da-acnes-lab-b5-recovery-serum-25ml-p276032347.html?spid=276032350,False
275969763,Dung dịch chấm mụn bí đao Cocoon 5ml,Làm đẹp - Sức khỏe,Tiki,104000,122727,0.15,83,5.0,https://tiki.vn/dung-dich-cham-mun-bi-dao-5ml-p275969763.html?spid=275969764,False
275967828,Sữa rửa mặt nghệ Hưng Yên Cocoon 310ml,Làm đẹp - Sức khỏe,Tiki,254500,299455,0.15,962,5.0,https://tiki.vn/sua-rua-mat-nghe-hung-yen-310ml-p275967828.html?spid=275967829,False
275798314,Dầu gội hoa trà phục hồi tóc hư tổn salon link 1000ml/chai,Làm đẹp - Sức khỏe,Tiki,128500,259000,0.5,43,5.0,https://tiki.vn/dau-goi-hoa-tra-phuc-hoi-toc-hu-ton-salon-link-1000ml-chai-p275798314.html?spid=275798315,False
275798226,"Dầu xả siêu dưỡng, phục hồi salon link 1000ml/chai",Làm đẹp - Sức khỏe,Tiki,109500,229000,0.52,39,4.5,https://tiki.vn/dau-xa-sieu-duong-phuc-hoi-salon-link-1000ml-chai-p275798226.html?spid=275798230,False
274988804,Sữa Rửa Mặt NIVEA MEN Bọt Mịn Giúp Sáng Da | Mờ Thâm Mụn (100g) - 88836/83980,Làm đẹp - Sức khỏe,Tiki,68800,86000,0.2,10536,5.0,https://tiki.vn/sua-rua-mat-sang-da-nivea-men-100g-p274988804.html?spid=274988805,False
273060653,Dầu massage yoni body Kobi giúp cải thiện cảm xúc kéo dài cuộc yêu - 100ml,Làm đẹp - Sức khỏe,Tiki,169000,169000,0.0,177,4.6,https://tiki.vn/dau-massage-yoni-body-kobi-giup-cai-thien-cam-xuc-keo-dai-cuoc-yeu-100ml-p273060653.html?spid=273060654,False
271451067,Dầu Xả Siêu Dưỡng PANTENE Miracles 480ml,Làm đẹp - Sức khỏe,Tiki,160500,255000,0.37,31,5.0,https://tiki.vn/dau-xa-pantene-3mm-3-phut-dieu-ky-480ml-p271451067.html?spid=271451069,False
247324359,Bộ travel size dưỡng trắng Hada Labo Perfect White Tranexamic Acid Travel Set (Kem rửa mặt 15g+Dung dịch dưỡng 20ml+Kem dưỡng 12g),Làm đẹp - Sức khỏe,Tiki,79000,93500,0.16,100,5.0,https://tiki.vn/bo-travel-size-duong-trang-hada-labo-perfect-white-tranexamic-acid-travel-set-kem-rua-mat-15g-dung-dich-duong-20ml-kem-duong-12g-p247324359.html?spid=247324360,False
214088657,Sữa Dưỡng Thể NIVEA Extra Bright Dưỡng Sáng Da | Mịn Da (350 ml),Làm đẹp - Sức khỏe,Tiki,96000,154000,0.38,15573,5.0,https://tiki.vn/sua-duong-the-nivea-extra-bright-duong-sang-da-min-da-350-ml-p214088657.html?spid=273568715,False
205695423,"Bàn chải kẽ răng góc TePe Angle – đầu nhỏ, dễ chải kẽ răng sau (Vỉ 6 cây) - Nhập Khẩu Thuỵ Điển",Làm đẹp - Sức khỏe,Tiki,176000,176000,0.0,39,5.0,https://tiki.vn/bo-6-cay-ban-chai-ke-rang-goc-va-1-nap-tepe-angle-interdental-brush-dang-vi-p205695423.html?spid=205695429,False
202502346,"Đai Lưng Cột Sống Orbe Olumba Hỗ Trợ Người Thoát Vị, Thoái Hóa Cột Sống, Đau Lưng",Làm đẹp - Sức khỏe,Tiki,365000,365000,0.0,20,4.8,https://tiki.vn/dai-that-lung-cao-cap-olumba-ho-tro-cot-song-lung-orbe-p202502346.html?spid=202502353,False
199640113,"[1 HỘP - PERFETTA MODERATE] - Khẩu Trang Y Tế Chất Lượng Cao, Kháng Khuẩn, Chống Bụi Mịn, 3 Lớp, Bảo Vệ Tối Ưu - (50 cái/ hộp)",Làm đẹp - Sức khỏe,Tiki,56000,56000,0.0,162,4.5,https://tiki.vn/-1-hop-perfetta-moderate-khau-trang-y-te-chat-luong-cao-khang-khuan-chong-bui-min-3-lop-bao-ve-toi-uu-50-cai-hop-p199640113.html?spid=199640120,False
184602871,"Dầu gội đầu Thảo dược Kingphar , chai 200ml, sạch gàu, mượt tóc, giảm gãy rụng",Làm đẹp - Sức khỏe,Tiki,49000,49000,0.0,19,5.0,https://tiki.vn/dau-goi-dau-thao-duoc-kingphar-chai-200ml-sach-gau-muot-toc-giam-gay-rung-p184602871.html?spid=184602872,False
145646578,Hộp Dầu Gội Phủ Bạc Thảo Dược Komi Nhật Bản [10Gói = 250ml,Làm đẹp - Sức khỏe,Tiki,249000,249000,0.0,243,4.6,https://tiki.vn/hop-dau-goi-phu-bac-thao-duoc-komi-nhat-ban-10goi-250ml-p145646578.html?spid=145646584,False
114271441,Bộ đôi Kem chống nắng dạng sữa dịu nhẹ cho da nhạy cảm và trẻ em (Anessa Mild Milk 60ml x2),Làm đẹp - Sức khỏe,Tiki,1002000,1430000,0.3,7483,5.0,https://tiki.vn/bo-doi-kem-chong-nang-dang-sua-diu-nhe-cho-da-nhay-cam-va-tre-em-anessa-mild-milk-60ml-x2-p114271441.html?spid=272278861,True
101008271,Mặt Nạ Ngọc Trai Dưỡng Trắng Da Cấp Ẩm Và Chống Lão Hóa Dewytree Skin Derma Brightening Mask 23g (1 Miếng),Làm đẹp - Sức khỏe,Tiki,35200,40000,0.12,242,5.0,https://tiki.vn/mat-na-ngoc-trai-duong-trang-da-cap-am-va-chong-lao-hoa-dewytree-skin-derma-brightening-mask-23g-1-mieng-p101008271.html?spid=101008272,False
98955598,[Gift][HSD:24/11/2026]Lăn ngăn mùi NIVEA MEN Cool Kick Mát Lạnh - Siêu Khô Thoáng (50ml) - 83188,Làm đẹp - Sức khỏe,Tiki,67500,86000,0.22,6189,5.0,https://tiki.vn/lan-ngan-mui-nivea-men-cool-kick-mat-lanh-sieu-kho-thoang-50ml-83188-p98955598.html?spid=273568547,False
96826251,Băng vệ sinh hàng ngày Laurier Nhật Bản 72 miếng,Làm đẹp - Sức khỏe,Tiki,79000,79000,0.0,47,4.0,https://tiki.vn/bang-ve-sinh-hang-ngay-laurier-nhat-ban-72-mieng-p96826251.html?spid=252398460,False
85306901,Combo 10 Mặt Nạ BNBG Hydrating Vita Genic Jelly Mask Dưỡng Ẩm Da Đa Tầng 30mlx10,Làm đẹp - Sức khỏe,Tiki,179000,291000,0.38,88,5.0,https://tiki.vn/combo-10-mat-na-bnbg-hydrating-vita-genic-jelly-mask-duong-am-da-da-tang-30mlx10-p85306901.html?spid=276163562,False
58676808,Kem chống muỗi đốt cho bé từ 6 tháng tuổi hương khuynh diệp Rohto Mentholatum Remos Baby Cream 70g,Làm đẹp - Sức khỏe,Tiki,49000,58000,0.16,1480,4.7,https://tiki.vn/kem-chong-muoi-dot-cho-be-tu-6-thang-tuoi-huong-khuynh-diep-rohto-mentholatum-remos-baby-cream-70g-p58676808.html?spid=58676809,False
56223056,Dầu gội Đông Y Whoo Spa Shampoo,Làm đẹp - Sức khỏe,Tiki,525000,700000,0.25,29,5.0,https://tiki.vn/dau-goi-dong-y-whoo-spa-shampoo-p56223056.html?spid=56223057,False
48570457,Bao cao su Sagami Xtreme Supperthin siêu mỏng (hộp 10 chiếc),Làm đẹp - Sức khỏe,Tiki,86000,86000,0.0,156,0.0,https://tiki.vn/bao-cao-su-sagami-xtreme-supperthin-sieu-mong-hop-10-chiec-p48570457.html?spid=187853342,False
48291658,Kem chống nắng body Skin Aqua mát lạnh dùng hàng ngày Sunplay Skin Aqua UV Body Cooling Lotion SPF 50+ PA++++ 150g,Làm đẹp - Sức khỏe,Tiki,178000,222000,0.2,1181,4.8,https://tiki.vn/kem-chong-nang-body-skin-aqua-mat-lanh-dung-hang-ngay-sunplay-skin-aqua-uv-body-cooling-lotion-spf-50-pa-150g-p48291658.html?spid=48291659,False
33597687,Son dưỡng môi không màu chuyển kem mịn LipIce Creamy,Làm đẹp - Sức khỏe,Tiki,52500,74000,0.29,7900,4.8,https://tiki.vn/son-duong-moi-khong-mau-chuyen-kem-min-lipice-creamy-p33597687.html?spid=33597697,False
28271064,Serum trắng da - Serum vàng 24k Luxury Gold chống lão hóa 3W Clinic Hàn Quốc 150ml,Làm đẹp - Sức khỏe,Tiki,179000,179000,0.0,17,5.0,https://tiki.vn/tinh-chat-vang-24k-duong-trang-da-chong-lao-hoa-3w-clinic-han-quoc-150ml-p28271064.html?spid=247822422,False
9856643,Combo 3 Bông Tẩy Trang Jomi (120 Miếng/Túi),Làm đẹp - Sức khỏe,Tiki,99000,124000,0.2,411,5.0,https://tiki.vn/combo-3-bong-tay-trang-jomi-120-mieng-tui-p9856643.html?spid=198894074,False
3554629,Dầu gội đầu Clear Mát Lạnh Bạc Hà sạch gàu ngứa và vi khuẩn suốt 48 Giờ 1.4kg,Làm đẹp - Sức khỏe,Tiki,323500,333000,0.03,5789,4.8,https://tiki.vn/dau-goi-dau-clear-mat-lanh-bac-ha-sach-gau-ngua-va-vi-khuan-suot-48-gio-1-4kg-p3554629.html?spid=3643453,False
1313897,Lotion dưỡng ẩm cao cấp - Siêu cấp ẩm cho da căng mượt Hada Labo Gokujyun Premium Hydrating Lotion (170ml),Làm đẹp - Sức khỏe,Tiki,276000,345500,0.2,2601,4.7,https://tiki.vn/lotion-duong-am-cao-cap-sieu-cap-am-cho-da-cang-muot-hada-labo-gokujyun-premium-hydrating-lotion-170ml-p1313897.html?spid=10862732,False
1313873,"Kem chống nắng Sunplay mát lạnh giải nhiệt dạng sữa Sunplay Super Cool SPF 50, PA++++ 30g",Làm đẹp - Sức khỏe,Tiki,86000,107000,0.2,4624,4.8,https://tiki.vn/kem-chong-nang-sunplay-mat-lanh-giai-nhiet-dang-sua-sunplay-super-cool-spf-50-pa-30g-p1313873.html?spid=10862182,False
739342,Dầu Gội Pantene Mềm Mượt Óng Ả (1200ml),Làm đẹp - Sức khỏe,Tiki,249000,294000,0.15,247,4.5,https://tiki.vn/dau-goi-pantene-mem-muot-ong-a-1200ml-p739342.html?spid=739985,False
525522,Sữa Tắm Nước Hoa Enchanteur Charming 650g,Làm đẹp - Sức khỏe,Tiki,169500,222000,0.24,19961,5.0,https://tiki.vn/sua-tam-nuoc-hoa-enchanteur-charming-650g-p525522.html?spid=244870,False
279143503,"Combo Gói Khăn Giấy Ướt Bỏ Túi LET-GREEN, 10 Miếng/Gói",Làm đẹp - Sức khỏe,Tiki,15000,15000,0.0,4,0.0,https://tiki.vn/combo-goi-khan-giay-uot-bo-tui-let-green-10-mieng-goi-p279143503.html?spid=279143505,False
278819380,Bàn chải đánh răng điện LocknLock Electric toothbrush ENR386WHT/ENR386BLK 5 chế độ linh hoạt kèm hộp đựng bàn chải - 2 Màu,Làm đẹp - Sức khỏe,Tiki,510500,1221000,0.58,23,5.0,https://tiki.vn/ban-chai-danh-rang-dien-locknlock-electric-toothbrush-enr386wht-enr386blk-5-che-do-linh-hoat-kem-hop-dung-ban-chai-2-mau-p278819380.html?spid=278819384,False
278785838,Cushion Chống Nắng Che Phủ Hoàn Hảo Aperire Day Dream Cover Cushion SPF50+/PA++++ 13g màu 01 ROSE PETAL,Làm đẹp - Sức khỏe,Tiki,370000,738000,0.5,4,0.0,https://tiki.vn/cushion-chong-nang-che-phu-hoan-hao-aperire-day-dream-cover-cushion-spf50-pa-13g-mau-01-rose-petal-p278785838.html?spid=278785839,False
278388948,Sữa Dưỡng Thể Sáng Da Căng Mịn Vaseline Gluta-Hya 300ml - Bảo Vệ Da Sáng Mịn,Làm đẹp - Sức khỏe,Tiki,87500,150000,0.42,18,0.0,https://tiki.vn/sua-duong-the-vaseline-bao-ve-sang-min-ban-ngay-330ml-gluta-hya-serum-burst-uv-lotion-flawless-bright-p278388948.html?spid=278388949,False
277922228,"Nút bịt tai chống ồn 3M 1110 có dây đeo, êm tai không đau nhức",Làm đẹp - Sức khỏe,Tiki,13000,13000,0.0,14,0.0,https://tiki.vn/nut-bit-tai-chong-on-3m-1110-co-day-deo-em-tai-khong-dau-nhuc-p277922228.html?spid=277917188,False
276853899,"Thảm Ngải Cứu Điện, Đệm Sưởi Ngải Cứu Đông Y Nội Địa Trung Hỗ Trợ Đau Vai Gáy, Đau Lưng Nhức Mỏi Xương Khớp - TẶNG KÈM TÚI ĐỰNG HÀNG CHÍNH HÃNG MINIIN",Làm đẹp - Sức khỏe,Tiki,299000,299000,0.0,51,4.7,https://tiki.vn/tham-ngai-cuu-dien-dem-suoi-ngai-cuu-dong-y-noi-dia-trung-ho-tro-dau-vai-gay-dau-lung-nhuc-moi-xuong-khop-tang-kem-tui-dung-hang-chinh-hang-miniin-p276853899.html?spid=276853900,False
276474978,"Máy massage mặt toàn thân, máy massage mini cầm tay 20 chế độ với 8 tốc độ khác nhau",Làm đẹp - Sức khỏe,Tiki,49000,49000,0.0,31,5.0,https://tiki.vn/may-massage-mat-toan-than-may-massage-mini-cam-tay-20-che-do-voi-8-toc-do-khac-nhau-p276474978.html?spid=276474983,False
276308511,Hộp 5 Miếng Dán Bụng Mỡ Ngải Cứu Giảm Bụng Eo Detox Thải Độc Cơ Thể Hiệu Quả Tiện Lợi,Làm đẹp - Sức khỏe,Tiki,88000,88000,0.0,113,4.8,https://tiki.vn/hop-5-mieng-dan-bung-mo-ngai-cuu-giam-bung-eo-detox-thai-doc-co-the-hieu-qua-tien-loi-p276308511.html?spid=276308513,False
276129679,"Khăn Ướt Cồn LET-GREEN 90 Miếng | Sạch Khuẩn, Sạch Bẩn",Làm đẹp - Sức khỏe,Tiki,63000,63000,0.0,175,5.0,https://tiki.vn/combo-khan-uot-con-let-green-90-mieng-bao-p276129679.html?spid=247315650,False
276090933,Sữa Dưỡng Thể NIVEA Dưỡng Ẩm Chuyên Sâu 48H | Thấm Nhanh (380 ml) - 99569,Làm đẹp - Sức khỏe,Tiki,111500,159000,0.3,23,5.0,https://tiki.vn/sua-duong-the-nivea-duong-am-chuyen-sau-48h-tham-nhanh-380-ml-98940-p276090933.html?spid=276090934,False
275970383,Kem chống nắng bí đao Cocoon 50ml,Làm đẹp - Sức khỏe,Tiki,358500,395000,0.09,119,5.0,https://tiki.vn/kem-chong-nang-bi-dao-p275970383.html?spid=275970384,False
275969708,"Tinh chất bí đao 7% Niacinamide giúp giảm mụn, mờ vết thâm Cocoon 70ml",Làm đẹp - Sức khỏe,Tiki,255000,299455,0.15,22,5.0,https://tiki.vn/tinh-chat-bi-dao-70ml-p275969708.html?spid=275969709,False
275572464,Bao cao su SAGAMI hộp 10 cái,Làm đẹp - Sức khỏe,Tiki,90000,90000,0.0,13,0.0,https://tiki.vn/bao-cao-su-sagami-hop-10-cai-p275572464.html?spid=275572470,False
274965033,Bàn chải đánh răng LocknLock ENR331WHT - Kèm 2 đầu bàn chải -Màu trắng,Làm đẹp - Sức khỏe,Tiki,598500,1412000,0.58,51,5.0,https://tiki.vn/ban-chai-danh-rang-locknlock-enr331wht-kem-2-dau-ban-chai-mau-trang-p274965033.html?spid=274965034,True
274852822,Kem dưỡng sáng da cho nam dạng gel Oxy Brightening Gel 50g,Làm đẹp - Sức khỏe,Tiki,172000,215000,0.2,49,5.0,https://tiki.vn/kem-duong-sang-da-cho-nam-dang-gel-oxy-brightening-gel-50ml-p274852822.html?spid=274852823,False
273711622,Sữa Rửa Mặt Tạo Bọt Chiết Xuất Tơ Tằm Trắng Senka Perfect Whip 120g - 14839,Làm đẹp - Sức khỏe,Tiki,86000,108900,0.21,117148,5.0,https://tiki.vn/b2b-sua-rua-mat-tao-bot-chiet-xuat-to-tam-trang-senka-perfect-whip-120g-14839-p273711622.html?spid=273711623,False
273532180,Combo 2 gói băng vệ sinh Gardenia Deo+ - Hoa Anh Đào siêu mỏng cánh 23cm (20 miếng/gói),Làm đẹp - Sức khỏe,Tiki,75000,110000,0.32,109,5.0,https://tiki.vn/combo-2-goi-bang-ve-sinh-gardenia-deo-hoa-anh-dao-sieu-mong-canh-23cm-20-mieng-p273532180.html?spid=273532181,False
271448069,Dầu Gội Head&Shoulders Bạc Hà Mát Lạnh Chai 1150ml ,Làm đẹp - Sức khỏe,Tiki,272000,420000,0.35,1030,5.0,https://tiki.vn/dau-goi-head-shoulders-bac-ha-mat-lanh-chai-1200ml-p271448069.html?spid=271448072,False
259535826,Combo 6 Băng vệ sinh Diana Sensi Siêu Mỏng Cánh (Gói 8 miếng),Làm đẹp - Sức khỏe,Tiki,125000,127000,0.02,531,5.0,https://tiki.vn/combo-6-bang-ve-sinh-diana-sensi-sieu-mong-canh-goi-8-1-mieng-p259535826.html?spid=136736454,False
247999867,"Gôm xịt tóc tạo kiểu siêu cứng, giữ nếp lâu Mugens Hair Spray Hàn Quốc 300ml + Móc khóa",Làm đẹp - Sức khỏe,Tiki,185000,185000,0.0,2183,4.6,https://tiki.vn/gom-xit-toc-tao-kieu-sieu-cung-giu-nep-lau-mugens-hair-spray-han-quoc-300ml-moc-khoa-p247999867.html?spid=16378763,False
212219580,"Bàn Chải Đánh Răng Điện LocknLock ENR346BLK - DC3.7V, Trọng Lượng 235g, Sạc Không Dây - Màu Đen",Làm đẹp - Sức khỏe,Tiki,816500,1957000,0.58,3647,4.8,https://tiki.vn/ban-chai-danh-rang-dien-locknlock-enr346-dc3-7v-trong-luong-235g-sac-khong-day-p212219580.html?spid=69194333,True
200732037,Combo 3 Túi Tăm Chỉ Kẽ Răng Chất Lượng Nhật Bản Jomi Disposable Flosser (80 chiếc/túi),Làm đẹp - Sức khỏe,Tiki,99000,129000,0.23,83,4.7,https://tiki.vn/combo-3-tui-tam-chi-ke-rang-chat-luong-nhat-ban-jomi-disposable-flosser-80chiec-tui-p200732037.html?spid=200732038,False
200731939,Combo 5 Bông Tẩy Trang Jomi (80 Miếng/Túi),Làm đẹp - Sức khỏe,Tiki,115000,150000,0.23,72,5.0,https://tiki.vn/combo-5-bong-tay-trang-jomi-80-mieng-tui-p200731939.html?spid=200731940,False
199579394,Dụng cụ massage tay đấm lưng tròn Duy Thành YTD01,Làm đẹp - Sức khỏe,Tiki,68000,68000,0.0,64,5.0,https://tiki.vn/dung-cu-massage-tay-dam-lung-tron-duy-thanh-ytd01-p199579394.html?spid=129246841,False
196346905,Viên Uống Bổ Sung Magie Hỗ Trợ Cơ Bắp Ngăn Ngừa Chuột Rút Blackmores Bio Magnesium Lọ 100 Viên,Làm đẹp - Sức khỏe,Tiki,779000,930000,0.16,32,5.0,https://tiki.vn/vien-uong-bo-sung-magie-ho-tro-co-bap-ngan-ngua-chuot-rut-blackmores-bio-magnesium-lo-100-vien-p196346905.html?spid=273930854,True
193583714,Sữa Tắm Serum Dove Pro-Ceramide Tái Tạo Độ Ẩm Cho Da Đàn Hồi Và Căng Bóng 500g,Làm đẹp - Sức khỏe,Tiki,132000,190000,0.31,178,4.5,https://tiki.vn/sua-tam-duong-the-dove-deep-moisture-duong-am-chuyen-sau-voi-duong-chat-loi-khuan-da-500g-p193583714.html?spid=193583715,False
191375723,Bao Cao Su Sagami + Bao Cao Su Siêu Gai Hộp 10 Chiếc,Làm đẹp - Sức khỏe,Tiki,160000,160000,0.0,73,5.0,https://tiki.vn/bao-cao-su-sagami-bao-cao-su-sieu-gai-hop-10-chiec-p191375723.html?spid=191375724,False
120533397,Kem Dưỡng Mềm Da Nivea Soft Crème (200 Ml) - 89050,Làm đẹp - Sức khỏe,Tiki,201000,226000,0.11,113,0.0,https://tiki.vn/kem-duong-mem-da-nivea-200ml-89050-p120533397.html?spid=273568517,False
109069267,Máy Massage Xung Điện Trị Liệu OMRON HV-F013,Làm đẹp - Sức khỏe,Tiki,1400000,1400000,0.0,15,4.3,https://tiki.vn/may-massage-xung-dien-tri-lieu-omron-hv-f013-p109069267.html?spid=195303954,True
101982527,"Khẩu trang vải 3 lớp kháng khuẩn, chống bụi, chống nắng, kháng giọt bắn NOVELTY - hàng chính hãng - Thương hiệu thuộc Tổng công ty May Nhà Bè",Làm đẹp - Sức khỏe,Tiki,84000,84000,0.0,379,4.3,https://tiki.vn/bo-9-khau-trang-vai-3-lop-khang-khuan-chong-bui-khang-giot-ban-novelty-hang-chinh-hang-thuong-hieu-thuoc-tong-cong-ty-may-nha-be-p101982527.html?spid=101982529,False
90683425,Bao Cao Su Durex Jeans,Làm đẹp - Sức khỏe,Tiki,38000,63000,0.4,499,5.0,https://tiki.vn/bao-cao-su-durex-jeans-p90683425.html?spid=153387460,False
88257154,Set 2 gói băng vệ sinh LAURIER có cánh 20.5cm x 40 miếng,Làm đẹp - Sức khỏe,Tiki,89000,89000,0.0,89,4.3,https://tiki.vn/set-2-goi-bang-ve-sinh-laurier-co-canh-20-5cm-p88257154.html?spid=249028614,False
67017650,Combo 6 Băng vệ sinh Diana Siêu thấm Cool Fresh Siêu mỏng Cánh gói 8 miếng,Làm đẹp - Sức khỏe,Tiki,126000,127000,0.01,772,5.0,https://tiki.vn/combo-6-bang-ve-sinh-diana-sieu-tham-cool-fresh-sieu-mong-canh-goi-8-mieng-p67017650.html?spid=136736460,False
55615437,Tẩy Da Chết Mặt Tế Bào Gốc Thực Vật Lành Tính Làm Sạch Sâu Dịu Nhẹ Dưỡng Ẩm Sáng Da Cho Da Dầu Mụn Nhạy Cảm Cellkey-Scien White Peeling Gel (80ml),Làm đẹp - Sức khỏe,Tiki,262500,350000,0.25,1731,4.7,https://tiki.vn/tay-da-chet-te-bao-goc-thuc-vat-cellkey-scien-white-peeling-gel-50ml-p55615437.html?spid=55615438,False
52446936,"Combo bếp đốt xông bồ kết, thảo dược kèm nến",Làm đẹp - Sức khỏe,Tiki,104000,104000,0.0,289,4.0,https://tiki.vn/combo-bep-dot-xong-bo-ket-thao-duoc-va-nen-p52446936.html?spid=52446938,False
6759739,Bộ 3 Kem đánh răng Colgate Sensitive ngăn ê buốt và bảo vệ toàn diện 110g/tuýp,Làm đẹp - Sức khỏe,Tiki,185000,263000,0.3,95,5.0,https://tiki.vn/bo-3-kem-danh-rang-colgate-sensitive-pro-relief-complete-protection-110g-ngan-e-buot-va-bao-ve-toan-dien-p6759739.html?spid=73995156,False
1687623,Kem chống muỗi Rohto Metholatum Remos Hương Lavender 70g,Làm đẹp - Sức khỏe,Tiki,25000,30000,0.17,2660,4.8,https://tiki.vn/kem-chong-muoi-rohto-metholatum-remos-huong-lavender-70g-p1687623.html?spid=10862504,False
1600057,Combo 6 Băng Vệ Sinh Diana Super Night 35cm (Gói 3 Miếng),Làm đẹp - Sức khỏe,Tiki,97000,130000,0.25,1186,5.0,https://tiki.vn/combo-6-bang-ve-sinh-diana-super-night-35cm-goi-3-mieng-p1600057.html?spid=1601833,False
1313905,"Tinh chất vitamin C dưỡng trắng da, chống thâm nám Melano CC Whitening Essence 20ml",Làm đẹp - Sức khỏe,Tiki,275000,343500,0.2,3815,4.7,https://tiki.vn/tinh-chat-vitamin-c-duong-trang-da-chong-tham-nam-melano-cc-whitening-essence-20ml-p1313905.html?spid=10862625,False
631026,Dung dịch dưỡng ẩm tối ưu Hada Labo Advanced Nourish Lotion dùng cho da thường và da khô 170ml,Làm đẹp - Sức khỏe,Tiki,172000,214500,0.2,2855,4.7,https://tiki.vn/dung-dich-duong-am-toi-uu-hada-labo-advanced-nourish-lotion-dung-cho-da-thuong-va-da-kho-170ml-p631026.html?spid=11336651,False
279493705,Thực phẩm chức năng Tảo xoắn Spirulina nội địa Nhật Bản 2200 viên,Làm đẹp - Sức khỏe,Tiki,479000,550000,0.13,1556,4.6,https://tiki.vn/thuc-pham-chuc-nang-tao-xoan-spirulina-noi-dia-nhat-ban-2200-vien-p279493705.html?spid=7255883,False
279267613,Gói 7 Cái Khẩu Trang Perfetta Pinnakle 3 Lớp Dáng 5D Mềm Mại Ôm Khít,Làm đẹp - Sức khỏe,Tiki,31000,31000,0.0,23,0.0,https://tiki.vn/goi-7-cai-khau-trang-perfetta-pinnakle-3-lop-dang-5d-mem-mai-om-khit-p279267613.html?spid=279267619,False
279259682,Gạc tẩm mật ong Manuka chăm sóc vết thương nhiễm khuẩn - Algivon,Làm đẹp - Sức khỏe,Tiki,570000,570000,0.0,3,0.0,https://tiki.vn/gac-tam-mat-ong-manuka-cham-soc-vet-thuong-nhiem-khuan-algivon-p279259682.html?spid=279259683,False
279165388,Serum Dưỡng Thể NIVEA Vitamin Extra Bright C&AHA Dưỡng Trắng & Làm Sạch Da Chết (300 ml) - 99197,Làm đẹp - Sức khỏe,Tiki,115500,200000,0.42,3,0.0,https://tiki.vn/serum-duong-the-nivea-vitamin-extra-bright-c-aha-duong-trang-lam-sach-da-chet-300-ml-99197-p279165388.html?spid=279165389,False
278979247,Kem Dưỡng L'Oreal Paris Sáng Mịn Mờ Thâm Nám 50ml,Làm đẹp - Sức khỏe,Tiki,290500,399000,0.27,4,0.0,https://tiki.vn/kem-duong-l-oreal-paris-sang-min-mo-tham-nam-50ml-p278979247.html?spid=278979253,False
278891421,Xà bông Sinh dược các loại: Mướp đắng; Chùm ngây - Trà xanh - 110g/bánh,Làm đẹp - Sức khỏe,Tiki,70000,70000,0.0,17,5.0,https://tiki.vn/xa-bong-sinh-duoc-110g-banh-p278891421.html?spid=278891426,False
278122011,[CHÍNH HÃNG] Kem Chống Nắng Banana Boat SPF50–100+ PA++++ Dạng Lotion & Xịt Spray Cho Người Lớn & Trẻ Em Bảo Vệ Da Hiệu Quả,Làm đẹp - Sức khỏe,Tiki,210000,210000,0.0,0,5.0,https://tiki.vn/chinh-hang-kem-chong-nang-banana-boat-spf50-100-pa-dang-lotion-xit-spray-cho-nguoi-lon-tre-em-bao-ve-da-hieu-qua-p278122011.html?spid=278249819,False
277472071,Sáp khử mùi Old Spice Deodorant (85g) - Hàng chính hãng,Làm đẹp - Sức khỏe,Tiki,189000,189000,0.0,8,5.0,https://tiki.vn/sap-khu-mui-old-spice-deodorant-giup-ngan-mui-co-the-va-giam-tiet-mo-hoi-85g-hang-chinh-hang-p277472071.html?spid=277472077,False
277453365,Chì Kẻ Mày Glamrr Q Bền Màu Thuần Chay VEGAN SUPER STAY BROW PENCIL (0.08g),Làm đẹp - Sức khỏe,Tiki,104500,150000,0.3,38,3.0,https://tiki.vn/chi-ke-may-glamrr-q-ben-mau-thuan-chay-vegan-super-stay-brow-pencil-0-08g-p277453365.html?spid=277453369,False
276798430,Miếng dán thải độc chân Dusitra Gold Princess Thái Lan 10 miếng,Làm đẹp - Sức khỏe,Tiki,95000,95000,0.0,19,0.0,https://tiki.vn/mieng-dan-thai-doc-chan-dusitra-gold-princess-royal-thai-lan-10-mieng-p276798430.html?spid=276798528,False
276601701,VIÊN UỐNG BỔ SUNG MAGIE HỖ TRỢ CƠ BẮP LAC MAGNESIUM 250MG (90 VIÊN),Làm đẹp - Sức khỏe,Tiki,295000,295000,0.0,22,5.0,https://tiki.vn/vien-uong-bo-sung-magie-ho-tro-co-bap-lac-magnesium-250mg-90-vien-p276601701.html?spid=276601702,False
276475013,Máy Massage Mặt Kiêm Châm Cứu 10 Kiểu Không Dây Pin Sạc (Máy Hợp Kim Loại Xịn),Làm đẹp - Sức khỏe,Tiki,38000,38000,0.0,34,5.0,https://tiki.vn/may-massage-mat-kiem-cham-cuu-10-kieu-khong-day-pin-sac-may-hop-kim-loai-xin-p276475013.html?spid=276475021,False
276022717,"Sữa rửa mặt cho nam Oxy sạch dịu nhẹ, kiềm dầu dạng kem Oxy Oil Acne Wash 100g",Làm đẹp - Sức khỏe,Tiki,78000,97000,0.2,66,5.0,https://tiki.vn/sua-rua-mat-cho-nam-oxy-sach-diu-nhe-kiem-dau-dang-kem-oxy-oil-acne-wash-100g-p276022717.html?spid=276022720,False
275970264,Tẩy da chết cơ thể cà phê Dăk Lăk  Cocoon - Túi refill 600ml,Làm đẹp - Sức khỏe,Tiki,288000,338727,0.15,2087,4.8,https://tiki.vn/ca-phe-dak-lak-lak-lam-sach-da-chet-co-the-600ml-tui-refill-p275970264.html?spid=275970265,False
275970209,Tinh chất bí đao N15 với 15% Niacinamide giảm bóng nhờn và giảm mụn Cocoon 70ml,Làm đẹp - Sức khỏe,Tiki,413000,486000,0.15,8,0.0,https://tiki.vn/tinh-chat-bi-dao-n15-70ml-p275970209.html?spid=275970210,False
275707072,"Tinh chất làm mờ đốm nâu, thâm nám Emmié Duo C + Arbutin 25.5% Serum (30ml) - Hàng chính hãng",Làm đẹp - Sức khỏe,Tiki,380000,799000,0.52,7,4.5,https://tiki.vn/tinh-chat-lam-mo-dom-nau-tham-nam-emmie-duo-c-arbutin-25-5-serum-30ml-hang-chinh-hang-p275707072.html?spid=276161027,False
274852820,Kem dưỡng ẩm cho nam dạng gel Oxy Hydrating Gel 50g,Làm đẹp - Sức khỏe,Tiki,172000,215000,0.2,32,4.8,https://tiki.vn/kem-duong-am-cho-nam-dang-gel-oxy-hydrating-gel-50ml-p274852820.html?spid=274852821,False
274472796,Serum Niacinamide & ZinC Compliment Tinh Chất Dưỡng Cấp Ẩm Trắng Da Giảm Mụn Mờ Thâm,Làm đẹp - Sức khỏe,Tiki,110000,110000,0.0,9,4.5,https://tiki.vn/serum-niacinamide-zinc-compliment-tinh-chat-duong-cap-am-trang-da-giam-mun-mo-tham-p274472796.html?spid=274472797,False
273167758,Máy massage mắt mini cầm tay 10 chế độ - Máy chống đau mỏi cơ cao cấp sạc USB loại bỏ quầng thâm mắt (Hàng Chính Hãng),Làm đẹp - Sức khỏe,Tiki,193000,193000,0.0,92,4.7,https://tiki.vn/may-massage-mat-mini-cam-tay-10-che-do-may-chong-dau-moi-co-cao-cap-sac-usb-loai-bo-quang-tham-mat-hang-chinh-hang-p273167758.html?spid=273167762,False
272278680,"Serum chống nắng ngăn sạm, nám da Skin Aqua Nexta Shield Serum UV Essence SPF50+ PA++++ 50g ( dạng sữa)",Làm đẹp - Sức khỏe,Tiki,275000,344000,0.2,20,5.0,https://tiki.vn/serum-chong-nang-ngan-sam-nam-da-skin-aqua-nexta-shield-serum-uv-essence-spf50-pa-50g-dang-sua-p272278680.html?spid=272278681,False
262434254,Bông Tắm Tạo Bọt Hàng Phân Khúc Cao Cấp Thích Hợp Cho Cả Gia Đình Chính Hãng TOKDODO (Giao Mầu Ngẫu Nhiên),Làm đẹp - Sức khỏe,Tiki,15000,15000,0.0,33,5.0,https://tiki.vn/bong-tam-tao-bot-chat-luong-cao-thich-hop-cho-ca-gia-dinh-chinh-hang-tokdodo-giao-mau-ngau-nhien-p262434254.html?spid=262434256,False
254023513,"Cân sức khỏe điện tử LocknLock có app theo dõi chỉ số sức khỏe, 180kg",Làm đẹp - Sức khỏe,Tiki,576000,720000,0.2,107,4.5,https://tiki.vn/can-suc-khoe-dien-tu-locknlock-enc541blk-co-app-theo-doi-chi-so-suc-khoe-310x300x21mm-180kg-p254023513.html?spid=254023515,False
230009535,BLACK ROUGE Son kem lì Double Layer Over Velvet 4.1g,Làm đẹp - Sức khỏe,Tiki,318000,318000,0.0,14,1.0,https://tiki.vn/black-rouge-son-kem-li-double-layer-over-velvet-4-1g-p230009535.html?spid=230009547,False
206687393,"Serum Compliment 2% BHA Salicylic Acid Hyaluronic Acid B5 5% Vitamin C 20% Làm Sạch Da, Giảm Mụn Trắng Da Căng Bóng 27ml",Làm đẹp - Sức khỏe,Tiki,98000,98000,0.0,39,5.0,https://tiki.vn/serum-compliment-2-bha-salicylic-acid-hyaluronic-acid-b5-5-vitamin-c-20-lam-sach-da-giam-mun-trang-da-cang-bong-27ml-p206687393.html?spid=206687397,False
196336594,Viên Uống Hỗ Trợ Bảo Vệ Và Phục Hồi Tế Bào Gan Blackmores Milk Thistle Lọ 42 Viên,Làm đẹp - Sức khỏe,Tiki,428000,450655,0.05,21,5.0,https://tiki.vn/vien-uong-ho-tro-bao-ve-va-phuc-hoi-te-bao-gan-blackmores-milk-thistle-lo-42-vien-p196336594.html?spid=273930853,False
195541162,Lược gỗ Bách Xanh có mùi thơm nhẹ (Size: L - 19cm) COH265 - Chải tóc làm dịu tâm trí giảm căng thẳng - Giúp Tóc Suôn & Mềm Không Làm Rụng,Làm đẹp - Sức khỏe,Tiki,69000,69000,0.0,16,0.0,https://tiki.vn/luoc-go-bach-xanh-co-mui-thom-nhe-size-l-19cm-coh265-chai-toc-lam-diu-tam-tri-giam-cang-thang-giup-toc-suon-mem-khong-lam-rung-p195541162.html?spid=195969522,False
193907326,Viên uống Bổ sung Kẽm DHC Zinc - 60 Ngày 60 Viên,Làm đẹp - Sức khỏe,Tiki,169000,169000,0.0,80,4.1,https://tiki.vn/vien-uong-bo-sung-kem-dhc-zinc-p193907326.html?spid=264014063,False
182546410,Bút Kẻ Mắt Nước Không Trôi Không Lem Nét Siêu Sắc Mãnh Kissme Heroine Make Eyeliner Smooth Keep 0.4 mL,Làm đẹp - Sức khỏe,Tiki,249000,275000,0.09,85,5.0,https://tiki.vn/but-ke-mat-nuoc-khong-troi-khong-lem-net-sieu-sac-manh-kissme-heroine-make-eyeliner-smooth-keep-0-4-ml-p182546410.html?spid=182546416,False
179717787,Toner giảm mụn dịu da Acnes Blemish Control Toner 100ml,Làm đẹp - Sức khỏe,Tiki,72000,85000,0.15,179,4.8,https://tiki.vn/toner-giam-mun-diu-da-acnes-blemish-control-toner-100ml-p179717787.html?spid=179717788,False
146269824,Nước uống đẹp da The Collagen Shiseido 50mLx10c,Làm đẹp - Sức khỏe,Tiki,489000,489000,0.0,29,3.7,https://tiki.vn/nuoc-uong-dep-da-the-collagen-shiseido-50mlx10c-p146269824.html?spid=159786714,False
116167268,"Tinh dầu Sả Chanh nguyên chất từ thiên nhiên, Xuất khẩu thị trường Mỹ, An Toàn Cho Trẻ, Thơm Phòng, Khử Mùi, Kháng Khuẩn, Đuổi Muỗi, Giải Cảm - KingOil",Làm đẹp - Sức khỏe,Tiki,35000,35000,0.0,16,5.0,https://tiki.vn/tinh-dau-sa-chanh-nguyen-chat-tu-thien-nhien-xuat-khau-thi-truong-my-an-toan-cho-tre-thom-phong-khu-mui-khang-khuan-duoi-muoi-giai-cam-kingoil-p116167268.html?spid=116167270,False
78907329,(Loại Tốt) Máy Xông Tinh Dầu Cỡ 10x10cm KhoNCC Hàng Chính hãng - Diệt Con Trùng - Hương Thơm Tỏa Ngát Khắp Phòng - NLVQ-3040-MXTD (Màu Gỗ Ngẫu Nhiên),Làm đẹp - Sức khỏe,Tiki,168000,168000,0.0,62,4.2,https://tiki.vn/loai-tot-may-xong-tinh-dau-co-10x10cm-khoncc-hang-chinh-hang-diet-con-trung-huong-thom-toa-ngat-khap-phong-nlvq-3040-mxtd-mau-go-ngau-nhien-p78907329.html?spid=78907330,False
55613571,Kem Chống Nắng Tế Bào Gốc Kiềm Dầu Chống Nhăn Dưỡng Ẩm Trắng Da Cellkey-Scien Multi Perfect Sun Cream SPF50+PA++++ (50ml),Làm đẹp - Sức khỏe,Tiki,485050,545000,0.11,599,4.8,https://tiki.vn/kem-chong-nang-duong-trang-te-bao-goc-cellkey-scien-multi-perfect-sun-cream-50ml-p55613571.html?spid=55613577,False
50037073,Cicaplast Baume B5 La Roche-Posay Kem Dưỡng Làm Dịu Mát Mượt & Phục Hồi Da Phù Hợp Cho Trẻ Em - Trẻ Sơ Sinh (100ml) - M6918702,Làm đẹp - Sức khỏe,Tiki,535000,535000,0.0,92,4.5,https://tiki.vn/cicaplast-baume-b5-la-roche-posay-kem-duong-lam-diu-mat-muot-phuc-hoi-da-phu-hop-cho-tre-em-tre-so-sinh-100ml-m6918702-p50037073.html?spid=68454856,False
45319677,Bao cao su Durex Sensual Strawberry hộp 3 bao,Làm đẹp - Sức khỏe,Tiki,42500,65000,0.35,4785,4.7,https://tiki.vn/bao-cao-su-durex-sensual-strawberry-hop-3-bao-p45319677.html?spid=45319678,False
23576165,KEM ĐÁNH RĂNG KIN B5 LÀM SẠCH MẢNG BÁM VÀ PHỤC HỒI NƯỚU RĂNG 125ML,Làm đẹp - Sức khỏe,Tiki,195000,195000,0.0,438,4.8,https://tiki.vn/kem-danh-rang-kin-b5-lam-sach-mang-bam-va-phuc-hoi-nuou-rang-125ml-p23576165.html?spid=23576198,False
21715927,Dầu gội nam Home Scape Care giảm gàu chăm sóc da đầu Hàn Quốc tặng kèm móc khóa,Làm đẹp - Sức khỏe,Tiki,235000,235000,0.0,131,4.6,https://tiki.vn/dau-goi-nam-home-scape-care-giam-gau-cham-soc-da-dau-han-quoc-tang-kem-moc-khoa-p21715927.html?spid=21715928,False
11625471,Titan Gel Nga - Gel bôi trơn  tăng kích thước 50ml - hàng chuẩn Nga,Làm đẹp - Sức khỏe,Tiki,230000,230000,0.0,805,4.1,https://tiki.vn/titan-gel-nga-gel-boi-tron-tang-kich-thuoc-50ml-hang-chuan-nga-p11625471.html?spid=11625472,False
1600023,Combo 6 Băng Vệ Sinh Diana Siêu Thấm Siêu Mỏng Không Cánh (Gói 8 Miếng),Làm đẹp - Sức khỏe,Tiki,113500,135000,0.16,752,5.0,https://tiki.vn/combo-6-bang-ve-sinh-diana-sieu-tham-sieu-mong-khong-canh-goi-8-mieng-p1600023.html?spid=1601801,False
472541,Xịt Khử Mùi Toàn Thân Cho Nam Romano Attitude (150ml),Làm đẹp - Sức khỏe,Tiki,89000,113000,0.21,8963,4.6,https://tiki.vn/xit-khu-mui-toan-than-cho-nam-romano-attitude-150ml-p472541.html?spid=182367,False
278991560,Bút Cushion Che Khuyết Điểm Đa Năng Instant Age Rewind Eraser Multi-use Concealer Maybelline New York 6ml,Làm đẹp - Sức khỏe,Tiki,190400,238000,0.2,3,0.0,https://tiki.vn/but-cushion-che-khuyet-diem-maybelline-6ml-p278991560.html?spid=278992610,False
278991514,Kem Che Khuyết Điểm Mịn Lì Tiệp Mọi Tông Da Fit Me Concealer Maybelline New York 6.8ml,Làm đẹp - Sức khỏe,Tiki,138500,178000,0.22,4,0.0,https://tiki.vn/kem-che-khuyet-diem-maybelline-min-li-6-8ml-p278991514.html?spid=278992517,False
278381810,Kéo cắt tỉa lông mũi Echo 87mm - Hàng Nội Địa Nhật Bản,Làm đẹp - Sức khỏe,Tiki,37500,37500,0.0,20,4.7,https://tiki.vn/keo-cat-tia-long-mui-echo-87mm-hang-noi-dia-nhat-ban-p278381810.html?spid=278381811,False
277738698,Kem dưỡng ban đêm Olay Regenerist Micro Sculpting Cream Night (50g) - Hàng chính hãng,Làm đẹp - Sức khỏe,Tiki,499000,699000,0.29,15,4.7,https://tiki.vn/kem-duong-ban-dem-olay-regenerist-micro-sculpting-cream-night-50g-hang-chinh-hang-p277738698.html?spid=277738700,False
277409695,"Máy massage cầm tay Smart Trend MS32N - 32 chế độ, 9 đầu mát xa, Hộp chống sốc - hàng chính hãng",Làm đẹp - Sức khỏe,Tiki,449000,449000,0.0,4,0.0,https://tiki.vn/may-massage-cam-tay-smart-trend-ms32n-32-che-do-8-dau-mat-xa-chinh-hang-p277409695.html?spid=253427539,False
276735041,"Khăn Khô Lau Mặt Cao Cấp PUFFME, 220 Miếng/Bao",Làm đẹp - Sức khỏe,Tiki,120000,120000,0.0,5,1.0,https://tiki.vn/khan-kho-lau-mat-cao-cap-puffme-220-mieng-bao-p276735041.html?spid=276735042,False
276691511,Gel Dưỡng HADA LABO Sáng Da Chuyên Sâu Giảm Thâm Sạm 50g,Làm đẹp - Sức khỏe,Tiki,236725,278500,0.15,1,0.0,https://tiki.vn/gel-duong-hada-labo-sang-da-chuyen-sau-giam-tham-sam-50g-p276691511.html?spid=276691512,False
276671078,Que thử thai Powertest 5mm,Làm đẹp - Sức khỏe,Tiki,45000,45000,0.0,15,1.0,https://tiki.vn/que-thu-thai-powertest-5mm-p276671078.html?spid=276671079,False
276460933,Dụng cụ cạo lưỡi COMBO 2 Dụng Cụ Cạo Lưỡi Người Lớn Bộ cạo lưỡi bằng inox 304 sáng bóng cao cấp hỗ trợ làm sạch bề mặt lưỡi Cây Nạo Lưỡi Bàn Chải Vệ Sinh NHÍP DAO CẠO,Làm đẹp - Sức khỏe,Tiki,100000,100000,0.0,24,4.5,https://tiki.vn/dung-cu-cao-luoi-combo-hop-2-dung-cu-cao-luoi-nguoi-lon-bo-cao-luoi-bang-inox-304-sang-bong-cao-cap-ho-tro-lam-sach-be-mat-luoi-cay-nao-luoi-ban-chai-ve-sinh-p276460933.html?spid=276460934,False
276380407,Combo 10 Mặt Nạ Phục Hồi Cấp Tốc DR WonJin Instant Cica Sensitive Solution Mask 30ml x10,Làm đẹp - Sức khỏe,Tiki,299000,400000,0.25,26,5.0,https://tiki.vn/combo-10-mat-na-phuc-hoi-cap-toc-dr-wonjin-instant-cica-sensitive-solution-mask-30g-x10-p276380407.html?spid=276380408,False
276128813,Sữa Rửa Mặt Cetaphil Gentle Skin Cleanser 591 ML nhập Costco USA,Làm đẹp - Sức khỏe,Tiki,440000,440000,0.0,245,4.8,https://tiki.vn/sua-rua-mat-cetaphil-gentle-skin-cleanser-591-ml-nhap-costco-usa-p276128813.html?spid=91449845,False
275420467,Bọt cạo râu Gillette Foamy Methol  175g hương chanh và hương bạc hà,Làm đẹp - Sức khỏe,Tiki,85000,85000,0.0,42,5.0,https://tiki.vn/bot-cao-rau-gillette-foamy-methol-175g-huong-chanh-va-huong-bac-ha-p275420467.html?spid=275420468,False
275207119,Viên uống dầu cá hồi COSTAR Omega3 tốt cho tim mạch và mắt 1000mg hộp 365 viên,Làm đẹp - Sức khỏe,Tiki,1138000,1138000,0.0,4,5.0,https://tiki.vn/vien-uong-dau-ca-hoi-costar-omega3-ho-tro-giam-mo-mau-tot-cho-tim-mach-va-mat-1000mg-hop-365-vien-p275207119.html?spid=275207120,True
274856824,"Lọ tinh dầu thơm phòng que mây Kobi thay thế nước hoa, giúp khử mùi, thơm phòng hiệu quả - 100ml",Làm đẹp - Sức khỏe,Tiki,250000,250000,0.0,19,5.0,https://tiki.vn/lo-tinh-dau-thom-phong-que-may-kobi-thay-the-nuoc-hoa-giup-khu-mui-thom-phong-hieu-qua-100ml-p274856824.html?spid=274856826,False
273302277,"Tinh Chất La Roche-Posay Phục Hồi Độ Ẩm, Săn Chắc Da 50ml Hyalu B5",Làm đẹp - Sức khỏe,Tiki,195000,195000,0.0,12,5.0,https://tiki.vn/tinh-chat-la-roche-posay-phuc-hoi-do-am-san-chac-da-50ml-hyalu-b5-p273302277.html?spid=273302279,False
273060126,"Dầu massage body Kobi mát xa cơ thể giúp thư giãn, giảm đau cơ, giảm căng thẳng, mệt mỏi hiệu quả",Làm đẹp - Sức khỏe,Tiki,189000,189000,0.0,122,4.5,https://tiki.vn/dau-massage-body-kobi-mat-xa-co-the-giup-thu-gian-giam-dau-co-giam-cang-thang-met-moi-hieu-qua-p273060126.html?spid=273060136,False
270691423,"Viên Uống Vitamin C Chống Oxy Hóa, Tăng Cường Miễn Dịch Codeage Liposomal Vitamin C (180 Viên)",Làm đẹp - Sức khỏe,Tiki,1426000,1450000,0.02,10,0.0,https://tiki.vn/vien-uong-vitamin-c-chong-oxy-hoa-tang-cuong-mien-dich-codeage-liposomal-vitamin-c-180-vien-p270691423.html?spid=270691424,True
270691416,"Viên Uống Chống Oxy Hóa, Làm Sáng Da, Thải Độc Gan Codeage Liposomal Glutathione (60 Viên)",Làm đẹp - Sức khỏe,Tiki,1547000,1550000,0.0,23,0.0,https://tiki.vn/vien-uong-chong-oxy-hoa-lam-sang-da-thai-doc-gan-codeage-liposomal-glutathione-60-vien-p270691416.html?spid=270691417,True
262550687,Cây Bàn Chải Cọ Lưng 2 Đầu Có Bông Tắm Tiện Lợi Chính Hãng TOKDODO,Làm đẹp - Sức khỏe,Tiki,15000,15000,0.0,32,4.3,https://tiki.vn/cay-ban-chai-co-lung-2-dau-co-bong-tam-tien-loi-chinh-hang-tokdodo-p262550687.html?spid=262550688,False
230203107,BLACK ROUGE Son kem lì 4.5g,Làm đẹp - Sức khỏe,Tiki,298000,298000,0.0,12,4.0,https://tiki.vn/black-rouge-son-kem-li-airfit-velvet-ver-8-the-crystal-4-5g-p230203107.html?spid=230203151,False
221238015,Bao cao su có gai và kéo dài thời gian LifeStyles Epic hộp 12 bao,Làm đẹp - Sức khỏe,Tiki,42000,69000,0.39,69,0.0,https://tiki.vn/bao-cao-su-keo-dai-thoi-gian-quan-he-lifestyles-epic-co-gai-hop-3-bao-date-07-2023-p221238015.html?spid=273818697,False
194107868,Sữa tắm Hazeline Dưỡng Thể Trắng Sáng & Mịn Da Từ Thiên Nhiên Matcha Lựu Đỏ 1kg,Làm đẹp - Sức khỏe,Tiki,115000,139000,0.17,80,5.0,https://tiki.vn/sua-tam-hazeline-duong-the-trang-sang-min-da-tu-thien-nhien-matcha-luu-do-1kg-p194107868.html?spid=194107874,False
176726749,"Combo 100 gói Băng Vệ Sinh Quần Peppy Shana Ngày Đêm Siêu Thấm, Freesize, Chống Tràn Tối Đa, Tiết Kiệm (200 miếng)",Làm đẹp - Sức khỏe,Tiki,1375000,1800000,0.24,24,4.6,https://tiki.vn/combo-100-goi-bang-ve-sinh-quan-peppy-shana-tien-loi-2-trong-1-p176726749.html?spid=176726750,True
176450835,Gel tẩy nốt ruồi mụn cóc mụn thịt mụn cơm mụn ruồi Nga,Làm đẹp - Sức khỏe,Tiki,39000,39000,0.0,266,4.5,https://tiki.vn/gel-tay-not-ruoi-mun-coc-mun-thit-mun-com-mun-ruoi-nga-p176450835.html?spid=176450836,False
171328449,Bộ 2 Kem Đánh Răng Colgate Optic White O2 làm trắng răng đột phá với Oxy Hoạt Tính 85g/ tuýp,Làm đẹp - Sức khỏe,Tiki,189000,218000,0.13,78,5.0,https://tiki.vn/bo-2-kem-danh-rang-colgate-optic-white-o2-lam-trang-rang-dot-pha-voi-oxy-hoat-tinh-85g-tuyp-p171328449.html?spid=273200802,False
169603480,"Dầu gội phủ bạc thảo dược cao cấp. Gội là đen LUCKY STAR chiết xuất nhân sâm và thảo mộc tự nhiên. Dầu gội nhuộm tóc giúp tóc đen tự nhiên, khỏe mạnh. Dầu gội đen tóc trong 10 phút ngay tại nhà, phiên bản mới có lược",Làm đẹp - Sức khỏe,Tiki,235000,235000,0.0,369,4.8,https://tiki.vn/dau-goi-den-toc-thao-duoc-cao-cap-lucky-star-chiet-xuat-nhan-sam-va-thao-moc-giup-toc-den-tu-nhien-khoe-manh-khong-anh-huong-da-dau-toc-den-trong-vong-10-phut-ngay-tai-nha-goi-nho-tien-loi-tang-kem-1-luoc-chai-toc-tien-loi-p169603480.html?spid=184794981,False
135545810,Kem Dưỡng Da Ban Ngày OLAY Luminous Trắng Da Mờ Thâm Nám SPF15+ 50g,Làm đẹp - Sức khỏe,Tiki,198500,376000,0.47,717,4.5,https://tiki.vn/kem-duong-trang-da-ban-ngay-olay-luminous-light-perfecting-day-cream-spf-pa-50g-p135545810.html?spid=271477423,False
124229151,Bao Cao Su LifeStyles Love Time Cao Cấp Kéo Dài Thời Gian Hộp 3 bao,Làm đẹp - Sức khỏe,Tiki,42000,50000,0.16,769,5.0,https://tiki.vn/bao-cao-su-lifestyles-love-time-cao-cap-keo-dai-thoi-gian-hop-3-bao-p124229151.html?spid=124229152,False
108535211,Bao cao su Sagami Tight Fit - Thiết kế lượn sóng - Hộp 12 chiếc,Làm đẹp - Sức khỏe,Tiki,137000,137000,0.0,41,5.0,https://tiki.vn/bao-cao-su-sagami-tight-fit-thiet-ke-luon-song-hop-12-chiec-p108535211.html?spid=187901817,False
82895196,Viên uống Bổ Sung Kẽm DHC ZinC Nhật Bản 60 ngày,Làm đẹp - Sức khỏe,Tiki,169000,169000,0.0,59,5.0,https://tiki.vn/vien-uong-bo-sung-kem-dhc-zinc-nhat-ban-60-ngay-p82895196.html?spid=264014076,False
71950236,Dầu gội đầu Clear Mát Lạnh Bạc Hà sạch gàu ngứa và vi khuẩn suốt 48 Giờ 880g,Làm đẹp - Sức khỏe,Tiki,215000,216900,0.01,19111,4.8,https://tiki.vn/dau-goi-dau-clear-mat-lanh-bac-ha-sach-gau-ngua-va-vi-khuan-suot-48-gio-880g-p71950236.html?spid=71950237,False
67421152,Gel sữa chống nắng Senka Perfect UV Gel 80ml,Làm đẹp - Sức khỏe,Tiki,189000,249000,0.24,1333,4.0,https://tiki.vn/gel-sua-chong-nang-senka-perfect-uv-gel-80ml-p67421152.html?spid=272310539,False
34315216,DORCO PACE 6 - Dao Cạo Hàn Quốc 6 Lưỡi - Hộp Gồm 4 Đầu Cạo,Làm đẹp - Sức khỏe,Tiki,192280,192280,0.0,543,4.7,https://tiki.vn/vi-04-dau-cao-rau-6-luoi-dorco-pace-6-plus-sxa-5040-4b-6-luoi-dau-cat-toc-mai-p34315216.html?spid=34315217,False
33031423,Cân sức khỏe điện tử PS1054,Làm đẹp - Sức khỏe,Tiki,790000,790000,0.0,5,0.0,https://tiki.vn/can-suc-khoe-dien-tu-ps1054-p33031423.html?spid=198783564,True
24243123,Máy Đo Đường Huyết Sinocare Safe Accu (Gồm 50 Que Và 50 Kim),Làm đẹp - Sức khỏe,Tiki,269000,269000,0.0,37,4.5,https://tiki.vn/may-do-duong-huyet-sinocare-safe-accu-gom-50-que-va-50-kim-p24243123.html?spid=111707954,False
12504654,Lăn khử mùi Trắng da Enchanteur Delightful (50ml),Làm đẹp - Sức khỏe,Tiki,74000,101000,0.27,1626,4.2,https://tiki.vn/lan-khu-mui-enchanteur-delightful-50ml-p12504654.html?spid=12504655,False
12504646,Sữa tắm Romano Gentleman,Làm đẹp - Sức khỏe,Tiki,151000,204000,0.26,652,4.5,https://tiki.vn/sua-tam-romano-gentleman-p12504646.html?spid=12615634,False
8142317,Kéo Cắt Tóc Thép Không Gỉ Kềm Nghĩa KT-704,Làm đẹp - Sức khỏe,Tiki,248000,248000,0.0,357,5.0,https://tiki.vn/keo-cat-toc-thep-khong-gi-kem-nghia-kt-704-p8142317.html?spid=8142318,False
3282871,Gel rửa mặt tạo bọt làm sạch & giảm nhờn cho da dầu nhạy cảm La Roche-Posay Effaclar Purifying Foaming Gel (400ml),Làm đẹp - Sức khỏe,Tiki,645000,645000,0.0,32,3.8,https://tiki.vn/gel-rua-mat-tao-bot-lam-sach-giam-nhon-cho-da-dau-nhay-cam-la-roche-posay-effaclar-purifying-foaming-gel-400ml-p3282871.html?spid=68554838,True
653804,Lưỡi Dao Cạo Gillette Vector 4,Làm đẹp - Sức khỏe,Tiki,55000,85000,0.35,120,3.5,https://tiki.vn/luoi-dao-cao-gillette-vector-4-p653804.html?spid=656037,False
279358971,Màu Nhuộm Tóc Thiên Nhiên Cao Cấp Từ Rishiri Nhật Bản Hair Color Treatment 200G,Làm đẹp - Sức khỏe,Tiki,1000000,1400000,0.29,3,0.0,https://tiki.vn/mau-nhuom-phu-toc-bac-thien-nhien-cao-cap-rishiri-nhat-ban-hair-color-treatment-200g-p279358971.html?spid=279358973,True
279322772,Kem đánh răng trẻ em cao cấp Hàn Quốc 2080 Kids (Tinh chất hương Dâu) 80gr,Làm đẹp - Sức khỏe,Tiki,34000,43000,0.21,15,5.0,https://tiki.vn/kem-danh-rang-tre-em-cao-cap-han-quoc-2080-kids-tinh-chat-huong-dau-80gr-p279322772.html?spid=279322773,False
279155805,Dụng Cụ Gắp Mụn Đầu Cong Móc Câu Jary A2,Làm đẹp - Sức khỏe,Tiki,26650,32500,0.18,1,0.0,https://tiki.vn/dung-cu-gap-mun-dau-cong-moc-cau-jary-a2-p279155805.html?spid=279155806,False
278894428,Tẩy Da Chết Da Đầu Bồ Kết 200ml ,Làm đẹp - Sức khỏe,Tiki,216000,240545,0.1,249,5.0,https://tiki.vn/tay-da-chet-da-dau-bo-ket-200ml-p278894428.html?spid=278894429,False
278844089,Kem dưỡng trẻ hóa da Olay Regenerist Super Collagen Peptide (45g) - Hàng chính hãng,Làm đẹp - Sức khỏe,Tiki,799000,799000,0.0,3,4.0,https://tiki.vn/kem-duong-tre-hoa-da-olay-regenerist-super-collagen-peptide-45g-hang-chinh-hang-p278844089.html?spid=278851881,True
278630519,"Dầu Gội Tsubaki Phục Hồi Hư Tổn, Bồng Bềnh Tóc 450ml (Mới)",Làm đẹp - Sức khỏe,Tiki,198000,230000,0.14,219,4.5,https://tiki.vn/dau-goi-tsubaki-phuc-hoi-hu-ton-bong-benh-toc-450ml-moi-p278630519.html?spid=278630520,False
278457404,Tinh chất dưỡng da Shiseido Ultimune Power Infusing 4.0 Serum 50ml,Làm đẹp - Sức khỏe,Tiki,2916000,3240000,0.1,4,5.0,https://tiki.vn/tinh-chat-duong-da-shiseido-ultimune-power-infusing-4-0-serum-50ml-p278457404.html?spid=278457405,True
278237888,"Mặt nạ tinh chất làm dịu và cải thiện da mụn, nhạy cảm cao cấp Hada Labo Premium Pore Care Serum Mask (23g/miếng)",Làm đẹp - Sức khỏe,Tiki,35000,44000,0.2,11,0.0,https://tiki.vn/mat-na-tinh-chat-lam-diu-va-cai-thien-da-mun-nhay-cam-cao-cap-hada-labo-premium-pore-care-serum-mask-23g-mieng-p278237888.html?spid=278237889,False
277561452,"Kem chống nắng nâng tông Skin Aqua Tone up Blue cho da vàng có khuyết điểm đỏ, dạng tinh chất Sunplay Skin Aqua Tone Up UV Essence Blue SPF 50+ PA++++ 50g",Làm đẹp - Sức khỏe,Tiki,165000,195500,0.16,18,0.0,https://tiki.vn/kem-chong-nang-nang-tong-skin-aqua-tone-up-blue-cho-da-vang-co-khuyet-diem-do-dang-tinh-chat-sunplay-skin-aqua-tone-up-uv-essence-blue-spf-50-pa-50g-p277561452.html?spid=277561453,False
277425486,[50 Cái 6A] Combo 5 Túi Khẩu Trang Y Tế Kháng Khuẩn Chống Nắng 6A An Tâm -10 Cái/Túi,Làm đẹp - Sức khỏe,Tiki,50000,60000,0.17,28,4.7,https://tiki.vn/50-cai-6a-combo-5-tui-khau-trang-y-te-khang-khuan-chong-nang-6a-an-tam-10-cai-tui-p277425486.html?spid=277425488,False
277253300,"Gối Kê Chân Chống Suy Giãn Tĩnh Mạch Lượn Sóng,Tăng Tuần Hoàn Máu Chống Phù Nề, Giảm Ê Buốt, Đau Mỏi",Làm đẹp - Sức khỏe,Tiki,235000,235000,0.0,6,5.0,https://tiki.vn/goi-ke-chan-chong-suy-gian-tinh-mach-luon-song-tang-tuan-hoan-mau-chong-phu-ne-giam-e-buot-dau-moi-p277253300.html?spid=277253302,False
277041043,"Nước Cốt Trái Nhàu SK NONI gói tiện lợi giúp BẢO VỆ SỨC KHOẺ, TĂNG ĐỀ KHÁNG, HỖ TRỢ ĐẸP DA",Làm đẹp - Sức khỏe,Tiki,170000,170000,0.0,2,0.0,https://tiki.vn/nuoc-cot-trai-nhau-sk-noni-goi-tien-loi-giup-bao-ve-suc-khoe-tang-de-khang-ho-tro-dep-da-p277041043.html?spid=277041048,False
276568041,CHAI XỊT DYNAMO 13% + Gel bôi trơn jex,Làm đẹp - Sức khỏe,Tiki,600000,600000,0.0,10,0.0,https://tiki.vn/chai-xit-dynamo-13-gel-boi-tron-jex-p276568041.html?spid=276568042,True
276291676,Combo 10 gói Khẩu Trang Unicharm 3D Mask High Block size M (5 cái/gói),Làm đẹp - Sức khỏe,Tiki,208000,263000,0.21,20,5.0,https://tiki.vn/bo-10-goi-khau-trang-unicharm-3d-mask-high-block-size-m-5-cai-goi-p276291676.html?spid=276291677,False
276150955,Serum Chống Nắng NIVEA SUN Sáng Da Nâng Tone SPF50 PA+++ (30 ml) - 86014,Làm đẹp - Sức khỏe,Tiki,93500,120000,0.22,250,0.0,https://tiki.vn/serum-chong-nang-nivea-sun-sang-da-nang-tone-spf50-pa-30-ml-86014-p276150955.html?spid=276150956,False
276112653,Bút kẻ mắt PERFECT DIARY dạng lỏng chống thấm nước lâu trôi nhanh khô dễ sử dụng không bị nhòe lem 0.5ml,Làm đẹp - Sức khỏe,Tiki,121000,219000,0.45,18,5.0,https://tiki.vn/but-ke-mat-perfect-diary-dang-long-chong-tham-nuoc-lau-troi-nhanh-kho-de-su-dung-khong-bi-nhoe-lem-4-5g-p276112653.html?spid=276112657,False
275969797,Tinh chất hoa hồng (serum) Cocoon cấp ẩm & phục hồi da 30ml,Làm đẹp - Sức khỏe,Tiki,196500,260182,0.24,6,0.0,https://tiki.vn/tinh-chat-hoa-hong-30ml-p275969797.html?spid=275969798,False
275835078,Máy Massage Cầm Tay Mini Cao Cấp (HÀNG ĐẸP) Công Nghệ Cảm Biến Lực Với 4 Đầu Và 6 Chế Độ,Làm đẹp - Sức khỏe,Tiki,499000,499000,0.0,7,0.0,https://tiki.vn/goi-massage-co-vai-gay-loai-dep-may-massage-hong-ngoai-loai-16-20-bi-ho-tro-mat-xa-toan-than-hieu-qua-gia-p275835078.html?spid=275835079,False
275779047,Kem Dưỡng Mềm Da NIVEA Soft Crème (50 ml) - 89054,Làm đẹp - Sức khỏe,Tiki,61500,76000,0.19,199,5.0,https://tiki.vn/kem-duong-mem-da-nivea-soft-creme-50-ml-89054-p275779047.html?spid=275779048,False
275138193,Bộ 2 Hộp Bao Cao Su ThintoLast G'EXlife Hộp 3 Bao Siêu Mỏng Kéo Dài Thời Gian Quan Hệ,Làm đẹp - Sức khỏe,Tiki,170000,170000,0.0,8,0.0,https://tiki.vn/mua-de-nhan-qua-bo-2-hop-bao-cao-su-thintolast-g-exlife-hop-3-bao-sieu-mong-keo-dai-thoi-gian-quan-he-p275138193.html?spid=275138194,False
275085351,Dung dịch cải thiện lão hóa Hada Labo Pro-Aging Retinol B3 Lotion 170ml,Làm đẹp - Sức khỏe,Tiki,239000,299000,0.2,82,4.8,https://tiki.vn/dung-dich-cai-thien-lao-hoa-hada-labo-pro-aging-retinol-b3-lotion-170ml-p275085351.html?spid=275085354,False
274883771,Kem Bôi Nứt Nẻ Á Sừng Tay Chân Ngoài Da - Hàng Nhập Khẩu,Làm đẹp - Sức khỏe,Tiki,25000,25000,0.0,147,5.0,https://tiki.vn/kem-boi-nut-ne-a-sung-tay-chan-ngoai-da-hang-nhap-khau-p274883771.html?spid=274883775,False
274163409,"Mật ong Chanh - Rừng Nhiệt Đới 360g - tiện lợi, tăng đề kháng",Làm đẹp - Sức khỏe,Tiki,87000,87000,0.0,3,5.0,https://tiki.vn/mat-ong-chanh-rung-nhiet-doi-360g-tien-loi-tang-de-khang-p274163409.html?spid=274163410,False
273455563,Lăn Ngăn Mùi NIVEA Khô Thoáng Mịn Màng (50ml) - 81611,Làm đẹp - Sức khỏe,Tiki,64500,79000,0.18,50791,5.0,https://tiki.vn/lan-ngan-mui-nivea-kho-thoang-min-mang-50ml-81611-p273455563.html?spid=273455564,False
260844985,"Kem Làm Mờ Sẹo Thâm, Sẹo Rỗ, Sẹo Lõm Scar Esthetique của Rejuvaskin - thương hiệu hỗ trợ trị sẹo Hoa Kỳ ",Làm đẹp - Sức khỏe,Tiki,318000,420000,0.24,5235,4.6,https://tiki.vn/kem-lam-mo-seo-tham-seo-ro-seo-lom-scar-esthetique-cua-rejuvaskin-thuong-hieu-ho-tro-tri-seo-hoa-ky-p260844985.html?spid=38705976,False
197921188,Bộ 6 Kem Đánh Răng Colgate trắng răng Optic White Exfoliating Mineral từ khoáng trắng cho răng sáng bóng 100g/tuýp,Làm đẹp - Sức khỏe,Tiki,234000,332000,0.3,50,5.0,https://tiki.vn/bo-6-kem-danh-rang-colgate-trang-rang-optic-white-exfoliating-mineral-tu-khoang-trang-cho-rang-sang-bong-100g-tuyp-p197921188.html?spid=273202990,False
188847073,"Gel rửa mặt BHA Compliment No Problem làm sạch sâu, giảm viêm & mụn 200ml",Làm đẹp - Sức khỏe,Tiki,84000,84000,0.0,85,5.0,https://tiki.vn/gel-rua-mat-giam-mun-compliment-no-problem-200ml-p188847073.html?spid=188847075,False
159264926,"Kem mờ sẹo, liền sẹo chuyên sâu Scarz Intensive Gel 9g ( dạng gel)",Làm đẹp - Sức khỏe,Tiki,126000,147500,0.15,302,4.8,https://tiki.vn/kem-mo-seo-lien-seo-chuyen-sau-scarz-intensive-gel-9g-dang-gel-p159264926.html?spid=159264927,False
153597872,Son thỏi dưỡng môi trang điểm chất son satin Lip On Lip Glowy Satin 2.2g,Làm đẹp - Sức khỏe,Tiki,143000,179000,0.2,825,5.0,https://tiki.vn/son-thoi-duong-moi-trang-diem-chat-son-satin-lip-on-lip-glowy-satin-2-2g-p153597872.html?spid=153597878,False
117927645,"Tăm nước cầm tay H2ofloss HF-10, phiên bản tăm nước mini nhỏ gọn chỉ 14.5 cm dành cho người di chuyển nhiều",Làm đẹp - Sức khỏe,Tiki,499000,950000,0.47,131,4.5,https://tiki.vn/tam-nuoc-cam-tay-h2ofloss-hf-10-phien-ban-tam-nuoc-mini-nho-gon-chi-14-5-cm-danh-cho-nguoi-di-chuyen-nhieu-p117927645.html?spid=192869977,False
75353824,"Hộp 50 cái khẩu trang 9001 3M lọc bụi cực tốt, tiêu chuẩn P1, lọc tối thiểu 80",Làm đẹp - Sức khỏe,Tiki,100000,100000,0.0,349,4.3,https://tiki.vn/hop-50-cai-khau-trang-9001-3m-loc-bui-cuc-tot-tieu-chuan-p1-loc-toi-thieu-80-p75353824.html?spid=75353826,False
72711789,Kem dưỡng ẩm dạng gel Hada Labo Koi-Gokujyun Perfect Gel 100g,Làm đẹp - Sức khỏe,Tiki,350000,437500,0.2,395,4.7,https://tiki.vn/kem-duong-am-dang-gel-hada-labo-koi-gokujyun-perfect-gel-100g-p72711789.html?spid=72711790,False
68554800,KEM NGỪA MỤN THÂM - MỜ SẸO - COLLAGEN /20G - MỘC,Làm đẹp - Sức khỏe,Tiki,270000,270000,0.0,96,5.0,https://tiki.vn/kem-ngua-mun-tham-mo-seo-collagen-20g-moc-p68554800.html?spid=68554801,False
23591172,KEM ĐÁNH RĂNG SENSIKIN NGĂN NGỪA Ê BUỐT 75ML,Làm đẹp - Sức khỏe,Tiki,155000,155000,0.0,242,4.8,https://tiki.vn/kem-danh-rang-sensikin-ngan-ngua-e-buot-75ml-p23591172.html?spid=23591173,False
21313641,Tinh Bột Nghệ Hoàng Minh Châu,Làm đẹp - Sức khỏe,Tiki,100000,100000,0.0,107,5.0,https://tiki.vn/tinh-bot-nghe-hoang-minh-chau-hung-yen-p21313641.html?spid=51035323,False
5750803,"Thực phẩm chức năng Sụn vi cá mập Orihiro Squalene Nhật Bản, 360 viên",Làm đẹp - Sức khỏe,Tiki,605000,605000,0.0,5,5.0,https://tiki.vn/thuc-pham-chuc-nang-sun-vi-ca-map-orihiro-squalene-nhat-ban-360-vien-p5750803.html?spid=60023605,True
2569995,Bao cao su mỏng truyền nhiệt Powermen Gia đình (Hộp 12 cái),Làm đẹp - Sức khỏe,Tiki,80000,80000,0.0,3,0.0,https://tiki.vn/bao-cao-su-mong-truyen-nhiet-powermen-gia-dinh-hop-12-cai-p2569995.html?spid=276630596,False
2324065,Bao Cao Su Hỗ Trợ Trị Xuất Tinh Sớm Powermen,Làm đẹp - Sức khỏe,Tiki,180000,180000,0.0,18,0.0,https://tiki.vn/bao-cao-su-tri-xuat-tinh-som-powermen-p2324065.html?spid=276579856,False
2028327,on Kem Lì 16h Lâu Trôi Maybelline New York Super Stay Matte Ink Lipstick 5ml,Làm đẹp - Sức khỏe,Tiki,285000,285000,0.0,72,4.0,https://tiki.vn/son-kem-li-16h-lau-troi-maybelline-new-york-super-stay-matte-ink-lipstick-5ml-p2028327.html?spid=270991972,False
787021,Máy Massage Văn Phòng Nguyễn Đình OMM-01,Làm đẹp - Sức khỏe,Tiki,453000,650000,0.3,34,3.3,https://tiki.vn/may-massage-van-phong-nguyen-dinh-omm-01-p787021.html?spid=289671,False
279331995,Dụng cụ xay tỏi ớt LocknLock CKS321GRN CKS312GRN CKS327GRN CKS326GRN - kéo tay đơn giản,Nhà cửa - Đời sống,Tiki,140000,140000,0.0,33,5.0,https://tiki.vn/dung-cu-xay-toi-ot-locknlock-cks321grn-cks312grn-cks327grn-cks326grn-ke-o-tay-don-gia-n-p279331995.html?spid=279332003,False
279257861,[CHÍNH HÃNG] Cốc giữ nhiệt inox 304 Elmich EL8345 dung tích 480ML,Nhà cửa - Đời sống,Tiki,149000,206000,0.28,249,3.5,https://tiki.vn/new-coc-giu-nhiet-inox-304-elmich-el8345-dung-tich-480ml-ha-ng-chi-nh-ha-ng-p279257861.html?spid=279257863,False
279199211,"Ly Giữ Nhiệt LocknLock 900ml Thép Phủ Sứ, Có Ống Hút 3 màu - LHC4419",Nhà cửa - Đời sống,Tiki,861000,861000,0.0,20,5.0,https://tiki.vn/ly-giu-nhiet-locknlock-900ml-thep-phu-su-co-ong-hut-3-mau-lhc4419-p279199211.html?spid=279199215,True
279197399,Ca giữ nhiệt LocknLock Metro Ceramic Mug LHC4282 dung tích 600ml bằng thép không gỉ phủ sứ - 4 Màu,Nhà cửa - Đời sống,Tiki,816000,816000,0.0,3,0.0,https://tiki.vn/ca-giu-nhiet-locknlock-metro-ceramic-mug-lhc4282kki_c-dung-tich-600ml-bang-thep-khong-gi-phu-su-4-mau-p279197399.html?spid=279197419,True
279183781,Bộ hộp cơm giữ nhiệt 2 tầng LocknLock New Tower Vacuum Lunch Box LHC8055VOL thép không gỉ 304 kèm muỗng và họa tiết trang trí,Nhà cửa - Đời sống,Tiki,941000,941000,0.0,10,5.0,https://tiki.vn/bo-2-hop-com-giu-nhiet-locknlock-new-tower-vacuum-lunch-box-lhc8055vol-thep-khong-gi-304-kem-muong-va-hoa-tiet-trang-tri-p279183781.html?spid=279183782,True
279001572,Bình giữ nhiệt inox 304 Elmich EL8347 dung tích 480ml,Nhà cửa - Đời sống,Tiki,233000,309000,0.25,26,5.0,https://tiki.vn/binh-giu-nhiet-inox-304-elmich-el8347-dung-tich-480ml-p279001572.html?spid=279001576,False
278769372,Bình giữ nhiệt inox 304 Elmich EL8383 dung tích 510ml - Hàng chính hãng,Nhà cửa - Đời sống,Tiki,273000,405000,0.33,40,3.0,https://tiki.vn/binh-giu-nhiet-inox-304-elmich-el8383-dung-tich-510ml-hang-chinh-hang-p278769372.html?spid=278769382,False
278730555,Nồi phủ sứ chống dính Elmich Olive EL-5532OV - Hàng chính hãng,Nhà cửa - Đời sống,Tiki,504000,789000,0.36,15,5.0,https://tiki.vn/noi-phu-su-chong-dinh-elmich-olive-el5532ov-hang-chinh-hang-p278730555.html?spid=278730559,False
278730316,Bộ nồi chảo phủ sứ an toàn Elmich Olive Baby EL5242OV16 size 16cm - Hàng chính hãng,Nhà cửa - Đời sống,Tiki,475000,629000,0.24,25,5.0,https://tiki.vn/bo-noi-chao-chong-dinh-ceramic-elmich-olive-baby-el5242ov16-size-16cm-hang-chinh-hang-p278730316.html?spid=278730317,False
278450191,Bình giữ nhiệt LocknLock Bucket One-Touch LHC3345 có quai dung tích 550ml thép không gỉ - 3 màu,Nhà cửa - Đời sống,Tiki,396000,592000,0.33,126,5.0,https://tiki.vn/binh-giu-nhiet-locknlock-bucket-one-touch-lhc3345-co-quai-dung-tich-550ml-thep-khong-gi-3-mau-p278450191.html?spid=278450195,False
278448552,Bình giữ nhiệt LocknLock Balance grip tumbler LHC4397 dung tích 900ml / LHC4398 dung tích 1.2L có quai - 3 màu,Nhà cửa - Đời sống,Tiki,461000,737000,0.37,25,5.0,https://tiki.vn/binh-giu-nhiet-locknlock-balance-grip-tumbler-lhc4397-dung-tich-900ml-3-mau-lhc4397lvol-lhc4397nvy-lhc4397lgrn-p278448552.html?spid=278448556,False
277969252,Bình nước Kita Neat 1L - Inochi,Nhà cửa - Đời sống,Tiki,115000,229000,0.5,34,0.0,https://tiki.vn/binh-nuoc-kita-neat-1l-p277969252.html?spid=277969256,False
276120162,Bình giữ nhiệt METRO CAFE TUMBLER LocknLock LHC4359 - Dung tích 650ml,Nhà cửa - Đời sống,Tiki,530000,771000,0.31,754,5.0,https://tiki.vn/binh-giu-nhiet-metro-cafe-tumbler-locknlock-lhc4359-dung-tich-650ml-p276120162.html?spid=276125656,False
276018795,Hộp đựng thực phẩm bằng thép không gỉ LocknLock Color Coated STS Container nhiều dung tích,Nhà cửa - Đời sống,Tiki,122000,210000,0.42,252,5.0,https://tiki.vn/hop-dung-thuc-pham-bang-thep-khong-gi-locknlock-color-coated-sts-container-nhieu-dung-tich-p276018795.html?spid=276020515,False
275570183,Bình đựng thức ăn giữ nhiệt inox 304 Elmich EL8336 dung tích 800ml,Nhà cửa - Đời sống,Tiki,387000,623000,0.38,213,4.8,https://tiki.vn/binh-dung-thuc-an-giu-nhiet-inox-304-elmich-el8336-dung-tich-800ml-p275570183.html?spid=275570185,False
275511640,Chảo chống dính Elmich EL4718OL,Nhà cửa - Đời sống,Tiki,270000,449000,0.4,227,5.0,https://tiki.vn/chao-chong-dinh-elmich-el4718ol-p275511640.html?spid=275511871,False
275189108,Cốc giữ nhiệt inox 304 Elmich EL8345 dung tích 480ML - Hàng Chính Hãng,Nhà cửa - Đời sống,Tiki,149000,206000,0.28,1082,4.8,https://tiki.vn/coc-giu-nhiet-inox-304-elmich-el8345-dung-tich-480ml-ha-ng-chi-nh-ha-ng-p275189108.html?spid=275374645,False
275058873,Bình giữ nhiệt Metro Cafe Tumbler LocknLock LHC4357 - Dung tích 500ml - Phủ sứ,Nhà cửa - Đời sống,Tiki,483000,704000,0.31,651,5.0,https://tiki.vn/binh-giu-nhiet-metro-cafe-tumbler-lhc4357-locknlock-dung-tich-500ml-phu-su-p275058873.html?spid=275059035,False
274371421,"Nhang sạch Liên Tâm 29cm Hộp 50 cây - Ít khói, nhang sen 100% từ thiên nhiên, trầm hương nguyên chất, khuynh diệp, sả chanh",Nhà cửa - Đời sống,Tiki,34000,34000,0.0,53,5.0,https://tiki.vn/nhang-sach-lien-tam-29cm-hop-60-cay-it-khoi-nhang-sen-100-tu-thien-nhien-tram-huong-nguyen-chat-khuynh-diep-sa-chanh-p274371421.html?spid=248080432,False
274054379,Bộ nồi chảo chống dính Elmich baby EL1168 size16cm,Nhà cửa - Đời sống,Tiki,409000,749000,0.45,174,4.6,https://tiki.vn/bo-noi-chao-chong-dinh-elmich-baby-el1168-size16cm-p274054379.html?spid=274054649,False
273901280,Cuộn Túi Hút Chân Không Thực Phẩm Một Mặt Nhám Một Mặt Trơn Dạng Hạt Mịn Phù Hợp Cho Tất Cả Các Dòng Máy Hút Chân Không - Hàng Chính Hãng,Nhà cửa - Đời sống,Tiki,59590,118000,0.5,140,4.8,https://tiki.vn/cuon-tui-hut-chan-khong-thuc-pham-mot-mat-nham-mot-mat-tron-dang-hat-min-phu-hop-cho-tat-ca-cac-dong-may-hut-chan-khong-hang-chinh-hang-p273901280.html?spid=273901290,False
273661002,Bình giữ nhiệt inox 316 Elmich EL8315 dung tích 480ml - Hàng Chính Hãng,Nhà cửa - Đời sống,Tiki,227000,300000,0.24,455,4.8,https://tiki.vn/binh-giu-nhiet-inox-316-elmich-el8315-dung-tich-480ml-hang-chinh-hang-p273661002.html?spid=274054633,False
273244983,Cốc giữ nhiệt inox 304 Elmich EL8309 dung tích 900ml - Hàng Chính Hãng,Nhà cửa - Đời sống,Tiki,372000,492000,0.24,200,4.7,https://tiki.vn/coc-giu-nhiet-inox-304-elmich-el8309-dung-tich-900ml-hang-chinh-hang-p273244983.html?spid=273247050,False
270212199,"Túi đựng rác gia đình , Bao đựng rác văn phòng 1kg 3 cuộn màu đen",Nhà cửa - Đời sống,Tiki,58000,58000,0.0,291,5.0,https://tiki.vn/tui-dung-rac-gia-dinh-bao-dung-rac-van-phong-1kg-3-cuon-mau-den-p270212199.html?spid=270212203,False
262362970,Ca giữ nhiệt Flat Table Mug LocknLock LHC4320 - Dung tích 730ml - Tay cầm thoải mái - Miệng ca rộng - Nắp trong suốt,Nhà cửa - Đời sống,Tiki,379000,636000,0.4,1284,5.0,https://tiki.vn/ca-giu-nhiet-flat-table-mug-locknlock-lhc4320-dung-tich-730ml-tay-cam-thoai-mai-mieng-ca-rong-nap-trong-suot-p262362970.html?spid=262362972,False
262300577,Bình giữ nhiệt Sling Ring Tumbler LocknLock LHC4321LVOL - Dung tích 650ml - Màu LVOL,Nhà cửa - Đời sống,Tiki,464000,779000,0.4,2289,5.0,https://tiki.vn/binh-giu-nhiet-sling-ring-tumbler-locknlock-lhc4321-lhc4322-hang-chinh-hang-p262300577.html?spid=262300583,False
201040328,Bình giữ nhiệt LocknLock Riga Tumbler Vietnam Edition LHC4160 897ml,Nhà cửa - Đời sống,Tiki,454000,825000,0.45,3009,5.0,https://tiki.vn/binh-giu-nhiet-locknlock-riga-tumbler-vietnam-edition-lhc4160-897ml-p201040328.html?spid=201040332,False
195852183,Bình giữ nhiệt bằng thép không gỉ LocknLock Jumbo Tumbler LHC4300YRED 900ML,Nhà cửa - Đời sống,Tiki,551000,860000,0.36,1739,5.0,https://tiki.vn/binh-giu-nhiet-bang-thep-khong-gi-locknlock-jumbo-tumbler-lhc4300-900ml-p195852183.html?spid=195852196,False
191891580,Bình đựng thức ăn giữ nhiệt Inox 304 Elmich EL8291BW dung tích 470ml,Nhà cửa - Đời sống,Tiki,264000,350000,0.25,158,4.8,https://tiki.vn/binh-dung-thuc-an-giu-nhiet-inox-304-elmich-el8291-dung-tich-470ml-p191891580.html?spid=189568092,False
183907622,"Cây Lăn Bụi Quần Áo, Ghế Sofa - Tặng Kèm 2 lõi lăn",Nhà cửa - Đời sống,Tiki,37000,37000,0.0,1180,4.7,https://tiki.vn/cay-lan-bui-quan-ao-ghe-sofa-tang-kem-2-loi-lan-p183907622.html?spid=183907623,False
174236741,Găng tay cao su tự nhiên Lock&amp;Lock ETM830 (có móc treo),Nhà cửa - Đời sống,Tiki,37000,61000,0.39,3047,5.0,https://tiki.vn/gang-tay-cao-su-tu-nhien-lock-lock-etm830-co-moc-treo-p174236741.html?spid=174236743,False
99868980,Bình Giữ Nhiệt Locknlock Bucket Tumbler 540ml LHC4269WHT,Nhà cửa - Đời sống,Tiki,332000,522000,0.36,15485,5.0,https://tiki.vn/binh-giu-nhiet-locknlock-bucket-tumbler-lhc4269-540ml-p99868980.html?spid=99868982,False
83412126,Bình Giữ Nhiệt Lock&Lock Energetic One-Touch Tumbler LHC3249 - 550ML,Nhà cửa - Đời sống,Tiki,345000,628000,0.45,23898,4.8,https://tiki.vn/binh-giu-nhiet-lock-lock-energetic-one-touch-tumbler-lhc3249-550ml-p83412126.html?spid=83412141,False
73124602,Bình Giữ Nhiệt Bằng Thép Không Gỉ Lock&amp;Lock Vacuum Bottle LHC6180FU (800ML),Nhà cửa - Đời sống,Tiki,452000,759000,0.4,30249,4.7,https://tiki.vn/binh-giu-nhiet-bang-thep-khong-gi-lock-lock-vacuum-bottle-lhc6180slv-800ml-p73124602.html?spid=1734499,False
72041730,"Bộ Dao 6 Món Lock&Lock (4 Dao, 1 Kéo, 1 Hộp Đựng Dao) CKK802",Nhà cửa - Đời sống,Tiki,667000,1109000,0.4,981,4.8,https://tiki.vn/bo-dao-6-mon-lock-lock-4-dao-1-keo-1-hop-dung-dao-ckk802-p72041730.html?spid=72041731,True
56941523,Ly nhựa 2 lớp LocknLock kèm ống hút HAP507 750ml,Nhà cửa - Đời sống,Tiki,159000,259000,0.39,15174,4.8,https://tiki.vn/ly-nhua-2-lop-locknlock-kem-ong-hut-hap507-750ml-p56941523.html?spid=56941528,False
55365176,0.5kg túi zipper chỉ đỏ đựng thực phẩm,Nhà cửa - Đời sống,Tiki,69000,69000,0.0,1931,4.8,https://tiki.vn/0-5kg-tui-zipper-chi-do-dung-thuc-pham-p55365176.html?spid=55365206,False
53583472,"Bộ Hộp Cơm Giữ Nhiệt Lock&amp;Lock Easy Carry 2.0L LHC8039BLU Có Túi (1 Hộp 720ml, 2 Hộp 420ml Kèm 1 Bộ Muỗng Và Nĩa) - Màu Xanh",Nhà cửa - Đời sống,Tiki,1259000,2114000,0.4,12265,4.7,https://tiki.vn/bo-hop-com-giu-nhiet-lock-lock-easy-carry-2l-lhc8039-co-tui-1-hop-720ml-2-hop-420ml-kem-1-bo-muong-va-nia-p53583472.html?spid=53583476,True
2153235,Bình Giữ Nhiệt Feather Light Lock&Lock LHC4131WR (450ml),Nhà cửa - Đời sống,Tiki,352000,641000,0.45,45714,4.7,https://tiki.vn/binh-giu-nhiet-lock-lock-feather-light-lhc4131-450ml-p2153235.html?spid=1015742,False
1398733,Cây Lau Nhà Dạng Đứng Lock&Lock ETM461 - Trắng Phối Màu ,Nhà cửa - Đời sống,Tiki,641000,641000,0.0,5333,4.6,https://tiki.vn/cay-lau-nha-dang-dung-lock-lock-etm461-26-x-12-8-cm-trang-phoi-mau-p1398733.html?spid=1408695,True
279184724,Bình giữ nhiệt LocknLock Dual One Touch Tumbler 320ml - LHC3276,Nhà cửa - Đời sống,Tiki,547000,547000,0.0,7,0.0,https://tiki.vn/binh-giu-nhiet-locknlock-dual-one-touch-tumbler-320ml-lhc3276-p279184724.html?spid=279184726,False
279183772,Hộp cơm LocknLock 5 ngăn – 1.4L – Dùng được lò vi sóng - LCB952,Nhà cửa - Đời sống,Tiki,303000,303000,0.0,12,5.0,https://tiki.vn/hop-com-locknlock-5-ngan-1-4l-dung-duoc-lo-vi-song-lcb952-p279183772.html?spid=279183776,False
279116145,1 gói Diệt chuột dạng viên Hợp Trí Storm 0.005% gói 20 viên,Nhà cửa - Đời sống,Tiki,36500,36500,0.0,339,4.5,https://tiki.vn/1-goi-diet-chuot-dang-vien-hop-tri-storm-0-005-goi-20-vien-p279116145.html?spid=279116146,False
278496959,"Quạt Phun Sươjng Điều Hòa Mini Cao Cấp (Loại Tốt) - Hàng Chất Lượng Cao, Mẫu Mới Siêu Bền với Đèn LED Tinh Tế, ĐÈN TRANG TRÍ",Nhà cửa - Đời sống,Tiki,266000,266000,0.0,1,0.0,https://tiki.vn/quat-phun-suojng-dieu-hoa-mini-cao-cap-loai-tot-hang-chat-luong-cao-mau-moi-sieu-ben-voi-den-led-tinh-te-den-trang-tri-p278496959.html?spid=278496960,False
278440256,"Màng bọc thực phẩm Ringo PVC, dùng được trong tủ lạnh, lò vi sóng, có lưỡi cắt tiện lợi, nhiều kích cỡ",Nhà cửa - Đời sống,Tiki,12000,24000,0.5,78,5.0,https://tiki.vn/mang-boc-thuc-pham-ringo-pvc-dung-duoc-trong-tu-lanh-lo-vi-song-co-luoi-cat-tien-loi-nhieu-kich-co-p278440256.html?spid=278440262,False
278102658,Ly Giữ Nhiệt LocknLock Metro Cafe Tumbler LHC4418 750ml - Thép Phủ Sứ,Nhà cửa - Đời sống,Tiki,615000,895000,0.31,11,0.0,https://tiki.vn/ly-giu-nhiet-locknlock-metro-cafe-tumbler-lhc4418-750ml-thep-phu-su-p278102658.html?spid=278102662,True
278101399,Bình Giữ Nhiệt LocknLock Balance Fit Tumbler LHC4400 700ml,Nhà cửa - Đời sống,Tiki,510000,742000,0.31,7,4.0,https://tiki.vn/binh-giu-nhiet-locknlock-balance-fit-tumbler-lhc4400-700ml-p278101399.html?spid=278101401,False
277821947,"Bộ dao, thìa, dĩa Elmich EL0002/0005 - Hàng chính hãng",Nhà cửa - Đời sống,Tiki,96000,128000,0.25,101,4.2,https://tiki.vn/bo-dao-thia-dia-elmich-el0002-0005-hang-chinh-hang-p277821947.html?spid=277821949,False
277821933,Hộp cơm cho trẻ em chia ngăn inox 304 Elmich Babycare EL0009 - Hàng chính hãng,Nhà cửa - Đời sống,Tiki,281000,372000,0.24,24,5.0,https://tiki.vn/hop-com-cho-tre-em-chia-ngan-inox-304-elmich-babycare-el0009-hang-chinh-hang-p277821933.html?spid=277821937,False
277740617,Găng tay bếp Elmich EL0205 - Hàng chính hãng,Nhà cửa - Đời sống,Tiki,108000,143000,0.24,32,5.0,https://tiki.vn/gang-tay-bep-elmich-el0205-hang-chinh-hang-p277740617.html?spid=277740619,False
277504334,"Bình Nước Học Sinh 750ml Hoạt Hình LABUBU Dễ Thương, Bình Đựng Nước Có Ống Hút Cho Bé - HÀNG CHÍNH HÃNG MINIIN",Nhà cửa - Đời sống,Tiki,55000,55000,0.0,5,5.0,https://tiki.vn/binh-nuoc-hoc-sinh-750ml-hoat-hinh-labubu-de-thuong-binh-dung-nuoc-co-ong-hut-cho-be-hang-chinh-hang-miniin-p277504334.html?spid=277504338,False
276025126,Chảo Inox liền khối Elmich Plus Trimax EL-3846MOL size 26cm,Nhà cửa - Đời sống,Tiki,549000,728000,0.25,33,5.0,https://tiki.vn/chao-inox-nguyen-khoi-elmich-trimax-el-3846-mol-size-26cm-p276025126.html?spid=276025127,False
275575217,Chảo chống dính vân gỗ Elmich Nature EL5947MG,Nhà cửa - Đời sống,Tiki,247000,327000,0.24,47,5.0,https://tiki.vn/chao-chong-dinh-van-go-elmich-nature-el5947mg-p275575217.html?spid=275575665,False
275546523,Bình hoa lọ hoa gốm sứ Bát Tràng men mộc decor trang trí,Nhà cửa - Đời sống,Tiki,89000,89000,0.0,3,3.0,https://tiki.vn/binh-hoa-lo-hoa-gom-su-bat-trang-men-moc-decor-trang-tri-p275546523.html?spid=275546528,False
275316010,Hạt giống Ớt Hàn Quốc trái dài VTP115,Nhà cửa - Đời sống,Tiki,13676,13676,0.0,10,5.0,https://tiki.vn/hat-giong-ot-han-quoc-trai-dai-vtp115-p275316010.html?spid=275316011,False
274991847,"Nhang Trầm Hương Đặc Biệt  3 Lành Dài 23-30-40cm, Hộp 100-400gr Sạch Tự Nhiên 100% Không Hóa Chất 7-12 Năm Trầm Thờ Cúng Dâng Hương Xông Nhà",Nhà cửa - Đời sống,Tiki,138000,190000,0.27,22,5.0,https://tiki.vn/nhang-tram-huong-dac-biet-30-40cm-100-400gr-3-lanh-sach-tu-nhien-100-khong-hoa-chat-7-12-nam-tram-tho-cung-qua-3-3-p274991847.html?spid=279049585,False
274765055,Cốc Cafe Giữ Nhiệt 330ml Chất Liệu Inox 304 Có Tay Cầm Tặng Kèm Thìa - Shop Gold,Nhà cửa - Đời sống,Tiki,129000,129000,0.0,11,5.0,https://tiki.vn/coc-cafe-giu-nhiet-330ml-chat-lieu-inox-304-co-tay-cam-tang-kem-thia-shop-gold-p274765055.html?spid=274765059,False
274691766,"Bộ lau nhà Plus 2 ngăn tự vắt, cây lau nhà xoay 360 độ giúp lau sàn làm sạch",Nhà cửa - Đời sống,Tiki,285000,285000,0.0,71,5.0,https://tiki.vn/bo-lau-nha-plus-2-ngan-tu-vat-cay-lau-nha-xoay-360-do-giup-lau-san-lam-sach-p274691766.html?spid=274691767,False
274581589,"Kệ Đựng Gia Vị Nhà Bếp 2 Tầng Chắc Chắn Việt Nhật , Kệ Nhà Bếp Đa Năng - Hàng Việt Nam",Nhà cửa - Đời sống,Tiki,103950,198000,0.48,8,5.0,https://tiki.vn/ke-dung-gia-vi-nha-bep-2-tang-chac-chan-viet-nhat-ke-nha-bep-da-nang-hang-viet-nam-p274581589.html?spid=274585086,False
274279998," Bộ drap gối Tencel vải Hàn Quốc , đỉnh cao mát , mềm mại { drap và 3 áo gối",Nhà cửa - Đời sống,Tiki,359000,359000,0.0,8,5.0,https://tiki.vn/bo-drap-goi-tencel-va-i-han-quoc-di-nh-cao-ma-t-me-m-ma-i-drap-va-3-a-o-go-i-p274279998.html?spid=277964359,False
274173548,"Hũ thủy tinh làm sữa chua, chưng yến 200 ml dáng béo bụng PEAFLO",Nhà cửa - Đời sống,Tiki,72000,72000,0.0,65,5.0,https://tiki.vn/hu-thuy-tinh-lam-sua-chua-chung-yen-200-ml-dang-beo-bung-peaflo-p274173548.html?spid=274173550,False
274100170,Ly nhựa 2 lớp Cherry Blossom Double wall Cold Cup LocknLock HAP522 - Kèm ống hút - Dung tích 750ml,Nhà cửa - Đời sống,Tiki,179000,259000,0.31,197,5.0,https://tiki.vn/ly-nhua-2-lop-cherry-blossom-double-wall-cold-cup-locknlock-hap522-kem-ong-hut-dung-tich-750ml-p274100170.html?spid=274100734,False
273911405,Bình giữ nhiệt inox 316 Elmich EL8331 dung tích 1L,Nhà cửa - Đời sống,Tiki,329000,437000,0.25,65,5.0,https://tiki.vn/binh-giu-nhiet-inox-316-elmich-el8331-dung-tich-1l-p273911405.html?spid=274054612,False
273624233,Bình giữ nhiệt LocknLock Metro Two Way LHC4272/LHC4274 - Hàng chính hãng,Nhà cửa - Đời sống,Tiki,444000,746000,0.4,2781,5.0,https://tiki.vn/binh-giu-nhiet-locknlock-metro-two-way-lhc4272-lhc4274-hang-chinh-hang-p273624233.html?spid=176598089,False
273607042,Nồi Inox 3 Đáy Sunhouse SHG301 ( Dùng cho mọi loại bếp),Nhà cửa - Đời sống,Tiki,222000,495000,0.55,95,4.8,https://tiki.vn/noi-inox-3-day-sunhouse-shg301-dung-cho-moi-loai-bep-p273607042.html?spid=273607345,False
273244864,Chảo chống dính siêu bền Elmich EL5942GY - Hàng Chính Hãng,Nhà cửa - Đời sống,Tiki,320000,499000,0.36,45,3.9,https://tiki.vn/chao-chong-dinh-sieu-ben-elmich-el5942gy-hang-chinh-hang-p273244864.html?spid=273247032,False
273158786,[Kèm Ảnh Thực Tế - Miễn phí vận chuyển & Lắp đặt] Tủ giày thông minh siêu mỏng cao cấp Ohaha - TGCC025,Nhà cửa - Đời sống,Tiki,1290000,1290000,0.0,7,5.0,https://tiki.vn/tu-giay-thong-minh-sieu-mong-cao-cap-ohaha-tgcc025-p273158786.html?spid=273158804,True
273044341,Bộ thớt nhựa đa năng Smartcook SM 8403,Nhà cửa - Đời sống,Tiki,298000,419000,0.29,10,5.0,https://tiki.vn/bo-thot-nhua-da-nang-smartcook-sm-8403-p273044341.html?spid=273061623,False
272639442,Hộp bảo quản thủy tinh LocknLock BLANC - Hộp vuông,Nhà cửa - Đời sống,Tiki,70000,113000,0.38,757,4.6,https://tiki.vn/hop-bao-quan-thuy-tinh-locknlock-blanc-hop-vuong-p272639442.html?spid=275706171,False
272454865,Bọc trùm máy giặt cửa ngang vải bạt cao cấp chống nước che mát máy ngăn bụi bẩn,Nhà cửa - Đời sống,Tiki,225000,225000,0.0,40,5.0,https://tiki.vn/boc-trum-may-giat-cua-ngang-vai-bat-cao-cap-chong-nuoc-che-mat-may-ngan-bui-ban-p272454865.html?spid=272454939,False
271064522,Dụng cụ nghiền khoai tây không dính Lafonte - 003568,Nhà cửa - Đời sống,Tiki,105000,142000,0.26,21,5.0,https://tiki.vn/dung-cu-nghien-khoai-tay-khong-dinh-lafonte-003568-p271064522.html?spid=271064525,False
198800861,Ca nước giữ nhiệt LocknLock Metro Table Mug 600ml - LHC4282,Nhà cửa - Đời sống,Tiki,398000,669000,0.41,403,4.8,https://tiki.vn/ca-nuoc-giu-nhiet-locknlock-metro-table-mug-600ml-lhc4282-p198800861.html?spid=198800865,False
192815425,Bộ dây phơi quần áo loại Tốt,Nhà cửa - Đời sống,Tiki,90000,90000,0.0,5,5.0,https://tiki.vn/bo-day-phoi-quan-ao-loai-tot-p192815425.html?spid=192815427,False
190791221,"Hộp 4 pin sạc AA AAA Beston dung lượng cao, sạc lại nhiều lần - Hàng chính hãng",Nhà cửa - Đời sống,Tiki,60000,60000,0.0,623,4.8,https://tiki.vn/hop-4-pin-sac-aa-aaa-beston-dung-luong-cao-sac-lai-nhieu-lan-hang-chinh-hang-p190791221.html?spid=190791223,False
119030223,"Keo Dán Giày, Gỗ, Nhựa, Sứ Siêu Dính Chống Thấm Đa Năng Deli - 7Ml / 20Ml - 7140 / 7149",Nhà cửa - Đời sống,Tiki,23400,23400,0.0,2501,4.6,https://tiki.vn/keo-dan-giay-go-nhua-su-sieu-dinh-chong-tham-da-nang-deli-7ml-20ml-7140-7149-p119030223.html?spid=119030227,False
101921036,"Bóng đèn PHILIPS LEDBULB Mycare -Công suất (4W,6W,8W,10W,12W) bảo vệ mắt",Nhà cửa - Đời sống,Tiki,52500,60500,0.13,597,4.7,https://tiki.vn/bong-den-philips-ledbulb-mycare-a60-cong-suat-4w-6w-8w-10w-12w-bao-ve-mat-p101921036.html?spid=101921038,False
56527776,Pin trung Energizer Max E93 vỉ 2 viên chính hãng,Nhà cửa - Đời sống,Tiki,99600,99600,0.0,256,5.0,https://tiki.vn/pin-trung-energizer-max-e93-vi-2-vien-chinh-hang-p56527776.html?spid=56527777,False
56383693,Combo 300 túi lọc rác bồn rửa bát,Nhà cửa - Đời sống,Tiki,95000,95000,0.0,329,5.0,https://tiki.vn/combo-300-tui-loc-rac-bon-rua-bat-p56383693.html?spid=184240109,False
892141,Pin Max 8 + 4 Viên Energizer E92 BP8+4 AAA,Nhà cửa - Đời sống,Tiki,170000,170000,0.0,2942,4.8,https://tiki.vn/pin-max-8-4-vien-energizer-e92-bp8-4-aaa-p892141.html?spid=56815640,False
647768,Ổ Khóa Chống Cắt Titalium ABUS 96CSTI/60 (60mm),Nhà cửa - Đời sống,Tiki,747000,795000,0.06,462,4.8,https://tiki.vn/o-khoa-chong-cat-titalium-abus-96csti-60-60mm-p647768.html?spid=10884333,True
279229147,"Chiếu Mây Điều Hòa Thủ Công Cao Cấp – Sợi Mây Tự Nhiên 5kg/Chiếc, Gấp Gọn Được, Giặt Được, Mát Lạnh Mùa Hè – Size 1m6 / 1m8 / 2m2 - HÀNG CHÍNH HÃNG MINIIN",Nhà cửa - Đời sống,Tiki,399000,399000,0.0,7,4.0,https://tiki.vn/chieu-may-dieu-hoa-thu-cong-cao-cap-soi-may-tu-nhien-5kg-chiec-gap-gon-duoc-giat-duoc-mat-lanh-mua-he-size-1m6-1m8-2m2-hang-chinh-hang-miniin-p279229147.html?spid=279229149,False
278851715,[KoSuyTu] Giá Đỡ Điện Thoại 3 Trong 1 Kèm Pin Dự Phòng & Loa Bluetooth - Đa Năng Tiện Lợi Di Động Điều Chỉnh Góc 360 Độ Tương Thích Nhiều Thiết Bị ,Nhà cửa - Đời sống,Tiki,83000,83000,0.0,11,0.0,https://tiki.vn/kosuytu-gia-do-dien-thoai-3-trong-1-kem-pin-du-phong-loa-bluetooth-da-nang-tien-loi-di-dong-dieu-chinh-goc-360-do-tuong-thich-nhieu-thiet-bi-p278851715.html?spid=278851716,False
278123334,"Ổ Cắm Chia Điện Deli, Ổ Cắm Điện Chữ T Công Suất 2500W Tích Hợp Cổng USB &TypeC Sạc Nhanh 20W",Nhà cửa - Đời sống,Tiki,171000,171000,0.0,87,4.8,https://tiki.vn/o-cam-chia-dien-deli-o-cam-dien-chu-t-cong-suat-2500w-tich-hop-cong-usb-typec-sac-nhanh-20w-p278123334.html?spid=278123336,False
278102824,"Máy xay muối và tiêu LocknLock một chạm 2 màu (Trắng, Đen) - CKO118",Nhà cửa - Đời sống,Tiki,255000,330000,0.23,40,5.0,https://tiki.vn/may-xay-muoi-va-tieu-locknlock-mot-cham-2-mau-trang-den-cko118-p278102824.html?spid=278102826,False
278100554,"Hộp Cơm Inox 2 Tầng LocknLock LCB500 1.6L, Hàng Chính Hãng, Chia Ngăn, Thép Không Gỉ",Nhà cửa - Đời sống,Tiki,402000,520000,0.23,135,4.5,https://tiki.vn/hop-com-inox-2-tang-locknlock-lcb500-1-6l-hang-chinh-hang-chia-ngan-thep-khong-gi-p278100554.html?spid=278100556,False
277835581,Hộp cơm 2 tầng inox 304 Elmich EL8313 (1.5L) - Hàng chính hãng,Nhà cửa - Đời sống,Tiki,344000,456000,0.25,67,5.0,https://tiki.vn/hop-com-2-tang-inox-304-elmich-el8313-1-5l-hang-chinh-hang-p277835581.html?spid=277835631,False
277742262,Hộp cơm giữ nhiệt inox 304 Elmich EL8302 dung tích 1.7L - Hàng chính hãng,Nhà cửa - Đời sống,Tiki,780000,998000,0.22,32,5.0,https://tiki.vn/hop-com-giu-nhiet-inox-304-elmich-el8302-dung-tich-1-7l-hang-chinh-hang-p277742262.html?spid=277742264,True
277740624,Quánh Inox nguyên khối Elmich baby EL-3848 size 14cm - Hàng chính hãng,Nhà cửa - Đời sống,Tiki,523000,709000,0.26,24,5.0,https://tiki.vn/quanh-inox-nguyen-khoi-elmich-baby-el-3848-size-14cm-hang-chinh-hang-p277740624.html?spid=277740625,False
277740559,Bình giữ nhiệt inox 304 Elmich EL8382 dung tích 810ml,Nhà cửa - Đời sống,Tiki,290000,589000,0.51,25,3.0,https://tiki.vn/binh-giu-nhiet-inox-304-elmich-el8382-dung-tich-810ml-p277740559.html?spid=277740570,False
277382810,"Bình Giữ Nhiệt Trẻ Em LocknLock 550ML - Victory Kids - 4 Màu (Xanh Dương, Xanh Lá, Vàng, Vàng Nhạt) - LHC1475",Nhà cửa - Đời sống,Tiki,415000,944000,0.56,34,5.0,https://tiki.vn/binh-giu-nhiet-tre-em-locknlock-550ml-victory-kids-4-mau-xanh-duong-xanh-la-vang-vang-nhat-lhc1475-p277382810.html?spid=277382814,False
277361238,"Ghế Công Thái Học Chỉnh Dáng Ngồi - Ghế Tựa Lưng Chống Cong Vẹo Cột Sống Cho Nam, Nữ, Trẻ Em - HÀNG CHÍNH HÃNG MINIIN",Nhà cửa - Đời sống,Tiki,95000,95000,0.0,145,4.5,https://tiki.vn/ghe-cong-thai-hoc-chinh-dang-ngoi-ghe-tua-lung-chong-cong-veo-cot-song-cho-nam-nu-tre-em-hang-chinh-hang-miniin-p277361238.html?spid=277361481,False
277214015,SET 4 Đệm Lót Chân Bàn Ghế Vuông Tròn Chống Ồn Hamart Bọc Chân Ghế Gỗ Silicone Chống Xước Sàn Nhà,Nhà cửa - Đời sống,Tiki,70000,70000,0.0,10,0.0,https://tiki.vn/set-4-dem-lot-chan-ban-ghe-vuong-tron-chong-on-hamart-boc-chan-ghe-go-silicone-chong-xuoc-san-nha-p277214015.html?spid=277214021,False
276964772,CHẢO Inox Impact Sunhouse ECO IN20-24-26M5 - Đáy từ công nghệ mới Impact Bonding - Dùng được trên mọi loại bếp,Nhà cửa - Đời sống,Tiki,229000,630000,0.64,67,4.5,https://tiki.vn/chao-inox-impact-sunhouse-eco-in20-24-26m5-day-tu-cong-nghe-moi-impact-bonding-dung-duoc-tren-moi-loai-bep-p276964772.html?spid=276965023,False
276025120,Chảo inox 3 lớp nguyên khối Elmich Trimax EL 3846OL16 size 16cm,Nhà cửa - Đời sống,Tiki,392000,519000,0.24,73,5.0,https://tiki.vn/chao-inox-3-lop-nguyen-khoi-elmich-trimax-el-3846ol16-size-16cm-p276025120.html?spid=276025123,False
275749420,"BG Ghế Xếp Gấp Gọn S11, S14 Khung Kim Loại , Dã Ngoại Picnic Câu Cá - Chất Liệu Vải Oxford Dày Dặn Thoáng Khí-Thiết Kế Tựa Lưng Ngồi Thư Giãn",Nhà cửa - Đời sống,Tiki,179000,299000,0.4,21,4.5,https://tiki.vn/bg-ghe-s11-xep-gap-gon-da-ngoai-picnic-cau-ca-chat-lieu-vai-oxford-day-dan-thoang-khi-thiet-ke-tua-lung-ngoi-thu-gian-p275749420.html?spid=277541612,False
275570184,Bình đựng thức ăn giữ nhiệt inox 304 Elmich EL8337 dung tích 650ml,Nhà cửa - Đời sống,Tiki,232000,404000,0.43,265,5.0,https://tiki.vn/binh-dung-thuc-an-giu-nhiet-inox-304-elmich-el8337-dung-tich-650ml-p275570184.html?spid=275570680,False
275263278,"Thuốc diệt chuột, Kẹo diệt chuột tiêu diệt cả đàn chuột hàng Thái Lan",Nhà cửa - Đời sống,Tiki,95000,95000,0.0,489,4.7,https://tiki.vn/thuoc-diet-chuot-keo-diet-chuot-tieu-diet-ca-dan-chuot-hang-thai-lan-p275263278.html?spid=275263279,False
274967167,"Ổ cắm điện đa năng Deli Công Suất 2500W - Tích Hợp Ổ USB & Type C Thiết Kế Cầu Chì Tự Ngắt Khi Quá Tải, Nắp Chống Giật",Nhà cửa - Đời sống,Tiki,576000,576000,0.0,205,5.0,https://tiki.vn/o-cam-dien-da-nang-deli-cong-suat-2500w-tich-hop-o-usb-type-c-thiet-ke-cau-chi-tu-ngat-khi-qua-tai-nap-chong-giat-p274967167.html?spid=274967169,False
274869073,"Hạt Giống Rau Greenhome, Ăn Lá, Nhiều Loại, Trồng Chậu, Dễ Trồng, Trồng Quanh Năm, Năng Suất Cao",Nhà cửa - Đời sống,Tiki,19900,38000,0.48,34,0.0,https://tiki.vn/hat-giong-rau-greenhome-an-la-nhieu-loai-trong-chau-de-trong-trong-quanh-nam-nang-suat-cao-p274869073.html?spid=274869089,False
273672038,Ly nhựa 2 lớp Bubble Tea Cold Cup LocknLock HAP529 - Kèm ống hút - Dung tích 720ml,Nhà cửa - Đời sống,Tiki,145000,235000,0.38,218,5.0,https://tiki.vn/ly-nhua-2-lop-bubble-tea-cold-cup-locknlock-hap529-kem-ong-hut-dung-tich-720ml-p273672038.html?spid=273672073,False
273619945,Cốc giữ nhiệt inox 304 Elmich EL8312 dung tích 600ml - Hàng Chính Hãng,Nhà cửa - Đời sống,Tiki,299000,396000,0.24,325,4.8,https://tiki.vn/coc-giu-nhiet-inox-304-elmich-el8312-dung-tich-600ml-hang-chinh-hang-p273619945.html?spid=274054618,False
273456113,"Bóng đèn Philips trụ TForce siêu sáng (25W,35W,45W, 50W) - Ánh sáng trắng 6500K (01 bóng)",Nhà cửa - Đời sống,Tiki,93300,128700,0.28,144,5.0,https://tiki.vn/bong-den-philips-tru-tforce-sieu-sang-25w-35w-45w-anh-sang-trang-6500k-01-bong-p273456113.html?spid=273456115,False
272553066,"Túi Đựng Quần Áo Chăn Màn Vải Không Dệt Chống Thấm Nước Deli, Giỏ Đựng Quần áo Đa Năng Có Thể Gấp Gọn",Nhà cửa - Đời sống,Tiki,88200,88200,0.0,301,4.7,https://tiki.vn/tui-dung-quan-ao-chan-man-vai-khong-det-chong-tham-nuoc-deli-gio-dung-quan-ao-da-nang-co-the-gap-gon-p272553066.html?spid=272553074,False
272484433,Đồng hồ treo tường kim trôi không ồn minimalist phong cách tối giản trang trí phòng khách Bảo hành 12 tháng Deli,Nhà cửa - Đời sống,Tiki,387000,387000,0.0,288,4.8,https://tiki.vn/dong-ho-treo-tuong-kim-troi-khong-on-minimalist-phong-cach-toi-gian-trang-tri-phong-khach-bao-hanh-12-thang-deli-p272484433.html?spid=272484435,False
270462665,Bình nước LocknLock One Handed HAP818 - Tay cầm và nắp đậy tiện lợi - Nhựa PP - Dung tích 2.1L,Nhà cửa - Đời sống,Tiki,141000,141000,0.0,366,5.0,https://tiki.vn/binh-nuoc-locknlock-one-handed-hap818-tay-cam-va-nap-day-tien-loi-nhua-pp-dung-tich-2-1l-p270462665.html?spid=270462678,False
226036798,Bình Giữ Nhiệt LocknLock 550ml LHC3249,Nhà cửa - Đời sống,Tiki,415000,697000,0.4,1198,4.8,https://tiki.vn/binh-giu-nhiet-locknlock-550ml-lhc3249-p226036798.html?spid=226036800,False
207941719,Bộ cây lau nhà Lock&Lock Mini Spin Mop & 4 bông lau sàn ETM498MITS2 - Màu xanh mint,Nhà cửa - Đời sống,Tiki,627000,1101000,0.43,1083,4.5,https://tiki.vn/bo-cay-lau-nha-lock-lock-mini-spin-mop-4-bong-lau-san-etm498mits2-mau-xanh-mint-p207941719.html?spid=207941720,True
202805930,Bộ Hộp Cơm Giữ Nhiệt Hút Chân Không Lock&Lock NVY-4 - LHC8052S01,Nhà cửa - Đời sống,Tiki,1273000,1903000,0.33,1039,4.8,https://tiki.vn/bo-hop-com-giu-nhiet-hut-chan-khong-lock-lock-nvy-4-lhc8052s01-p202805930.html?spid=202805931,True
202603987,Bộ 3 hộp thực phẩm vuông Hokkaido 50010002000ml,Nhà cửa - Đời sống,Tiki,73800,159000,0.54,69,5.0,https://tiki.vn/bo-3-hop-thuc-pham-vuong-hokkaido-50010002000ml-p202603987.html?spid=276030943,False
201911056,Bộ 3 hộp thực phẩm chữ nhật Hokkaido 50010002000ml,Nhà cửa - Đời sống,Tiki,74300,159000,0.53,77,5.0,https://tiki.vn/bo-3-hop-thuc-pham-chu-nhat-hokkaido-50010002000ml-p201911056.html?spid=277857768,False
191918107,Bình lắc LocknLock Balance Shake It Bottle HAP949BLK 800ml - Màu,Nhà cửa - Đời sống,Tiki,181000,318000,0.43,802,4.8,https://tiki.vn/binh-lac-locknlock-balance-shake-it-bottle-hap949-800ml-p191918107.html?spid=191918109,False
145760683,Thảm chân Vải Mềm Phòng Khách Nhà Tắm Nhà Bếp Siêu Thấm Nước,Nhà cửa - Đời sống,Tiki,69000,69000,0.0,142,5.0,https://tiki.vn/tham-chan-len-soi-nho-peaflo-40x60cm-p145760683.html?spid=145760810,False
120166109,"Bóng Philips LED bulb Essential E27 (5W,7W,9W,11W,13W) - E27 (3000K/6500K)",Nhà cửa - Đời sống,Tiki,42700,49000,0.13,2687,4.8,https://tiki.vn/bong-philips-led-bulb-essential-e27-5w-7w-9w-11w-13w-e27-3000k-6500k-p120166109.html?spid=120166111,False
96147259,Dây lẻ cho đàn guitar acoustic (set 5 dây),Nhà cửa - Đời sống,Tiki,9000,9000,0.0,6,2.0,https://tiki.vn/day-le-cho-dan-guitar-acoustic-set-5-day-p96147259.html?spid=96147304,False
93094433,Nệm cao su non Thắng Lợi 20cm,Nhà cửa - Đời sống,Tiki,2775000,2775000,0.0,8,5.0,https://tiki.vn/nem-cao-su-non-thang-loi-20cm-p93094433.html?spid=93094456,True
77754608,Phân thông minh tan chậm RYNAN 200 - 210 - 220 - 230 - 240 đầy đủ các giai đoạn phát triển chuyên cho hoa Lan - hoa cảnh và Bonsai hũ 150g - Rynan 240,Nhà cửa - Đời sống,Tiki,41000,41000,0.0,182,4.7,https://tiki.vn/phan-thong-minh-tan-cham-rynan-200-210-220-230-240-day-du-cac-giai-doan-phat-trien-chuyen-cho-hoa-lan-hoa-canh-va-bonsai-p77754608.html?spid=77754618,False
74488395,Kệ chén ly 4 tầng nhựa Chấn Thuận Thành đựng đồ đa năng 39x29x68 cm - hàng Việt Nam Chất Lượng Cao KNH4T20 nhiều màu (giao màu ngẫu nhiên),Nhà cửa - Đời sống,Tiki,144500,144500,0.0,118,4.2,https://tiki.vn/ke-chen-ly-4-tang-nhua-chan-thuan-thanh-dung-do-da-nang-39x29x68-cm-hang-viet-nam-chat-luong-cao-knh4t20-nhieu-mau-giao-mau-ngau-nhien-p74488395.html?spid=74488396,False
74307765,Nồi Sâu Lòng LocknLock LHD1141 Handycook Có Tay Cầm Và Nắp Đậy 14cm - Màu Xám,Nhà cửa - Đời sống,Tiki,252000,416000,0.39,914,4.6,https://tiki.vn/noi-sau-long-locknlock-lhd1141-handycook-co-tay-cam-va-nap-day-14cm-mau-xam-p74307765.html?spid=74307766,False
73639044,"Bộ nồi inox 3 lớp đáy liền Elmich 2103OL size 18,20,26cm",Nhà cửa - Đời sống,Tiki,2090000,2766000,0.24,54,4.6,https://tiki.vn/bo-noi-inox-3-lop-day-lien-elmich-2103ol-size-18-20-26cm-p73639044.html?spid=82190115,True
892121,Pin Max 8 + 4 Viên Energizer E91 BP8+4 AA,Nhà cửa - Đời sống,Tiki,169600,169600,0.0,2900,5.0,https://tiki.vn/pin-max-8-4-vien-energizer-e91-bp8-4-aa-p892121.html?spid=53501606,False
279292385,Bật Lửa Điện Tia Plasmas Vân Nhám Cao Cấp - Sạc Điện,Nhà cửa - Đời sống,Tiki,159000,159000,0.0,17,5.0,https://tiki.vn/bat-lua-dien-tia-plasmas-van-nham-cao-cap-sac-dien-p279292385.html?spid=279292391,False
279216083,Hộp Trữ Đông Thực Phẩm Freezer Fit Locknlock Màu Tự Nhiên nhiều dung tích,Nhà cửa - Đời sống,Tiki,100000,100000,0.0,23,4.0,https://tiki.vn/hop-tru-dong-thuc-pham-freezer-fit-locknlock-mau-tu-nhien-nhieu-dung-tich-p279216083.html?spid=279216087,False
279183797,"Ly Giữ Nhiệt LocknLock 710ml Thép Phủ Sứ, Có Ống Hút 3 màu - LHC4416",Nhà cửa - Đời sống,Tiki,816000,816000,0.0,535,5.0,https://tiki.vn/ly-giu-nhiet-locknlock-710ml-thep-phu-su-co-ong-hut-3-mau-lhc4416-p279183797.html?spid=279183799,True
278968858,"Set Khay Kèm Đĩa, Vỉ Lưới Lọc Dầu Chất Liệu INOX 304 Cao Cấp, Đựng Ráo Dầu Thức Ăn Chiên Rán Lọc Dầu 20cm - 25cm - HÀNG CHÍNH HÃNG MINIIN",Nhà cửa - Đời sống,Tiki,65000,65000,0.0,55,3.8,https://tiki.vn/set-khay-kem-dia-vi-luoi-loc-dau-chat-lieu-inox-304-cao-cap-dung-rao-dau-thuc-an-chien-ran-loc-dau-20cm-25cm-hang-chinh-hang-miniin-p278968858.html?spid=278968860,False
278965207,Chảo chống dính Ceramic Elmich Mocha EL5989MC,Nhà cửa - Đời sống,Tiki,267000,369000,0.28,6,5.0,https://tiki.vn/chao-chong-dinh-ceramic-elmich-mocha-el5989mc-p278965207.html?spid=278965209,False
278963657,"Thảm lau chân, chùi chân chống trơn trượt, chất liệu lông siêu thấm, Thảm nhà tắm, thảm trang trí cửa phòng màu trơn khổ 40x60cm và thảm bếp dài 40*120cm- Chính hãng MINIIN",Nhà cửa - Đời sống,Tiki,29000,29000,0.0,100,5.0,https://tiki.vn/tham-lau-chan-chui-chan-chong-tron-truot-chat-lieu-long-sieu-tham-tham-nha-tam-tham-trang-tri-cua-phong-mau-tron-kho-40x60cm-va-tham-bep-dai-40-120cm-chinh-hang-miniin-p278963657.html?spid=175533945,False
278945513,Combo 30 móc treo quần áo Prota,Nhà cửa - Đời sống,Tiki,30000,30000,0.0,2056,4.6,https://tiki.vn/combo-30-moc-treo-quan-ao-prota-p278945513.html?spid=41227455,False
278881193,Diệt chuột thông minh Racumin 0.75 TP 20gr,Nhà cửa - Đời sống,Tiki,23200,23200,0.0,227,3.0,https://tiki.vn/diet-chuot-thong-minh-racumin-0-75-tp-20gr-p278881193.html?spid=278881194,False
278125395,"Túi Đựng Rau Quả LAS PALMS Tự Hủy Sinh Học (240-250 túi/ Cuộn) - Nhiều kích thước, Công Nghệ Anh Quốc",Nhà cửa - Đời sống,Tiki,30000,40000,0.25,30,5.0,https://tiki.vn/tui-dung-rau-qua-las-palms-tu-huy-sinh-hoc-240-250-tui-cuon-nhieu-kich-thuoc-cong-nghe-anh-quoc-p278125395.html?spid=278125397,False
278123468,Ổ Cắm Điện Mẫu Mới 2025 Deli Ổ ĐIện Đa Năng Chống Cháy Nổ 2500W Cổng Sạc USB/ TypeC Thông Minh,Nhà cửa - Đời sống,Tiki,286200,286200,0.0,31,5.0,https://tiki.vn/o-cam-dien-mau-moi-2025-deli-o-dien-da-nang-chong-chay-no-2500w-cong-sac-usb-typec-thong-minh-p278123468.html?spid=278154327,False
278100479,"Hộp cơm nhựa 3 ngăn trong suốt  LocknLock 750ml - LCB501 và 1L - LCB502 - 2 màu (Tím, Xanh)",Nhà cửa - Đời sống,Tiki,212000,275000,0.23,17,5.0,https://tiki.vn/hop-com-nhua-3-ngan-trong-suot-locknlock-750ml-lcb501-va-1l-lcb502-2-mau-tim-xanh-p278100479.html?spid=278100481,False
277812354,"Túi 100 Gói Ngâm Chân Thảo Dược Gừng, Đương Quy, Nghệ Tay, Ngải Cứu Giúp Lưu Thông Máu, Giảm Đau Mỏi",Nhà cửa - Đời sống,Tiki,55000,55000,0.0,38,3.3,https://tiki.vn/tui-100-goi-ngam-chan-thao-duoc-gung-duong-quy-nghe-tay-ngai-cuu-giup-luu-thong-mau-giam-dau-moi-p277812354.html?spid=277812356,False
277776439,Nồi phủ sứ an toàn Elmich Verona EL5525SK,Nhà cửa - Đời sống,Tiki,399000,548000,0.27,116,5.0,https://tiki.vn/noi-phu-su-an-toan-elmich-verona-el5525sk-p277776439.html?spid=277776893,False
277740584,Chảo chống dính Elmich Basic EL5952GR - Hàng chính hãng,Nhà cửa - Đời sống,Tiki,173000,230000,0.25,44,5.0,https://tiki.vn/chao-chong-dinh-elmich-basic-el5952gr-hang-chinh-hang-p277740584.html?spid=277740586,False
276440258,"Bình Gas Bơm Bật Lửa Bluesky 5 Đầu Bơm Dung Tích 150gr/275ml Siêu Tiện Dụng, Bình Bơm Gas Bật Lửa Hàn Quốc",Nhà cửa - Đời sống,Tiki,79000,79000,0.0,820,5.0,https://tiki.vn/binh-gas-bom-bat-lua-bluesky-5-dau-bom-dung-tich-150gr-275ml-sieu-tien-dung-binh-bom-gas-bat-lua-han-quoc-p276440258.html?spid=276440259,False
276106593,Combo 300 Túi Lọc Rác cho bồn rửa chén bát – Combo 300 Túi Lưới Lọc Rác Giúp Ngăn Chặn Tắc Đường Ống Tiện Lợi,Nhà cửa - Đời sống,Tiki,110000,110000,0.0,94,5.0,https://tiki.vn/combo-100-tui-loc-rac-cho-bon-rua-chen-bat-combo-200-tui-luoi-loc-rac-giup-ngan-chan-tac-duong-ong-tien-loi-p276106593.html?spid=276559870,False
275570245,Chảo Inox dập nguyên khối Elmich EL2431OL,Nhà cửa - Đời sống,Tiki,536000,710000,0.25,201,4.7,https://tiki.vn/chao-inox-dap-nguyen-khoi-elmich-el2431ol-p275570245.html?spid=275570440,False
275451440,Cây lau nhà tự vắt Elmich EL8429,Nhà cửa - Đời sống,Tiki,226000,339000,0.33,52,4.7,https://tiki.vn/cay-lau-nha-tu-vat-elmich-el8429-p275451440.html?spid=275451442,False
273871624,"Thang nhôm ghế gia đình 3 bậc SUMIKA A103, chiều cao 68cm",Nhà cửa - Đời sống,Tiki,599000,599000,0.0,69,5.0,https://tiki.vn/thang-nhom-ghe-gia-dinh-3-bac-sumika-a103-chieu-cao-68cm-p273871624.html?spid=273871626,True
273597059,Kéo nhà bếp đa năng Elmich Diamond EL8409 - Hàng Chính Hãng,Nhà cửa - Đời sống,Tiki,124000,164000,0.24,62,4.5,https://tiki.vn/keo-nha-bep-da-nang-elmich-diamond-el8409-hang-chinh-hang-p273597059.html?spid=274054634,False
273562361,"[4026] BG Kệ đa năng 3/4/5 - bánh xe, giỏ đựng đồ, Dễ dàng di chuyển giá sách đa năng,Kệ đa năng có bánh xe, di chuyển tiện lợi (hàng nhập khẩu)",Nhà cửa - Đời sống,Tiki,73000,73000,0.0,104,4.5,https://tiki.vn/ke-da-nang-3-4-5-banh-xe-gio-dung-do-de-dang-di-chuyen-gia-sach-da-nang-ke-da-nang-co-banh-xe-di-c-hang-nhap-khau-p273562361.html?spid=273562369,False
273441372,"Bộ đèn âm trần Philips LED Max DL262 Max siêu mỏng- công suất (9W, 12W)",Nhà cửa - Đời sống,Tiki,184300,288200,0.36,67,5.0,https://tiki.vn/bo-den-am-tran-philips-led-max-dl262-max-sieu-mong-cong-suat-9w-12w-p273441372.html?spid=273441382,False
273400802,"Bộ Bình Trà Tử Sa Mini Có Túi Đựng Đi Du Lịch Tiện Lợi Thích Hợp 2 - 4 Người Dùng Gồm 1 Ấm Trà, 4 Tách, 1 Bình Đựng Trà",Nhà cửa - Đời sống,Tiki,159000,159000,0.0,96,4.5,https://tiki.vn/bo-binh-tra-tu-sa-mini-co-tui-dung-di-du-lich-tien-loi-thich-hop-2-4-nguoi-dung-gom-1-am-tra-4-tach-1-binh-dung-tra-p273400802.html?spid=273400803,False
273384614,Đèn năng lượng mặt trời chóng lóa Vạn Năng Solar 100W,Nhà cửa - Đời sống,Tiki,790000,790000,0.0,64,4.7,https://tiki.vn/den-nang-luong-mat-troi-chong-loa-van-nang-solar-100w-p273384614.html?spid=273384615,True
273383828,Đèn năng lượng mặt trời Vạn Năng Solar 200W-chóng chói,Nhà cửa - Đời sống,Tiki,950000,950000,0.0,44,4.8,https://tiki.vn/den-nang-luong-mat-troi-van-nang-solar-200w-chong-choi-p273383828.html?spid=273383829,True
272638497,Hộp bảo quản thủy tinh LocknLock BLANC - Hộp chữ nhật,Nhà cửa - Đời sống,Tiki,78000,127000,0.39,744,5.0,https://tiki.vn/hop-bao-quan-thuy-tinh-locknlock-blanc-hop-chu-nhat-p272638497.html?spid=272638504,False
249699852,"Kệ gỗ đa năng 4 tầng làm từ gỗ tự nhiên, dùng làm tủ trang trí, kệ giày dép, để chậu hoa",Nhà cửa - Đời sống,Tiki,514000,514000,0.0,138,4.8,https://tiki.vn/gacco-gia-ke-go-da-nang-ke-cao-100-cm-chon-2-3-4-tang-ke-sach-tu-quan-ao-ke-trang-tri-decor-tuy-chinh-kich-thuoc-tang-ke-de-do-chau-hoa-giay-dep-trang-tri-nha-cua-hang-van-phong-nha-bep-phong-khach-gia-ke-da-nang-nhieu-tang-go-tu-nhien-p249699852.html?spid=249699854,False
217474961,"[KHÔNG CẦN DÙNG BƠM] Túi Hút Chân Không Đựng Quần Áo Chăn Ga Gối , Thú Bông Deli - Loại Dày Cao Cấp Bọc Để Chăn Màn 2 Lớp Khóa Zip Chống Rò Rỉ Hơi Bảo Vệ Quần Áo, Chăn Ga Khỏi Ẩm, Nấm Mốc, Chống Nước Tuyệt Đối",Nhà cửa - Đời sống,Tiki,70200,70200,0.0,448,4.7,https://tiki.vn/khong-can-dung-bom-tui-hut-chan-khong-dung-quan-ao-chan-ga-goi-thu-bong-deli-loai-day-cao-cap-boc-de-chan-man-2-lop-khoa-zip-chong-ro-ri-hoi-bao-ve-quan-ao-chan-ga-khoi-am-nam-moc-chong-nuoc-tuyet-doi-p217474961.html?spid=217474967,False
186606653,Chảo chống dính KHÔNG TỪ Sunhouse CT Plus - Đường kính 18-20-22-24-26-28-30cm - KHÔNG DÙNG ĐƯỢC TRÊN BẾP TỪ,Nhà cửa - Đời sống,Tiki,94000,205000,0.54,148,5.0,https://tiki.vn/cha-o-tron-van-da-sunhouse-ct-plus-phu-son-chong-dinh-de-dang-lam-sach-p186606653.html?spid=186606655,False
158639945,"Hộp 20 Viên Pin AA / AAA Maxell Alkaline 1,5V - Hàng chính hãng",Nhà cửa - Đời sống,Tiki,164000,164000,0.0,656,4.8,https://tiki.vn/hop-20-vien-pin-aa-aaa-maxell-alkaline-1-5v-hang-chinh-hang-p158639945.html?spid=158639949,False
131407865,bàn làm việc chân gấp gọn,Nhà cửa - Đời sống,Tiki,450000,450000,0.0,471,4.5,https://tiki.vn/ban-lam-viec-chan-gap-gon-p131407865.html?spid=131407915,False
125516092,Thảm Chân Lông Cừu Cao Cấp TOKDODO Nhiều Mẫu,Nhà cửa - Đời sống,Tiki,69000,69000,0.0,351,5.0,https://tiki.vn/tham-chan-long-cuu-cao-cap-tokdodo-nhieu-mau-p125516092.html?spid=125516098,False
101870479,"Thanh treo rèm cửa đa năng, không cần khoan tường hay bắt vít, thay đổi vị trí linh hoạt",Nhà cửa - Đời sống,Tiki,69000,69000,0.0,516,4.5,https://tiki.vn/thanh-treo-rem-cua-da-nang-khong-can-khoan-tuong-hay-bat-vit-thay-doi-vi-tri-linh-hoat-p101870479.html?spid=278622328,False
99621372,Bình giữ nhiệt Lock&amp;Lock Belt Bottle LHC4267PIK 490ml - Màu,Nhà cửa - Đời sống,Tiki,356000,556000,0.36,8508,4.8,https://tiki.vn/binh-giu-nhiet-lock-lock-belt-bottle-lhc4267-490ml-p99621372.html?spid=99621376,False
64988886,Bình giữ nhiệt Lock&amp;Lock Flat nắp gỗ 400ml - LHC4227WHT - Màu,Nhà cửa - Đời sống,Tiki,550000,550000,0.0,5745,5.0,https://tiki.vn/binh-giu-nhiet-lock-lock-flat-nap-go-400ml-lhc4227-p64988886.html?spid=64988894,False
50701305,Vợt muỗi SUNHOUSE SHE-S800,Nhà cửa - Đời sống,Tiki,84000,150000,0.44,310,4.5,https://tiki.vn/vot-muoi-sunhouse-she-s800-p50701305.html?spid=108140459,False
28324641,Bình Nước Handle Bottle 1.4L-PP-VN-15 HAP817GRY,Nhà cửa - Đời sống,Tiki,94000,94000,0.0,2467,4.8,https://tiki.vn/binh-nuoc-handle-bottle-1-4l-pp-vn-15-hap817-p28324641.html?spid=28324643,False
26350629,Ron Dán Chân Cửa Legaxi Keo Đỏ Cải Tiến Ngăn Bụi và Côn Trùng 25 35 45 60 110mm,Nhà cửa - Đời sống,Tiki,75000,75000,0.0,9912,4.5,https://tiki.vn/ron-chan-cua-legaxi-keo-do-cai-tien-ngan-bui-va-con-trung-25-35-45-60-110mm-p26350629.html?spid=26350639,False
10645248,"Viên Diệt Chuột Nhật Bản Hộp 4 Vỉ Sạch Sẽ, An Toàn Và Hiệu Quả",Nhà cửa - Đời sống,Tiki,155000,155000,0.0,242,4.5,https://tiki.vn/vien-diet-chuot-nhat-ban-hop-4-vi-sach-se-an-toan-va-hieu-qua-p10645248.html?spid=59553917,False
6775905,Thùng nhựa đựng đồ Đa Năng Bestlock,Nhà cửa - Đời sống,Tiki,365000,365000,0.0,640,4.5,https://tiki.vn/thung-nhua-dung-do-da-nang-bestlock-p6775905.html?spid=27565459,False
279194258,Ổ Cắm Điện Đa Năng Kết Hợp Ổ Cắm USB Chất Lượng Cao 4 Lỗ 3 Chấu Kéo Dài 1.8m Có Công Tắc Tải 2500W Nắp Chống Giật Chống Cháy Tiện Dụng An Toàn Chống Cháy Nổ,Nhà cửa - Đời sống,Tiki,200000,200000,0.0,20,0.0,https://tiki.vn/o-cam-dien-da-nang-ket-hop-o-cam-usb-chat-luong-cao-4-lo-3-chau-keo-dai-1-8m-co-cong-tac-tai-2500w-nap-chong-giat-chong-chay-tien-dung-an-toan-chong-chay-no-p279194258.html?spid=276902134,False
278992098,"Bản đồ Tờ gấp Việt Nam, Thế giới, Hà Nội, Asean-VIP",Nhà cửa - Đời sống,Tiki,60000,60000,0.0,21,5.0,https://tiki.vn/ban-do-to-roi-viet-nam-the-gioi-ha-noi-asean-p278992098.html?spid=278992208,False
278965714,Bộ dao kéo 05 món Elmich diamond EL8404DB - Xanh Navy,Nhà cửa - Đời sống,Tiki,829000,1098000,0.24,14,5.0,https://tiki.vn/bo-dao-keo-05-mon-elmich-diamond-el8404-p278965714.html?spid=278965718,True
278965611,Chảo chống dính Ceramic elmich Olive EL5984OV,Nhà cửa - Đời sống,Tiki,375000,579000,0.35,30,5.0,https://tiki.vn/chao-chong-dinh-ceramic-elmich-olive-el5984ov-p278965611.html?spid=278965617,False
278422280,"Khăn Tắm Cotton Cao Cấp Homemark - Dày Mềm, Thấm Hút - Size 70x140 / 50x100 / 40x65 / 34x34cm",Nhà cửa - Đời sống,Tiki,76000,84000,0.1,79,4.8,https://tiki.vn/khan-tam-100-cotton-pakistan-cao-cap-homemark-sieu-day-mem-mai-khong-phai-mau-tham-hut-tot-p278422280.html?spid=278422298,False
277831817,Rổ quay rau 5L Elmich EL0756 - Hàng chính hãng,Nhà cửa - Đời sống,Tiki,276000,539000,0.49,18,3.8,https://tiki.vn/ro-quay-rau-5l-elmich-el0756-hang-chinh-hang-p277831817.html?spid=277831821,False
277812871,"Bình Ủ Trà, Phích Đá, Bình Nước Giữ Nhiệt Inox 304 (6L,8L,10L,12L)",Nhà cửa - Đời sống,Tiki,295800,295800,0.0,6,5.0,https://tiki.vn/binh-u-tra-phich-da-binh-nuoc-giu-nhiet-inox-304-6l-8l-10l-12l-p277812871.html?spid=277812873,False
277716169,Chảo chống dính Ceramic Elmich Verona EL5968SK,Nhà cửa - Đời sống,Tiki,427000,839000,0.49,48,1.0,https://tiki.vn/chao-phu-su-an-toan-elmich-verona-el5968sk-p277716169.html?spid=277723141,False
276017816,Chiếu Mát - Chiếu Ngủ Văn Phòng Gấp Gọn Bền Đẹp 5-7 năm,Nhà cửa - Đời sống,Tiki,290000,290000,0.0,14,5.0,https://tiki.vn/chieu-mat-chieu-ngu-van-phong-gap-gon-p276017816.html?spid=276017822,False
275941077, Đèn Bàn Học Đọc Sách Cao Cấp Teement Led Chống Cận 03 Chế Độ Ánh Sáng Vàng Bảo Vệ Mắt- Hàng Chính Hãng,Nhà cửa - Đời sống,Tiki,250000,250000,0.0,35,4.8,https://tiki.vn/den-ban-hoc-doc-sach-cao-cap-teement-led-chong-can-03-che-do-anh-sang-vang-bao-ve-mat-hang-chinh-hang-p275941077.html?spid=275941078,False
275929266,Bình nước thủy tinh Elmich EL-8350T110 dung tích 1.1L,Nhà cửa - Đời sống,Tiki,160000,459000,0.65,62,5.0,https://tiki.vn/binh-nuoc-thuy-tinh-elmich-el-8350t110-dung-tich-1-1l-p275929266.html?spid=275929267,False
275432223,Bộ lau nhà tự vắt thông minh Elmich EL8428,Nhà cửa - Đời sống,Tiki,699000,1100000,0.36,32,4.5,https://tiki.vn/bo-lau-nha-tu-vat-thong-minh-elmich-el8428-p275432223.html?spid=275432224,True
275378856,Bình nước nhựa Elmich EL-8349N052BE dung tích 520ml,Nhà cửa - Đời sống,Tiki,197000,320000,0.38,31,5.0,https://tiki.vn/binh-nuoc-nhua-elmich-el-8349n052be-dung-tich-520ml-p275378856.html?spid=275500504,False
275284150,"Dụng cụ thông tắc bồn cầu, cống bằng khi nén áp lực siêu mạnh",Nhà cửa - Đời sống,Tiki,259000,259000,0.0,113,5.0,https://tiki.vn/dung-cu-thong-tac-bon-cau-cong-bang-khi-nen-ap-luc-sieu-manh-p275284150.html?spid=275284151,False
274858052,"khăn tắm, khăn tay, khăn mặt sang trọng 100% cotton hữu cơ Homemark 500GSM mềm mại và khả năng thấm hút cao, nhanh khô",Nhà cửa - Đời sống,Tiki,72000,72000,0.0,119,4.3,https://tiki.vn/khan-tam-khan-tay-khan-mat-sang-trong-100-cotton-huu-co-homemark-500gsm-mem-mai-va-kha-nang-tham-hut-cao-nhanh-kho-p274858052.html?spid=274858141,False
274781551,"Thanh treo đa năng treo rèm, treo khăn, treo quần áo không cần khoan tường",Nhà cửa - Đời sống,Tiki,85000,85000,0.0,159,4.0,https://tiki.vn/thanh-treo-da-nang-treo-rem-treo-khan-treo-quan-ao-khong-can-khoan-tuong-p274781551.html?spid=278621739,False
274608002,Xe Đẩy Hành Lý -  Xe Đẩy Hàng Gấp Gọn Thông Minh - PaKaSa - Hàng Chính Hãng,Nhà cửa - Đời sống,Tiki,281138,380000,0.26,45,5.0,https://tiki.vn/xe-day-hanh-ly-xe-day-hang-gap-gon-thong-minh-pakasa-hang-chinh-hang-p274608002.html?spid=134265671,False
273911744,Bình giữ nhiệt inox 316 Elmich EL8330 dung tích 500ml,Nhà cửa - Đời sống,Tiki,396000,619000,0.36,45,5.0,https://tiki.vn/binh-giu-nhiet-inox-316-elmich-el8330-dung-tich-500ml-p273911744.html?spid=274054623,False
273741161,Rổ đựng chén đĩa gấp gọn Elmich EL8412 - Hàng Chính Hãng,Nhà cửa - Đời sống,Tiki,189000,325000,0.42,22,5.0,https://tiki.vn/ro-dung-chen-dia-gap-gon-elmich-el8412-hang-chinh-hang-p273741161.html?spid=274054624,False
270462666,Ly nhựa 2 lớp Daily Essential LocknLock HAP526 - Ống hút cùng màu - Nắp đậy trong suốt - Kèm cọ vệ sinh - Dung tích 770ml,Nhà cửa - Đời sống,Tiki,150000,263000,0.43,570,4.7,https://tiki.vn/ly-nhua-2-lop-daily-essential-locknlock-hap526-ong-hut-cung-mau-nap-day-trong-suot-kem-co-ve-sinh-dung-tich-770ml-p270462666.html?spid=270462668,False
261833567,"Khăn Tắm Gội Đầu Lau Mặt Siêu Thấm Hút, Mềm Mại, Sợi Bông Cao Cấp Mạng Lại Sự Mềm Mịn Ấm Áp Hàng Chính Hãng TOKDODO",Nhà cửa - Đời sống,Tiki,10000,10000,0.0,28,5.0,https://tiki.vn/khan-tam-goi-dau-lau-mat-sieu-tham-hut-mem-mai-soi-bong-cao-cap-mang-lai-su-mem-min-am-ap-hang-chinh-hang-tokdodo-p261833567.html?spid=261833569,False
254117759,"Bình nước giữ nhiệt thép không gỉ 304 FG Good Finish, an toàn tuyệt đối. Đẹp, nhỏ gọn.Tiện lợi mang theo bên người",Nhà cửa - Đời sống,Tiki,128000,128000,0.0,5,4.8,https://tiki.vn/binh-nuoc-giu-nhiet-thep-khong-gi-304-an-toan-tuyet-doi-dep-nho-gon-tien-loi-mang-theo-ben-nguoi-p254117759.html?spid=276808716,False
252052588,"Màn Dây Không Cửa TOKDODO Chống Muỗi Cao Cấp, Vải Màn Mềm, Mịn, Mắt Dày Dặn Chống Muỗi Tuyệt Đối",Nhà cửa - Đời sống,Tiki,50000,50000,0.0,97,4.8,https://tiki.vn/man-day-khong-cua-tokdodo-chong-muoi-cao-cap-vai-man-mem-min-mat-day-dan-chong-muoi-tuyet-doi-p252052588.html?spid=252052590,False
195980111,Bình giữ nhiệt LocknLock Hidden Moon LHC3275SBLU - 490ml,Nhà cửa - Đời sống,Tiki,576000,576000,0.0,1026,4.7,https://tiki.vn/binh-giu-nhiet-locknlock-lhc3275-490ml-hang-chinh-hang-p195980111.html?spid=195980117,False
195109412,"Bộ nồi Inox dập nguyên khối Elmich Trimax Classic EL-2110OL Size 18, 20, 24, chảo 26cm",Nhà cửa - Đời sống,Tiki,2333000,3089000,0.24,305,4.7,https://tiki.vn/bo-noi-inox-dap-nguyen-khoi-elmich-trimax-classic-el-2110ol-size-18-20-24-chao-26cm-p195109412.html?spid=195109415,True
194465292,Bình giữ nhiệt LocknLock DIY Strap Tumbler LHC3283 350ml,Nhà cửa - Đời sống,Tiki,320000,583000,0.45,532,5.0,https://tiki.vn/binh-giu-nhiet-locknlock-diy-strap-tumbler-lhc3283-350ml-p194465292.html?spid=194465294,False
191918105,Bộ Bàn Chải Vệ Sinh Các Khe LocknLock ETM415 - 2 cái/bộ,Nhà cửa - Đời sống,Tiki,26000,43000,0.4,569,4.8,https://tiki.vn/bo-ban-chai-ve-sinh-cac-khe-locknlock-etm415-2-cai-bo-p191918105.html?spid=191918106,False
191777671,Bộ 3 hộp thực phẩm tritan chữ nhật Hokaido 500-1000-2000ml,Nhà cửa - Đời sống,Tiki,220000,411000,0.46,27,5.0,https://tiki.vn/bo-3-hop-thuc-pham-tritan-chu-nhat-hokaido-500-1000-2000ml-p191777671.html?spid=276031133,False
180378151,Bình giữ nhiệt LocknLock Metro Drive LHC4277S 650ml - Kèm ống hút và cọ rửa,Nhà cửa - Đời sống,Tiki,425000,714000,0.4,1725,4.7,https://tiki.vn/binh-giu-nhiet-locknlock-metro-drive-lhc4277s-650ml-kem-ong-hut-va-co-rua-p180378151.html?spid=180378157,False
176661067,Chai thủy tinh nắp vặn Quattro 400ml - Bormioli Rocco - Italy,Nhà cửa - Đời sống,Tiki,97000,97000,0.0,93,5.0,https://tiki.vn/chai-thuy-tinh-nap-van-quattro-400ml-bormioli-rocco-italy-p176661067.html?spid=176661068,False
169534784,"Áo Trùm Máy Giặt Cửa Trên 9kg - 10kg Vải Dù Siêu Dày, Lựa Chọn Họa Tiết",Nhà cửa - Đời sống,Tiki,105000,105000,0.0,208,4.6,https://tiki.vn/ao-trum-may-giat-cua-tren-vai-du-sieu-day-size-9kg-10kg-lua-chon-hoa-tiet-p169534784.html?spid=169534786,False
164479566,"Ghế chỉnh dáng ngồi đúng - Roichen Hàn Quốc (Made in Korea). Dùng cho Nam, Nữ, Trẻ em. Hàng chính hãng",Nhà cửa - Đời sống,Tiki,690000,768000,0.1,1080,4.8,https://tiki.vn/ghe-chinh-dang-ngoi-dung-roichen-han-quoc-made-in-korea-dung-cho-nam-nu-tre-em-hang-chinh-hang-p164479566.html?spid=164479576,True
134360863,"Vỉ 6 Viên Pin AA , Pin AAA Energizer Max 1,5V Alkaline - Hàng chính hãng",Nhà cửa - Đời sống,Tiki,120000,120000,0.0,1326,4.8,https://tiki.vn/vi-6-vien-pin-aa-pin-aaa-energizer-max-1-5v-alkaline-hang-chinh-hang-p134360863.html?spid=134360871,False
130361331,Áo Mưa Dơi 2 Đầu Phản Quang Đi Trời Tối Có Kính Che Mặt- Thiết Kế Chống Thấm Nước- Chất Lượng Cao Chính Hãng MINIIN,Nhà cửa - Đời sống,Tiki,99000,99000,0.0,25,4.5,https://tiki.vn/ao-mua-doi-2-dau-phan-quang-di-troi-toi-co-kinh-che-mat-thiet-ke-chong-tham-nuoc-chat-luong-cao-chinh-hang-miniin-p130361331.html?spid=130361332,False
127693039,"Sơn Chống Thấm Sàn Mái Lộ Thiên TAIKO NITTON - Chống Thấm Sàn Mái, Máng Xối, Ban Công Lô Gia, Bể Nước, Bể Cá, Bề Mặt Cát Xi Măng",Nhà cửa - Đời sống,Tiki,195000,195000,0.0,634,4.5,https://tiki.vn/keo-chong-tham-dot-su-ly-vet-nut-bong-troc-da-nang-taiko-japan-nhap-khau-1-lit-5-lit-10-lit-va-18-lit-p127693039.html?spid=202052384,False
74391652,1.8 Mét Ron Chân Cửa Dày Ngăn Chuột Bụi Côn Trùng Chống Ồn 28mm 46mm Legaxi,Nhà cửa - Đời sống,Tiki,100000,100000,0.0,263,4.5,https://tiki.vn/1-8-met-ron-chan-cua-day-ngan-chuot-bui-con-trung-chong-on-28mm-46mm-legaxi-p74391652.html?spid=74391660,False
52173038,Cầu dao / Aptomat tự động Schneider Electric MCB Easy9 4.5kA 1P 230V,Nhà cửa - Đời sống,Tiki,61200,61200,0.0,161,4.5,https://tiki.vn/cau-dao-aptomat-tu-dong-schneider-electric-mcb-easy9-4-5ka-1p-230v-p52173038.html?spid=52173050,False
50241058,"Kệ sách gỗ để bàn - Tủ,kệ sách mini - Giao màu sắc ngẫu nhiên ",Nhà cửa - Đời sống,Tiki,125000,125000,0.0,688,4.5,https://tiki.vn/ke-sach-go-de-ban-tu-ke-sach-mini-giao-mau-sac-ngau-nhien-p50241058.html?spid=59450774,False
26334551,Mền dù cao cấp  - mỏng nhẹ - thoáng mát - Cho giấc ngủ dễ chịu [chăn ga gối đệm,Nhà cửa - Đời sống,Tiki,250000,250000,0.0,2583,4.6,https://tiki.vn/men-du-cao-cap-mong-nhe-thoang-mat-cho-giac-ngu-de-chiu-chan-ga-goi-dem-p26334551.html?spid=26334559,False
7585976,Hộp 10 nến tealight thơm Miss Candle FTRAMART EDC0368 (Lựa chọn 10 mùi hương),Nhà cửa - Đời sống,Tiki,33000,45000,0.27,425,4.7,https://tiki.vn/hop-10-nen-tealight-thom-miss-candle-ftramart-mic0147-lua-chon-10-mui-huong-p7585976.html?spid=7585986,False
279214937,"Nồi chống dính LocknLock Suit Sage IH phủ sứ ceramic dùng được bếp từ, bếp gas, bếp hồng ngoại và bếp điện",Nhà cửa - Đời sống,Tiki,1254000,1254000,0.0,0,5.0,https://tiki.vn/noi-chong-dinh-locknlock-suit-sage-ih-phu-su-ceramic-dung-duoc-bep-tu-bep-gas-bep-hong-ngoai-va-bep-dien-p279214937.html?spid=279215052,True
279214894,Bình Giữ Nhiệt Trẻ Em LocknLock Little Luv Switch Cap 2 màu 380ml LHC918,Nhà cửa - Đời sống,Tiki,591000,591000,0.0,1,0.0,https://tiki.vn/binh-giu-nhiet-tre-em-locknlock-little-luv-switch-cap-2-mau-380ml-lhc918-p279214894.html?spid=279214898,False
278973373,"Giá Treo Màn Hình LCD Brateck LDT97-C012E (17"" - 32"") – Hàng Chính Hãng",Nhà cửa - Đời sống,Tiki,358000,358000,0.0,3,0.0,https://tiki.vn/gia-treo-hai-man-hinh-lcd-brateck-ldt97-c012e-17-32-hang-chinh-hang-p278973373.html?spid=278973374,False
278937825,"Bản đồ Tờ rời Việt Nam, Thế giới, Hà Nội, Asean - VIP",Nhà cửa - Đời sống,Tiki,120000,120000,0.0,10,0.0,https://tiki.vn/ban-do-to-roi-viet-nam-the-gioi-ha-noi-asean-p278937825.html?spid=278937829,False
278855839,Đế Cắm Nhang Không Tăm Kim Loại Cao Cấp – Đế Đốt Trầm Nghệ Thuật Trang Trí Phong Thủy Nhiều Mẫu Lựa Chọn,Nhà cửa - Đời sống,Tiki,78000,78000,0.0,2,0.0,https://tiki.vn/de-cam-nhang-khong-tam-kim-loai-cao-cap-de-dot-tram-nghe-thuat-trang-tri-phong-thuy-nhieu-mau-lua-chon-p278855839.html?spid=278855855,False
278308795,"Khuôn Bánh Flan Inox Không Gỉ - Combo 10 khuôn 7 x 4 cm (Có Nắp). Chuyên phục vụ Sp Gia dụng, Khuôn làm bánh, Dụng cụ họ",Nhà cửa - Đời sống,Tiki,399700,399700,0.0,4,0.0,https://tiki.vn/khuon-banh-flan-inox-khong-gi-combo-10-khuon-7-x-4-cm-co-nap-chuyen-phuc-vu-sp-gia-dung-khuon-lam-banh-dung-cu-ho-p278308795.html?spid=278308796,False
277716135,Chảo chống dính Elmich classic EL5970BE,Nhà cửa - Đời sống,Tiki,280000,439000,0.36,24,5.0,https://tiki.vn/chao-chong-dinh-elmich-classic-el5970be-p277716135.html?spid=277723150,False
277514475,"Gối Cổ Chữ U Kê Cổ Chống Đau Mỏi Vai Gáy - Dùng Cho Văn Phòng, Ô Tô, Du Lịch - HÀNG CHÍNH HÃNG MINIIN",Nhà cửa - Đời sống,Tiki,45000,45000,0.0,13,5.0,https://tiki.vn/goi-co-chu-u-ke-co-chong-dau-moi-vai-gay-dung-cho-van-phong-o-to-du-lich-hang-chinh-hang-miniin-p277514475.html?spid=277514485,False
277438653,"Kệ Để Đồ Nhà Tắm Cốc Hút Dán Tường, Giá Treo Nhà Bếp Chắc Chắn, Lỗ Thoát Nước Thông Minh - HÀNG CHÍNH HÃNG MINIIN",Nhà cửa - Đời sống,Tiki,97000,97000,0.0,19,5.0,https://tiki.vn/ke-de-do-nha-tam-coc-hut-dan-tuong-gia-treo-nha-bep-chac-chan-lo-thoat-nuoc-thong-minh-hang-chinh-hang-miniin-p277438653.html?spid=277438661,False
276846380,Ly Thuỷ Tinh Có Vạch Chia Ml / Cốc Thuỷ Tinh Chia Vạch Ml Lường nước Có Nắp Đậy Chống Tràn Kèm Ống Hút Cho Bé- Hàng chính hãng,Nhà cửa - Đời sống,Tiki,39780,78000,0.49,16,5.0,https://tiki.vn/ly-thuy-tinh-co-vach-chia-ml-coc-thuy-tinh-chia-vach-ml-luong-nuoc-co-nap-day-kem-ong-hut-hang-chinh-hang-p276846380.html?spid=276846382,False
276644557,"Bát tô phở, tô canh cao cấp D16H7 GOMIE CERAMIC BÁT TRÀNG, men hỏa biến cao cấp",Nhà cửa - Đời sống,Tiki,187000,187000,0.0,5,5.0,https://tiki.vn/bat-to-pho-to-canh-cao-cap-d16h7-gomie-ceramic-bat-trang-men-hoa-bien-cao-cap-p276644557.html?spid=276644561,False
276479013,Bộ nồi phủ sứ an toàn Elmich Olive EL-5220OV03,Nhà cửa - Đời sống,Tiki,2339000,3359000,0.3,1,0.0,https://tiki.vn/bo-noi-phu-su-an-toan-elmich-olive-el-5220ov03-p276479013.html?spid=276479014,True
276177979,Túi giữ mát đựng cơm hằng ngày LocknLock,Nhà cửa - Đời sống,Tiki,210000,341000,0.38,147,4.8,https://tiki.vn/tui-giu-mat-dung-com-hang-ngay-locknlock-hwb820grn-200-x-150-x-220mm-mau-xanh-la-khong-bao-gom-hop-thuy-tinh-p276177979.html?spid=276177988,False
275512799,Máy xay tỏi ớt cầm tay Elmich PBE-8659 - Hàng chính hãng,Nhà cửa - Đời sống,Tiki,330000,437000,0.24,151,4.8,https://tiki.vn/may-xay-toi-ot-cam-tay-elmich-pbe-8659-hang-chinh-hang-p275512799.html?spid=275512800,False
275322783,20 Nẹp LỚN Đi Dây Điện Dán Tường Chống Rối Móc Treo Cáp Thiết Bị Điện TV Tủ Lạnh Ổ Cắm Keo Siêu Dính,Nhà cửa - Đời sống,Tiki,40000,40000,0.0,66,4.5,https://tiki.vn/vi-16-nep-day-dien-lon-dan-tuong-moc-treo-kep-co-dinh-day-cap-lon-tv-tu-lanh-may-giat-p275322783.html?spid=275322793,False
275306179,"Ga chống thấm Cotton LoveMama cao cấp không sột soạt, mềm mại, thoáng mát loại 1",Nhà cửa - Đời sống,Tiki,304500,350000,0.13,14,4.7,https://tiki.vn/ga-chong-tham-cotton-lovemama-cao-cap-khong-sot-soat-mem-mai-thoang-mat-loai-1-p275306179.html?spid=275306243,False
275224128,Combo 200 Túi Lọc Rác Bọc Bồn Rửa Chén Tiện Lợi,Nhà cửa - Đời sống,Tiki,65000,65000,0.0,591,5.0,https://tiki.vn/combo-200-tui-loc-rac-boc-bon-rua-chen-tien-loi-p275224128.html?spid=275224129,False
274714194,"Phân Trùn Quế Viên Nén Greenhome, Lavamix, Túi lưới, Bao 36 Túi,  Dinh Dưỡng Hữu Cơ, Không Mùi, Tốt Cho Lan, Bonsai, Rau",Nhà cửa - Đời sống,Tiki,69900,100000,0.3,18,0.0,https://tiki.vn/phan-trun-que-vien-nen-greenhome-lavamix-tui-luoi-bao-36-tui-dinh-duong-huu-co-khong-mui-tot-cho-lan-bonsai-rau-p274714194.html?spid=274714196,False
274383066,Bồn cầu nguyên khối Juno Sofa Yoshi nano kháng khuẩn CTT05 650 x 360 x 745mm,Nhà cửa - Đời sống,Tiki,2000000,2784000,0.28,5,5.0,https://tiki.vn/bon-cau-nguyen-khoi-juno-sofa-yoshi-nano-khang-khuan-ctt05-650-x-360-x-745mm-p274383066.html?spid=274383067,True
272411943,Bình giữ nhiệt gia đình inox 304 Elmich EL8299 dung tích 900ml - Hàng chính hãng,Nhà cửa - Đời sống,Tiki,406000,659000,0.38,266,4.8,https://tiki.vn/binh-giu-nhiet-gia-dinh-inox-304-elmich-el8299-dung-tich-900ml-hang-chinh-hang-p272411943.html?spid=273061628,False
272256501,Ca Đánh Sữa Mạ Màu,Nhà cửa - Đời sống,Tiki,120000,120000,0.0,8,5.0,https://tiki.vn/ca-danh-sua-ma-mau-p272256501.html?spid=276343790,False
271217228,Ly nhựa 2 lớp LocknLock Rainbow HAP507WHTH - kèm ống hút - Dung tích 750ml,Nhà cửa - Đời sống,Tiki,159000,259000,0.39,212,5.0,https://tiki.vn/ly-nhua-2-lop-locknlock-rainbow-hap507whth-kem-ong-hut-dung-tich-750ml-p271217228.html?spid=271217229,False
262397974,"Khăn Trải Bàn Chống Thấm Nước Họa Tiết Độc Đáo, Tấm Lót Decor Bàn Ăn Kẻ Caro Nhiều Kích Thước Chính Hãng TOKDODO",Nhà cửa - Đời sống,Tiki,49000,49000,0.0,89,5.0,https://tiki.vn/khan-trai-ban-chong-tham-nuoc-hoa-tiet-doc-dao-tam-lot-decor-ban-an-ke-caro-nhieu-kich-thuoc-chinh-hang-tokdodo-p262397974.html?spid=262397984,False
253691072,"Đèn học LED bảo vệ mắt chống cận cảm ứng Rhino L201, tích điện đa năng làm việc, để bàn học",Nhà cửa - Đời sống,Tiki,94050,95000,0.01,3,3.0,https://tiki.vn/den-hoc-led-bao-ve-mat-chong-can-cam-ung-rhino-l201-tich-dien-da-nang-lam-viec-de-ban-hoc-p253691072.html?spid=253691078,False
252558394,"Combo 5 lõi lọc thô Sunhouse dùng cho các máy lọc nước RO cốc lọc 10"" - Hàng chính hãng",Nhà cửa - Đời sống,Tiki,175000,175000,0.0,28,4.8,https://tiki.vn/combo-5-loi-loc-tho-sunhouse-dung-cho-cac-may-loc-nuoc-ro-coc-loc-10-hang-chinh-hang-p252558394.html?spid=252558395,False
218736728,"Dây phơi quần áo Phi 5mm Dài: 2m -:- 17m, + 2 khóa cáp, + 1 tăng đơ, + 2 nở móc",Nhà cửa - Đời sống,Tiki,55000,55000,0.0,32,4.6,https://tiki.vn/day-phoi-quan-ao-phi-5mm-dai-2-3-4-5-6-7-8-9-10-11-12-13-14-15-16-17-18m-2-khoa-cap-1-tang-do-2-no-moc-p218736728.html?spid=218736730,False
197628099,"Kệ gỗ treo tường loại mảnh nhiều kích thước màu socola, kệ trang trí Anzzar, decor phòng khách, phòng ngủ",Nhà cửa - Đời sống,Tiki,70000,70000,0.0,82,5.0,https://tiki.vn/ke-go-treo-tuong-loai-manh-nhieu-kich-thuoc-mau-socola-ke-trang-tri-anzzar-decor-phong-khach-phong-ngu-p197628099.html?spid=197628103,False
195852180,Ly nhựa 2 lớp có ống hút LocknLock Bucket Cold Cup with Straw HAP520PIK 580ml,Nhà cửa - Đời sống,Tiki,193000,313000,0.38,339,5.0,https://tiki.vn/ly-nhua-2-lop-co-ong-hut-locknlock-bucket-cold-cup-with-straw-hap520-580ml-p195852180.html?spid=195852189,False
181988661,Bình Bơm ga cho bật-lửa-hộp-quẹt kèm 5 đầu bơm các loại bật-lửa-gas - Blue Hàn Quốc 150 gram,Nhà cửa - Đời sống,Tiki,99000,99000,0.0,185,5.0,https://tiki.vn/binh-bom-ga-cho-bat-lua-hop-quet-kem-5-dau-bom-cac-loai-bat-lua-gas-blue-han-quoc-150-gram-p181988661.html?spid=276105866,False
164158130,"Hộp 48 Viên Pin AA , AAA DURACELL Alkaline 1,5V siêu bền bỉ tiết kiệm - Hàng chính hãng",Nhà cửa - Đời sống,Tiki,600000,600000,0.0,73,5.0,https://tiki.vn/hop-48-vien-pin-aa-aaa-duracell-alkaline-1-5v-sieu-ben-bi-tiet-kiem-hang-chinh-hang-p164158130.html?spid=164158134,True
150021935,Chiếu Mây Điều Hòa Cao Cấp Loại Dày Hàng Xuất Khẩu Chính Hãng MINIIN,Nhà cửa - Đời sống,Tiki,249000,249000,0.0,163,4.1,https://tiki.vn/chieu-may-dieu-hoa-cao-cap-loai-day-hang-xuat-khau-chinh-hang-miniin-p150021935.html?spid=150021939,False
148802732,Set 100 màng bọc thực phẩm túi gấu Màng bọc thực phẩm PE có chun bọc đồ ăn co giãn tái sử dụng GD435-MangBocTP - Hàng loại 1 chính hãng MINIIN,Nhà cửa - Đời sống,Tiki,8900,8900,0.0,199,4.5,https://tiki.vn/set-100-mang-boc-thuc-pham-tui-gau-mang-boc-thuc-pham-pe-co-chun-boc-do-an-co-gian-tai-su-dung-gd435-mangboctp-hang-loai-1-chinh-hang-miniin-p148802732.html?spid=148802733,False
132359588,"Hũ Thủy Tinh LỤC GIÁC Đựng Gia Vị 2000 Ml, Lọ Gia Vị Thủy Tinh, Hũ Đựng Thực Phẩm Khô,Lọ Muối Dưa- Hàng Loại 1-Chính Hãng MINIIN",Nhà cửa - Đời sống,Tiki,31000,31000,0.0,69,4.7,https://tiki.vn/hu-thuy-tinh-luc-giac-dung-gia-vi-2000-ml-lo-gia-vi-thuy-tinh-hu-dung-thuc-pham-kho-lo-muoi-dua-hang-loai-1-chinh-hang-miniin-p132359588.html?spid=132360077,False
127031393,Ca nước giữ nhiệt LocknLock Metro Mug LHC4219NVY 475ml - Màu Navy,Nhà cửa - Đời sống,Tiki,372000,624000,0.4,4759,4.8,https://tiki.vn/ca-nuoc-giu-nhiet-locknlock-metro-mug-lhc4219-475ml-p127031393.html?spid=127031397,False
120552065,Bình giữ nhiệt inox 304 Elmich EL-8013OL dung tích 480ml,Nhà cửa - Đời sống,Tiki,191000,257000,0.26,2496,4.8,https://tiki.vn/binh-giu-nhiet-inox-304-elmich-el-8013ol-dung-tich-480ml-p120552065.html?spid=120552067,False
120169265,Thớt gỗ óc chó nhập khẩu Mỹ - bày pizza dùng trang trí/ chụp hình (đủ kích cỡ và kiểu dáng),Nhà cửa - Đời sống,Tiki,520000,520000,0.0,9,5.0,https://tiki.vn/thot-go-oc-cho-bay-pizza-dung-trang-tri-chup-hinh-freeship-don-50k-du-kich-co-va-kieu-dang-hahanco-p120169265.html?spid=214203301,False
87651491,Quần đi mưa chống nước bền bỉ RANDO,Nhà cửa - Đời sống,Tiki,199000,199000,0.0,26,4.8,https://tiki.vn/quan-di-mua-chong-nuoc-ben-bi-rando-p87651491.html?spid=99112213,False
70820849,Pin CR2032 Energizer 3V vỉ 5 viên,Nhà cửa - Đời sống,Tiki,64000,64000,0.0,1566,5.0,https://tiki.vn/pin-cr2032-energizer-3v-vi-5-vien-p70820849.html?spid=70820850,False
58804363,Dụng Cụ Băm Rau Củ Quả Lock&amp;Lock Quick Chopper CKS308PIK,Nhà cửa - Đời sống,Tiki,111000,195000,0.43,15498,4.8,https://tiki.vn/dung-cu-bam-rau-cu-qua-lock-lock-quick-chopper-p58804363.html?spid=58804365,False
2119169,Bộ Cây Lau Nhà Lock&Lock Squeeze Flat Mop ETM471,Nhà cửa - Đời sống,Tiki,686000,1111000,0.38,10204,4.6,https://tiki.vn/bo-cay-lau-nha-lock-lock-squeeze-flat-mop-etm471-p2119169.html?spid=2130485,True
278950619, Cây Lau Nhà Inox Phù Hợp Cho Mọi Bộ Lau Nhà 360 Độ (Giao màu ngẫu nhiên),Nhà cửa - Đời sống,Tiki,220000,220000,0.0,4,0.0,https://tiki.vn/cay-lau-nha-inox-phu-hop-cho-moi-bo-lau-nha-360-do-giao-mau-ngau-nhien-p278950619.html?spid=278950620,False
278678752,"Hố Ga Phểu Thoát Sàn Chống Hôi Inox 304 Đế Đồng Thau - Siêu dày 5mm, cơ chế chống hôi, chống côn trùng thông minh",Nhà cửa - Đời sống,Tiki,145000,145000,0.0,17,0.0,https://tiki.vn/ho-ga-pheu-thoat-san-chong-hoi-inox-304-de-dong-thau-sieu-day-5mm-co-che-chong-hoi-chong-con-trung-thong-minh-p278678752.html?spid=278678754,False
278505336,"Set 4 Miếng Lót Nồi Silicon Vuông Chống Trầy Xước Bếp Từ/Bếp Điện – Bảo Vệ Mặt Bếp Cảm Ứng, Chịu Nhiệt 300°C, Chống Trượt An Toàn - HÀNG CHÍNH HÃNG MINIIN",Nhà cửa - Đời sống,Tiki,19000,19000,0.0,16,4.7,https://tiki.vn/set-4-mieng-lot-noi-silicon-vuong-chong-tray-xuoc-bep-tu-bep-dien-bao-ve-mat-bep-cam-ung-chiu-nhiet-300-c-chong-truot-an-toan-hang-chinh-hang-miniin-p278505336.html?spid=278505346,False
278451188,Giấy bạc/Màng nhôm lá mỏng Ringo-RF30 (30cm x 5m),Nhà cửa - Đời sống,Tiki,19000,38000,0.5,27,5.0,https://tiki.vn/giay-bac-mang-nhom-la-mong-ringo-rf30-30cm-x-5m-p278451188.html?spid=278451189,False
278448545,Giấy Lọc café Ringo 1x2 và 1x4 Nhật,Nhà cửa - Đời sống,Tiki,38000,74000,0.49,90,5.0,https://tiki.vn/giay-loc-cafe-ringo-1x2-va-1x4-nhat-p278448545.html?spid=278448547,False
278320393,Vợt muỗi Kachi - hàng chính hãng,Nhà cửa - Đời sống,Tiki,149000,149000,0.0,13,5.0,https://tiki.vn/vot-muoi-kachi-hang-chinh-hang-p278320393.html?spid=278320443,False
277972005,Bộ nạo cắt rau củ đa năng Yoko - Inochi,Nhà cửa - Đời sống,Tiki,145000,269000,0.46,31,5.0,https://tiki.vn/bo-nao-cat-rau-cu-da-nang-yoko-inochi-p277972005.html?spid=277972007,False
277859957,"Bình nước cao cấp Biwa Plus 1,6L",Nhà cửa - Đời sống,Tiki,82700,176000,0.53,49,5.0,https://tiki.vn/binh-nuoc-cao-cap-biwa-plus-1-6l-p277859957.html?spid=277859962,False
277743861,Đồng hồ điện tử để bàn có đèn led đa chức năng  206758,Nhà cửa - Đời sống,Tiki,85900,85900,0.0,40,5.0,https://tiki.vn/dong-ho-dien-tu-de-ban-co-den-led-da-chuc-nang-206758-p277743861.html?spid=277743862,False
277742152,Bộ thìa dĩa cho bé hình ngộ nghĩnh Elmich EL0028/0034,Nhà cửa - Đời sống,Tiki,135000,229000,0.41,8,0.0,https://tiki.vn/bo-thia-dia-cho-be-hinh-ngo-nghinh-elmich-el0028-0034-p277742152.html?spid=277742228,False
277725802,Bếp nướng lẩu đa năng Elmich HGE-3908 - Hàng chính hãng,Nhà cửa - Đời sống,Tiki,1200000,1589000,0.24,31,4.5,https://tiki.vn/bep-nuong-lau-da-nang-elmich-hge-3908-hang-chinh-hang-p277725802.html?spid=277725803,True
277571522,Bể bơi phao bơi cho bé 3 tầng đủ kích cỡ - Loại 1m1 2 tầng,Nhà cửa - Đời sống,Tiki,189500,189500,0.0,3,0.0,https://tiki.vn/be-boi-phao-boi-cho-be-3-tang-du-kich-co-p277571522.html?spid=277571544,False
277558096,Bình nước Lock&Lock Easy Grip 1.2 lít HAP813WHT,Nhà cửa - Đời sống,Tiki,31000,69000,0.55,40,5.0,https://tiki.vn/binh-nuoc-lock-lock-easy-grip-1-2-lit-hap813wht-p277558096.html?spid=277558097,False
276965213,Chảo Inox liền khối Sunhouse Healthy IN20-24-26M7E - 3 lớp inox liền khối - Dùng cho mọi loại bếp,Nhà cửa - Đời sống,Tiki,229000,510000,0.55,32,5.0,https://tiki.vn/chao-inox-lien-khoi-sunhouse-healthy-in20m7e-in24m7e-in26m7e-dung-cho-moi-loai-bep-p276965213.html?spid=276965215,False
276846779,Bình Đựng Nước Thể Thao 650ML Chất Liệu Nhựa PP Nguyên Sinh An Toàn - Hàng Chính Hãng,Nhà cửa - Đời sống,Tiki,80000,80000,0.0,11,5.0,https://tiki.vn/binh-dung-nuoc-the-thao-650ml-chat-lieu-nhua-pp-nguyen-sinh-an-toan-hang-chinh-hang-p276846779.html?spid=276846781,False
276669192,"10 Túi Bọc Hoa Quả GreenHome, Ổi Bưởi Xoài Na Mướp (Có Nút Cài), Sử Dụng 3-5 Năm, Nhiều Kích Thước",Nhà cửa - Đời sống,Tiki,19435,25000,0.22,70,4.0,https://tiki.vn/10-tui-boc-hoa-qua-greenhome-oi-buoi-xoai-na-muop-co-nut-cai-su-dung-3-5-nam-nhieu-kich-thuoc-p276669192.html?spid=276681520,False
276328451,"Màn dây có cửa Funu, vải mềm mịn, mắt lưới nhỏ, định hình ổn định giúp thông thoáng, chống muỗi an toàn, bảo vệ giấc ngủ - Hàng chính hãng",Nhà cửa - Đời sống,Tiki,180000,180000,0.0,73,4.5,https://tiki.vn/man-cua-chong-muoi-funu-giao-mau-ngau-nhien-p276328451.html?spid=75413462,False
276314483,Giá Đỡ Vòi Hoa Sen Dán Tường Đế Góc Nghiêng 120º Móc Treo Vòi Xịt Nhà Tắm Siêu Dính Hamart,Nhà cửa - Đời sống,Tiki,59000,90000,0.34,83,4.8,https://tiki.vn/gia-do-voi-hoa-sen-dan-tuong-de-goc-nghieng-120-moc-treo-voi-xit-nha-tam-sieu-dinh-hamart-p276314483.html?spid=276314485,False
276025157,Chảo inox 3 lớp nguyên khối Elmich Trimax EL-3846 size 26,Nhà cửa - Đời sống,Tiki,527000,698000,0.24,47,4.3,https://tiki.vn/chao-inox-3-lop-nguyen-khoi-elmich-trimax-el-3846-size-26-p276025157.html?spid=276025158,False
275469395,"LƯỚI CHE NẮNG 80% CHE SÂN VƯỜN, BAN CÔNG - 230GSM - MÀU XANH GREEN",Nhà cửa - Đời sống,Tiki,102000,120000,0.15,11,5.0,https://tiki.vn/luoi-che-nang-80-che-san-vuon-ban-cong-230gsm-mau-xanh-green-p275469395.html?spid=275469589,False
275451443,Chảo chống dính vân đá Elmich EL4711OL,Nhà cửa - Đời sống,Tiki,222000,285000,0.22,147,5.0,https://tiki.vn/chao-chong-dinh-van-da-elmich-el4711ol-p275451443.html?spid=275451619,False
275331274,"Gối Nằm Úp Mặt Thư Giãn Cao Su Non, Công Thái Học, Gối Kê Đầu Chuyên Dụng Cho Spa, Massage - Sairui",Nhà cửa - Đời sống,Tiki,179000,179000,0.0,23,4.0,https://tiki.vn/goi-nam-up-mat-thu-gian-cao-su-non-cong-thai-hoc-goi-ke-dau-chuyen-dung-cho-spa-massage-sairui-p275331274.html?spid=275331278,False
274770055,Bình giữ nhiệt Metro studio tumbler LocknLock LHC4362 - Dung tích 480ml - Quai xách Silicone,Nhà cửa - Đời sống,Tiki,624000,624000,0.0,51,4.8,https://tiki.vn/binh-giu-nhiet-metro-studio-tumbler-locknlock-lhc4362-dung-tich-480ml-quai-xach-silicone-p274770055.html?spid=274770204,True
273669821,"Tấm Chắn Gió Máy Lạnh, Chống Gió Điều Hòa Chuyển Hướng Gió Trực Tiếp Ngăn Bệnh Hô Hấp An Toàn Cho Trẻ Em Mẹ Bầu Legaxi",Nhà cửa - Đời sống,Tiki,45000,45000,0.0,70,4.6,https://tiki.vn/tam-chan-gio-may-lanh-chong-gio-dieu-hoa-chuyen-huong-gio-truc-tiep-ngan-benh-ho-hap-an-toan-cho-tre-em-me-bau-legaxi-p273669821.html?spid=279388282,False
273054636,"Đồng hồ báo thức điện tử để bàn màn hình đa chức năng thời gian, lịch, báo thức, nhiệt độ DH89",Nhà cửa - Đời sống,Tiki,115000,115000,0.0,100,4.8,https://tiki.vn/dong-ho-bao-thuc-dien-tu-de-ban-man-hinh-da-chuc-nang-thoi-gian-lich-bao-thuc-nhiet-do-dh89-p273054636.html?spid=273054646,False
273025344,Rổ quay rau Elmich EL8421,Nhà cửa - Đời sống,Tiki,252000,345000,0.27,137,5.0,https://tiki.vn/ro-quay-rau-elmich-el8421-p273025344.html?spid=273061630,False
272913561,"Gel thông tắc sinh học AIKOMI vệ sinh cống, làm sạch đường ống, chậu rửa bát, nhà vệ sinh",Nhà cửa - Đời sống,Tiki,99000,99000,0.0,213,4.7,https://tiki.vn/gel-thong-tac-sinh-hoc-aikomi-ve-sinh-cong-lam-sach-duong-ong-chau-rua-bat-nha-ve-sinh-p272913561.html?spid=272913563,False
198617665,QUẸT MỒI BẾP CỒN - màu ngẫu nhiên ,Nhà cửa - Đời sống,Tiki,26000,26000,0.0,490,4.8,https://tiki.vn/quet-moi-bep-con-mau-ngau-nhien-p198617665.html?spid=198617666,False
179688143,"Pin sạc BESTON AA AAA, Sạc pin chính hãng BESTON, BẢO HÀNH 1 NĂM | Mic không dây, máy ảnh, điều khiển ( Pin 1.2V )",Nhà cửa - Đời sống,Tiki,35880,35880,0.0,258,4.8,https://tiki.vn/pin-sac-beston-aa-aaa-sac-pin-chinh-hang-beston-bao-hanh-1-nam-mic-khong-day-may-anh-dieu-khien-pin-1-2v-p179688143.html?spid=191088273,False
169978766,"Túi Hút Chân Không Đựng Quần Áo, Chăn Ga Gối, Thú Bông Deli - Loại Dày Cao Cấp, Nhiều Hoạ Tiết, Bảo Vệ Quần Áo, Chăn Ga Khỏi Ẩm, Nấm Mốc, Chống Nước Tuyệt Đối",Nhà cửa - Đời sống,Tiki,52200,52200,0.0,6401,4.7,https://tiki.vn/tui-hut-chan-khong-dung-quan-ao-chan-ga-goi-thu-bong-deli-loai-day-cao-cap-bao-ve-quan-ao-chan-ga-khoi-am-nam-moc-chong-nuoc-tuyet-doi-p169978766.html?spid=169978776,False
169703132,"Cuộn 2 mét ron dán chắn khe hở cửa, miếng dán chân cửa chống bụi",Nhà cửa - Đời sống,Tiki,49000,49000,0.0,65,4.8,https://tiki.vn/cuon-2-met-ron-dan-chan-khe-ho-cua-mieng-dan-chan-cua-chong-bui-p169703132.html?spid=196028104,False
164158123,Vỉ 2 Viên Pin Duracell CR2032 / CR2025 / CR2016 Lithium 3V - Hàng chính hãng,Nhà cửa - Đời sống,Tiki,79200,79200,0.0,507,4.8,https://tiki.vn/vi-2-vien-pin-duracell-cr2032-cr2025-cr2016-lithium-3v-hang-chinh-hang-p164158123.html?spid=170605811,False
59451095,Hạt giống Hoa Mười Giờ Mỹ cánh kép nhiều màu VTS93,Nhà cửa - Đời sống,Tiki,14500,14500,0.0,175,4.2,https://tiki.vn/02-goi-hat-giong-hoa-muoi-gio-kep-mix-nhieu-mau-ha-lan-vts93-p59451095.html?spid=59451096,False
59259444,Mùng chụp tự bung cao cấp FUNU - Màn chống muỗi thông minh - Hàng chính hãng (Sản xuất tại Việt Nam),Nhà cửa - Đời sống,Tiki,160000,160000,0.0,1909,4.7,https://tiki.vn/man-mung-chong-muoi-mung-chup-man-chup-tu-bung-khong-day-chong-muoi-cao-cap-thuong-hieu-funu-hang-chinh-hang-san-xuat-100-tai-viet-nam-p59259444.html?spid=68080784,False
56880195,Bình nước Lock&Lock Eco Bottle ABF664GRY 750ml - Màu,Nhà cửa - Đời sống,Tiki,272000,272000,0.0,6995,4.8,https://tiki.vn/binh-nuoc-lock-lock-eco-bottle-abf664-750ml-p56880195.html?spid=56880201,False
52756206,1kg Túi Đựng Rác Tự Phân Hủy Sinh Học Gimex II (full size),Nhà cửa - Đời sống,Tiki,69000,69000,0.0,3915,4.8,https://tiki.vn/1kg-tui-dung-rac-tu-phan-huy-sinh-hoc-gimex-ii-full-size-p52756206.html?spid=52756208,False
50393230,Nhang Sạch Phòng Máy Lạnh - Ít khói - Hương trầm dịu nhẹ - Chân tăm mộc - Nhang Xanh,Nhà cửa - Đời sống,Tiki,120000,120000,0.0,691,4.7,https://tiki.vn/nhang-sach-phong-may-lanh-it-khoi-huong-tram-diu-nhe-chan-tam-moc-nhang-xanh-p50393230.html?spid=50393238,False
36327714,Combo 5 miếng keo dán chuột Đại thành,Nhà cửa - Đời sống,Tiki,55000,55000,0.0,820,4.5,https://tiki.vn/combo-5-mieng-keo-dan-chuot-dai-thanh-p36327714.html?spid=36327715,False
11126172,Giá Để Đàn Guitar - Chân đỡ chữ A - Chân Để Đàn Guitar,Nhà cửa - Đời sống,Tiki,110000,110000,0.0,323,4.8,https://tiki.vn/gia-de-dan-guitar-chan-do-chu-a-chan-de-dan-guitar-p11126172.html?spid=78495352,False
1402575,Gối Memory Foam 50D Hình Bướm Lock&Lock HLW113 (60 x 35 cm) - Trắng,Nhà cửa - Đời sống,Tiki,893000,893000,0.0,969,4.7,https://tiki.vn/goi-memory-foam-50d-hinh-buom-lock-lock-hlw113-60-x-35-cm-trang-p1402575.html?spid=1408701,True
278965494,Chảo chống dính Ceramic Elmich Mocha EL5982MC,Nhà cửa - Đời sống,Tiki,376000,559000,0.33,0,4.0,https://tiki.vn/chao-chong-dinh-ceramic-elmich-mocha-el5982mc-p278965494.html?spid=278965498,False
278949503,Chăn Lông Tuyết Siêu Mềm Mịn – Chăn Lông Tuyết Cao Cấp 1.3–1.4kg -Size 2m x 2m3 – Giữ Nhiệt Tốt – Không Xù Lông- HÀNG CHÍNH HÃNG MINIIN,Nhà cửa - Đời sống,Tiki,169000,169000,0.0,15,5.0,https://tiki.vn/chan-long-tuyet-sieu-mem-min-chan-long-tuyet-cao-cap-1-3-1-4kg-size-2m-x-2m3-giu-nhiet-tot-khong-xu-long-hang-chinh-hang-miniin-p278949503.html?spid=278949505,False
278943703,"Dây Liễn Treo Tết Hình Quạt Đỏ – Bộ Chữ Vạn Sự Như Ý / Chúc Mừng Năm Mới – Trang Trí Tết 2026, Decor Nhà Cửa, Cửa Ra Vào - HÀNG CHÍNH HÃNG MINIIN",Nhà cửa - Đời sống,Tiki,79000,79000,0.0,2,5.0,https://tiki.vn/day-lien-treo-tet-hinh-quat-do-bo-chu-van-su-nhu-y-chuc-mung-nam-moi-trang-tri-tet-2026-decor-nha-cua-cua-ra-vao-hang-chinh-hang-miniin-p278943703.html?spid=278943707,False
278757650,VIÊN DIỆT CHUỘT DETHMOR NHẬT BẢN,Nhà cửa - Đời sống,Tiki,153000,153000,0.0,40,5.0,https://tiki.vn/vien-diet-chuot-dethmor-nhat-ban-p278757650.html?spid=278757651,False
278730046,"Bình giữ nhiệt inox 316 Elmich EL8306, dung tích 500ml - Hàng chính hãng",Nhà cửa - Đời sống,Tiki,334000,539000,0.38,25,5.0,https://tiki.vn/binh-giu-nhiet-inox-316-elmich-el8306-dung-tich-500ml-hang-chinh-hang-p278730046.html?spid=278730224,False
278450828,"Màng bọc thực phẩm PE Ringo, An toàn, Dùng được trong tủ lạnh, lò vi sóng, có lưỡi cắt dạng trượt",Nhà cửa - Đời sống,Tiki,18000,34000,0.47,27,5.0,https://tiki.vn/mang-boc-thuc-pham-pe-ringo-an-toan-dung-duoc-trong-tu-lanh-lo-vi-song-co-luoi-cat-dang-truot-p278450828.html?spid=278450832,False
278448565,Giấy Thấm Dầu Nhật Dạng Xấp/Cuộn THP,Nhà cửa - Đời sống,Tiki,23000,46000,0.5,31,5.0,https://tiki.vn/giay-tham-dau-nhat-dang-xap-cuon-thp-p278448565.html?spid=278448573,False
278120045,"[SIÊU BỀN] Bạt che nắng mưa dày dặn DELIxVusign - Chống nước kháng UV, may viền, đa năng",Nhà cửa - Đời sống,Tiki,145800,145800,0.0,36,5.0,https://tiki.vn/sieu-ben-bat-che-nang-mua-day-dan-delixvusign-chong-nuoc-khang-uv-may-vien-da-nang-p278120045.html?spid=278120055,False
278119925,"Kéo Cắt Tỉa Cành Cây Deli Chính Hãng 8inch - Lưỡi Thép Sắc Bén, Siêu Bền, Tay Cầm Đệm Cao Su An Toàn, Chắc Chắn DL580201",Nhà cửa - Đời sống,Tiki,232200,232200,0.0,12,5.0,https://tiki.vn/keo-cat-tia-canh-cay-deli-chinh-hang-8inch-luoi-thep-sac-ben-sieu-ben-tay-cam-dem-cao-su-an-toan-chac-chan-dl580201-p278119925.html?spid=278131484,False
278096955,"Bình Giữ Nhiệt LocknLock Dual Flip - 2 Dung Tích (320ml và 430ml) - LHC4290YRED, LHC4298MIT",Nhà cửa - Đời sống,Tiki,376000,488000,0.23,70,4.7,https://tiki.vn/binh-giu-nhiet-locknlock-dual-flip-2-dung-tich-320ml-va-430ml-lhc4290yred-lhc4298mit-p278096955.html?spid=278096959,False
277869840,"Set 20 Móc Treo Đồ Có Kẹp Chống Trượt, Kẹp Đơn Phơi Quần Áo Đa Năng Bằng Thép Không Gỉ Bọc Nhựa PVC Chắc Chắn",Nhà cửa - Đời sống,Tiki,45000,45000,0.0,18,4.0,https://tiki.vn/set-20-moc-treo-do-co-kep-chong-truot-kep-don-phoi-quan-ao-da-nang-bang-thep-khong-gi-boc-nhua-pvc-chac-chan-p277869840.html?spid=277869841,False
277549470,[Mỹ] Ổ cắm điện Energizer đa năng 3AC kèm 2USB-A và 2USB-C sạc nhanh PD (max PD 65W) - Energizer EPB3250W00EU,Nhà cửa - Đời sống,Tiki,669000,669000,0.0,34,5.0,https://tiki.vn/my-o-cam-dien-energizer-da-nang-3ac-kem-2usb-a-va-2usb-c-sac-nhanh-pd-max-pd-65w-energizer-epb3250w00eu-p277549470.html?spid=277549471,True
277543003,"Chân Kê Máy Giặt & Tủ Lạnh 4 Góc – Nâng Cao Thiết Bị, Tránh Đọng Nước, Dễ Lau Dọn & Bảo Vệ Sàn Nhà",Nhà cửa - Đời sống,Tiki,109000,109000,0.0,22,2.5,https://tiki.vn/hop-4-de-nhua-ke-chan-may-giat-tu-lanh-chong-rung-chong-on-chong-truot-do-ben-cao-phu-hop-tat-ca-cac-loai-may-p277543003.html?spid=277543004,False
277393695,"Bình Nước Aqua 2.6L - Locknlock - 2 Màu (Xanh, Trắng) - HAP739",Nhà cửa - Đời sống,Tiki,102000,102000,0.0,39,5.0,https://tiki.vn/binh-nuoc-aqua-2-6l-locknlock-2-mau-xanh-trang-hap739-p277393695.html?spid=277393723,False
277369298,"Đèn Bắt Muỗi Tự Động - Máy Bắt Muỗi Thông Minh, Hút Côn Trùng, Công Nghệ Đèn LED, Kiêm Đèn Ngủ Sạc USB - HÀNG CHÍNH HÃNG MINIIN",Nhà cửa - Đời sống,Tiki,129000,129000,0.0,63,4.3,https://tiki.vn/den-bat-muoi-tu-dong-may-bat-muoi-thong-minh-hut-con-trung-cong-nghe-den-led-kiem-den-ngu-sac-usb-hang-chinh-hang-miniin-p277369298.html?spid=277369299,False
276933642,"Thước Kẻ Thép Deli Cao Cấp - Kích Thước 15cm Nhỏ Gọn, Tiện Lợi - Chất Liệu Chống Mòn Gỉ - DL8015",Nhà cửa - Đời sống,Tiki,21600,21600,0.0,70,3.5,https://tiki.vn/thuoc-ke-thep-deli-cao-cap-kich-thuoc-15cm-nho-gon-tien-loi-chat-lieu-chong-mon-gi-dl8015-p276933642.html?spid=276933644,False
276852151,Kìm bấm cos vuông HSC8 6-4A tự điều chỉnh kèm 1200 đầu cos đủ loại cos ống tròn cos pin,Nhà cửa - Đời sống,Tiki,195000,195000,0.0,14,3.7,https://tiki.vn/kim-bam-cos-vuong-hsc8-6-4a-tu-dieu-chinh-kem-1200-dau-cos-du-loai-cos-ong-tron-cos-pin-p276852151.html?spid=276852152,False
276672481,Cây Treo Quần Áo Túi Xách Trong Nhà Cao 175cm - Giao màu ngẫu nhiên,Nhà cửa - Đời sống,Tiki,155000,155000,0.0,17,5.0,https://tiki.vn/cay-treo-quan-ao-tui-xach-trong-nha-cao-175cm-giao-mau-ngau-nhien-p276672481.html?spid=276672482,False
276408760,"Thảm Lau Chân Nhà Bếp -  Set 2 Thảm Lau Chân Nhà Bếp Cao Cấp Chống Trơn Trượt, Thấm Hút Tốt Đế Cao Su Chống Trơn Trượt - HÀNG CHÍNH HÃNG MINIIN",Nhà cửa - Đời sống,Tiki,59000,59000,0.0,79,4.5,https://tiki.vn/tham-lau-chan-nha-bep-set-2-tham-lau-chan-nha-bep-cao-cap-chong-tron-truot-tham-hut-tot-de-cao-su-chong-tron-truot-hang-chinh-hang-miniin-p276408760.html?spid=276408768,False
276314579,Ghế đôn sắt sơn tĩnh điện-ST19 - nhập khẩu chính hãng,Nhà cửa - Đời sống,Tiki,119000,119000,0.0,9,0.0,https://tiki.vn/ghe-don-sat-son-tinh-dien-st19-nhap-khau-chinh-hang-p276314579.html?spid=276314581,False
276279740,"Đèn bắt muỗi Rhino L903 Tích hợp đèn ngủ, độ ồn thấp",Nhà cửa - Đời sống,Tiki,98000,99000,0.01,21,3.0,https://tiki.vn/den-bat-muoi-rhino-l903-tich-hop-den-ngu-do-on-thap-p276279740.html?spid=276279744,False
275949700,"Dụng Cụ Thông Tắc Cống, Kẹp Gắp Rác Đa Năng Loại Tốt",Nhà cửa - Đời sống,Tiki,100000,100000,0.0,48,5.0,https://tiki.vn/dung-cu-thong-tac-cong-kep-gap-rac-da-nang-loai-tot-p275949700.html?spid=275949701,False
275008437,"Bình đun giữ nhiệt Locknlock Heating tumbler EJC723 - 220-240V, 50-60Hz, 300W - Dung tích 300ml",Nhà cửa - Đời sống,Tiki,1244000,1859000,0.33,141,4.7,https://tiki.vn/binh-dun-giu-nhiet-locknlock-heating-tumbler-ejc723ivy-220-240v-50-60hz-300w-dung-tich-300ml-p275008437.html?spid=275009260,True
274962372,Chậu Gấp Gọn Tiện Lợi Giặt Cây Lau Nhà Chùi Kính Xô Đựng Nước Gấp Gọn Đa Năng Có Bánh Xe Dung Tích 12L,Nhà cửa - Đời sống,Tiki,85000,85000,0.0,22,0.0,https://tiki.vn/chau-gap-gon-tien-loi-giat-cay-lau-nha-chui-kinh-xo-dung-nuoc-gap-gon-da-nang-co-banh-xe-dung-tich-12l-p274962372.html?spid=274962373,False
272484839,"Nhiệt ẩm kế, nhiệt kế phòng Deli đồng hồ xem giờ có báo thức đo nhiệt độ phòng, độ ẩm phòng ngủ cho bé chính xác",Nhà cửa - Đời sống,Tiki,394200,394200,0.0,134,4.7,https://tiki.vn/nhiet-am-ke-nhiet-ke-phong-deli-dong-ho-xem-gio-co-bao-thuc-do-nhiet-do-phong-do-am-phong-ngu-cho-be-chinh-xac-p272484839.html?spid=272484841,False
261969207,"[Ghế Roichen - Chính hãng] Ghế chỉnh dáng ngồi đúng Roichen - Hàn Quốc (Made in Korea). Dùng cho Nam, Nữ, Trẻ em",Nhà cửa - Đời sống,Tiki,690000,768000,0.1,42,5.0,https://tiki.vn/ghe-chinh-dang-ngoi-dung-roichen-han-quoc-made-in-korea-dung-cho-nam-nu-tre-em-p261969207.html?spid=261969213,True
148801631,Cân Tiểu Ly Điện Tử Nhà Bếp Định Lượng 3000g - 0.1g  Cân Làm Bánh Có Độ Chính Xác Cao - Hàng Chính Hãng MINIIN,Nhà cửa - Đời sống,Tiki,199000,199000,0.0,95,4.6,https://tiki.vn/can-tieu-ly-dien-tu-nha-bep-dinh-luong-3000g-0-1g-can-lam-banh-co-do-chinh-xac-cao-hang-chinh-hang-miniin-p148801631.html?spid=175886491,False
134777589, Phin nhôm cao cấp AEROCO COFFEE,Nhà cửa - Đời sống,Tiki,100000,100000,0.0,106,5.0,https://tiki.vn/phin-nhom-cao-cap-aeroco-coffee-p134777589.html?spid=134777590,False
118898224,Trung Nguyên Legend - Phin nhôm hoa văn màu đen Vĩ Nhân - có hộp giấy (giao mẫu ngẫu nhiên),Nhà cửa - Đời sống,Tiki,107018,107018,0.0,946,4.8,https://tiki.vn/trung-nguyen-legend-phin-nhom-hoa-van-mau-den-vi-nhan-co-hop-giay-giao-mau-ngau-nhien-p118898224.html?spid=118898225,False
117195921,Hộp 40 viên pin đũa AAA Maxell R03P CHÍNH HÃNG,Nhà cửa - Đời sống,Tiki,66000,66000,0.0,6,4.5,https://tiki.vn/hop-40-vien-pin-dua-aaa-maxell-r03p-chinh-hang-p117195921.html?spid=195305709,False
115829511,"Bộ 10 đôi đũa tre / gỗ an toàn vệ sinh, sử dụng cho gia đình, nhà hàng, khách sạn | ongtre (Vietnam)",Nhà cửa - Đời sống,Tiki,60000,60000,0.0,164,4.8,https://tiki.vn/bo-10-doi-dua-tre-go-an-toan-ve-sinh-su-dung-cho-gia-dinh-nha-hang-khach-san-ongtre-vietnam-p115829511.html?spid=115829517,False
99994000,Bình giữ nhiệt có ống hút Lock&Lock Bucket Tumbler with Straw LHC4268 540ml - Màu,Nhà cửa - Đời sống,Tiki,332000,522000,0.36,7027,4.8,https://tiki.vn/binh-giu-nhiet-co-ong-hut-lock-lock-bucket-tumbler-with-straw-lhc4268-540ml-p99994000.html?spid=99994004,False
83410184,"Kệ góc nhỏ 3 tầng 48 x 35 x 25cm Chấn Thuận Thành để nhà tắm, nhà bếp, phòng khách, tiện lợi, có thể tháo rời, hàng Việt Nam chất lượng cao (KG3T20-N) nhiều màu",Nhà cửa - Đời sống,Tiki,72600,72600,0.0,66,5.0,https://tiki.vn/ke-goc-nho-3-tang-48-x-35-x-25cm-chan-thuan-thanh-de-nha-tam-nha-bep-phong-khach-tien-loi-co-the-thao-roi-hang-viet-nam-chat-luong-cao-kg3t20-n-nhieu-mau-p83410184.html?spid=83410186,False
74396976,"Máy xay tỏi ớt bằng tay Lock&Lock (Nhiều kích cỡ) - Hàng chính hãng, lực nghiền mạnh với 3 lưỡi dao thép không gỉ",Nhà cửa - Đời sống,Tiki,113100,195000,0.42,4549,4.8,https://tiki.vn/may-xay-toi-ot-bang-tay-lock-lock-nhieu-kich-co-hang-chinh-hang-luc-nghien-manh-voi-3-luoi-dao-thep-khong-gi-p74396976.html?spid=77125489,False
68521325,Trung Nguyên Legend - Phin nhôm hoa văn Trống Đồng,Nhà cửa - Đời sống,Tiki,77760,77760,0.0,1329,4.8,https://tiki.vn/trung-nguyen-legend-phin-nhom-hoa-van-trong-dong-p68521325.html?spid=68521326,False
55465365,Pin Max 8 + 4 Viên Energizer E92 BP8+4 AAA - Hàng Chính Hãng Model 2020,Nhà cửa - Đời sống,Tiki,169600,169600,0.0,1402,5.0,https://tiki.vn/pin-max-8-4-vien-energizer-e92-bp8-4-aaa-hang-chinh-hang-model-2020-p55465365.html?spid=56441185,False
50043085,Combo 2 túi bột tẩy lồng giặt cho quần áo thơm như mới,Nhà cửa - Đời sống,Tiki,95000,95000,0.0,142,4.6,https://tiki.vn/combo-2-tui-bot-tay-long-giat-cho-quan-ao-thom-nhu-moi-p50043085.html?spid=50043086,False
41371382,1 Kg túi đựng rác size siêu đại 90 x 120 cm,Nhà cửa - Đời sống,Tiki,99000,99000,0.0,384,4.7,https://tiki.vn/1-kg-tui-dung-rac-size-sieu-dai-90-x-120-cm-p41371382.html?spid=41371383,False
1400785,Gối Memory Foam 50D Hình Dáng Thường Lock&Lock HLW112 (50 x 30 cm) - Trắng,Nhà cửa - Đời sống,Tiki,331000,497000,0.33,4580,4.7,https://tiki.vn/goi-memory-foam-50d-hinh-dang-thuong-lock-lock-hlw112-50-x-30-cm-trang-p1400785.html?spid=1408699,False
650492,Hũ Thủy Tinh Nắp Cài Kín Hơi Fido Bormioli Rocco 149280M04321991 (750ml),Nhà cửa - Đời sống,Tiki,173000,173000,0.0,86,4.8,https://tiki.vn/hu-thuy-tinh-nap-cai-kin-hoi-fido-bormioli-rocco-149280m04321991-750ml-p650492.html?spid=106863599,False
279372019,Bật Lửa Dupont Vân Xước Kim Loại – Xài Gas,Nhà cửa - Đời sống,Tiki,99000,99000,0.0,4,4.0,https://tiki.vn/bat-lua-dupont-van-xuoc-kim-loai-xai-gas-p279372019.html?spid=279372023,False
278965649,Chảo inox liền khối Elmich Basic EL2862IN,Nhà cửa - Đời sống,Tiki,417000,679000,0.39,6,0.0,https://tiki.vn/chao-inox-lien-khoi-elmich-basic-el2862in-p278965649.html?spid=278965651,False
278961844,"Hũ Đựng Mứt Tết 6 Ngăn Thuỷ Tinh Có Nắp - Khay Mứt Trái Tim - Kèm Khay Đựng Bánh Kẹo, Hoa Quả Trang Trí Ngày Tết Sang Trọng - HÀNG CHÍNH HÃNG MINIIN",Nhà cửa - Đời sống,Tiki,239000,239000,0.0,0,0.0,https://tiki.vn/hu-dung-mut-tet-6-ngan-thuy-tinh-co-nap-khay-mut-trai-tim-kem-khay-dung-banh-keo-hoa-qua-trang-tri-ngay-tet-sang-trong-hang-chinh-hang-miniin-p278961844.html?spid=278961852,False
278631868,Chảo siêu bền đá sâu đáy từ Sunhouse Trendy SBD24-26-28-30MA - Hàng chính hãng,Nhà cửa - Đời sống,Tiki,224000,615000,0.64,7,4.0,https://tiki.vn/cha-o-sieu-be-n-da-sau-da-y-tu-sunhouse-trendy-sbd24-26-28-30ma-hang-chinh-hang-p278631868.html?spid=278631909,False
278481817,Ghế du lịch xếp gọn 7075 ,Nhà cửa - Đời sống,Tiki,79000,79000,0.0,18,4.0,https://tiki.vn/ghe-du-lich-xep-gon-7075-p278481817.html?spid=278481818,False
278440269,"Màng bọc thực phẩm Ringo PVC cuộn lớn ST412/418/612, dùng được trong tủ lạnh, lò vi sóng, có lưỡi cắt",Nhà cửa - Đời sống,Tiki,187000,365000,0.49,38,5.0,https://tiki.vn/mang-boc-thuc-pham-ringo-pvc-cuon-lon-st412-st418-st612-dung-duoc-trong-tu-lanh-lo-vi-song-co-luoi-cat-tien-loi-p278440269.html?spid=278440271,False
278108511,Túi Đựng Đồ Nghề Dụng Cụ Sửa Chữa Deli Tools Chất Liệu Vải Oxford Chống Thấm Nước Thiết Kế Nhiều Ngăn Tiện Dụng DL430018,Nhà cửa - Đời sống,Tiki,216000,216000,0.0,3,5.0,https://tiki.vn/tui-dung-do-nghe-dung-cu-sua-chua-deli-tools-chat-lieu-vai-oxford-chong-tham-nuoc-thiet-ke-nhieu-ngan-tien-dung-dl430018-p278108511.html?spid=278108513,False
277838135,"Đèn Bắt Muỗi Diệt Côn Trùng Thông Minh , Máy Bắt Muỗi Quạt Động Cơ Từ Tính Siêu Êm – Đèn Ngủ 2in1 Diệt Muỗi Hiệu Quả",Nhà cửa - Đời sống,Tiki,119000,119000,0.0,3,1.0,https://tiki.vn/den-bat-muoi-diet-con-trung-thong-minh-may-bat-muoi-quat-dong-co-tu-tinh-sieu-em-den-ngu-2in1-diet-muoi-hieu-qua-p277838135.html?spid=278867057,False
277779493,Đinh Móc Treo Khung Tranh Ảnh Không Khoan Dán Tường Đa Năng Vít Treo Cục Wifi Gương Nhà Tắm Đồng Hồ,Nhà cửa - Đời sống,Tiki,12500,12500,0.0,75,4.7,https://tiki.vn/dinh-moc-treo-khung-tranh-anh-khong-khoan-dan-tuong-da-nang-vit-treo-cuc-wifi-guong-nha-tam-dong-ho-p277779493.html?spid=277779495,False
277725807,Nồi áp suất inox 304 Elmich EL8278 22cm 5L - Hàng chính hãng,Nhà cửa - Đời sống,Tiki,1696000,2439000,0.3,8,5.0,https://tiki.vn/noi-ap-suat-inox-304-elmich-el8278-22cm-5l-hang-chinh-hang-p277725807.html?spid=277725809,True
276976111,"Bộ Khung Lưới Pickleball Mini Từ 1.5m Đến 6m Tháo Lắp Tiện Lợi, Sử Dụng Gia Đình Chính Hãng Đại Nam Sport",Nhà cửa - Đời sống,Tiki,599000,599000,0.0,33,5.0,https://tiki.vn/bo-khung-luoi-pickleball-mini-tu-1-5m-den-6m-thao-lap-tien-loi-su-dung-gia-dinh-chinh-hang-dai-nam-sport-p276976111.html?spid=276976113,True
276854292,Combo 10 Lồng Đèn Đỏ Trang Trí Tết Bằng Nilon Chống Nước Mẫu Đèn Tổ Ong - Hàng Chính Hãng MINIIN,Nhà cửa - Đời sống,Tiki,6000,6000,0.0,47,5.0,https://tiki.vn/combo-10-long-den-do-trang-tri-tet-bang-nilon-chong-nuoc-mau-den-to-ong-hang-chinh-hang-miniin-p276854292.html?spid=276854294,False
276479000,Chảo phủ sứ an toàn Elmich Olive EL5965OV,Nhà cửa - Đời sống,Tiki,581000,789000,0.26,43,5.0,https://tiki.vn/chao-phu-su-an-toan-elmich-olive-el5965ov-p276479000.html?spid=276479456,False
276478995,Nồi phủ sứ an toàn Elmich Olive EL5523OV,Nhà cửa - Đời sống,Tiki,524000,899000,0.42,11,5.0,https://tiki.vn/noi-phu-su-an-toan-elmich-olive-el5523ov-p276478995.html?spid=276479533,False
276414370,"Áo Mưa Trong Suốt Đi Xe Máy DELI Có Kính Chắn Mưa 2 Lớp - Có Tai Gương, Chất Liệu Vải Siêu Bền",Nhà cửa - Đời sống,Tiki,165600,165600,0.0,18,3.7,https://tiki.vn/ao-mua-trong-suot-di-xe-may-deli-co-kinh-chan-mua-2-lop-co-tai-guong-chat-lieu-vai-sieu-ben-p276414370.html?spid=276414376,False
276329637,"Bình nước thể thao nhựa 500ml, 700ml ABF721, Hàng chính hãng, nhựa tritan an toàn, độ bền cao, ít trầy xước - JoyMall",Nhà cửa - Đời sống,Tiki,98600,170000,0.42,19,0.0,https://tiki.vn/binh-nuoc-the-thao-nhua-500ml-abf721-hang-chinh-hang-nhua-tritan-an-toan-do-ben-cao-it-tray-xuoc-joymall-p276329637.html?spid=277389300,False
276155089,Đệm Lót Ngồi Ghế Gỗ OFFICE CHILL Nệm Lót Ngồi Ghế Văn Phòng Dưới Sàn Nhà Chất Liệu Cao Su Non,Nhà cửa - Đời sống,Tiki,220000,220000,0.0,70,4.7,https://tiki.vn/dem-lot-ngoi-ghe-go-office-chill-nem-lot-ngoi-ghe-van-phong-duoi-san-nha-chat-lieu-cao-su-non-p276155089.html?spid=276155093,False
275270719,Bình nước nhựa Elmich EL8360 dung tích 1.1L,Nhà cửa - Đời sống,Tiki,185000,309000,0.4,26,5.0,https://tiki.vn/binh-nuoc-nhua-elmich-el8360-dung-tich-1-1l-p275270719.html?spid=275374615,False
275197432,Thanh Treo Đa Năng Không Cần Khoan Tường Thanh Treo Quần Áo Treo Khăn Nhà Tắm Gắn Tường,Nhà cửa - Đời sống,Tiki,69000,69000,0.0,84,4.7,https://tiki.vn/thanh-treo-da-nang-khong-can-khoan-tuong-thanh-treo-quan-ao-treo-khan-nha-tam-gan-tuong-p275197432.html?spid=278621787,False
273978785,Đèn năng lượng mặt trời chóng loá Vạn Năng Solar 50W,Nhà cửa - Đời sống,Tiki,610000,610000,0.0,58,5.0,https://tiki.vn/den-nang-luong-mat-troi-chong-loa-van-nang-solar-50w-p273978785.html?spid=273978786,True
273914464,Dụng cụ xay rau củ quả Elmich EL8416,Nhà cửa - Đời sống,Tiki,116000,153000,0.24,27,4.2,https://tiki.vn/dung-cu-xay-rau-cu-qua-elmich-el8416-p273914464.html?spid=274054636,False
273582915,Vỉ 5 Viên Pin CR2032 Maxell Lithium 3V Made in JAPAN - Hàng chính hãng,Nhà cửa - Đời sống,Tiki,80000,80000,0.0,61,5.0,https://tiki.vn/vi-5-vien-pin-cr2032-maxell-lithium-3v-made-in-japan-hang-chinh-hang-p273582915.html?spid=273582916,False
273533211,"Combo 6 Túi Hút Chân Không Đựng Chăn Màn, Quần Áo, Chống Ẩm Mốc Bụi, Bảo Quản Quần Áo Chăn Gối Mền - TẶNG KÈM BƠM ĐIỆN - HÀNG CHÍNH HÃNG MINIIN",Nhà cửa - Đời sống,Tiki,159200,159200,0.0,88,5.0,https://tiki.vn/combo-6-tui-hut-chan-khong-dung-chan-man-quan-ao-chong-am-moc-bui-bao-quan-quan-ao-chan-goi-men-tang-kem-bom-dien-hang-chinh-hang-miniin-p273533211.html?spid=276472201,False
272298582,Bóng đèn bắt muỗi ( dùng để thay thế bóng khi bóng chính bị hỏng),Nhà cửa - Đời sống,Tiki,52000,52000,0.0,166,4.6,https://tiki.vn/bong-den-bat-muoi-dung-de-thay-the-bong-khi-bong-chinh-bi-hong-p272298582.html?spid=272298589,False
271079040,Đũa gỗ Nhật Bản vỉ 5 đôi KOKUSAI NDCK,Nhà cửa - Đời sống,Tiki,84000,113500,0.26,129,4.3,https://tiki.vn/dua-go-nhat-ban-vi-5-doi-kokusai-ndck-p271079040.html?spid=271079051,False
250490475,Túi Lọc Rác Bồn Rửa Bát - Túi Lưới Lọc Rác Giúp Ngăn Chặn Tắc Đường Ống TOKDODO,Nhà cửa - Đời sống,Tiki,7500,7500,0.0,170,5.0,https://tiki.vn/combo-300-200-100-tui-loc-rac-bon-rua-bat-tui-luoi-loc-rac-giup-ngan-chan-tac-duong-ong-chinh-hang-tokdodo-p250490475.html?spid=278819373,False
201566005,Ly nhựa 2 lớp LocknLock kèm ống hút Dream star Double wall cold cup 750ml HAP522,Nhà cửa - Đời sống,Tiki,159000,259000,0.39,1443,4.8,https://tiki.vn/ly-nhua-2-lop-locknlock-kem-ong-hut-dream-star-double-wall-cold-cup-750ml-hap522-p201566005.html?spid=201566009,False
199708120,"Kệ gỗ treo tường trang trí nhiều kích thước, kệ trang trí Anzzar, decor phòng ngủ, phòng khách, thanh gỗ treo tường màu nâu socola",Nhà cửa - Đời sống,Tiki,90000,90000,0.0,311,4.8,https://tiki.vn/ke-go-treo-tuong-trang-tri-nhieu-kich-thuoc-ke-trang-tri-anzzar-decor-phong-ngu-phong-khach-thanh-go-treo-tuong-mau-nau-socola-p199708120.html?spid=199708122,False
198542089,"Vỉ 4 Pin sạc AA AAA chuẩn 1.5V Beston Dung lượng cao đến 2200mWh sạc trực tiếp qua cổng USB type-C dùng cho micro, đồ chơi, đồng hồ, máy ảnh - hàng nhập khẩu",Nhà cửa - Đời sống,Tiki,197500,197500,0.0,94,4.5,https://tiki.vn/vi-4-pin-sac-aa-aaa-chuan-1-5v-beston-dung-luong-cao-den-2200mwh-sac-truc-tiep-qua-cong-usb-type-c-dung-cho-micro-do-choi-dong-ho-may-anh-hang-nhap-khau-p198542089.html?spid=198542091,False
191326389,Pin sạc AA/AAA Beston chính hãng 1.5V kèm bộ sạc nhanh tự ngắt hàng cao cấp,Nhà cửa - Đời sống,Tiki,120000,120000,0.0,321,4.6,https://tiki.vn/pin-sac-aa-aaa-beston-chinh-hang-1-5v-kem-bo-sac-nhanh-tu-ngat-hang-cao-cap-p191326389.html?spid=277979109,False
149959628,"Cmbo 6 Cuộn Túi Đựng Rác Gia Đình, Bao Đựng Rác Văn Phòng, Trường Học Tiện Lợi Màu Đen Đầy Đủ 3 Size Tiểu Trung Đại - Chính Hãng MINIIN",Nhà cửa - Đời sống,Tiki,45000,45000,0.0,347,4.3,https://tiki.vn/cmbo-6-cuon-tui-dung-rac-gia-dinh-bao-dung-rac-van-phong-truong-hoc-tien-loi-mau-den-day-du-3-size-tieu-trung-dai-chinh-hang-miniin-p149959628.html?spid=175886488,False
133870923,Tủ Vải Áo Quần Đa Năng- Tiết Kiệm Diện Tích- Khung Sắt Chắc Chắn Vải Chống Thấm- Hàng Chính Hãng MINIIN,Nhà cửa - Đời sống,Tiki,249000,249000,0.0,240,4.0,https://tiki.vn/tu-vai-ao-quan-da-nang-tiet-kiem-dien-tich-khung-sat-chac-chan-vai-chong-tham-hang-chinh-hang-miniin-p133870923.html?spid=133870929,False
107961495,Ly Nhựa 2 Lớp LocknLock 900ml HAP502NVY - Màu,Nhà cửa - Đời sống,Tiki,324000,324000,0.0,1756,4.7,https://tiki.vn/ly-nhua-2-lop-locknlock-900ml-hap502-p107961495.html?spid=107961499,False
104270135,Bình Giữ Nhiệt LocknLock Featherlight One-touch Tumbler 500ml LHC3257WHT - Màu trắng,Nhà cửa - Đời sống,Tiki,394000,661000,0.4,4479,5.0,https://tiki.vn/binh-giu-nhiet-locknlock-featherlight-one-touch-tumbler-lhc3257-500ml-p104270135.html?spid=104270139,False
54644755,"Áo bọc bàn để ủi quần áo, nhiều họa tiết - Áo trùm bàn ủi đồ, chọ size theo ý, giao mẫu ngẫu nhiên+ Tặng kèm hình dán",Nhà cửa - Đời sống,Tiki,139000,139000,0.0,1039,4.3,https://tiki.vn/ao-boc-ban-de-ui-quan-ao-nhieu-hoa-tiet-ao-trum-ban-ui-do-cho-size-theo-y-giao-mau-ngau-nhien-tang-kem-hinh-dan-p54644755.html?spid=54644761,False
54412879,Lô 4 túi rác tiện dụng Soji - size 10L - 25L và 50L,Nhà cửa - Đời sống,Tiki,109000,109000,0.0,14,0.0,https://tiki.vn/combo-4-cuon-tui-dung-rac-tien-dung-soji-p54412879.html?spid=168799026,False
54122078,Pin AAAA Energizer E96 BP2,Nhà cửa - Đời sống,Tiki,76300,76300,0.0,1248,5.0,https://tiki.vn/pin-aaaa-energizer-e96-bp2-p54122078.html?spid=54122079,False
53497035,40 VIÊN PIN MAXELL AAA TEM BẠC - HÀNG CHÍNH HÃNG,Nhà cửa - Đời sống,Tiki,160000,160000,0.0,143,4.5,https://tiki.vn/40-vien-pin-maxell-aaa-tem-bac-hang-chinh-hang-p53497035.html?spid=181361141,False
44620765,Đèn Pin Led Siêu Sáng Mini Có Sạc USB Có Hỗ Trợ Sạc Dự Phòng Lại Cho Điện Thoại Khẩn Cấp - Hàng Chính Hãng,Nhà cửa - Đời sống,Tiki,99000,99000,0.0,1861,4.2,https://tiki.vn/den-pin-led-sieu-sang-mini-co-sac-usb-co-ho-tro-sac-du-phong-lai-cho-dien-thoai-khan-cap-hang-chinh-hang-p44620765.html?spid=44620767,False
27609461,"Dụng cụ thông tắc bồn cầu, cống bằng khi nén áp lực siêu mạnh",Nhà cửa - Đời sống,Tiki,265000,265000,0.0,1023,4.6,https://tiki.vn/dung-cu-thong-tac-bon-cau-cong-bang-khi-nen-ap-luc-sieu-manh-p27609461.html?spid=59449958,False
279318267,Bật Lửa Điện Hình Lá Bài – Sạc Điện,Nhà cửa - Đời sống,Tiki,109000,109000,0.0,1,2.0,https://tiki.vn/bat-lua-dien-hinh-la-bai-sac-dien-p279318267.html?spid=279318271,False
279019636,"Đế Lót Ly Mây Khảm Trai Tròn ANKAN (10cm) - Lót Cốc Thủ Công Mỹ Nghệ Decor Bàn Ăn, Chụp Ảnh Sang Trọng - Hàng Xuất Khẩu",Nhà cửa - Đời sống,Tiki,35000,35000,0.0,11,0.0,https://tiki.vn/de-lot-ly-may-kham-trai-tron-ankan-10cm-lot-coc-thu-cong-my-nghe-decor-ban-an-chup-anh-sang-trong-hang-xuat-khau-p279019636.html?spid=279019651,False
278968303,"Đèn năng lượng mặt trời chóng chói 50W, 100W, 200W ( vỏ nhựa )",Nhà cửa - Đời sống,Tiki,460000,460000,0.0,22,4.3,https://tiki.vn/den-nang-luong-mat-troi-chong-choi-50w-100w-200w-vo-nhu-a-p278968303.html?spid=274547798,False
278627182,"Set 10 Khăn Lau Tay, Chén Dĩa Nhà Bếp Chất Liệu Sợi Len Siêu Thấm - Giao Màu Ngẫu Nhiên",Nhà cửa - Đời sống,Tiki,49000,49000,0.0,11,0.0,https://tiki.vn/set-10-khan-lau-tay-chen-dia-nha-bep-chat-lieu-soi-len-sieu-tham-giao-mau-ngau-nhien-p278627182.html?spid=278627183,False
278525716,"Két Sắt Vân Tay DELI, Két Sắt Điện Tử Thông Minh Chống Cưa Cắt Chống Cháy An Toàn Bảo Vệ Tài Sản",Nhà cửa - Đời sống,Tiki,4077000,4077000,0.0,0,0.0,https://tiki.vn/ket-sat-van-tay-deli-ket-sat-dien-tu-thong-minh-chong-cua-cat-chong-chay-an-toan-bao-ve-tai-san-p278525716.html?spid=278525724,True
278248771,"Túi Đựng Cơm Giữ Nhiệt Đa Năng, Kéo Khóa Chống Thấm Cao Cấp, Giữ Nhiệt Tốt Tiện Dụng, Nhiều Màu - Họa Tiết Đẹp Đa Dạng",Nhà cửa - Đời sống,Tiki,45000,45000,0.0,4,0.0,https://tiki.vn/tui-dung-com-giu-nhiet-da-nang-keo-khoa-chong-tham-cao-cap-giu-nhiet-tot-tien-dung-nhieu-mau-hoa-tiet-dep-da-dang-p278248771.html?spid=278248775,False
277543377,Túi 100 Dây Thít Nhựa Dây Rút Lạt Nhựa Buộc Treo Đánh Dấu Cố Định Vật Dụng 3x150 4x250 Tiện Lợi,Nhà cửa - Đời sống,Tiki,25000,35000,0.29,11,5.0,https://tiki.vn/tui-100-day-thit-nhua-day-rut-lat-nhua-buoc-treo-danh-dau-co-dinh-vat-dung-3x150-4x250-tien-loi-p277543377.html?spid=277543387,False
276933701,Kìm Bấm Lỗ 9 Inch Deli Tools Màu Đen Cao Cấp - Kích Thước Lỗ Bấm Đa Dạng Phù Hợp Với Nhiều Nhu Cầu Khác Nhau - DL1919,Nhà cửa - Đời sống,Tiki,196200,196200,0.0,14,5.0,https://tiki.vn/kim-bam-lo-9-inch-deli-tools-mau-den-cao-cap-kich-thuoc-lo-bam-da-dang-phu-hop-voi-nhieu-nhu-cau-khac-nhau-dl1919-p276933701.html?spid=276933705,False
276921608,"Thước Kẹp Cặp Cơ Khí Deli 150mm - 200mm - Chất Liệu Thép Cacbon Siêu Bền Chống Mòn Gỉ, Độ Chính Xác Cao - DL92200",Nhà cửa - Đời sống,Tiki,333000,333000,0.0,25,5.0,https://tiki.vn/thuoc-kep-cap-co-khi-deli-150mm-200mm-chat-lieu-thep-cacbon-sieu-ben-chong-mon-gi-do-chinh-xac-cao-dl92200-p276921608.html?spid=276921614,False
276663025,"BG Kệ Rổ Nhựa [3521 - 4026 ] Đựng Đồ Đa Năng Cao Cấp,Có Lỗ Thông Thoáng Nhà Bếp, Phòng tắm, Phòng Ngủ Đều Để Được",Nhà cửa - Đời sống,Tiki,74000,74000,0.0,5,5.0,https://tiki.vn/bg-ke-ro-nhua-dung-do-da-nang-cao-cap-co-lo-thong-thoang-nha-bep-phong-tam-phong-ngu-deu-de-duoc-p276663025.html?spid=276665936,False
276296831,COMBO 4 Miếng Lót Chân Bàn Ghế Silicone Bọc Chân Bàn Ghế Vuông & Tròn Tiện Lợi,Nhà cửa - Đời sống,Tiki,15000,25000,0.4,403,5.0,https://tiki.vn/combo-4-mieng-lot-chan-ban-ghe-silicone-boc-chan-ban-ghe-vuong-tron-tien-loi-p276296831.html?spid=276296839,False
276295594,Miếng Dán Chân Bàn Ghế Chống Trượt Bọc Lót Chân Bàn Ghế Vuông Tròn Chống Ồn Chống Xước Nền Nhà,Nhà cửa - Đời sống,Tiki,30000,30000,0.0,78,3.0,https://tiki.vn/mieng-dan-chan-ban-ghe-chong-truot-boc-lot-chan-ban-ghe-vuong-tron-chong-on-chong-xuoc-nen-nha-p276295594.html?spid=276295604,False
276291448,COMBO 2 Đinh 4 Chân Móc Nhựa Treo Tường Đinh Treo Tranh Ảnh Tiện Lợi Chịu Lực 3-5kg,Nhà cửa - Đời sống,Tiki,3800,5800,0.34,73,4.0,https://tiki.vn/combo-2-dinh-4-chan-moc-nhua-treo-tuong-dinh-treo-tranh-anh-tien-loi-chiu-luc-3-5kg-p276291448.html?spid=276291458,False
275737215,Bộ thau rổ Rose Elmich 17cm EL0269,Nhà cửa - Đời sống,Tiki,76000,101000,0.25,20,5.0,https://tiki.vn/bo-thau-ro-rose-elmich-17cm-el0269-p275737215.html?spid=275737216,False
275499546,"Túi Đựng Rác, Túi Rác Tự Phân Huỷ, 1 Cuộn 100 Túi, Túi Đựng Rác Có Dây Rút Tiện Lợi",Nhà cửa - Đời sống,Tiki,55000,55000,0.0,62,3.7,https://tiki.vn/tui-dung-rac-tui-rac-tu-phan-huy-1-cuon-100-tui-tui-dung-rac-co-day-rut-tien-loi-p275499546.html?spid=275499547,False
275467729,Bạt PVC trong suốt chống thấm nước - Độ dày 0.4mm che mưa lấy sáng ngoài - May viền khuy sẵn,Nhà cửa - Đời sống,Tiki,126000,126000,0.0,32,5.0,https://tiki.vn/bat-pvc-trong-suot-chong-tham-nuoc-do-day-0-4mm-che-mua-lay-sang-ngoai-may-vien-khuy-san-p275467729.html?spid=275467813,False
275417244,Dây Đai Velcro Keo 3M Dán Tường Đa Năng Cuốn Dây Cáp Sạc Tai Nghe Treo Dây Điện Chống Rối,Nhà cửa - Đời sống,Tiki,12500,20000,0.38,30,5.0,https://tiki.vn/day-dai-velcro-keo-3m-dan-tuong-da-nang-cuon-day-cap-sac-tai-nghe-treo-day-dien-chong-roi-p275417244.html?spid=275417246,False
275378686,Bình nước nhựa Elmich EL8361 dung tích 1.5L,Nhà cửa - Đời sống,Tiki,198000,329000,0.4,39,4.5,https://tiki.vn/binh-nuoc-nhua-elmich-el8361-dung-tich-1-5l-p275378686.html?spid=275500506,False
275346580,Hạt giống Bắp cải Baby - bắp cải tí hon VTP04,Nhà cửa - Đời sống,Tiki,13900,13900,0.0,31,3.7,https://tiki.vn/hat-giong-bap-cai-baby-bap-cai-ti-hon-vtp04-p275346580.html?spid=275346581,False
273816078,"Gối cao su non công thái học Anh Lam Store chống đau vai gáy, ngủ ngáy, hỗ trợ ngủ nhanh - Thiết kế riêng biệt cho tư thế nằm ngửa và nằm nghiêng - Hàng chính hãng",Nhà cửa - Đời sống,Tiki,500000,500000,0.0,39,3.0,https://tiki.vn/goi-cao-su-non-cong-thai-hoc-anh-lam-store-chong-dau-vai-ngay-ngu-ngay-ho-tro-ngu-nhanh-thiet-ke-rieng-biet-cho-tu-the-nam-ngua-va-nam-nghieng-hang-chinh-hang-p273816078.html?spid=273816080,False
272047595,Set 10 móc treo quần áo chống trượt xoay 360 đa năng (Giao màu ngẫu nhiên),Nhà cửa - Đời sống,Tiki,89000,89000,0.0,618,5.0,https://tiki.vn/set-10-moc-treo-quan-ao-chong-truot-xoay-360-da-nang-p272047595.html?spid=272047596,False
253402833,"Móc gỗ treo tường Anzzar, móc treo quần áo, phụ kiện, giá gỗ treo quần áo-MT04",Nhà cửa - Đời sống,Tiki,180000,180000,0.0,67,4.6,https://tiki.vn/moc-go-treo-tuong-anzzar-moc-treo-quan-ao-phu-kien-gia-go-treo-quan-ao-mt04-p253402833.html?spid=253402841,False
253198918,"{Combo 1mx5m} Decal phim màu cách nhiệt chống nắng UV dán kính otô, kính cửa",Nhà cửa - Đời sống,Tiki,239000,239000,0.0,131,4.5,https://tiki.vn/combo-1mx5m-decal-phim-mau-cach-nhiet-chong-nang-uv-dan-kinh-oto-kinh-cua-p253198918.html?spid=253198971,False
243046934,Kèn harmonica tremolo 24 lỗ Ocean Star màu đen- Chính hãng Hohner Đức,Nhà cửa - Đời sống,Tiki,500000,500000,0.0,5,5.0,https://tiki.vn/ken-harmonica-tremolo-24-lo-ocean-star-mau-den-chinh-hang-hohner-duc-p243046934.html?spid=243046935,False
191140197,"Phân Trùn Quế Greenhome, Bao 2kg, Dinh Dưỡng Hữu Cơ, Không Mùi, Tốt Cho Lan, Bonsai, Rau, Cây Ăn Trái",Nhà cửa - Đời sống,Tiki,41900,52020,0.19,154,5.0,https://tiki.vn/phan-trun-que-sfarm-bao-2kg-nguyen-chat-bo-sung-dinh-duong-cho-cay-hoa-cai-tao-dat-greenhome-p191140197.html?spid=191219586,False
184640975,BỘ ÁO MƯA TRONG MÀU,Nhà cửa - Đời sống,Tiki,249000,249000,0.0,5,0.0,https://tiki.vn/bo-ao-mua-trong-mau-p184640975.html?spid=263679451,False
171830000,"Giỏ Sắt Treo Chậu Cây, Kệ Để Chậu Hoa Cây Cảnh Có Móc Treo Ngoài Ban Công Tiện Lợi - Hàng Loại 1 - Chính Hãng MINIIN",Nhà cửa - Đời sống,Tiki,31000,31000,0.0,46,3.3,https://tiki.vn/gio-sat-treo-chau-cay-ke-de-chau-hoa-cay-canh-co-moc-treo-ngoai-ban-cong-tien-loi-hang-loai-1-chinh-hang-miniin-p171830000.html?spid=171830009,False
171154371,Bơm Điện - Bơm Tay Hút Chân Không Quần Áo Chăn Ga Gối Đệm Thú Bông Mành Rèm Deli - Phù Hợp Với Túi Hút Chân Không Đựng Quần Áo,Nhà cửa - Đời sống,Tiki,81000,81000,0.0,170,4.5,https://tiki.vn/bom-hut-chan-khong-quan-ao-chan-ga-goi-dem-manh-rem-deli-phu-hop-voi-tui-hut-chan-khong-p171154371.html?spid=171154373,False
156655718,Combo 4 Ống Hút Inox 304 Kèm Cọ Rửa - Hàng Loại 1 - Chính Hãng MINIIN,Nhà cửa - Đời sống,Tiki,39000,39000,0.0,36,4.5,https://tiki.vn/combo-4-ong-hut-inox-304-kem-co-rua-hang-loai-1-chinh-hang-miniin-p156655718.html?spid=156655719,False
156000505,"Đèn Pixar, Đèn Học Chống Cận Thị, Đèn Đọc Sách, Đèn Làm Việc Để Bàn Chống Chói Mắt Lóa Mắt Bảo Vệ Mắt - Hàng Chính Hãng MINIIN",Nhà cửa - Đời sống,Tiki,186000,186000,0.0,102,3.8,https://tiki.vn/den-pixar-den-hoc-chong-can-thi-den-doc-sach-den-lam-viec-de-ban-chong-choi-mat-loa-mat-bao-ve-mat-hang-chinh-hang-miniin-p156000505.html?spid=156000507,False
135053225,"Bộ 2 Dây Dù 10m Phơi Quần Áo , Cột Liều , Dụng Cụ Dã Ngoại - PaKaSa ( Màu ngẫu nhiên )",Nhà cửa - Đời sống,Tiki,29870,58000,0.49,42,5.0,https://tiki.vn/bo-2-day-du-10m-phoi-quan-ao-cot-lieu-dung-cu-da-ngoai-pakasa-mau-ngau-nhien-p135053225.html?spid=135053231,False
73566188,Hạt giống rau bạc hà Âu - Peppermint VTP102,Nhà cửa - Đời sống,Tiki,12800,12800,0.0,64,4.5,https://tiki.vn/02-goi-hat-giong-hung-bac-ha-cay-bac-ha-peppermint-vtp102-p73566188.html?spid=73566189,False
61757359,Phân bón Grow More B1 Start đậm đặc - Mỹ Chai 235ml,Nhà cửa - Đời sống,Tiki,41000,41000,0.0,33,4.6,https://tiki.vn/02-chai-phan-bon-grow-more-vitamin-b1-start-dam-dac-my-chai-235ml-p61757359.html?spid=61757360,False
59519178,"Hộp 10 viên nến tealight cháy 4h không mùi, không khói ",Nhà cửa - Đời sống,Tiki,30000,30000,0.0,161,5.0,https://tiki.vn/hop-10-vien-nen-tealight-chay-4h-khong-mui-khong-khoi-p59519178.html?spid=59519179,False
54351163,Pin 12V Energizer A27 BP1,Nhà cửa - Đời sống,Tiki,35600,35600,0.0,448,5.0,https://tiki.vn/pin-12v-energizer-a27-bp1-p54351163.html?spid=54351164,False
47167195,Bộ 5 mũi khoan đa năng Makita ,Nhà cửa - Đời sống,Tiki,135000,135000,0.0,191,4.6,https://tiki.vn/bo-5-mui-khoan-da-nang-makita-p47167195.html?spid=47167196,False
46178511,"Túi Lọc Sữa Đậu Nành, Túi Lọc Sữa Hạt Cao Cấp, Túi Lọc Trà, Túi Lọc Gia Vị - Hàng Chính Hãng",Nhà cửa - Đời sống,Tiki,49000,70000,0.3,2596,4.5,https://tiki.vn/tui-loc-sua-dau-nanh-sua-hat-cao-cap-p46178511.html?spid=47216943,False
39318884,Hộp 60 Viên Pin AA Panasonic ( Pin Tiểu ) Hi Top - Hàng Chính Hãng,Nhà cửa - Đời sống,Tiki,230000,230000,0.0,210,4.8,https://tiki.vn/hop-60-vien-pin-aa-panasonic-hi-top-hang-chinh-hang-p39318884.html?spid=250080445,False
25605500,"Túi Rác Tự Hủy Inochi 25 Lít Có Quai ( Lô 04 Túi 04 màu, Kích Thước 54 x 70 cm, 112 túi)",Nhà cửa - Đời sống,Tiki,139250,139250,0.0,14,4.5,https://tiki.vn/tui-rac-tu-huy-inochi-25-lit-co-quai-lo-04-tui-04-mau-kich-thuoc-54-x-70-cm-112-tui-p25605500.html?spid=57758397,False
4216861,Kính bảo hộ 3M SF401AF chống đọng sương,Nhà cửa - Đời sống,Tiki,105000,105000,0.0,75,5.0,https://tiki.vn/kinh-bao-ho-3m-sf401af-chong-dong-suong-p4216861.html?spid=76564257,False
