ma_san_pham,ten_san_pham,gia,danh_gia,luot_ban,url,nen_tang,nganh_hang,da_kiem_tra_gia_ao
279325148,Bút bi Claro ARROW 0.5mm Mực Xanh (Giao Màu Ngẫu Nhiên),3750.0,0.0,499,https://tiki.vn/but-bi-claro-arrow-0-5mm-muc-xanh-p279325148.html?spid=279325149,Tiki,Sách tiếng Việt,False
279218500,Ship of Theseus - NXB Trẻ,46000.0,5.0,308,https://tiki.vn/ship-of-theseus-01-nxb-tre-p279218500.html?spid=279533768,Tiki,Truyện tranh/Manga,False
279157961,Sách Hikaru - Kì Thủ Cờ Vây - Ultimate Edition ( Chọn Tập),72200.0,5.0,400,https://tiki.vn/hikaru-ki-thu-co-vay-ultimate-edition-tap-1-p279157961.html?spid=279277884,Tiki,Truyện tranh/Manga,False
279112904,Thám Tử Lừng Danh Conan - Tập 107,23750.0,5.0,269,https://tiki.vn/tham-tu-lung-danh-conan-tap-107-p279112904.html?spid=279112916,Tiki,Truyện tranh/Manga,False
278997061,Sách Tô Màu Phát Triển Trí Não Bộ Cho Bé 1-5 Tuổi - [Từ Tập 11 - Tập 20] - Chọn Tập Lẻ,10971.0,5.0,199,https://tiki.vn/sach-to-mau-phat-trien-tri-nao-bo-cho-be-1-5-tuoi-tu-tap-11-tap-20-chon-tap-le-p278997061.html?spid=278997091,Tiki,Sách ngoại văn,False
278968251,Hàng Xóm Của Tôi TOTORO (Truyện tranh màu) - [Chọn Tập Lẻ,71250.0,5.0,171,https://tiki.vn/hang-xom-cua-toi-totoro-truyen-tranh-mau-chon-tap-le-p278968251.html?spid=279180521,Tiki,Truyện tranh/Manga,False
278967562,Monster - Deluxe Edition –  [Chọn Tập Lẻ,118750.0,5.0,496,https://tiki.vn/monster-deluxe-edition-chon-tap-le-p278967562.html?spid=279445409,Tiki,Truyện tranh/Manga,False
278879928,Sách Nếu Như Không Thể Nói Nếu Như & Có Ai Giữ Giùm Những Lãng Quên & Thức Dậy Anh Vẫn Là Mơ - Tái Bản 2025,79350.0,5.0,315,https://tiki.vn/sach-neu-nhu-khong-the-noi-neu-nhu-co-ai-giu-gium-nhung-lang-quen-thuc-day-anh-van-la-mo-tai-ban-2025-p278879928.html?spid=278879978,Tiki,Sách ngoại văn,False
278856619,Sách Cô Bé Hàng Xóm Và Bốn Viên Kẹo (Nguyễn Nhật Ánh) - 2 phiên bản & quà tặng kèm,86000.0,5.0,883,https://tiki.vn/sach-co-be-hang-xom-va-bon-vien-keo-p278856619.html?spid=278856627,Tiki,Sách ngoại văn,False
278790552,Bộ Truyện One Piece [Chọn Tập Lẻ,22800.0,5.0,346,https://tiki.vn/bo-truyen-one-piece-chon-tap-le-p278790552.html?spid=278790687,Tiki,Truyện tranh/Manga,False
278785576,Sách Dragon Ball - 7 Viên Ngọc Rồng [Chọn Tập Lẻ] - Tập 1,28500.0,4.8,404,https://tiki.vn/sach-dragon-ball-7-vien-ngoc-rong-chon-tap-le-p278785576.html?spid=92281,Tiki,Truyện tranh/Manga,False
278777861,Bộ Sách Quiz! Khoa Học Kì Thú [Chọn Tập Lẻ,55200.0,5.0,987,https://tiki.vn/bo-sach-quiz-khoa-hoc-ki-thu-p278777861.html?spid=278826444,Tiki,Vitamin & Thực phẩm bổ sung,False
278777851,Sách Ma Đạo Tổ Sư - Tái Bản,132300.0,5.0,170,https://tiki.vn/sach-ma-dao-to-su-tai-ban-2025-p278777851.html?spid=278777816,Tiki,Sách thiếu nhi,False
278715265,Sách Hà Thanh Hải Yến - Ngang Qua Ngõ Nhỏ Bình An,143700.0,5.0,73,https://tiki.vn/sach-ha-thanh-hai-yen-ngang-qua-ngo-nho-binh-an-p278715265.html?spid=278715267,Tiki,Sách ngoại văn,False
278710197,Rắc Rối Đáng Yêu - Love☆Com,45000.0,5.0,235,https://tiki.vn/rac-roi-dang-yeu-love-com-p278710197.html?spid=279394160,Tiki,Truyện tranh/Manga,False
278706881,Itto - Sóng Gió Cầu Trường - [Tái Bản 2025,23750.0,5.0,225,https://tiki.vn/itto-song-gio-cau-truong-tai-ban-2025-p278706881.html?spid=278706948,Tiki,Truyện tranh/Manga,False
278523761,Siêu Quậy Teppei Tập 1 – Tập 31,22500.0,5.0,310,https://tiki.vn/sieu-quay-teppei-tap-1-tap-31-p278523761.html?spid=278523776,Tiki,Truyện tranh/Manga,False
278496130,Thanh Gươm Diệt Quỷ,28500.0,5.0,4525,https://tiki.vn/thanh-guom-diet-quy-tap-1-tan-khoc-p278496130.html?spid=48035298,Tiki,Truyện tranh/Manga,False
278463126,Komi - Nữ Thần Sợ Giao Tiếp ( Chọn Tập Lẻ),27000.0,4.8,975,https://tiki.vn/komi-nu-than-so-giao-tiep-chon-tap-le-p278463126.html?spid=144779881,Tiki,Truyện tranh/Manga,False
278275166,Hoa Thơm Kiêu Hãnh (Chọn tập lẻ),50000.0,5.0,641,https://tiki.vn/hoa-thom-kieu-hanh-p278275166.html?spid=278626624,Tiki,Truyện tranh/Manga,False
277962612,Sách Thiên Quan Tứ Phúc,107600.0,4.8,490,https://tiki.vn/sach-thien-quan-tu-phuc-p277962612.html?spid=277962709,Tiki,Sách thiếu nhi,False
277591013,Bộ Truyện - Itto - Cơn lốc sân cỏ,166250.0,5.0,205,https://tiki.vn/bo-truyen-itto-con-loc-san-co-p277591013.html?spid=277591041,Tiki,Truyện tranh/Manga,False
277228103,Sách Husky Và Sư Tôn Mèo Trắng Của Hắn,112800.0,5.0,282,https://tiki.vn/sach-husky-va-su-ton-meo-trang-cua-han-p277228103.html?spid=278093885,Tiki,Sách thiếu nhi,False
276933744,Combo Giáo Trình Chuẩn HSK 1 - Sách Bài Học và Bài tập (Bộ 2 cuốn),296000.0,4.7,868,https://tiki.vn/combo-giao-trinh-chuan-hsk-1-sach-bai-hoc-va-bai-tap-bo-2-cuon-p276933744.html?spid=276949257,Tiki,Sách ngoại văn,True
276659602,Series các tập Claymore,35000.0,5.0,864,https://tiki.vn/claymore-01-sat-thu-mat-bac-p276659602.html?spid=277815806,Tiki,Truyện tranh/Manga,False
276657645,Sách Hệ Thống Tự Cứu Của Nhân Vật Phản Diện (Tái bản),109800.0,4.6,163,https://tiki.vn/sach-he-thong-tu-cuu-cua-nhan-vat-phan-dien-tai-ban-p276657645.html?spid=276657705,Tiki,Sách thiếu nhi,False
274363543,Sách Con Đường Chẳng Mấy Ai Đi,115000.0,5.0,6349,https://tiki.vn/sach-con-duong-chang-may-ai-di-p274363543.html?spid=274363544,Tiki,Tô màu - Luyện chữ,False
273819808,Sách Tâm Lý Học Về Tiền,150600.0,4.8,28885,https://tiki.vn/sach-tam-ly-hoc-ve-tien-p273819808.html?spid=75953558,Tiki,Sách ngoại văn,False
272188850,Soul Eater,86225.0,5.0,309,https://tiki.vn/soul-eater-p272188850.html?spid=273328398,Tiki,Truyện tranh/Manga,False
262664014,Combo Doraemon Truyện Ngắn,222300.0,5.0,476,https://tiki.vn/combo-doraemon-truyen-ngan-p262664014.html?spid=262664018,Tiki,Truyện tranh/Manga,False
249876840,"Sách Beartown - Thị trấn nhỏ, giấc mơ lớn",172000.0,5.0,2279,https://tiki.vn/sach-beartown-thi-tran-nho-giac-mo-lon-p249876840.html?spid=249876841,Tiki,Sách ngoại văn,False
202879294,Sách Người Đàn Ông Mang Tên Ove (Tái Bản 2022),128000.0,5.0,6739,https://tiki.vn/sach-nguoi-dan-ong-mang-ten-ove-tai-ban-2022-p202879294.html?spid=202879295,Tiki,Sách ngoại văn,False
190335975,Combo 2 cuốn Truyện Dành Cho Thiếu Nhi : Tuổi Thơ Dữ Dội - Tập 1 + 2 (Tái Bản),120000.0,5.0,1818,https://tiki.vn/combo-2-cuon-truyen-danh-cho-thieu-nhi-tuoi-tho-du-doi-tap-1-2-tai-ban-p190335975.html?spid=273817532,Tiki,Máy massage,False
165030729,Sách Những Kẻ Âu Lo,149000.0,5.0,2308,https://tiki.vn/sach-nhung-ke-au-lo-p165030729.html?spid=165030730,Tiki,Sách ngoại văn,False
115078652,Sách Huấn Luyện Cảm Xúc Để Con Trẻ Phát Triển Toàn Diện,142560.0,5.0,1186,https://tiki.vn/sach-huan-luyen-cam-xuc-de-con-tre-phat-trien-toan-dien-p115078652.html?spid=115078654,Tiki,Tô màu - Luyện chữ,False
91947689,Sách 7 Thói Quen Hiệu Quả (The 7 Habits Of Highly Effective People) - Stephen R. Covey - PACE Books,169200.0,5.0,9903,https://tiki.vn/sach-7-thoi-quen-hieu-qua-the-7-habits-of-highly-effective-people-stephen-r-covey-pace-books-p91947689.html?spid=91947690,Tiki,Tô màu - Luyện chữ,False
13920941,Combo Doraemon - Truyện Dài (Trọn Bộ 24 Cuốn) - Tái Bản,529200.0,5.0,4942,https://tiki.vn/combo-doraemon-truyen-dai-tron-bo-24-cuon-tai-ban-p13920941.html?spid=13920942,Tiki,Truyện tranh/Manga,True
2987219,Sách Giáo Trình Chuẩn YCT 1 (Kèm file MP3),115000.0,4.8,2996,https://tiki.vn/sach-giao-trinh-chuan-yct-1-kem-file-mp3-p2987219.html?spid=2987563,Tiki,Sách ngoại văn,False
1080002,Sách Boxset Harry Potter - Tiếng Việt (Trọn Bộ 7 Tập),1473000.0,4.7,10882,https://tiki.vn/sach-boxset-harry-potter-tieng-viet-tron-bo-7-tap-p1080002.html?spid=1080024,Tiki,Sách ngoại văn,True
540039,Sách Giáo Trình Chuẩn HSK 1 - Bài Học (Kèm file MP3),165000.0,4.8,8593,https://tiki.vn/sach-giao-trinh-chuan-hsk-1-bai-hoc-kem-file-mp3-p540039.html?spid=262528,Tiki,Sách ngoại văn,False
279394165,Thám tử thừa kế,50000.0,0.0,96,https://tiki.vn/tham-tu-thua-ke-p279394165.html?spid=279493247,Tiki,Truyện tranh/Manga,False
279374424,Sách Chú Thuật Hồi Chiến - Tập 27,28500.0,5.0,38,https://tiki.vn/chu-thuat-hoi-chien-tap-27-p279374424.html?spid=279375119,Tiki,Truyện tranh/Manga,False
279313607,Bộ Sách Tô Màu 6 Cuốn Họa Sĩ Nhí Vẽ Thế Giới,15000.0,0.0,0,https://tiki.vn/bo-sach-to-mau-6-cuon-hoa-si-nhi-ve-the-gioi-p279313607.html?spid=279313712,Tiki,Vitamin & Thực phẩm bổ sung,False
279292568,Song Mệnh Cõi Hoàng Tuyền,31500.0,4.8,134,https://tiki.vn/song-menh-coi-hoang-tuyen-p279292568.html?spid=279580424,Tiki,Truyện tranh/Manga,False
279236031,"Điệu múa chim công, có ai thấy không",52000.0,5.0,120,https://tiki.vn/dieu-mua-chim-cong-co-ai-thay-khong-p279236031.html?spid=279236035,Tiki,Truyện tranh/Manga,False
279235202,Sách Khúc Hát Đêm Thâu [Chọn Tập,31500.0,4.2,251,https://tiki.vn/sach-khuc-hat-dem-thau-chon-tap-p279235202.html?spid=279558959,Tiki,Truyện tranh/Manga,False
278788044,Sách BEASTARS [Chọn Tập Lẻ,28350.0,5.0,285,https://tiki.vn/sach-beastars-chon-tap-le-p278788044.html?spid=279409079,Tiki,Truyện tranh/Manga,False
278756674,Sách Nisekoi - Cặp Đôi Giả Tạo,36000.0,5.0,258,https://tiki.vn/sach-nisekoi-cap-doi-gia-tao-p278756674.html?spid=279558986,Tiki,Truyện tranh/Manga,False
278749523,Ngũ Hành Của Tôi Thiếu Em,131200.0,5.0,243,https://tiki.vn/ngu-hanh-cua-toi-thieu-em-p278749523.html?spid=278749686,Tiki,Sách thiếu nhi,False
278729052,Doraemon Movie Story Màu - Phiên Bản Mới: Nobita Và Binh Đoàn Người Sắt - Đôi Cánh Thiên Thần,34300.0,5.0,44,https://tiki.vn/doraemon-movie-story-mau-phien-ban-moi-nobita-va-binh-doan-nguoi-sat-doi-canh-thien-than-p278729052.html?spid=278729053,Tiki,Truyện tranh/Manga,False
278684154,Nữ Binh Thần Tốc,41800.0,5.0,242,https://tiki.vn/nu-binh-than-toc-p278684154.html?spid=278863077,Tiki,Truyện tranh/Manga,False
278423155,"Sách Hồi Ức, Giấc Mơ, Suy Ngẫm - Hành Trình Vào Nội Tâm Của Carl Jung – Nơi Ký Ức, Giấc Mơ Và Triết Lý Giao Thoa",229200.0,5.0,1606,https://tiki.vn/sach-hoi-uc-giac-mo-suy-ngam-hanh-trinh-vao-noi-tam-cua-carl-jung-noi-ky-uc-giac-mo-va-triet-ly-giao-thoa-p278423155.html?spid=278423156,Tiki,Sách ngoại văn,False
278123405,Sobotei Dinh Thự Ma Ám (Chọn tập lẻ),42000.0,5.0,597,https://tiki.vn/sobotei-dinh-thu-ma-am-p278123405.html?spid=279577166,Tiki,Truyện tranh/Manga,False
277397107,Sách Phía Đông Vườn Địa Đàng,279000.0,4.5,645,https://tiki.vn/sach-phia-dong-vuon-dia-dang-p277397107.html?spid=277397109,Tiki,Sách ngoại văn,False
276948798,"Sách Lên Đỉnh Núi Mở Tiệm Bánh Mì - Triết lí Wazawaza: Những con người hạnh phúc, 2 loại bánh mì, và doanh thu thường niên 300 triệu Yên",108000.0,4.8,2814,https://tiki.vn/sach-len-dinh-nui-mo-tiem-banh-mi-triet-li-wazawaza-nhung-con-nguoi-hanh-phuc-2-loai-banh-mi-va-doanh-thu-thuong-nien-300-trieu-yen-p276948798.html?spid=276948799,Tiki,Sách ngoại văn,False
276933755,Combo Giáo Trình Chuẩn HSK 4 Tập 1 - Sách Bài Học và Bài tập (Bộ 2 cuốn),311000.0,5.0,865,https://tiki.vn/combo-giao-trinh-chuan-hsk-4-tap-1-sach-bai-hoc-va-bai-tap-bo-2-cuon-p276933755.html?spid=276949260,Tiki,Sách ngoại văn,True
276933752,Combo Giáo Trình Chuẩn HSK 3 - Sách Bài Học và Bài tập (Bộ 2 cuốn),395000.0,5.0,862,https://tiki.vn/combo-giao-trinh-chuan-hsk-3-sach-bai-hoc-va-bai-tap-bo-2-cuon-p276933752.html?spid=276949259,Tiki,Sách ngoại văn,True
276883579,Sống Sáng - Phan Việt - Sáng Books,200000.0,5.0,1246,https://tiki.vn/song-sang-dong-sach-sang-phan-viet-sang-books-p276883579.html?spid=276886802,Tiki,Tô màu - Luyện chữ,False
276425570,Thám Tử Lừng Danh Conan (Bản Nâng Cấp) - [Chọn Tập Lẻ,32300.0,5.0,312,https://tiki.vn/tham-tu-lung-danh-conan-ban-nang-cap-p276425570.html?spid=276428296,Tiki,Truyện tranh/Manga,False
276078455,Series các tập Gachiakuta,39800.0,5.0,397,https://tiki.vn/series-cac-tap-gachiakuta-p276078455.html?spid=276424324,Tiki,Truyện tranh/Manga,False
276019606,Sách Không Gia Đình (Tái Bản),120000.0,5.0,502,https://tiki.vn/sach-khong-gia-dinh-tai-ban-p276019606.html?spid=278938671,Tiki,Sách ngoại văn,False
273746688,Sách Địa Cầu Online,129400.0,4.8,91,https://tiki.vn/sach-dia-cau-online-p273746688.html?spid=273204606,Tiki,Sách thiếu nhi,False
273691914,Sách Trăm năm cô đơn,176250.0,4.7,520,https://tiki.vn/sach-tram-nam-co-don-p273691914.html?spid=273691915,Tiki,Sách ngoại văn,False
272447731,Sách Xông vào lối âm dương,118400.0,5.0,283,https://tiki.vn/sach-xong-vao-loi-am-duong-p272447731.html?spid=275705489,Tiki,Sách thiếu nhi,False
263035841,Sách Vòng Quanh Thế Giới,9440.0,4.8,694,https://tiki.vn/sach-vong-quanh-the-gioi-p263035841.html?spid=277926162,Tiki,Vitamin & Thực phẩm bổ sung,False
194960730,Sách Nỗi buồn chiến tranh,99000.0,5.0,4726,https://tiki.vn/sach-noi-buon-chien-tranh-p194960730.html?spid=194960731,Tiki,Sách ngoại văn,False
192909292,Sách Án Mạng Trên Chuyến Tàu Tốc Hành Phương Đông,98000.0,5.0,978,https://tiki.vn/sach-an-mang-tren-chuyen-tau-toc-hanh-phuong-dong-p192909292.html?spid=192909295,Tiki,Chăm sóc da,False
176831144,Combo 23 Tập Thanh Gươm Diệt Quỷ (Tập 1-23),662400.0,5.0,342,https://tiki.vn/combo-23-tap-thanh-guom-diet-quy-tap-1-23-p176831144.html?spid=176831145,Tiki,Truyện tranh/Manga,True
170708233,Sách Thay Đổi Tí Hon - Hiệu Quả Bất Ngờ Atomic Habits (Tái Bản Lần 4),142000.0,4.8,12328,https://tiki.vn/sach-thay-doi-ti-hon-hieu-qua-bat-ngo-atomic-habits-tai-ban-lan-4-p170708233.html?spid=170708234,Tiki,Tô màu - Luyện chữ,False
140416370,Sách Flow - Dòng Chảy,175560.0,5.0,9389,https://tiki.vn/sach-flow-dong-chay-p140416370.html?spid=140416372,Tiki,Sách ngoại văn,False
109017985,"Sách Thiên Tài Bên Trái, Kẻ Điên Bên Phải (Tái Bản)",128880.0,4.8,27264,https://tiki.vn/sach-thien-tai-ben-trai-ke-dien-ben-phai-tai-ban-p109017985.html?spid=109017987,Tiki,Sách ngoại văn,False
95289208,Sách Người Bà Tài Giỏi Vùng Saga,96000.0,5.0,5582,https://tiki.vn/sach-nguoi-ba-tai-gioi-vung-saga-p95289208.html?spid=95289212,Tiki,Sách ngoại văn,False
76013378,Sách Storytelling With Data - Kể Chuyện Thông Qua Dữ Liệu (Cuốn Cẩm Nang Hướng Dẫn Trực Quan Hóa Dữ Liệu),219300.0,5.0,12890,https://tiki.vn/sach-storytelling-with-data-ke-chuyen-thong-qua-du-lieu-cuon-cam-nang-huong-dan-truc-quan-hoa-du-lieu-p76013378.html?spid=76013379,Tiki,Mỹ phẩm,False
59511811,Sách Dấu Chân Trên Cát - Nguyên Phong (Tái Bản 2020),111000.0,4.8,5512,https://tiki.vn/sach-dau-chan-tren-cat-nguyen-phong-tai-ban-2020-p59511811.html?spid=59511812,Tiki,Sách ngoại văn,False
56609155,Sách Trường Ca Achilles (Quà Tặng Kèm: 01 Bookmark + 01 Phụ Lục),124800.0,5.0,4228,https://tiki.vn/sach-truong-ca-achilles-qua-tang-kem-01-bookmark-01-phu-luc-p56609155.html?spid=56609156,Tiki,Sách ngoại văn,False
52789367,Sách Nhà Giả Kim (Tái Bản),78000.0,5.0,40465,https://tiki.vn/sach-nha-gia-kim-tai-ban-2020-p52789367.html?spid=52789368,Tiki,Sách ngoại văn,False
17493916,Sách Luyện Nói Tiếng Trung Quốc Cấp Tốc Cho Người Bắt Đầu - Tập 1 (Kèm file MP3) (Tái Bản),140000.0,5.0,1030,https://tiki.vn/sach-luyen-noi-tieng-trung-quoc-cap-toc-cho-nguoi-bat-dau-tap-1-kem-file-mp3-tai-ban-p17493916.html?spid=17493917,Tiki,Sách ngoại văn,False
7953305,"Combo Tổng Hợp Chuyên Đề Trọng Tâm Thi Vào 10 Chuyên
Và Học Sinh Giỏi Toán 9",234000.0,4.8,2078,https://tiki.vn/combo-tong-hop-chuyen-de-trong-tam-thi-vao-10-chuyen-va-hoc-sinh-gioi-toan-9-p7953305.html?spid=7953306,Tiki,Sách ngoại văn,False
7833728,Sách Dạy Con Làm Giàu (Tập 1) - Để Không Có Tiền Vẫn Tạo Ra Tiền - Cha Giàu Cha Nghèo (Tái Bản),63000.0,4.8,38578,https://tiki.vn/sach-day-con-lam-giau-tap-1-de-khong-co-tien-van-tao-ra-tien-cha-giau-cha-ngheo-tai-ban-p7833728.html?spid=7833729,Tiki,Sách ngoại văn,False
4780917,Sách Người Đua Diều (Tái Bản 2018),99330.0,4.8,23228,https://tiki.vn/sach-nguoi-dua-dieu-tai-ban-2018-p4780917.html?spid=4781791,Tiki,Sách ngoại văn,False
279437167,"Sách Hẹn Gặp Lại, Quốc Vương Của Tôi - Tập 7",137830.0,4.5,52,https://tiki.vn/sach-hen-gap-lai-quoc-vuong-cua-toi-tap-7-p279437167.html?spid=279437172,Tiki,Sách ngoại văn,False
279414086,Sách Viết Cũng Là Học - Writing to learn,135200.0,5.0,105,https://tiki.vn/sach-viet-cung-la-hoc-writing-to-learn-p279414086.html?spid=279414087,Tiki,Tô màu - Luyện chữ,False
279321804,Sách Chờ Ngày Bình Yên,89250.0,4.5,64,https://tiki.vn/sach-cho-ngay-binh-yen-p279321804.html?spid=279321805,Tiki,Sách ngoại văn,False
278966679,Sách - Phương Pháp Đặt Câu Hỏi Của Socrates - Khai Mở Tư Duy Phản Biện Và Hiểu Biết Sâu Sắc,93500.0,4.6,400,https://tiki.vn/sach-phuong-phap-dat-cau-hoi-cua-socrates-khai-mo-tu-duy-phan-bien-va-hieu-biet-sau-sac-p278966679.html?spid=278966681,Tiki,Tô màu - Luyện chữ,False
278949619,Quý tộc nhà nông,61000.0,5.0,182,https://tiki.vn/quy-toc-nha-nong-01-tang-kem-the-bai-quy-toc-p278949619.html?spid=278949622,Tiki,Truyện tranh/Manga,False
278892527,Sách Tokyo Aliens - [Chọn Tập Lẻ,38000.0,4.5,183,https://tiki.vn/sach-tokyo-aliens-chon-tap-le-p278892527.html?spid=279235141,Tiki,Truyện tranh/Manga,False
278860289,Sách Nguyễn Nhật Ánh - Cô Bé Hàng Xóm Và Bốn Viên Kẹo - Bìa Cứng - Tặng Kèm Random 1 Trong 4 Mẫu Bookmark + Sticker + Sổ Vẽ,184000.0,5.0,222,https://tiki.vn/sach-co-be-hang-xom-va-bon-vien-keo-bia-cung-tang-kem-random-1-trong-4-mau-bookmark-sticker-so-ve-p278860289.html?spid=278860290,Tiki,Sách ngoại văn,False
278838097,Sách Tính Bản Ác (M. Scott Peck) - Tuệ Tri,133000.0,4.7,518,https://tiki.vn/sach-tinh-ban-ac-p278838097.html?spid=278838098,Tiki,Tô màu - Luyện chữ,False
278724728,Sách Giải Mã Tâm Lý Hành Vi Về Tiền,156400.0,4.8,865,https://tiki.vn/sach-giai-ma-tam-ly-hanh-vi-ve-tien-p278724728.html?spid=278724729,Tiki,Sách ngoại văn,False
278572376,Combo Perman - Cậu Bé Siêu Nhân,166250.0,5.0,186,https://tiki.vn/combo-perman-cau-be-sieu-nhan-p278572376.html?spid=278572844,Tiki,Truyện tranh/Manga,False
277827033,Sách Lần Đầu Làm Mẹ - Tổng Hợp Những Kiến Thức Mới Nhất Về Mang Thai Và Sinh Nở,216700.0,4.8,268,https://tiki.vn/sach-lan-dau-lam-me-tong-hop-nhung-kien-thuc-moi-nhat-ve-mang-thai-va-sinh-no-p277827033.html?spid=277827036,Tiki,Sách ngoại văn,False
277728224,"Sách Nói Chuyện Là Bản Năng, Giữ Miệng Là Tu Dưỡng, Im Lặng Là Trí Tuệ",119100.0,4.8,7980,https://tiki.vn/sach-noi-chuyen-la-ban-nang-giu-mieng-la-tu-duong-im-lang-la-tri-tue-p277728224.html?spid=212356653,Tiki,Sách ngoại văn,False
277622005,Sách Boxset Cá Voi Đêm Bão Và Những Câu Chuyện Khác (5 Cuốn),195000.0,5.0,162,https://tiki.vn/sach-boxset-ca-voi-dem-bao-va-nhung-cau-chuyen-khac-5-cuon-p277622005.html?spid=277622008,Tiki,Sách ngoại văn,False
277599506,Sách Đôi mắt của Mona,260260.0,4.7,518,https://tiki.vn/sach-doi-mat-cua-mona-p277599506.html?spid=277599509,Tiki,Sách ngoại văn,False
276960030,Sách Khi Mọi Điều Không Như Ý,83930.0,5.0,3024,https://tiki.vn/sach-khi-moi-dieu-khong-nhu-y-p276960030.html?spid=276960033,Tiki,Sách ngoại văn,False
276944781,Sách Công Cụ Của Những Người Khổng Lồ,310000.0,5.0,200,https://tiki.vn/sach-cong-cu-cua-nhung-nguoi-khong-lo-p276944781.html?spid=277347896,Tiki,Sách ngoại văn,True
276933759,Combo Giáo Trình Chuẩn HSK 5 Tập 1 - Sách Bài Học và Bài tập (Bộ 2 cuốn),387000.0,5.0,850,https://tiki.vn/combo-giao-trinh-chuan-hsk-5-tap-1-sach-bai-hoc-va-bai-tap-bo-2-cuon-p276933759.html?spid=276949262,Tiki,Sách ngoại văn,True
276471716,Sách Cách Sống,71500.0,4.8,878,https://tiki.vn/sach-cach-song-p276471716.html?spid=276471719,Tiki,Sách ngoại văn,False
276285600,Phù thủy và dã thú,49000.0,5.0,100,https://tiki.vn/phu-thuy-va-da-thu-p276285600.html?spid=276885653,Tiki,Truyện tranh/Manga,False
275034810,Sách Thánh Kinh Marketing,187600.0,5.0,90,https://tiki.vn/sach-thanh-kinh-marketing-p275034810.html?spid=275034812,Tiki,Sách ngoại văn,False
273349964,Cecilia & Lawrence ( Chọn Tập Lẻ),38000.0,5.0,84,https://tiki.vn/combo-cecilia-lawrence-p273349964.html?spid=278690548,Tiki,Truyện tranh/Manga,False
273219497,Series các tập Moriarty the patriot,40000.0,5.0,763,https://tiki.vn/series-cac-tap-moriarty-the-patriot-p273219497.html?spid=274971985,Tiki,Truyện tranh/Manga,False
272367381,Sách Trốn Lên Mái Nhà Để Khóc,73150.0,5.0,2863,https://tiki.vn/sach-tron-len-mai-nha-de-khoc-p272367381.html?spid=272367383,Tiki,Sách ngoại văn,False
271916321,"	 Sách Mùa hè không tên (Nguyễn Nhật Ánh) - Tặng kèm Bookmark, Tranh màu",103500.0,5.0,5566,https://tiki.vn/sach-mua-he-khong-ten-nguyen-nhat-anh-tang-kem-bookmark-tranh-mau-cho-ca-2-phien-ban-tang-them-ngau-nhien-1-trong-2-lot-ly-cho-ban-bia-cung-p271916321.html?spid=271916323,Tiki,Sách ngoại văn,False
251255482,Doraemon - Chú Mèo Máy Đến Từ Tương Lai Tập 26 (Tái Bản),23750.0,5.0,31,https://tiki.vn/doraemon-chu-meo-may-den-tu-tuong-lai-tap-26-tai-ban-2023-p251255482.html?spid=251255484,Tiki,Truyện tranh/Manga,False
220665663,Sách 30 Tuổi - Mọi Thứ Chỉ Mới Bắt Đầu,103950.0,4.8,2759,https://tiki.vn/sach-30-tuoi-moi-thu-chi-moi-bat-dau-p220665663.html?spid=220665664,Tiki,Tô màu - Luyện chữ,False
205942263,Sách Tận Hưởng Hành Trình Nuôi Con Sữa Mẹ,116250.0,4.8,2610,https://tiki.vn/sach-tan-huong-hanh-trinh-nuoi-con-sua-me-p205942263.html?spid=205942266,Tiki,Sách ngoại văn,False
202450677,Chú Thuật Hồi Chiến Tập 8,28000.0,5.0,2629,https://tiki.vn/chu-thuat-hoi-chien-tap-8-p202450677.html?spid=202450681,Tiki,Truyện tranh/Manga,False
186290796,Sách Còn chút gì để nhớ (Tái Bản 2022),38950.0,5.0,1207,https://tiki.vn/sach-con-chut-gi-de-nho-tai-ban-2022-p186290796.html?spid=186290799,Tiki,Sách ngoại văn,False
186286190,Sách Mắt Biếc (Tái Bản 2022),40850.0,5.0,690,https://tiki.vn/sach-mat-biec-tai-ban-2022-p186286190.html?spid=186286191,Tiki,Sách ngoại văn,False
168662171,Sách Vừa Nhắm Mắt Vừa Mở Cửa Số,63000.0,5.0,2975,https://tiki.vn/sach-vua-nham-mat-vua-mo-cua-so-p168662171.html?spid=168662172,Tiki,Máy massage,False
82996522,Sách Tư Bản Thế Kỷ 21,231000.0,4.8,1415,https://tiki.vn/sach-tu-ban-the-ky-21-p82996522.html?spid=82996523,Tiki,Sách ngoại văn,False
50322710,Sách 48 Nguyên Tắc Chủ Chốt Của Quyền Lực (Tái Bản 2020),167000.0,5.0,9463,https://tiki.vn/sach-48-nguyen-tac-chu-chot-cua-quyen-luc-tai-ban-2020-p50322710.html?spid=51830751,Tiki,Tô màu - Luyện chữ,False
50263061,Combo Thám Tử Lừng Danh Conan Tập 21 - 30 (Bộ 10 cuốn),237500.0,5.0,826,https://tiki.vn/combo-tham-tu-lung-danh-conan-tap-21-30-bo-10-cuon-p50263061.html?spid=58806027,Tiki,Truyện tranh/Manga,False
8886007,Sách Ngàn Mặt Trời Rực Rỡ (Tái Bản),123200.0,4.8,10952,https://tiki.vn/sach-ngan-mat-troi-ruc-ro-tai-ban-p8886007.html?spid=8886008,Tiki,Sách ngoại văn,False
7369223,Sách Cho Tôi Xin Một Vé Đi Tuổi Thơ,68400.0,4.8,21459,https://tiki.vn/sach-cho-toi-xin-mot-ve-di-tuoi-tho-bia-mem-tai-ban-p7369223.html?spid=7369225,Tiki,Sách ngoại văn,False
3304875,Sách Điều Kỳ Diệu Của Tiệm Tạp Hóa NAMIYA (Tái Bản),107030.0,5.0,35112,https://tiki.vn/sach-dieu-ky-dieu-cua-tiem-tap-hoa-namiya-tai-ban-p3304875.html?spid=3304877,Tiki,Sách ngoại văn,False
1215677,Sách Từ Những Hạt Mầm: Hột Điều Của Sóc,11500.0,5.0,910,https://tiki.vn/sach-tu-nhung-hat-mam-hot-dieu-cua-soc-p1215677.html?spid=1215947,Tiki,Vitamin & Thực phẩm bổ sung,False
997535,Sách Gọi Em Bằng Tên Anh - Call Me By Your Name,92000.0,4.8,9260,https://tiki.vn/sach-goi-em-bang-ten-anh-call-me-by-your-name-p997535.html?spid=1002143,Tiki,Sách ngoại văn,False
633125,Sách Lĩnh Nam Chích Quái,266000.0,4.8,5827,https://tiki.vn/sach-linh-nam-chich-quai-p633125.html?spid=633134,Tiki,Sách ngoại văn,False
279358057,Sách Làm Dâu Nhà Giáo,158010.0,5.0,33,https://tiki.vn/sach-lam-dau-nha-giao-p279358057.html?spid=279359159,Tiki,Truyện tranh/Manga,False
279334959,Sách Tiếng Lòng Khó Giấu (Tập 2),126750.0,4.8,118,https://tiki.vn/sach-tieng-long-kho-giau-tap-2-p279334959.html?spid=279334936,Tiki,Sách thiếu nhi,False
279308786,Sách Người Trong Mộng Của Nam Chính Phải Lòng Tôi (Tập 1),183200.0,5.0,0,https://tiki.vn/sach-nguoi-trong-mong-cua-nam-chinh-phai-long-toi-tap-1-p279308786.html?spid=279308793,Tiki,Sách thiếu nhi,False
279292547,Sách Dan Da Dan - Tập 7 + Special Cover,40500.0,5.0,199,https://tiki.vn/sach-dan-da-dan-p279292547.html?spid=279557394,Tiki,Truyện tranh/Manga,False
279236017,Hồn Oda Da Shiba,48900.0,5.0,44,https://tiki.vn/hon-oda-da-shiba-p279236017.html?spid=279307513,Tiki,Truyện tranh/Manga,False
278963850,Kính Vạn Hoa Bộ Kỉ Niệm 30 Năm - Tặng Kèm 01 Sổ Tay Kính Vạn Hoa,172800.0,5.0,118,https://tiki.vn/kinh-van-hoa-bo-ki-niem-30-nam-tang-kem-p278963850.html?spid=278963990,Tiki,Máy massage,False
278948458,Sách Vòng Lặp Thứ 7 Của Tiểu Thư Phản Diện - Cuộc Sống Hôn Nhân Tự Tại Giữa Lòng Địch Quốc (Chọn Tập Lẻ),42750.0,5.0,67,https://tiki.vn/sach-vong-lap-thu-7-cua-tieu-thu-phan-dien-cuoc-song-hon-nhan-tu-tai-giua-long-dich-quoc-9-chon-tap-le-p278948458.html?spid=279185693,Tiki,Truyện tranh/Manga,False
278901566,Sách Đời Gió Bụi,180000.0,4.6,330,https://tiki.vn/sach-doi-gio-bui-p278901566.html?spid=278901596,Tiki,Sách ngoại văn,False
278856940,Agatha Christie. Bí Mật Dinh Thự Chimneys,126000.0,5.0,189,https://tiki.vn/agatha-christie-bi-mat-dinh-thu-chimneys-p278856940.html?spid=278856944,Tiki,Chăm sóc da,False
278800709,Điểm Kỳ Dị Đã Cận Kề - Khi Con Người Hợp Nhất Với AI,166500.0,4.0,208,https://tiki.vn/diem-ky-di-da-can-ke-khi-con-nguoi-hop-nhat-voi-ai-p278800709.html?spid=278814823,Tiki,Sách ngoại văn,False
278500643,Sách Động Từ Bất Quy Tắc & Ngữ Pháp Tiếng Anh Căn Bản,13860.0,5.0,36,https://tiki.vn/sach-dong-tu-bat-quy-tac-ngu-phap-tieng-anh-can-ban-p278500643.html?spid=278500647,Tiki,Sách ngoại văn,False
278492587,Sách Kính Vạn Hoa - Bộ 18 Tập [ Phiên Bản Mới,63200.0,5.0,246,https://tiki.vn/sach-kinh-van-hoa-bo-18-tap-phien-ban-moi-p278492587.html?spid=278492612,Tiki,Máy massage,False
278489414,Sách Tư Duy Hệ Thống,107300.0,5.0,637,https://tiki.vn/sach-tu-duy-he-thong-p278489414.html?spid=278489416,Tiki,Tô màu - Luyện chữ,False
278275295,Sách Chiến Binh Cầu Vồng (Tái Bản),103950.0,4.6,794,https://tiki.vn/sach-chien-binh-cau-vong-tai-ban-p278275295.html?spid=278275298,Tiki,Sách ngoại văn,False
278159678,Truyện tranh tâm lý học đường - Khai mở tư duy sáng tạo (Sách bản quyền),38900.0,0.0,38,https://tiki.vn/truyen-tranh-tam-ly-hoc-duong-sach-ban-quyen-p278159678.html?spid=278159686,Tiki,Sách ngoại văn,False
277384364,Hồ Sơ Mật The Top Secret Season 0,49900.0,5.0,398,https://tiki.vn/ho-so-mat-the-top-secret-season-0-p277384364.html?spid=277690619,Tiki,Truyện tranh/Manga,False
276922183,Thám Tử Lừng Danh Conan Tập 105,24500.0,5.0,388,https://tiki.vn/tham-tu-lung-danh-conan-tap-105-p276922183.html?spid=276922189,Tiki,Truyện tranh/Manga,False
276305454,Sách Trường Tương Tư,143600.0,5.0,122,https://tiki.vn/sach-truong-tuong-tu-p276305454.html?spid=276305547,Tiki,Sách ngoại văn,False
275212810,Sách MBA CƠ BẢN - Khóa Học Quản Trị Kinh Doanh Cấp Tốc Cho Người Bận Rộn - Tom Gorman (bìa mềm),208000.0,5.0,320,https://tiki.vn/sach-mba-co-ban-khoa-hoc-quan-tri-kinh-doanh-cap-toc-cho-nguoi-ban-ron-tom-gorman-bia-mem-p275212810.html?spid=275860915,Tiki,Mỹ phẩm,False
273200683,Series các tập Chu Du Ẩm Thực Tại Dị Giới Với Kĩ Năng Không Tưởng,38000.0,5.0,227,https://tiki.vn/chu-du-am-thuc-tai-di-gioi-voi-ki-nang-khong-tuong-p273200683.html?spid=274150466,Tiki,Truyện tranh/Manga,False
272854044,Sách Tiếng Anh Giao Tiếp Bệnh Viện dành cho người mới bắt đầu - Tác giả BS. Đỗ Trung Kiên,169000.0,5.0,1710,https://tiki.vn/sach-tieng-anh-giao-tiep-benh-vien-danh-cho-nguoi-moi-bat-dau-tac-gia-bs-do-trung-kien-p272854044.html?spid=272854045,Tiki,Sách ngoại văn,False
272447903,Sách Đừng nhặt bạn trai trong thùng rác,118400.0,5.0,312,https://tiki.vn/sach-dung-nhat-ban-trai-trong-thung-rac-p272447903.html?spid=274323810,Tiki,Sách thiếu nhi,False
271380890,Sách Đúng Việc,90000.0,5.0,4788,https://tiki.vn/sach-dung-viec-p271380890.html?spid=271380893,Tiki,Tô màu - Luyện chữ,False
270790324,Doraemon Plus Tập 5,23750.0,5.0,32,https://tiki.vn/doraemon-plus-tap-5-p270790324.html?spid=270790327,Tiki,Truyện tranh/Manga,False
263070154,Sách Giải mã Hoóc-môn Dopamine,152460.0,4.8,5435,https://tiki.vn/sach-giai-ma-hooc-mon-dopamine-p263070154.html?spid=263070155,Tiki,Tô màu - Luyện chữ,False
262304692,Doraemon - Chú Mèo Máy Đến Từ Tương Lai Tập 37,21120.0,5.0,55,https://tiki.vn/doraemon-chu-meo-may-den-tu-tuong-lai-tap-37-p262304692.html?spid=262304695,Tiki,Truyện tranh/Manga,False
242085691,Doraemon Tập 6: Nobita Và Cuộc Chiến Vũ Trụ [Tái Bản 2023],20900.0,0.0,27,https://tiki.vn/doraemon-tap-6-nobita-va-cuoc-chien-vu-tru-tai-ban-2023-p242085691.html?spid=242085692,Tiki,Truyện tranh/Manga,False
195291930,Sách Bốn Thỏa Ước,100100.0,5.0,4958,https://tiki.vn/sach-bon-thoa-uoc-p195291930.html?spid=195291931,Tiki,Sách ngoại văn,False
190861557,Sách Yêu Những Ngày Nắng Chẳng Ghét Những Ngày Mưa,117000.0,5.0,6062,https://tiki.vn/sach-yeu-nhung-ngay-nang-chang-ghet-nhung-ngay-mua-p190861557.html?spid=190861559,Tiki,Sách ngoại văn,False
139303869,Sách Nghệ Thuật Tinh Tế Của Việc Đếch Quan Tâm (Tái Bản),96000.0,5.0,6215,https://tiki.vn/sach-nghe-thuat-tinh-te-cua-viec-dech-quan-tam-tai-ban-p139303869.html?spid=139303870,Tiki,Tô màu - Luyện chữ,False
87391039,Sách Thuật Yêu Đương (Tái Bản),98000.0,5.0,1995,https://tiki.vn/sach-thuat-yeu-duong-tai-ban-p87391039.html?spid=87391040,Tiki,Sách ngoại văn,False
74021317,Sách Cây Cam Ngọt Của Tôi,93750.0,5.0,77201,https://tiki.vn/sach-cay-cam-ngot-cua-toi-p74021317.html?spid=74021318,Tiki,Sách ngoại văn,False
57325187,Sách Người Giàu Có Nhất Thành Babylon (Tái Bản 2020),75460.0,5.0,18215,https://tiki.vn/sach-nguoi-giau-co-nhat-thanh-babylon-tai-ban-2020-p57325187.html?spid=57325188,Tiki,Sách ngoại văn,False
48629535,Sách Ngày Xưa Có Một Chuyện Tình (Tái Bản),106875.0,5.0,5869,https://tiki.vn/sach-ngay-xua-co-mot-chuyen-tinh-tai-ban-p48629535.html?spid=48629536,Tiki,Sách ngoại văn,False
14643411,Sách Điều Kỳ Diệu (Tái Bản),148000.0,4.8,3965,https://tiki.vn/sach-dieu-ky-dieu-tai-ban-p14643411.html?spid=14643412,Tiki,Sách ngoại văn,False
10866305,Sách Tư Duy Pháp Lý Của Luật Sư (Tái Bản),205000.0,5.0,2429,https://tiki.vn/sach-tu-duy-phap-ly-cua-luat-su-tai-ban-p10866305.html?spid=10866306,Tiki,Tô màu - Luyện chữ,False
10866303,Sách Agatha Christie - Vụ Ám Sát Ông Roger Ackroyd (Tái Bản),124000.0,4.8,2552,https://tiki.vn/sach-agatha-christie-vu-am-sat-ong-roger-ackroyd-tai-ban-p10866303.html?spid=10866304,Tiki,Sách ngoại văn,False
10738198,Combo Danh Nhân Thế Giới (10 cuốn) - Tái Bản,225000.0,4.8,6951,https://tiki.vn/combo-danh-nhan-the-gioi-10-cuon-tai-ban-p10738198.html?spid=10738199,Tiki,Vitamin & Thực phẩm bổ sung,False
7982628,Sách Suối Nguồn (Tái Bản),303000.0,4.8,13511,https://tiki.vn/sach-suoi-nguon-tai-ban-p7982628.html?spid=7982629,Tiki,Sách ngoại văn,True
3954355,Sách Yêu Những Điều Không Hoàn Hảo,130130.0,5.0,43437,https://tiki.vn/sach-yeu-nhung-dieu-khong-hoan-hao-p3954355.html?spid=3955615,Tiki,Sách ngoại văn,False
278841848,Doraemon Movie Story Màu: Nobita Và Những Hiệp Sĩ Không Gian,34300.0,0.0,20,https://tiki.vn/doraemon-movie-story-mau-nobita-va-nhung-hiep-si-khong-gian-p278841848.html?spid=278841849,Tiki,Truyện tranh/Manga,False
278810625,Sách Lịch Sử Thế Giới Vô Hình,369600.0,4.6,150,https://tiki.vn/sach-lich-su-the-gioi-vo-hinh-p278810625.html?spid=278810627,Tiki,Sách ngoại văn,True
278668649,Sách Sống Đời Giản Dị,56000.0,5.0,145,https://tiki.vn/sach-song-doi-gian-di-p278668649.html?spid=278668650,Tiki,Tô màu - Luyện chữ,False
278572380,Perman - Cậu Bé Siêu Nhân,23750.0,0.0,35,https://tiki.vn/perman-cau-be-sieu-nhan-p278572380.html?spid=278572687,Tiki,Truyện tranh/Manga,False
278492655,Sách Kính Vạn Hoa - Bộ 9 Tập,96800.0,4.8,73,https://tiki.vn/sach-kinh-van-hoa-bo-9-tap-p278492655.html?spid=278492668,Tiki,Máy massage,False
278035545,Sách Tư Duy Đầu Tư - Tiền Đẻ Ra Tiền,156400.0,4.7,428,https://tiki.vn/sach-tu-duy-dau-tu-tien-de-ra-tien-p278035545.html?spid=278035546,Tiki,Sách ngoại văn,False
277938216,Sách Sống cuộc đời giàu có nhất của bạn (Robin Sharma),164000.0,5.0,939,https://tiki.vn/sach-song-cuoc-doi-giau-co-nhat-cua-ban-robin-sharma-p277938216.html?spid=277938219,Tiki,Sách ngoại văn,False
277914851,Bộ 3 Sách Song Ngữ: Lời thì thầm trong tổ ấm + Lời thì thầm với cha + Lời thì thầm với mẹ - Đầy Đủ File Nghe,397980.0,4.7,319,https://tiki.vn/bo-3-sach-song-ngu-loi-thi-tham-trong-to-am-loi-thi-tham-voi-cha-loi-thi-tham-voi-me-day-du-file-nghe-p277914851.html?spid=277914852,Tiki,Sách ngoại văn,True
277809376,Sách Tư duy dã tràng - Tim trí giao tranh,135000.0,5.0,880,https://tiki.vn/sach-tu-duy-da-trang-tim-tri-giao-tranh-p277809376.html?spid=277809378,Tiki,Sách ngoại văn,False
277671463,Tình Yêu Nhân Vật Phụ,40000.0,5.0,112,https://tiki.vn/tinh-yeu-nhan-vat-phu-p277671463.html?spid=278710796,Tiki,Truyện tranh/Manga,False
276823777,Sách Tại sao các quốc gia thất bại,248000.0,5.0,1010,https://tiki.vn/sach-tai-sao-cac-quoc-gia-that-bai-p276823777.html?spid=276823778,Tiki,Sách ngoại văn,False
275925573,Bộ Truyện Tranh Dấu Ấn Hoàng Gia [ Nữ Hoàng Ai Cập ] - (Chọn Tập Lẻ),29400.0,5.0,564,https://tiki.vn/bo-truyen-tranh-dau-an-hoang-gia-p275925573.html?spid=278860209,Tiki,Truyện tranh/Manga,False
275362670,Sakamoto Days Sát thủ huyền thoại [Chọn Tập Lẻ,42000.0,5.0,1737,https://tiki.vn/sakamoto-days-01_sat-thu-huyen-thoai-tap-1-p275362670.html?spid=275463529,Tiki,Truyện tranh/Manga,False
273355903,"Sách Làm Cha Mẹ Tỉnh Thức - Chuyển Hóa Bản Thân, Trao Quyền Cho Con Cái",138400.0,5.0,914,https://tiki.vn/sach-lam-cha-me-tinh-thuc-chuyen-hoa-ban-than-trao-quyen-cho-con-cai-p273355903.html?spid=273355906,Tiki,Sách ngoại văn,False
272404892,Sách Phụ nữ tỳ hư rất mau già,121000.0,5.0,381,https://tiki.vn/sach-phu-nu-ty-hu-rat-mau-gia-p272404892.html?spid=272404893,Tiki,Sách ngoại văn,False
271518926,Sách Dám bị ghét,102240.0,5.0,1857,https://tiki.vn/sach-dam-bi-ghet-p271518926.html?spid=271518929,Tiki,Tô màu - Luyện chữ,False
267208813,Sách Tuổi Thơ Dữ Dội - Tập 2,52800.0,5.0,1419,https://tiki.vn/sach-tuoi-tho-du-doi-tap-2-p267208813.html?spid=267208816,Tiki,Sách ngoại văn,False
252456572,Sách Cẩm nang chăm sóc bé yêu (Tái bản đổi tên),118200.0,5.0,383,https://tiki.vn/sach-cam-nang-cham-soc-be-yeu-tai-ban-doi-ten-p252456572.html?spid=252456573,Tiki,Sách ngoại văn,False
249875170,Sách Hai số phận (bìa cứng),202000.0,5.0,2964,https://tiki.vn/sach-hai-so-phan-bia-cung-p249875170.html?spid=249875171,Tiki,Sách ngoại văn,False
249875150,Sách Hai số phận (bìa mềm),179000.0,5.0,2197,https://tiki.vn/sach-hai-so-phan-bia-mem-p249875150.html?spid=249875152,Tiki,Sách ngoại văn,False
246073880,Combo Thám Tử Lừng Danh Conan Hoạt Hình Màu: Kẻ Hành Pháp Zero (Tập 1 + Tập 2) (2 Cuốn),114000.0,5.0,32,https://tiki.vn/combo-tham-tu-lung-danh-conan-hoat-hinh-mau-ke-hanh-phap-zero-tap-1-tap-2-2-cuon-tai-ban-2023-p246073880.html?spid=246073881,Tiki,Truyện tranh/Manga,False
210277880,Sách Con người và Biểu tượng - Man and his symbols,378000.0,4.8,2791,https://tiki.vn/sach-con-nguoi-va-bieu-tuong-man-and-his-symbols-p210277880.html?spid=210277882,Tiki,Sách ngoại văn,True
195545304,Sách Khéo Ăn Nói Sẽ Có Được Thiên Hạ,99400.0,4.8,5023,https://tiki.vn/sach-kheo-an-noi-se-co-duoc-thien-ha-p195545304.html?spid=195545306,Tiki,Sách ngoại văn,False
187600387,Sách Giải Thích Bộ Đề Thi Vào 10 Chuyên - Khối Chuyên Anh,110000.0,4.8,349,https://tiki.vn/sach-giai-thich-bo-de-thi-vao-10-chuyen-khoi-chuyen-anh-p187600387.html?spid=187600388,Tiki,Sách ngoại văn,False
173481363,Sách Bách Khoa Tri Thức Cho Trẻ Em,201600.0,5.0,385,https://tiki.vn/sach-bach-khoa-tri-thuc-cho-tre-em-p173481363.html?spid=173481364,Tiki,Vitamin & Thực phẩm bổ sung,False
107802183,Sách Sức Mạnh Tiềm Thức (Tái Bản) (Bìa Mềm),98560.0,5.0,10207,https://tiki.vn/sach-suc-manh-tiem-thuc-tai-ban-bia-mem-p107802183.html?spid=107802184,Tiki,Tô màu - Luyện chữ,False
104314401,Sách Bí Mật Của May Mắn (Khổ Lớn) (Tái Bản),52360.0,4.8,5789,https://tiki.vn/sach-bi-mat-cua-may-man-kho-lon-tai-ban-p104314401.html?spid=104314402,Tiki,Sách ngoại văn,False
101782486,"Sách Deep Work - Làm Ra Làm, Chơi Ra Chơi (Tái Bản)",107300.0,4.7,4627,https://tiki.vn/sach-deep-work-lam-ra-lam-choi-ra-choi-tai-ban-p101782486.html?spid=101782488,Tiki,Tô màu - Luyện chữ,False
90056907,Sách Khởi Nghiệp Tinh Gọn (The Lean Startup) (Tái Bản),118500.0,5.0,5316,https://tiki.vn/sach-khoi-nghiep-tinh-gon-the-lean-startup-tai-ban-p90056907.html?spid=90056908,Tiki,Sách ngoại văn,False
89402951,Sách Giáo Trình Chuẩn HSK 4 - Tập 1 Bài Học (Quét Mã QR Để Nghe File MP3)(Tái Bản),189000.0,4.6,492,https://tiki.vn/sach-giao-trinh-chuan-hsk-4-tap-1-bai-hoc-quet-ma-qr-de-nghe-file-mp3-tai-ban-p89402951.html?spid=89402952,Tiki,Sách ngoại văn,False
77982982,Sách Trí Tuệ Xúc Cảm,131400.0,4.8,3833,https://tiki.vn/sach-tri-tue-xuc-cam-p77982982.html?spid=77982983,Tiki,Tô màu - Luyện chữ,False
73207098,Sách Làm Chủ - Mastery,166000.0,4.8,3446,https://tiki.vn/sach-lam-chu-mastery-p73207098.html?spid=73549953,Tiki,Tô màu - Luyện chữ,False
45663008,Sách Ngày Xưa Có Một Con Bò…(Tái Bản),59000.0,4.8,11440,https://tiki.vn/sach-ngay-xua-co-mot-con-bo-tai-ban-p45663008.html?spid=45663009,Tiki,Tô màu - Luyện chữ,False
32490132,Sách Một Đời Như Kẻ Tìm Đường,141000.0,4.8,9433,https://tiki.vn/sach-mot-doi-nhu-ke-tim-duong-p32490132.html?spid=32490133,Tiki,Tô màu - Luyện chữ,False
19824204,Combo Doraemon Truyện Ngắn (45 Tập) - Tái Bản,982800.0,4.8,3071,https://tiki.vn/combo-doraemon-truyen-ngan-45-tap-tai-ban-p19824204.html?spid=19824205,Tiki,Truyện tranh/Manga,True
13443886,Sách Giáo Trình Chuẩn HSK 3 Bài Học (Kèm file MP3) - Tái Bản,239000.0,4.8,2219,https://tiki.vn/sach-giao-trinh-chuan-hsk-3-bai-hoc-kem-file-mp3-tai-ban-p13443886.html?spid=13443887,Tiki,Sách ngoại văn,False
13419678,Sách Đi Tìm Lẽ Sống (Tái Bản ),67760.0,4.8,24443,https://tiki.vn/sach-di-tim-le-song-tai-ban-p13419678.html?spid=13419679,Tiki,Tô màu - Luyện chữ,False
8885999,Sách Totto - Chan Bên Cửa Sổ (Tái Bản),92400.0,5.0,22733,https://tiki.vn/sach-totto-chan-ben-cua-so-tai-ban-p8885999.html?spid=8886000,Tiki,Sách ngoại văn,False
2619499,Sách ​Liễu Phàm Tứ Huấn (Tái Bản),58000.0,4.8,5681,https://tiki.vn/sach-lieu-pham-tu-huan-tai-ban-2018-p2619499.html?spid=2629575,Tiki,Tô màu - Luyện chữ,False
1647103,Sách Bà Ngoại Tôi Gửi Lời Xin Lỗi,151500.0,4.8,1784,https://tiki.vn/sach-ba-ngoai-toi-gui-loi-xin-loi-p1647103.html?spid=1647211,Tiki,Sách ngoại văn,False
279402825,Sách Mùa Nắng Ươm Mùi Bánh Thơm,95460.0,5.0,8,https://tiki.vn/sach-mua-nang-uom-mui-banh-thom-p279402825.html?spid=279402826,Tiki,Sách ngoại văn,False
279398053,"Sách Khi Tóc Mai Đã Bạc, Người Có Còn Bên Ta",130410.0,4.0,13,https://tiki.vn/sach-khi-toc-mai-da-bac-nguoi-co-con-ben-ta-p279398053.html?spid=279398068,Tiki,Sách thiếu nhi,False
279149139,Làm Dâu Nhà Sói (Tập 1),63200.0,5.0,32,https://tiki.vn/lam-dau-nha-soi-tap-1-p279149139.html?spid=279149140,Tiki,Truyện tranh/Manga,False
279106083,Sách Thám tử ẩm thực Kamogawa,83000.0,5.0,186,https://tiki.vn/sach-tham-tu-am-thuc-kamogawa-p279106083.html?spid=279106227,Tiki,Sách ngoại văn,False
278842696,Dị Văn Lục,136700.0,5.0,69,https://tiki.vn/di-van-luc-p278842696.html?spid=278842697,Tiki,Tô màu - Luyện chữ,False
278817070,Sách Đâu Đó Ngoài Khơi Xa - Phần Tiếp Theo Của Ngôi Nhà Bên Bờ Biển Xanh Thẳm,176330.0,5.0,179,https://tiki.vn/sach-dau-do-ngoai-khoi-xa-phan-tiep-theo-cua-ngoi-nha-ben-bo-bien-xanh-tham-p278817070.html?spid=278817072,Tiki,Sách ngoại văn,False
278691939,Sách Khi Đàn Sếu Bay Về Phương Nam,130130.0,4.8,346,https://tiki.vn/sach-khi-dan-seu-bay-ve-phuong-nam-p278691939.html?spid=278691940,Tiki,Sách ngoại văn,False
278690049,"Sách Giáo Trình Destination Grammar & Vocabulary B1, B2, C1&C2 (Phân Loại Lẻ)",143000.0,4.8,409,https://tiki.vn/sach-giao-trinh-destination-grammar-vocabulary-b1-b2-c1-c2-kem-dap-an-phan-loai-le-p278690049.html?spid=278746460,Tiki,Sách ngoại văn,False
278445298,Slam Dunk - Deluxe Edition ( Các Tập Lẻ),57000.0,5.0,276,https://tiki.vn/slam-dunk-deluxe-edition-cac-tap-le-p278445298.html?spid=278445341,Tiki,Truyện tranh/Manga,False
278445062,Sách Thuyết Mặc Kệ Họ,131600.0,5.0,481,https://tiki.vn/sach-thuyet-mac-ke-ho-p278445062.html?spid=278445063,Tiki,Tô màu - Luyện chữ,False
278280386,Sách Chuyển Động Thông Minh Đa Ngữ Việt - Anh - Pháp (Giúp Trẻ Nhận Biết Thế Giới Xung Quanh Thật Trực Quan Và Sinh Động),83800.0,5.0,29,https://tiki.vn/sach-chuyen-dong-thong-minh-da-ngu-viet-anh-phap-giup-tre-nhan-biet-the-gioi-xung-quanh-that-truc-quan-va-sinh-dong-p278280386.html?spid=278292245,Tiki,Vitamin & Thực phẩm bổ sung,False
278275160,Sách Agatha Christie. Tấm gương nứt vỡ: Một vụ án của Jane Marple,99000.0,5.0,248,https://tiki.vn/sach-agatha-christie-tam-guong-nut-vo-mot-vu-an-cua-jane-marple-p278275160.html?spid=278275162,Tiki,Chăm sóc da,False
278229522,Boxset Nguyên Tội Của Takopi (2 Tập),95000.0,4.7,106,https://tiki.vn/boxset-nguyen-toi-cua-takopi-2-tap-tang-kem-standee-giay-boi-p278229522.html?spid=278229523,Tiki,Truyện tranh/Manga,False
278123404,Vùng Đất Xa Xăm,85400.0,4.6,311,https://tiki.vn/vung-dat-xa-xam-p278123404.html?spid=278316948,Tiki,Truyện tranh/Manga,False
278110636,Sách Kẻ Trộm Cà Chua,73800.0,4.7,561,https://tiki.vn/sach-ke-trom-ca-chua-p278110636.html?spid=278110639,Tiki,Máy massage,False
277812999,Sách Hồ Sơ Máu- Vén Màn 13 Vụ Án Rúng Động Mọi Thời Đại,95910.0,4.5,131,https://tiki.vn/sach-ho-so-mau-ven-man-13-vu-an-rung-dong-moi-thoi-dai-p277812999.html?spid=277813000,Tiki,Chăm sóc da,False
277499422,Sách 5 Bài Học Của Ben Hogan: Những Nguyên Tắc Cơ Bản Hiện Đại Của Golf,257800.0,5.0,71,https://tiki.vn/sach-5-bai-hoc-cua-ben-hogan-nhung-nguyen-tac-co-ban-hien-dai-cua-golf-p277499422.html?spid=278094039,Tiki,Sách ngoại văn,False
276860230,Doraemon Plus Tập 7 (Bản Bìa Gập),21600.0,4.2,54,https://tiki.vn/doraemon-plus-tap-7-ban-bia-gap-p276860230.html?spid=276860232,Tiki,Truyện tranh/Manga,False
276833162,Sách Chuyện Con Mèo Dạy Hải Âu Bay,50400.0,5.0,1039,https://tiki.vn/sach-chuyen-con-meo-day-hai-au-bay-p276833162.html?spid=276833165,Tiki,Máy massage,False
276649996,Sách Sức Mạnh Của Niềm Tin,150000.0,5.0,171,https://tiki.vn/sach-suc-manh-cua-niem-tin-p276649996.html?spid=276649997,Tiki,Tô màu - Luyện chữ,False
276159943,Sách NEXUS - Lược Sử Của Những Mạng Lưới Thông Tin Từ Thời Đại Đồ Đá Đến Trí Tuệ Nhân Tạo,220300.0,5.0,2787,https://tiki.vn/sach-nexus-luoc-su-cua-nhung-mang-luoi-thong-tin-tu-thoi-dai-do-da-den-tri-tue-nhan-tao-p276159943.html?spid=276160116,Tiki,Sách ngoại văn,False
274928291,Historie,40850.0,5.0,492,https://tiki.vn/historie-p274928291.html?spid=276285287,Tiki,Truyện tranh/Manga,False
274844704,Sách Trong Đầu Có Giấu Con Voi,150000.0,4.8,916,https://tiki.vn/sach-trong-dau-co-giau-con-voi-p274844704.html?spid=274844705,Tiki,Tô màu - Luyện chữ,False
271535830,Shin - Cậu Bé Bút Chì - Tập 45,23750.0,5.0,45,https://tiki.vn/shin-cau-be-but-chi-tap-45-p271535830.html?spid=271535833,Tiki,Truyện tranh/Manga,False
270234757,Sách Xứ Sở Miên Man,176000.0,5.0,2407,https://tiki.vn/sach-xu-so-mien-man-p270234757.html?spid=270234760,Tiki,Máy massage,False
262590428,Sách Búp Sen Xanh,52800.0,5.0,4257,https://tiki.vn/sach-bup-sen-xanh-p262590428.html?spid=262590431,Tiki,Sách ngoại văn,False
205581885,Sách Ba người thầy vĩ đại (Tái bản),83000.0,5.0,4533,https://tiki.vn/sach-ba-nguoi-thay-vi-dai-tai-ban-p205581885.html?spid=205581886,Tiki,Tô màu - Luyện chữ,False
192475873,Sách Để Con Được Ốm,108750.0,5.0,4482,https://tiki.vn/sach-de-con-duoc-om-p192475873.html?spid=192475880,Tiki,Sách ngoại văn,False
189940673,Sách Học Cách Học (Tái bản),106300.0,4.8,1052,https://tiki.vn/sach-hoc-cach-hoc-tai-ban-p189940673.html?spid=189940674,Tiki,Tô màu - Luyện chữ,False
187827445,Sách Lược Sử Thời Gian,92000.0,5.0,1399,https://tiki.vn/sach-luoc-su-thoi-gian-p187827445.html?spid=187827446,Tiki,Sách ngoại văn,False
185097189,Combo Nhà Có 5 Nàng Dâu ( 14 Tập) [Tái Bản 2025],394250.0,0.0,3,https://tiki.vn/nha-co-5-nang-dau-combo-12-tap-tap-1-den-tap-12-p185097189.html?spid=185097190,Tiki,Truyện tranh/Manga,True
179063564,Sách Tôi Tự Học,83500.0,5.0,3969,https://tiki.vn/sach-toi-tu-hoc-p179063564.html?spid=179063565,Tiki,Tô màu - Luyện chữ,False
177637709,Sách Làm Chủ Bình Minh - Sống Đời Xuất Chúng - CLB 5 Giờ Sáng (Robin Sharma),151000.0,5.0,6722,https://tiki.vn/sach-lam-chu-binh-minh-song-doi-xuat-chung-clb-5-gio-sang-robin-sharma-p177637709.html?spid=58444775,Tiki,Tô màu - Luyện chữ,False
177487151,Sách Nếu Biết Trăm Năm Là Hữu Hạn,122000.0,5.0,2129,https://tiki.vn/sach-neu-biet-tram-nam-la-huu-han-p177487151.html?spid=177487152,Tiki,Sách ngoại văn,False
158641027,Sách Kẻ Nhắc Tuồng (Tái Bản),153100.0,5.0,1008,https://tiki.vn/sach-ke-nhac-tuong-tai-ban-p158641027.html?spid=158641030,Tiki,Chăm sóc da,False
127649070,Sách Thay Đổi Câu Hỏi Thay Đổi Cuộc Đời,61400.0,5.0,1376,https://tiki.vn/sach-thay-doi-cau-hoi-thay-doi-cuoc-doi-p127649070.html?spid=127649073,Tiki,Tô màu - Luyện chữ,False
117238177,Sách Thư Viện Nửa Đêm,126000.0,5.0,11464,https://tiki.vn/sach-thu-vien-nua-dem-p117238177.html?spid=117238178,Tiki,Sách ngoại văn,False
114937969,Sách Rừng Nauy (Tái Bản),138600.0,5.0,7186,https://tiki.vn/sach-rung-nauy-tai-ban-p114937969.html?spid=114937971,Tiki,Sách ngoại văn,False
106362865,Sách - Lão tử đạo đức kinh,67600.0,4.8,1098,https://tiki.vn/sach-lao-tu-dao-duc-kinh-p106362865.html?spid=127524527,Tiki,Tô màu - Luyện chữ,False
12377498,Sách Bố Con Cá Gai (Tái Bản),103500.0,5.0,9663,https://tiki.vn/sach-bo-con-ca-gai-tai-ban-p12377498.html?spid=12377499,Tiki,Sách ngoại văn,False
279419505,Sách Tiếng Anh Muôn Màu - Chọn Đúng Từ Dùng Đúng Lúc - Tác giả BS. Đỗ Trung Kiên,119000.0,5.0,60,https://tiki.vn/sach-tieng-anh-muon-mau-tac-gia-bs-do-trung-kien-p279419505.html?spid=279419506,Tiki,Sách ngoại văn,False
279395889,Sách One Piece - Tập 110,23750.0,5.0,40,https://tiki.vn/sach-one-piece-tap-110-p279395889.html?spid=279395899,Tiki,Truyện tranh/Manga,False
279376736,Sách Vị Hôn Thê Giản Dị Của Tôi Rất Dễ Thương Lúc Ở Nhà (Tập 2),104250.0,0.0,10,https://tiki.vn/sach-vi-hon-the-gian-di-cua-toi-rat-de-thuong-luc-o-nha-tap-2-p279376736.html?spid=279365361,Tiki,Sách ngoại văn,False
279375972,Sách Trái Dấu Hút Nhau (Chọn lẻ),55000.0,4.8,82,https://tiki.vn/sach-trai-dau-hut-nhau-chon-le-p279375972.html?spid=279533752,Tiki,Truyện tranh/Manga,False
279312656,Sách Hà Ô Lôi,125300.0,4.5,130,https://tiki.vn/sach-ha-o-loi-p279312656.html?spid=279312659,Tiki,Sách ngoại văn,False
279300720,Sách Agatha Christie. Kẻ thù giấu mặt,116000.0,4.8,83,https://tiki.vn/sach-agatha-christie-ke-thu-giau-mat-p279300720.html?spid=279300721,Tiki,Chăm sóc da,False
279258106,Takenote IELTS Từ vựng theo chủ đề (Band 5.5 - 7.5),59000.0,5.0,3,https://tiki.vn/takenote-ielts-tu-vung-theo-chu-de-band-5-5-7-5-p279258106.html?spid=279258109,Tiki,Sách ngoại văn,False
279187927,Văn phòng thám tử quái vật,28000.0,5.0,153,https://tiki.vn/van-phong-tham-tu-quai-vat-p279187927.html?spid=253366607,Tiki,Truyện tranh/Manga,False
278809843,Sách Án Mạng Trong Tháp Thủy Tinh,150480.0,5.0,179,https://tiki.vn/sach-an-mang-trong-thap-thuy-tinh-p278809843.html?spid=278809844,Tiki,Chăm sóc da,False
278663242,Sách Sự Thịnh Vượng Của Các Quốc Gia,441700.0,4.7,511,https://tiki.vn/sach-su-thinh-vuong-cua-cac-quoc-gia-p278663242.html?spid=278663243,Tiki,Sách ngoại văn,True
278516481,Sách Kiêu Hãnh Và Định Kiến,164000.0,5.0,182,https://tiki.vn/sach-kieu-hanh-va-dinh-kien-p278516481.html?spid=278516482,Tiki,Sách ngoại văn,False
278491336,Sách Ngồi Khóc Trên Cây (Khổ Nhỏ),64000.0,5.0,31,https://tiki.vn/sach-ngoi-khoc-tren-cay-kho-nho-p278491336.html?spid=278491340,Tiki,Sách ngoại văn,False
278451455,Sách Hoàng Đế Xứ Gladness - Ocean Vuong,187500.0,4.8,261,https://tiki.vn/sach-hoang-de-xu-gladness-ocean-vuong-p278451455.html?spid=278451456,Tiki,Sách ngoại văn,False
278242178,Tủ sách vui để học - Sách tô màu - Dòng sách cầm tay,91000.0,0.0,6,https://tiki.vn/tu-sach-vui-de-hoc-sach-to-mau-dong-sach-cam-tay-p278242178.html?spid=278253062,Tiki,Sách ngoại văn,False
278119757,Sách Mossad: Chiến Dịch Tình Báo Huyền Thoại - Những Điệp Vụ Kinh Điển Làm Rúng Động Thế Giới,159700.0,4.6,225,https://tiki.vn/sach-mossad-chien-dich-tinh-bao-huyen-thoai-nhung-diep-vu-kinh-dien-lam-rung-dong-the-gioi-p278119757.html?spid=278119758,Tiki,Sách ngoại văn,False
276886071,Sách Kiếp Nào Ta Cũng Tìm Thấy Nhau: Câu Chuyện Về Những Linh Hồn Tri Kỷ Vĩnh Viễn Không Chia Lìa,87800.0,5.0,251,https://tiki.vn/sach-kiep-nao-ta-cung-tim-thay-nhau-cau-chuyen-ve-nhung-linh-hon-tri-ky-vinh-vien-khong-chia-lia-p276886071.html?spid=276886074,Tiki,Sách ngoại văn,False
276652110,Sách Thôi miên bằng ngôn từ -  Sách Nghệ Thuật Bán Hàng Và Thuyết Phục Đỉnh Cao TB,138900.0,4.5,79,https://tiki.vn/sach-thoi-mien-bang-ngon-tu-tai-ban-p276652110.html?spid=276652112,Tiki,Sách ngoại văn,False
276641698,Tiệm sách của nàng (Nguyễn Nhật Ánh),96000.0,5.0,1680,https://tiki.vn/tiem-sach-cua-nang-nguyen-nhat-anh-p276641698.html?spid=276641700,Tiki,Sách ngoại văn,False
276477770,Sách Storytelling - Lay Động Lòng Người Bằng Chuyện Kể,164820.0,4.7,390,https://tiki.vn/sach-storytelling-lay-dong-long-nguoi-bang-chuyen-ke-p276477770.html?spid=276477772,Tiki,Tô màu - Luyện chữ,False
274599269,"Sách Nơi Nào Có Mẹ, Nơi Ấy Là Nhà",67500.0,5.0,533,https://tiki.vn/sach-noi-nao-co-me-noi-ay-la-nha-p274599269.html?spid=274599608,Tiki,Sách ngoại văn,False
274175475,Frieren - Pháp Sư Tiễn Táng,40500.0,5.0,365,https://tiki.vn/frieren-phap-su-tien-tang-p274175475.html?spid=274810147,Tiki,Truyện tranh/Manga,False
273664288,Sách BẢY NGƯỜI CHỒNG CỦA EVELYN HUGO - Taylor Jenkins Reid - San Hô Book,244800.0,4.8,154,https://tiki.vn/sach-bay-nguoi-chong-cua-evelyn-hugo-taylor-jenkins-reid-san-ho-book-p273664288.html?spid=273664289,Tiki,Sách ngoại văn,False
272879984,Sách Nghệ Thuật Việt Nam,150000.0,5.0,57,https://tiki.vn/sach-nghe-thuat-viet-nam-p272879984.html?spid=272879985,Tiki,Sách ngoại văn,False
271379451,Sách Lý Thuyết Trò Chơi,116200.0,4.7,10045,https://tiki.vn/sach-ly-thuyet-tro-choi-p271379451.html?spid=271379452,Tiki,Tô màu - Luyện chữ,False
270663112,Combo Thám Tử Lừng Danh Conan - Học Viện Cảnh Sát - Wild Police Story [Tập 1+2] (2 Cuốn),57000.0,4.8,70,https://tiki.vn/combo-tham-tu-lung-danh-conan-hoc-vien-canh-sat-wild-police-story-tap-1-2-2-cuon-p270663112.html?spid=270663115,Tiki,Truyện tranh/Manga,False
263514100,Sách Liệu Pháp Chữa Bệnh - Khu Phản Xạ,105100.0,5.0,581,https://tiki.vn/sach-lieu-phap-chua-benh-khu-phan-xa-p263514100.html?spid=263514101,Tiki,Sách ngoại văn,False
263052837,Dragon Ball Super Tập 14: Tuần Tra Viên Ngân Hà Son Goku,28500.0,5.0,14,https://tiki.vn/dragon-ball-super-tap-14-tuan-tra-vien-ngan-ha-son-goku-p263052837.html?spid=263052840,Tiki,Truyện tranh/Manga,False
262800037,Tác Giả Kinh Điển Nhật Bản_Truyện Hay Cho Tuổi Học Đường,42750.0,3.0,60,https://tiki.vn/tac-gia-kinh-dien-nhat-ban_truyen-hay-cho-tuoi-hoc-duong-p262800037.html?spid=262800039,Tiki,Sách ngoại văn,False
249866918,Sách WHO? Chuyện kể về danh nhân thế giới: Lionel Messi (Tái Bản),48750.0,5.0,166,https://tiki.vn/sach-who-chuyen-ke-ve-danh-nhan-the-gioi-lionel-messi-tai-ban-p249866918.html?spid=249866922,Tiki,Vitamin & Thực phẩm bổ sung,False
248541389,"Sách Sư Phạm Khai Phóng - Thế Giới, Việt Nam & Tôi",167100.0,5.0,2205,https://tiki.vn/sach-su-pham-khai-phong-the-gioi-viet-nam-toi-p248541389.html?spid=248541390,Tiki,Tô màu - Luyện chữ,False
214186191,Sách Những Kẻ Xuất Chúng (Tái Bản),107300.0,4.7,2000,https://tiki.vn/sach-nhung-ke-xuat-chung-tai-ban-p214186191.html?spid=214186193,Tiki,Sách ngoại văn,False
195969664,Tokyo Revengers - Tập 4,94700.0,5.0,962,https://tiki.vn/tokyo-revengers-tap-4-p195969664.html?spid=195969673,Tiki,Truyện tranh/Manga,False
195801321,Sách The One Thing - Điều Ý Nghĩa Nhất (Tái Bản 2022),78400.0,4.8,2801,https://tiki.vn/sach-the-one-thing-dieu-y-nghia-nhat-tai-ban-2022-p195801321.html?spid=195801322,Tiki,Tô màu - Luyện chữ,False
77105730,Sách Tàn Ngày Để Lại (Bìa Cứng),142560.0,4.8,4342,https://tiki.vn/sach-tan-ngay-de-lai-bia-cung-p77105730.html?spid=77105731,Tiki,Sách ngoại văn,False
57233240,Combo 5 Cuốn: Doraemon Thế Giới Khoa Học,213750.0,4.8,270,https://tiki.vn/combo-5-cuon-doraemon-the-gioi-khoa-hoc-p57233240.html?spid=57233241,Tiki,Truyện tranh/Manga,False
17493918,Sách Luyện Nói Tiếng Trung Quốc Cấp Tốc Cho Người Bắt Đầu - Tập 2 (Kèm file MP3) (Tái Bản),156000.0,5.0,821,https://tiki.vn/sach-luyen-noi-tieng-trung-quoc-cap-toc-cho-nguoi-bat-dau-tap-2-kem-file-mp3-tai-ban-p17493918.html?spid=17493919,Tiki,Sách ngoại văn,False
10581200,Sách Dế Mèn Phiêu Lưu Ký (Tái Bản),39200.0,5.0,14225,https://tiki.vn/sach-de-men-phieu-luu-ky-tai-ban-p10581200.html?spid=10581201,Tiki,Máy massage,False
10005245,Sách Đàn Ông Sao Hỏa Đàn Bà Sao Kim,139000.0,4.8,53527,https://tiki.vn/sach-dan-ong-sao-hoa-dan-ba-sao-kim-p10005245.html?spid=10005246,Tiki,Tô màu - Luyện chữ,False
7718737,Sách Nghệ Thuật Tư Duy Rành Mạch (Tái Bản),113960.0,4.8,12067,https://tiki.vn/sach-nghe-thuat-tu-duy-ranh-mach-tai-ban-p7718737.html?spid=7718738,Tiki,Tô màu - Luyện chữ,False
544731,Sách Giáo Trình Chuẩn HSK 2 - Bài Học (Kèm file MP3),164000.0,5.0,3987,https://tiki.vn/sach-giao-trinh-chuan-hsk-2-bai-hoc-kem-file-mp3-p544731.html?spid=268145,Tiki,Sách ngoại văn,False
279368485,Sách Đừng Động Vào Cún Con - Tập 3,161100.0,5.0,45,https://tiki.vn/sach-dung-dong-vao-cun-con-tap-3-p279368485.html?spid=279368603,Tiki,Sách thiếu nhi,False
279342169,Sách Tâm Lý Học Đọc Vị,75210.0,0.0,22,https://tiki.vn/sach-tam-ly-hoc-doc-vi-p279342169.html?spid=279342170,Tiki,Tô màu - Luyện chữ,False
279236314,"Sách Giáo Trình Chuẩn HSK - Bài học và Bài Tập: HSK 1, HSK 2, HSK 3",125800.0,5.0,7,https://tiki.vn/sach-bo-giao-trinh-chuan-hsk-bai-hoc-va-bai-tap-hsk-1-hsk-2-hsk-3-p279236314.html?spid=279236320,Tiki,Sách ngoại văn,False
279019397,Khoa học khám phá. Nguồn gốc thời gian: Lý thuyết cuối cùng của Stephen Hawking,161000.0,5.0,48,https://tiki.vn/khoa-hoc-kham-pha-nguon-goc-thoi-gian-ly-thuyet-cuoi-cung-cua-stephen-hawking-p279019397.html?spid=279019399,Tiki,Sách ngoại văn,False
278859517,Sách Thương Tiến Tửu,113300.0,5.0,128,https://tiki.vn/sach-thuong-tien-tuu-tap-7-p278859517.html?spid=278859612,Tiki,Sách thiếu nhi,False
278694957,Sách Thành Phố Và Những Bức Tường Bất Định,238700.0,5.0,338,https://tiki.vn/sach-thanh-pho-va-nhung-buc-tuong-bat-dinh-p278694957.html?spid=278694959,Tiki,Sách ngoại văn,False
278638861,Sách IELTS Writing: Viết Luận “Chất Như Nước Cất”,149000.0,4.8,148,https://tiki.vn/sach-ielts-writing-viet-luan-chat-nhu-nuoc-cat-p278638861.html?spid=278638863,Tiki,Sách ngoại văn,False
278602011,Sách Thứ Kình - Về Bên Anh,140400.0,5.0,28,https://tiki.vn/sach-thu-kinh-ve-ben-anh-p278602011.html?spid=278601992,Tiki,Sách ngoại văn,False
278495084,Sách Kỹ Năng Phòng Tránh Bắt Nạt Và Bạo Lực Học Đường,30100.0,5.0,94,https://tiki.vn/sach-ky-nang-phong-tranh-bat-nat-va-bao-luc-hoc-duong-p278495084.html?spid=278495095,Tiki,Sách ngoại văn,False
278279383,Sách Trong Gia Đình,87000.0,0.0,38,https://tiki.vn/sach-trong-gia-dinh-p278279383.html?spid=278279384,Tiki,Sách ngoại văn,False
278159185,Sách Em học cách quản lí cảm xúc của mình: Cậu bé,18200.0,0.0,28,https://tiki.vn/sach-em-hoc-cach-quan-li-cam-xuc-cua-minh-p278159185.html?spid=278159208,Tiki,Sách ngoại văn,False
278128712,Sách Bồi Dưỡng Tính Cách Tự Tin Và Mạnh Mẽ Cho Trẻ,23400.0,0.0,13,https://tiki.vn/sach-boi-duong-tinh-cach-tu-tin-va-manh-me-cho-tre-p278128712.html?spid=278128885,Tiki,Vitamin & Thực phẩm bổ sung,False
277165432,"Sách Hành Lang Hẹp - Nhà Nước, Xã Hội Và Vận Mệnh Của Tự Do",313000.0,5.0,598,https://tiki.vn/sach-hanh-lang-hep-nha-nuoc-xa-hoi-va-van-menh-cua-tu-do-p277165432.html?spid=277174313,Tiki,Sách ngoại văn,True
276933751,Combo Giáo Trình Chuẩn YCT 2 - Sách Bài Học và Bài tập (Bộ 2 cuốn),180000.0,0.0,235,https://tiki.vn/combo-giao-trinh-chuan-yct-2-sach-bai-hoc-va-bai-tap-bo-2-cuon-p276933751.html?spid=276949266,Tiki,Sách ngoại văn,False
276928994,Bộ Sách Móng Vuốt Quạ Đen,78400.0,5.0,222,https://tiki.vn/bo-sach-mong-vuot-qua-den-p276928994.html?spid=276930831,Tiki,Sách ngoại văn,False
276718105,Sách Ngữ Pháp Tiếng Anh Tối Giản dành cho người mới bắt đầu - Tác giả BS. Đỗ Trung Kiên,99000.0,5.0,605,https://tiki.vn/sach-ngu-phap-tieng-anh-toi-gian-danh-cho-nguoi-moi-bat-dau-tac-gia-bs-do-trung-kien-p276718105.html?spid=276718106,Tiki,Sách ngoại văn,False
276388548,Sách Tư Duy Nhanh Và Chậm (Tái Bản),208000.0,4.7,3897,https://tiki.vn/sach-tu-duy-nhanh-va-cham-tai-ban-p276388548.html?spid=214186190,Tiki,Tô màu - Luyện chữ,False
275928713,Sách Đọc Vị Mọi Vấn Đề Của Trẻ - Giải Mã Mọi Vấn Đề Về Nuôi Con Nhỏ: Ăn - Ngủ - Kỷ Luật Hành Vi,182900.0,5.0,690,https://tiki.vn/sach-doc-vi-moi-van-de-cua-tre-giai-ma-moi-van-de-ve-nuoi-con-nho-an-ngu-ky-luat-hanh-vi-p275928713.html?spid=275928716,Tiki,Sách ngoại văn,False
275043092,Sách Đầu Tư Vào Vàng - Khoản Đầu Tư Tuyệt Đối An Toàn Thiết Yếu Cho Mỗi Danh Mục Đầu Tư (Jonathan Spall),108000.0,4.6,311,https://tiki.vn/sach-dau-tu-vao-vang-khoan-dau-tu-tuyet-doi-an-toan-thiet-yeu-cho-moi-danh-muc-dau-tu-jonathan-spall-p275043092.html?spid=275303053,Tiki,Sách ngoại văn,False
273844978,Sách Thao Túng Tâm Lý,110600.0,4.7,16088,https://tiki.vn/sach-thao-tung-tam-ly-p273844978.html?spid=167940011,Tiki,Tô màu - Luyện chữ,False
272058579,Sách Basic Ielts Listening (Quét Mã QR Để Nghe File MP3),206000.0,4.5,252,https://tiki.vn/sach-basic-ielts-listening-quet-ma-qr-de-nghe-file-mp3-p272058579.html?spid=272058580,Tiki,Sách ngoại văn,False
272003238,Nụ hôn tinh nghịch,84000.0,5.0,279,https://tiki.vn/nu-hon-tinh-nghich-p272003238.html?spid=275363421,Tiki,Truyện tranh/Manga,False
271219230,Sách Chiến tranh không có một khuôn mặt phụ nữ (Tái bản),132000.0,4.7,1299,https://tiki.vn/sach-chien-tranh-khong-co-mot-khuon-mat-phu-nu-tai-ban-p271219230.html?spid=271219231,Tiki,Sách ngoại văn,False
271162836,Sách Beartown 2: Chúng tôi đấu với các bạn,179000.0,5.0,1350,https://tiki.vn/sach-beartown-2-chung-toi-dau-voi-cac-ban-p271162836.html?spid=271162837,Tiki,Sách ngoại văn,False
205148094,Sách Cánh Cửa Mở Rộng -Thần Thoại Sisyphus,78000.0,5.0,846,https://tiki.vn/sach-canh-cua-mo-rong-than-thoai-sisyphus-p205148094.html?spid=205148095,Tiki,Sách ngoại văn,False
186286187,Sách Nhà Lãnh Đạo Không Chức Danh,83500.0,5.0,4904,https://tiki.vn/sach-nha-lanh-dao-khong-chuc-danh-p186286187.html?spid=186286189,Tiki,Sách ngoại văn,False
184419723,Sách Sapiens Lược Sử Loài Người (Tái Bản 2022),197400.0,5.0,5269,https://tiki.vn/sach-sapiens-luoc-su-loai-nguoi-tai-ban-2022-p184419723.html?spid=184419726,Tiki,Sách ngoại văn,False
176909246,Sách Bí Quyết Bấm Huyệt Chữa Bệnh,137060.0,4.8,1219,https://tiki.vn/sach-bi-quyet-bam-huyet-chua-benh-p176909246.html?spid=176909247,Tiki,Sách ngoại văn,False
176909221,Sách Ngôi Nhà Bên Bờ Biển Xanh Thẳm,153230.0,5.0,3888,https://tiki.vn/sach-ngoi-nha-ben-bo-bien-xanh-tham-p176909221.html?spid=176909223,Tiki,Sách ngoại văn,False
160585832,Sách Veil – Sắc Trắng Yêu Kiều - Tập 3 (Tặng Kèm Postcard),88000.0,5.0,1010,https://tiki.vn/sach-veil-sac-trang-yeu-kieu-tap-3-tang-kem-postcard-p160585832.html?spid=160585833,Tiki,Sách thiếu nhi,False
76175345,Sách Ăn Theo Nhóm Máu,133000.0,4.8,938,https://tiki.vn/sach-an-theo-nhom-mau-p76175345.html?spid=76175346,Tiki,Sách ngoại văn,False
56750844,Sách Tiểu Sử Steve Jobs (Tái Bản 2020),291850.0,4.8,1902,https://tiki.vn/sach-tieu-su-steve-jobs-tai-ban-2020-p56750844.html?spid=56750845,Tiki,Sách ngoại văn,True
54266567,Sách Nghĩ Giàu Và Làm Giàu (Bìa Mềm),84700.0,5.0,14561,https://tiki.vn/sach-nghi-giau-va-lam-giau-bia-mem-p54266567.html?spid=54266568,Tiki,Sách ngoại văn,False
32219488,Sách Doanh Nghiệp Của Thế Kỷ 21 (Tái Bản 2019),84000.0,4.8,5569,https://tiki.vn/sach-doanh-nghiep-cua-the-ky-21-tai-ban-2019-p32219488.html?spid=33095730,Tiki,Sách ngoại văn,False
24490036,Sách Tại Sao Phương Tây Vượt Trội,311100.0,4.7,4147,https://tiki.vn/sach-tai-sao-phuong-tay-vuot-troi-p24490036.html?spid=24490037,Tiki,Sách ngoại văn,True
20611171,Combo Tý Quậy ( 10 tập ),300000.0,4.7,254,https://tiki.vn/combo-ty-quay-10-tap-p20611171.html?spid=20611172,Tiki,Truyện tranh/Manga,True
15267827,Sách Hoàng Tử Bé (Tái Bản),74000.0,5.0,27108,https://tiki.vn/sach-hoang-tu-be-tai-ban-2019-p15267827.html?spid=15267828,Tiki,Sách ngoại văn,False
7496289,Sách Sơn Nam - Lịch Sử Khẩn Hoang Miền Nam (Tái Bản),91950.0,4.8,1002,https://tiki.vn/sach-son-nam-lich-su-khan-hoang-mien-nam-tai-ban-p7496289.html?spid=7496291,Tiki,Sách ngoại văn,False
3102749,Sách Bất Động Sản Căn Bản (Tái Bản 2018),124300.0,4.7,2718,https://tiki.vn/sach-bat-dong-san-can-ban-tai-ban-2018-p3102749.html?spid=3147817,Tiki,Mỹ phẩm,False
638185,Sách Tự Học Đột Phá - Kĩ Năng Viết Lại Câu Tiếng Anh,102000.0,4.8,4047,https://tiki.vn/sach-tu-hoc-dot-pha-ki-nang-viet-lai-cau-tieng-anh-p638185.html?spid=638186,Tiki,Sách ngoại văn,False
279325501,Sách Chân Cứng Đá Mềm - Hồi ký Xuân Phượng,119000.0,5.0,46,https://tiki.vn/sach-chan-cung-da-mem-p279325501.html?spid=279378597,Tiki,Sách ngoại văn,False
279323586,Sách Dấu Ấn Hoàng Gia - Tập 51 [Tặng Kèm Postcard],28500.0,0.0,120,https://tiki.vn/sach-dau-an-hoang-gia-tap-51-tang-kem-postcard-p279323586.html?spid=279323587,Tiki,Truyện tranh/Manga,False
279292563,Truyện Tranh - Nơi Dãy Núi Điên Dại,38000.0,5.0,51,https://tiki.vn/truyen-tranh-noi-day-nui-dien-dai-p279292563.html?spid=279534174,Tiki,Truyện tranh/Manga,False
278894059,"Sách Mình Chia Tay Rồi, Có Nhớ Không?",63480.0,5.0,59,https://tiki.vn/sach-minh-chia-tay-roi-co-nho-khong-p278894059.html?spid=278894060,Tiki,Sách ngoại văn,False
278874643,Sách Đại Pháp Sư Của Thư Viện [Chọn Tập Lẻ,42750.0,5.0,190,https://tiki.vn/sach-dai-phap-su-cua-thu-vien-chon-tap-le-p278874643.html?spid=279157932,Tiki,Truyện tranh/Manga,False
278836816,Lời Thì Thầm Tinh Tú – Star Whispers (Bộ Bài Và Sách Hướng Dẫn),240000.0,5.0,35,https://tiki.vn/loi-thi-tham-tinh-tu-star-whispers-bo-bai-va-sach-huong-dan-p278836816.html?spid=278836817,Tiki,Sách ngoại văn,False
278814503,Sách Bảng Xếp Hạng Quân Vương [Chọn Tập Lẻ,43650.0,5.0,18,https://tiki.vn/sach-bang-xep-hang-quan-vuong-chon-tap-le-p278814503.html?spid=278756490,Tiki,Truyện tranh/Manga,False
278723591,Sách Continental Saigon – Từ Hào Quang Đế Quốc Đến Giấc Mộng Đông Dương Tan Vỡ,255000.0,5.0,53,https://tiki.vn/sach-continental-saigon-tu-hao-quang-de-quoc-den-giac-mong-dong-duong-tan-vo-p278723591.html?spid=278723595,Tiki,Sách ngoại văn,False
278692091,Sách Giải Mã Kiểu Gắn Bó Của Bạn,119350.0,5.0,126,https://tiki.vn/sach-giai-ma-kieu-gan-bo-cua-ban-p278692091.html?spid=278692092,Tiki,Tô màu - Luyện chữ,False
278684752,Giáo Trình Tiếng Hàn Tổng Hợp Dành Cho Người Việt Nam - Giáo Trình + Sách Bài Tập,213000.0,5.0,0,https://tiki.vn/giao-trinh-tieng-han-tong-hop-danh-cho-nguoi-viet-nam-giao-trinh-sach-bai-tap-phan-loai-le-p278684752.html?spid=278686582,Tiki,Sách ngoại văn,False
278590521,Sách Agatha Christie - Kỳ Án Bảy Mặt Đồng Hồ,103000.0,4.8,233,https://tiki.vn/sach-agatha-christie-ky-an-bay-mat-dong-ho-p278590521.html?spid=278590524,Tiki,Chăm sóc da,False
278518858,Thị Trấn Mèo - Tập 10 [Tặng Kèm Postcard],64500.0,5.0,82,https://tiki.vn/thi-tran-meo-tap-10-tang-kem-postcard-p278518858.html?spid=278518859,Tiki,Truyện tranh/Manga,False
278377639,Sách Sứ Mệnh Hail Mary – Project Hail Mary,160930.0,4.8,774,https://tiki.vn/sach-su-menh-hail-mary-project-hail-mary-p278377639.html?spid=278377641,Tiki,Sách ngoại văn,False
277963698,"Sách Huyễn Tưởng Về Bình Thường - Sang Chấn Tâm Lý, Bệnh Tật Và Chữa Lành Trong Một Nền Văn Hóa Độc Hại",265650.0,5.0,255,https://tiki.vn/sach-huyen-tuong-ve-binh-thuong-sang-chan-tam-ly-benh-tat-va-chua-lanh-trong-mot-nen-van-hoa-doc-hai-p277963698.html?spid=277963703,Tiki,Sách ngoại văn,False
277923352,Sách Hỏi đáp nhanh trí,51000.0,0.0,49,https://tiki.vn/sach-hoi-dap-nhanh-tri-p277923352.html?spid=277923445,Tiki,Sách ngoại văn,False
277543284,Kotaro sống một mình,44000.0,5.0,252,https://tiki.vn/kotaro-song-mot-minh-p277543284.html?spid=277670266,Tiki,Truyện tranh/Manga,False
277499663,Sách NVIDIA Cỗ Máy Tư Duy Vĩ Đại,162900.0,5.0,270,https://tiki.vn/sach-nvidia-co-may-tu-duy-vi-dai-p277499663.html?spid=277499664,Tiki,Tô màu - Luyện chữ,False
276653136,Sách Hồ Điệp Và Kình Ngư,118500.0,4.7,94,https://tiki.vn/sach-ho-diep-va-kinh-ngu-p276653136.html?spid=276653137,Tiki,Sách ngoại văn,False
276526058,Sách Jane Eyre,163000.0,4.8,219,https://tiki.vn/sach-jane-eyre-p276526058.html?spid=275185547,Tiki,Sách ngoại văn,False
276377311,Sách Ông trăm tuổi tái xuất và giải cứu thế giới (Jonas Jonasson),158000.0,4.8,553,https://tiki.vn/sach-ong-tram-tuoi-tai-xuat-va-giai-cuu-the-gioi-jonas-jonasson-p276377311.html?spid=276377312,Tiki,Sách ngoại văn,False
276289473,Sách Triết lý của Inamori Kazuo Chúng ta sống vì điều gì?,87000.0,5.0,246,https://tiki.vn/sach-triet-ly-cua-inamori-kazuo-chung-ta-song-vi-dieu-gi-p276289473.html?spid=276289475,Tiki,Tô màu - Luyện chữ,False
272449818,Sách MANIFEST – 7 Bước Để Thay Đổi Cuộc Đời Bạn Mãi Mãi,83930.0,5.0,2805,https://tiki.vn/sach-manifest-7-buoc-de-thay-doi-cuoc-doi-ban-mai-mai-p272449818.html?spid=272449819,Tiki,Tô màu - Luyện chữ,False
270790349,Shin - Cậu Bé Bút Chì Tập 16,23500.0,4.8,38,https://tiki.vn/shin-cau-be-but-chi-tap-16-p270790349.html?spid=270790352,Tiki,Truyện tranh/Manga,False
263500714,Sách Dạy Con Làm Giàu (Tập 2) - Sử Dụng Đồng Vốn,122000.0,5.0,709,https://tiki.vn/sach-day-con-lam-giau-tap-2-su-dung-dong-von-p263500714.html?spid=263500717,Tiki,Sách ngoại văn,False
261982682,Sách Cuộc cách mạng Glucose,114000.0,5.0,2612,https://tiki.vn/sach-cuoc-cach-mang-glucose-p261982682.html?spid=261982684,Tiki,Sách ngoại văn,False
247442507,Doraemon Tranh Truyện Màu - Nobita Tây Du Kí Tập 2 (Tái Bản 2023),28500.0,5.0,44,https://tiki.vn/doraemon-tranh-truyen-mau-nobita-tay-du-ki-tap-2-tai-ban-2023-p247442507.html?spid=247442508,Tiki,Truyện tranh/Manga,False
207256575,Sách Định luật Murphy – Mọi bí mật tâm lý thao túng cuộc đời bạn,91630.0,4.8,8561,https://tiki.vn/sach-dinh-luat-murphy-moi-bi-mat-tam-ly-thao-tung-cuoc-doi-ban-p207256575.html?spid=207256576,Tiki,Sách ngoại văn,False
195801641,Sách Tâm Lý Học Trẻ Em,164000.0,5.0,301,https://tiki.vn/sach-tam-ly-hoc-tre-em-p195801641.html?spid=195801650,Tiki,Sách ngoại văn,False
190238356,Sách Kỷ Luật Bản Thân,156400.0,4.7,3965,https://tiki.vn/sach-ky-luat-ban-than-p190238356.html?spid=190238357,Tiki,Tô màu - Luyện chữ,False
157240665,"Ra Bờ Suối Ngắm Hoa Kèn Hồng (Truyện Dài-Nguyễn Nhật Ánh)- Bìa Cứng (Màu Trắng)[Tặng Kèm: Bookmark Bồi Hai Mặt, Thiệp Trái Tim In Bài Thơ Của Tác Giả, Đặc Biệt Tặng Kèm Phiên Bản Khổ Nhỏ Tựa Sách Út Quyên Và Tôi (Cùng Tác Giả)]",213000.0,5.0,11834,https://tiki.vn/ra-bo-suoi-ngam-hoa-ken-hong-truyen-dai-nguyen-nhat-anh-p157240665.html?spid=157240671,Tiki,Sách ngoại văn,False
143226165,Sách Cẩm Nang Khám Phá Cơ Thể Người (Tặng Kèm Bookmark),76230.0,4.8,1197,https://tiki.vn/sach-cam-nang-kham-pha-co-the-nguoi-tang-kem-bookmark-p143226165.html?spid=143226167,Tiki,Sách ngoại văn,False
111285062,Sách Đắc Nhân Tâm (Bìa Mềm)(Tái Bản),66220.0,4.8,11883,https://tiki.vn/sach-dac-nhan-tam-bia-mem-tai-ban-p111285062.html?spid=111285063,Tiki,Sách ngoại văn,False
104769768,Máy Tính CASIO FX580VN X-PK (Màu,744000.0,5.0,5130,https://tiki.vn/may-tinh-casio-fx580vn-x-p104769768.html?spid=104769772,Tiki,Sách tiếng Việt,True
58533769,Combo 2 Cuốn: Tớ Muốn Ăn Tụy Của Cậu - Tập 1 + Tập 2 (Tái Bản),68400.0,4.5,127,https://tiki.vn/combo-2-cuon-to-muon-an-tuy-cua-cau-tap-1-tap-2-tai-ban-2020-p58533769.html?spid=58533771,Tiki,Sách ngoại văn,False
49910019,Sách Bác Sĩ Riêng Của Bé Yêu - Chào Con! Ba Mẹ Đã Sẵn Sàng (Tái Bản),77000.0,5.0,8600,https://tiki.vn/sach-bac-si-rieng-cua-be-yeu-chao-con-ba-me-da-san-sang-tai-ban-p49910019.html?spid=49910020,Tiki,Sách ngoại văn,False
34956336,Doraemon Plus Tập 6 (Tái Bản),21600.0,5.0,37,https://tiki.vn/doraemon-plus-tap-6-tai-ban-2019-p34956336.html?spid=34956337,Tiki,Truyện tranh/Manga,False
30757177,Sách Bản Chất Của Người,99330.0,4.7,1888,https://tiki.vn/sach-ban-chat-cua-nguoi-p30757177.html?spid=30757179,Tiki,Tô màu - Luyện chữ,False
24951095,Sách Mắt Biếc (Tái Bản 2019),90000.0,5.0,35174,https://tiki.vn/sach-mat-biec-tai-ban-2019-p24951095.html?spid=24951097,Tiki,Sách ngoại văn,False
10392851,Sách Tôi Thấy Hoa Vàng Trên Cỏ Xanh,124000.0,5.0,7636,https://tiki.vn/sach-toi-thay-hoa-vang-tren-co-xanh-p10392851.html?spid=39152601,Tiki,Sách ngoại văn,False
3639597,Sách Bước Chậm Lại Giữa Thế Gian Vội Vã (Tái Bản),77000.0,4.8,49256,https://tiki.vn/sach-buoc-cham-lai-giua-the-gian-voi-va-tai-ban-p3639597.html?spid=3718337,Tiki,Sách ngoại văn,False
279322222,Sách Lam Sơn Thực Lục,60000.0,4.5,31,https://tiki.vn/lam-son-thuc-luc-p279322222.html?spid=279322223,Tiki,Sách ngoại văn,False
279322060,Bộ Sách Tham Khảo Trí Tuệ Nhân Tạo - Lớp 1-12 (Trọn Bộ/Lẻ),36000.0,5.0,14,https://tiki.vn/sach-bo-sach-tri-tue-nhan-tao-lop-1-12-tron-bo-le-p279322060.html?spid=279322078,Tiki,Sách ngoại văn,False
279298520,"Sách Tớ, Cậu và Những Điều Lấp Lánh",101250.0,5.0,32,https://tiki.vn/sach-to-cau-va-nhung-dieu-lap-lanh-p279298520.html?spid=279299007,Tiki,Sách ngoại văn,False
279120672,Sách Codename Anastasia (Tập 2),166500.0,4.7,83,https://tiki.vn/sach-codename-anastasia-tap-2-p279120672.html?spid=279120970,Tiki,Sách ngoại văn,False
279082305,Spy X Family - Tập 14,27000.0,5.0,67,https://tiki.vn/spy-x-family-tap-14-tang-kem-standee-pvc-p279082305.html?spid=279082306,Tiki,Truyện tranh/Manga,False
278896961,Sách Một Người Rừng Thông Thái,80600.0,0.0,11,https://tiki.vn/sach-mot-nguoi-rung-thong-thai-p278896961.html?spid=278896962,Tiki,Sách ngoại văn,False
278788075,Sách Những Ngày Thường Bất Ổn Của Yano [Chọn Tập Lẻ,42750.0,4.1,80,https://tiki.vn/sach-nhung-ngay-thuong-bat-on-cua-yano-chon-tap-le-p278788075.html?spid=279559060,Tiki,Truyện tranh/Manga,False
278690058,"Combo 3 Cuốn Destination Grammar & Vocabulary B1, B2, C1&C2 (Kèm Đáp Án)",492000.0,5.0,88,https://tiki.vn/combo-3-cuo-n-destination-grammar-vocabulary-b1-b2-c1-c2-kem-dap-an-p278690058.html?spid=278690059,Tiki,Sách ngoại văn,True
278602020,Sách Kẹo Dâu Tây Và Tiểu Tiên Nữ Của Anh – Tập 2,147000.0,5.0,115,https://tiki.vn/sach-keo-dau-tay-va-tieu-tien-nu-cua-anh-tap-2-p278602020.html?spid=278603623,Tiki,Sách ngoại văn,False
278489406,Sách Tôi Thấy Hoa Vàng Trên Cỏ Xanh (Khổ Nhỏ),66300.0,5.0,42,https://tiki.vn/sach-toi-thay-hoa-vang-tren-co-xanh-kho-nho-p278489406.html?spid=278489409,Tiki,Sách ngoại văn,False
278094949,Sách Giải Thích Ngữ Pháp Tiếng Anh (Ấn Phẩm Mới),146300.0,5.0,351,https://tiki.vn/sach-giai-thich-ngu-phap-tieng-anh-an-pham-moi-p278094949.html?spid=278094950,Tiki,Sách ngoại văn,False
278070702,Sách Anh Em Bình Thường,50300.0,0.0,71,https://tiki.vn/sach-anh-em-binh-thuong-p278070702.html?spid=278070863,Tiki,Sách ngoại văn,False
277447120,[5 REAMS] Thùng 5 Ream Giấy A4 Deli Giấy In Photo Copy 70gsm Chính Hãng Loại Dày 2500 Tờ Chống Lóa Giấy Mắt,621000.0,5.0,112,https://tiki.vn/thung-5-ream-giay-a4-deli-giay-in-photo-copy-70gsm-chinh-hang-loai-day-ream-500-to-chong-loa-giay-mat-p277447120.html?spid=277447121,Tiki,Sách tiếng Việt,True
276859727,Spy X Family Tập 11 (Bản Thường),28500.0,5.0,91,https://tiki.vn/spy-x-family-tap-11-ban-thuong-tang-kem-standee-pvc-p276859727.html?spid=276859728,Tiki,Truyện tranh/Manga,False
276613280,Sách Tục Ngữ Phong Dao (Theo bản in của Mặc Lâm năm 1967),102200.0,5.0,28,https://tiki.vn/sach-tuc-ngu-phong-dao-theo-ban-in-cua-mac-lam-nam-1967-p276613280.html?spid=276613282,Tiki,Sách ngoại văn,False
275406600,Sách Dẫn Dắt Một Bầy Sói Hay Chăn Một Đàn Cừu,126300.0,4.7,3130,https://tiki.vn/sach-dan-dat-mot-bay-soi-hay-chan-mot-dan-cuu-p275406600.html?spid=275406603,Tiki,Sách ngoại văn,False
274728364,Sách Đại Việt Sử Ký Toàn Thư,188800.0,4.8,697,https://tiki.vn/sach-dai-viet-su-ky-toan-thu-p274728364.html?spid=274728367,Tiki,Sách ngoại văn,False
273383957,Sách TIỂU SỬ ELON MUSK - Bản thường: Bìa cứng áo ôm,332200.0,4.8,953,https://tiki.vn/sach-tieu-su-elon-musk-p273383957.html?spid=273384043,Tiki,Sách ngoại văn,True
271411085,"Sách Nói Sao Cho Trẻ Chịu Nghe, Nghe Sao Cho Trẻ Chịu Nói (TB)",169000.0,5.0,214,https://tiki.vn/sach-noi-sao-cho-tre-chiu-nghe-nghe-sao-cho-tre-chiu-noi-tb-p271411085.html?spid=271411086,Tiki,Sách ngoại văn,False
271118010,Sách Giao Tiếp Bất Bạo Động (Nonviolent Communication),105000.0,5.0,2378,https://tiki.vn/sach-giao-tiep-bat-bao-dong-nonviolent-communication-p271118010.html?spid=271118013,Tiki,Mỹ phẩm,False
243006533,Sách Britt-Marie Đã Ở Đây (Fredrid Backman),139000.0,5.0,940,https://tiki.vn/sach-britt-marie-da-o-day-fredrid-backman-p243006533.html?spid=243006534,Tiki,Sách ngoại văn,False
242425015,Sách Không Bao Giờ Là Thất Bại! Tất Cả Là Thử Thách (Bìa Mềm),160160.0,4.8,704,https://tiki.vn/sach-khong-bao-gio-la-that-bai-tat-ca-la-thu-thach-bia-mem-p242425015.html?spid=242425016,Tiki,Sách ngoại văn,False
204000450,Combo Sách Giáo Trình Chuẩn HSK 1 - Sách Bài Học Và Bài Tập (Bộ 2 Cuốn),299000.0,5.0,1939,https://tiki.vn/combo-sach-giao-trinh-chuan-hsk-1-sach-bai-hoc-va-bai-tap-bo-2-cuon-p204000450.html?spid=204000451,Tiki,Sách ngoại văn,True
200851515,"Sách Dọn đường tâm lý, thuyết phục chắc thắng",133000.0,5.0,124,https://tiki.vn/sach-don-duong-tam-ly-thuyet-phuc-chac-thang-p200851515.html?spid=200851516,Tiki,Mỹ phẩm,False
191782162,Sách Trên Đường Băng (Tony Buổi Sáng),80000.0,5.0,2500,https://tiki.vn/sach-tren-duong-bang-tony-buoi-sang-p191782162.html?spid=191782164,Tiki,Tô màu - Luyện chữ,False
190707619,Sách Của Chuột Và Người,66000.0,4.8,729,https://tiki.vn/sach-cua-chuot-va-nguoi-p190707619.html?spid=190707623,Tiki,Sách ngoại văn,False
173515978,My Hero Academia - Học Viện Siêu Anh Hùng Tập 8: Yaoyorozu: Trỗi Dậy (Tái Bản 2022),28500.0,5.0,26,https://tiki.vn/my-hero-academia-hoc-vien-sieu-anh-hung-tap-8-yaoyorozu-troi-day-tai-ban-2022-p173515978.html?spid=173515980,Tiki,Truyện tranh/Manga,False
161008715,Sách Power Vs Force - Trường Năng Lượng Và Những Nhân Tố Quyết Định Hành Vi Của Con Người (Tái Bản),160600.0,5.0,7243,https://tiki.vn/sach-power-vs-force-truong-nang-luong-va-nhung-nhan-to-quyet-dinh-hanh-vi-cua-con-nguoi-tai-ban-p161008715.html?spid=161008716,Tiki,Sách ngoại văn,False
132366458,Sách Hướng Dẫn Chẩn Đoán Tâm Lý Tâm Thần Theo DSM-5,182400.0,5.0,315,https://tiki.vn/sach-huong-dan-chan-doan-tam-ly-tam-than-theo-dsm-5-p132366458.html?spid=132366459,Tiki,Sách ngoại văn,False
124767704,Sách Bạn Đắt Giá Bao Nhiêu? (Tái Bản),107030.0,5.0,3844,https://tiki.vn/sach-ban-dat-gia-bao-nhieu-tai-ban-p124767704.html?spid=124767705,Tiki,Tô màu - Luyện chữ,False
113530805,Sách Tuổi Trẻ Đáng Giá Bao Nhiêu (Tái Bản),83160.0,4.8,12433,https://tiki.vn/sach-tuoi-tre-dang-gia-bao-nhieu-tai-ban-p113530805.html?spid=113530807,Tiki,Tô màu - Luyện chữ,False
110883359,Sách Lũ Người Quỷ Ám,337500.0,4.5,690,https://tiki.vn/sach-lu-nguoi-quy-am-p110883359.html?spid=110883360,Tiki,Sách ngoại văn,True
82912488,Sách Từ Tốt Đến Vĩ Đại (Tái bản),109000.0,5.0,11700,https://tiki.vn/sach-tu-tot-den-vi-dai-tai-ban-2021-p82912488.html?spid=88911710,Tiki,Sách ngoại văn,False
75307228,Sách OSHO Yêu - Being In Love - Yêu Trong Tỉnh Thức,117600.0,5.0,14922,https://tiki.vn/sach-osho-yeu-being-in-love-yeu-trong-tinh-thuc-p75307228.html?spid=75307229,Tiki,Sách ngoại văn,False
72459686,Sách How Psychology Works - Hiểu Hết Về Tâm Lý Học,273350.0,4.8,16504,https://tiki.vn/sach-how-psychology-works-hieu-het-ve-tam-ly-hoc-p72459686.html?spid=72459687,Tiki,Tô màu - Luyện chữ,False
49002497,Sách Tâm Bệnh Học,122000.0,5.0,1635,https://tiki.vn/sach-tam-benh-hoc-p49002497.html?spid=49002498,Tiki,Sách ngoại văn,False
17336364,Sách Phía Sau Nghi Can X (Tái Bản 2019),99330.0,4.8,19464,https://tiki.vn/sach-phia-sau-nghi-can-x-tai-ban-2019-p17336364.html?spid=17336365,Tiki,Chăm sóc da,False
8234989,Sách Ticket To Childhood,80000.0,4.8,740,https://tiki.vn/sach-ticket-to-childhood-p8234989.html?spid=8234990,Tiki,Sách ngoại văn,False
595726,Sách Giáo Trình Chuẩn HSK 4 Bài Học (Tập 2),197000.0,5.0,2407,https://tiki.vn/sach-giao-trinh-chuan-hsk-4-bai-hoc-tap-2-p595726.html?spid=595744,Tiki,Sách ngoại văn,False
347334,Sách Có Hai Con Mèo Ngồi Bên Cửa Sổ,80000.0,4.7,24606,https://tiki.vn/sach-co-hai-con-meo-ngoi-ben-cua-so-p347334.html?spid=39001,Tiki,Sách ngoại văn,False
279391329,Sách Trị Liệu Cảm Xúc Bằng Hương Thơm,117100.0,0.0,14,https://tiki.vn/sach-tri-lieu-cam-xuc-bang-huong-thom-p279391329.html?spid=279391330,Tiki,Tô màu - Luyện chữ,False
279366196,Sách Plants Vs Zombies Trái Cây Đại Chiến Zombie – Hỏi Đáp Khoa Học,71000.0,0.0,21,https://tiki.vn/sach-plants-vs-zombies-trai-cay-dai-chien-zombie-hoi-dap-khoa-hoc-p279366196.html?spid=279366203,Tiki,Vitamin & Thực phẩm bổ sung,False
279259349,Sách Trí Tuệ Quỷ Cốc Tử (Nghệ Thuật Đối Nhân Xử Thế),70500.0,4.8,28,https://tiki.vn/sach-tri-tue-quy-coc-tu-nghe-thuat-doi-nhan-xu-the-p279259349.html?spid=279259352,Tiki,Tô màu - Luyện chữ,False
279259095,Sách Dạ Khúc Hồi Tưởng,119250.0,4.8,143,https://tiki.vn/sach-da-khuc-hoi-tuong-p279259095.html?spid=279259096,Tiki,Sách ngoại văn,False
279132071,Sách - Trúc Mã Của Tôi Thật Nham Hiểm,183846.0,5.0,6,https://tiki.vn/sach-truc-ma-cua-toi-that-nham-hiem-tap-1-tang-kem-bookmark-boi-cung-p279132071.html?spid=279132074,Tiki,Sách ngoại văn,False
279063977,Sách Người Bố Cá Gai Của Tôi (Bố con cá gai Phần 2),120000.0,5.0,555,https://tiki.vn/sach-nguoi-bo-ca-gai-cua-toi-p279063977.html?spid=279063978,Tiki,Sách ngoại văn,False
278948895,Tuyển Tập Kiệt Tác Fujiko F Fujio - F The Best,190000.0,5.0,234,https://tiki.vn/tuyen-tap-kiet-tac-fujiko-f-fujio-f-the-best-tang-kem-set-sticker-kho-lon-p278948895.html?spid=278948896,Tiki,Truyện tranh/Manga,False
278881187,Sách Nông Trường Kỳ Ảo,126200.0,5.0,94,https://tiki.vn/sach-nong-truong-ky-ao-tap-1-p278881187.html?spid=278881190,Tiki,Sách thiếu nhi,False
278809847,Sách Là Họa Không Thể Tránh (Tập 1 + Tập 2),252000.0,4.7,52,https://tiki.vn/sach-la-hoa-khong-the-tranh-tap-1-tap-2-p278809847.html?spid=278810374,Tiki,Sách ngoại văn,False
277045427,Sách The Daily Drucker: Kim Chỉ Nam Mỗi Ngày Về Quản Trị Kinh Doanh,208800.0,5.0,148,https://tiki.vn/sach-the-daily-drucker-kim-chi-nam-moi-ngay-ve-quan-tri-kinh-doanh-p277045427.html?spid=277045428,Tiki,Sách ngoại văn,False
276933741,Sách Trà hoa nữ,62000.0,4.8,97,https://tiki.vn/sach-tra-hoa-nu-p276933741.html?spid=276933743,Tiki,Sách ngoại văn,False
276835583,Sách Hot Search Trời Giáng,119600.0,5.0,99,https://tiki.vn/sach-hot-search-troi-giang-p276835583.html?spid=279330235,Tiki,Sách thiếu nhi,False
276833106,Sách Khúc Ca Chuộc Tội,117660.0,4.8,266,https://tiki.vn/sach-khuc-ca-chuoc-toi-p276833106.html?spid=276833110,Tiki,Chăm sóc da,False
276109497,Spy X Family Tập 10,28500.0,5.0,163,https://tiki.vn/spy-x-family-tap-10-tang-kem-standee-p276109497.html?spid=276109499,Tiki,Truyện tranh/Manga,False
275793457,Sách Méthode Rose - Phương pháp hồng năm thứ nhất với đàn piano - Giáo trình dạy piano nổi tiếng của Pháp - File Audio đánh mẫu tặng kèm trên website,133950.0,5.0,391,https://tiki.vn/sach-methode-rose-phuong-phap-hong-1-nam-thu-nhat-voi-dan-piano-giao-trinh-day-piano-noi-tieng-cua-phap-p275793457.html?spid=275515021,Tiki,Sách ngoại văn,False
275622230,Sách giáo khoa Hóa Học 12- Kết Nối Tri Thức Với Cuộc Sống (Kèm Nilon bọc Sách),36000.0,4.8,75,https://tiki.vn/sach-giao-khoa-hoa-hoc-12-ket-noi-tri-thuc-voi-cuoc-song-p275622230.html?spid=275622231,Tiki,Sách ngoại văn,False
274318142,Sách Sơn Hà Bất Dạ Thiên,124000.0,5.0,156,https://tiki.vn/sach-son-ha-bat-da-thien-p274318142.html?spid=274318425,Tiki,Sách thiếu nhi,False
273219000,Shin - Cậu Bé Bút Chì Tập 34,23750.0,5.0,5,https://tiki.vn/shin-cau-be-but-chi-tap-34-p273219000.html?spid=273219003,Tiki,Truyện tranh/Manga,False
270546273,Combo Tư Duy Ngược + Tư Duy Mở (Nguyễn Anh Dũng) SBOOKS ,144000.0,4.7,3758,https://tiki.vn/combo-tu-duy-nguoc-tu-duy-mo-nguyen-anh-dung-sbooks-p270546273.html?spid=270546274,Tiki,Tô màu - Luyện chữ,False
245787187,Gã nghiện giày - Tự truyện của nhà sáng lập Nike,157000.0,4.7,457,https://tiki.vn/ga-nghien-giay-tu-truyen-cua-nha-sang-lap-nike-p245787187.html?spid=245787188,Tiki,Sách ngoại văn,False
216090603,"Sách Lỗ Ban Kinh toàn thư (Tác phẩm kinh điển về thuật chọn ngày tốt, phong thuỷ kiến trúc Trung Hoa cổ đại)(bìa cứng)",186900.0,4.6,239,https://tiki.vn/sach-lo-ban-kinh-toan-thu-tac-pham-kinh-dien-ve-thuat-chon-ngay-tot-phong-thuy-kien-truc-trung-hoa-co-dai-bia-cung-p216090603.html?spid=216090606,Tiki,Sách ngoại văn,False
215983686,Combo Shin - Cậu Bé Bút Chì - Đặc Biệt  (8 Tập),195000.0,4.8,89,https://tiki.vn/combo-shin-cau-be-but-chi-dac-biet-8-tap-p215983686.html?spid=215983687,Tiki,Truyện tranh/Manga,False
194960744,Sách Đừng bao giờ đi ăn một mình,122000.0,5.0,1332,https://tiki.vn/sach-dung-bao-gio-di-an-mot-minh-p194960744.html?spid=194960745,Tiki,Sách ngoại văn,False
189643105,Sách Không Phải Sói Nhưng Cũng Đừng Là Cừu -Tặng kèm bookmark 2 mặt,99840.0,4.8,13961,https://tiki.vn/sach-khong-phai-soi-nhung-cung-dung-la-cuu-tang-kem-bookmark-2-mat-p189643105.html?spid=189643110,Tiki,Tô màu - Luyện chữ,False
187824773,Tướng Về Hưu Và Những Truyện Khác (Bản Đặc Biệt),269000.0,5.0,477,https://tiki.vn/tuong-ve-huu-va-nhung-truyen-khac-ban-dac-biet-p187824773.html?spid=187824774,Tiki,Sách ngoại văn,False
184774173,Sách Những Người Nhật Tử Tế,101000.0,5.0,1375,https://tiki.vn/sach-nhung-nguoi-nhat-tu-te-p184774173.html?spid=184774174,Tiki,Sách ngoại văn,False
103379147,Sách Bạch Dạ Hành (Tái Bản),201600.0,4.8,6069,https://tiki.vn/sach-bach-da-hanh-tai-ban-p103379147.html?spid=103379149,Tiki,Chăm sóc da,False
92492870,Combo 6 Cuốn Ehon Nhật Bản : Ai Ở Sau Lưng Bạn Thế (Tái Bản),166200.0,5.0,2528,https://tiki.vn/combo-6-cuon-ehon-nhat-ban-ai-o-sau-lung-ban-the-tai-ban-p92492870.html?spid=92492871,Tiki,Sách ngoại văn,False
79672197,Sách Bí Mật Của May Mắn (Khổ Nhỏ)(Tái Bản),34650.0,5.0,12849,https://tiki.vn/sach-bi-mat-cua-may-man-kho-nho-tai-ban-p79672197.html?spid=79672198,Tiki,Sách ngoại văn,False
75813211,Sách TS Thu Giang - Lão Tử Đạo Đức Kinh (Tái Bản),103000.0,5.0,733,https://tiki.vn/sach-ts-thu-giang-lao-tu-dao-duc-kinh-tai-ban-p75813211.html?spid=75813212,Tiki,Sách ngoại văn,False
75813201,Sách Không Đến Một (Tái Bản - Bìa Cam),91000.0,5.0,3057,https://tiki.vn/sach-khong-den-mot-tai-ban-bia-cam-p75813201.html?spid=75813202,Tiki,Sách ngoại văn,False
71072209,Sách Nhân Gian Đáng Giá,94000.0,5.0,1277,https://tiki.vn/sach-nhan-gian-dang-gia-p71072209.html?spid=71072210,Tiki,Sách ngoại văn,False
68059466,Sách Tư Duy Đặt Cược: Quyết Định Sáng Suốt Hơn Khi Không Có Đủ Thông Tin,103000.0,4.8,748,https://tiki.vn/sach-tu-duy-dat-cuoc-quyet-dinh-sang-suot-hon-khi-khong-co-du-thong-tin-p68059466.html?spid=68059467,Tiki,Tô màu - Luyện chữ,False
67991602,Sách Đừng Làm Việc Chăm Chỉ Hãy Làm Việc Thông Minh,139000.0,4.8,11035,https://tiki.vn/sach-dung-lam-viec-cham-chi-hay-lam-viec-thong-minh-p67991602.html?spid=67991603,Tiki,Mỹ phẩm,False
62373313,Sách Những Đòn Tâm Lý Trong Thuyết Phục,156750.0,4.8,1149,https://tiki.vn/sach-nhung-don-tam-ly-trong-thuyet-phuc-p62373313.html?spid=62373314,Tiki,Sách ngoại văn,False
37887031,Sách Hiểu Nghèo Thoát Nghèo (Tái Bản),120000.0,4.8,1981,https://tiki.vn/sach-hieu-ngheo-thoat-ngheo-tai-ban-p37887031.html?spid=37887032,Tiki,Sách ngoại văn,False
22383811,Sách Becoming - Chất Michelle,231000.0,4.8,19940,https://tiki.vn/sach-becoming-chat-michelle-p22383811.html?spid=22383812,Tiki,Sách ngoại văn,False
19274773,Sách Di Sản Hồ Chí Minh - Những Mẩu Chuyện Về Đời Hoạt Động Của Chủ Tịch Hồ Chí Minh (Tái Bản),65000.0,4.7,202,https://tiki.vn/sach-di-san-ho-chi-minh-nhung-mau-chuyen-ve-doi-hoat-dong-cua-chu-tich-ho-chi-minh-tai-ban-p19274773.html?spid=19274776,Tiki,Sách ngoại văn,False
13105192,Doraemon - Chú Mèo Máy Đến Từ Tương Lai Tập 43 (Tái Bản),20900.0,5.0,469,https://tiki.vn/doraemon-chu-meo-may-den-tu-tuong-lai-tap-43-tai-ban-p13105192.html?spid=13105193,Tiki,Truyện tranh/Manga,False
9810500,Sách Từ Câu Sai Đến Câu Hay,115000.0,5.0,1182,https://tiki.vn/sach-tu-cau-sai-den-cau-hay-p9810500.html?spid=9810501,Tiki,Sách ngoại văn,False
279444186,OpenClaw : Ứng Dụng AI Tự Động Hóa Trong Công Việc,169500.0,4.7,71,https://tiki.vn/openclaw-ung-dung-ai-tu-dong-hoa-trong-cong-viec-p279444186.html?spid=279447217,Tiki,Mỹ phẩm,False
279321796,Sách Thế Hệ Burnout – Vì Sao Chúng Ta Kiệt Sức?,97500.0,0.0,11,https://tiki.vn/sach-the-he-burnout-vi-sao-chung-ta-kiet-suc-p279321796.html?spid=279321797,Tiki,Sách ngoại văn,False
279269138,Sách - Quy Tắc Mehrabian,108800.0,5.0,109,https://tiki.vn/sach-quy-tac-mehrabian-p279269138.html?spid=279269139,Tiki,Sách ngoại văn,False
279267003,Sách Tiếng Lòng Khó Giấu (Tập 1),126750.0,4.8,214,https://tiki.vn/sach-tieng-long-kho-giau-tap-1-p279267003.html?spid=279267492,Tiki,Sách thiếu nhi,False
279237463,Sách - Sách Lớp Học Mật Ngữ - Phiên Bản Mới - Tập 1-9 (Tái Bản 2025) - Tặng Kèm Quà Tặng Ngẫu Nhiên,30000.0,0.0,31,https://tiki.vn/sach-sach-lop-hoc-mat-ngu-phien-ban-moi-tap-1-9-tai-ban-2025-tang-kem-qua-tang-ngau-nhien-p279237463.html?spid=279237481,Tiki,Sách ngoại văn,False
278948837,Boxset Orange - Lá Thư Từ Tương Lai [Tặng Kèm Set 8 Postcard],299250.0,4.3,23,https://tiki.vn/boxset-orange-la-thu-tu-tuong-lai-tang-kem-set-8-postcard-p278948837.html?spid=278948840,Tiki,Truyện tranh/Manga,True
278159167,"Vui Đọc Truyện, Khéo Tay Tô - Truyện Cổ Tích Về Các Nàng Công Chúa",14600.0,0.0,15,https://tiki.vn/vui-doc-truyen-kheo-tay-to-truyen-co-tich-ve-cac-nang-cong-chua-p278159167.html?spid=278159182,Tiki,Sách ngoại văn,False
278138889,Sách Khoa Học Diệu Kì: Đá Và Khoáng Vật - Sự Thật Cứng Ngắc Về Những Thứ Dưới Chân Ta,27000.0,0.0,31,https://tiki.vn/sach-khoa-hoc-dieu-ki-10-cuon-p278138889.html?spid=278138899,Tiki,Vitamin & Thực phẩm bổ sung,False
278100335,Sách Ánh Sao Bên Tôi,140000.0,5.0,253,https://tiki.vn/anh-sao-ben-toi-tap-1-p278100335.html?spid=279182055,Tiki,Truyện tranh/Manga,False
278029748,Sách Ăn Dặm Không Phải Là Cuộc Chiến,250900.0,4.8,131,https://tiki.vn/sach-an-dam-khong-phai-la-cuoc-chien-p278029748.html?spid=278029751,Tiki,Sách ngoại văn,False
277922893,Sách Cửa Tiệm Chỉ Mở Vào Ngày Mưa,112420.0,4.8,175,https://tiki.vn/sach-cua-tiem-chi-mo-vao-ngay-mua-p277922893.html?spid=277922894,Tiki,Sách ngoại văn,False
277402962,ReLIFE,59400.0,5.0,139,https://tiki.vn/relife-p277402962.html?spid=277402983,Tiki,Truyện tranh/Manga,False
277164014,Sách Lưu Thông Máu Tốt Hóa Giải Bách Bệnh,85900.0,5.0,276,https://tiki.vn/sach-luu-thong-mau-tot-hoa-giai-bach-benh-p277164014.html?spid=277164017,Tiki,Sách ngoại văn,False
276641306,Tiệm Sách Của Nàng - Tặng Kèm Bookmark Photostrip + Sổ Tay Màu Ngẫu Nhiên,116200.0,5.0,167,https://tiki.vn/tiem-sach-cua-nang-tang-kem-bookmark-photostrip-so-tay-mau-ngau-nhien-p276641306.html?spid=276641307,Tiki,Sách ngoại văn,False
275926326,Sách Gã hề Chicot,234000.0,5.0,293,https://tiki.vn/sach-ga-he-chicot-p275926326.html?spid=275926328,Tiki,Sách ngoại văn,False
274807853,Sách Building A Second Brain - Thiết Lập Bộ Não Thứ 2,118100.0,5.0,345,https://tiki.vn/sach-building-a-second-brain-thiet-lap-bo-nao-thu-2-p274807853.html?spid=274807856,Tiki,Tô màu - Luyện chữ,False
274031577,Series các tập ATTACK ON TITAN - Combo tập 1-2-3,133820.0,5.0,1857,https://tiki.vn/series-cac-tap-attack-on-titan-combo-tap-1-2-3-p274031577.html?spid=274031703,Tiki,Truyện tranh/Manga,False
273691882,Sách Bốn nghìn tuần - Quản lý thời gian khi cuộc đời là hữu hạn,121660.0,5.0,238,https://tiki.vn/sach-bon-nghin-tuan-quan-ly-thoi-gian-khi-cuoc-doi-la-huu-han-p273691882.html?spid=273691884,Tiki,Tô màu - Luyện chữ,False
272122637,Chú Thuật Hồi Chiến Tập 17: Ngậm Ngọn Cỏ Lau,28500.0,5.0,442,https://tiki.vn/chu-thuat-hoi-chien-tap-17-ngam-ngon-co-lau-p272122637.html?spid=272122641,Tiki,Truyện tranh/Manga,False
270463602,Shin - Cậu Bé Bút Chì Tập 1,23750.0,5.0,64,https://tiki.vn/shin-cau-be-but-chi-tap-1-p270463602.html?spid=270463605,Tiki,Truyện tranh/Manga,False
267178870,Doraemon Tuyển Tập Tranh Truyện Màu - Tập 1,47500.0,5.0,111,https://tiki.vn/doraemon-tuyen-tap-tranh-truyen-mau-tap-1-p267178870.html?spid=267178873,Tiki,Truyện tranh/Manga,False
179063980,Sách Tại Sao Đàn Ông Thích Tình Dục Và Phụ Nữ Cần Tình Yêu (Tái Bản 2022),206000.0,4.8,503,https://tiki.vn/sach-tai-sao-dan-ong-thich-tinh-duc-va-phu-nu-can-tinh-yeu-tai-ban-2022-p179063980.html?spid=179063981,Tiki,Sách ngoại văn,False
158972052,Sách Cẩm Nang Con Trai,52360.0,5.0,757,https://tiki.vn/sach-cam-nang-con-trai-p158972052.html?spid=158972053,Tiki,Sách ngoại văn,False
147920907,Combo Bộ 6 Cuốn: Thư Viện Song Ngữ Đầu Tiên Cho Bé (0-3 Tuổi),105600.0,5.0,695,https://tiki.vn/combo-bo-6-cuon-thu-vien-song-ngu-dau-tien-cho-be-0-3-tuoi-p147920907.html?spid=147920908,Tiki,Vitamin & Thực phẩm bổ sung,False
147058065,Sách Phi Lý Trí - Khám Phá Những Động Lực Vô Hình Ẩn Sau Những Quyết Định Của Con Người ( Tái Bản),114500.0,4.8,2536,https://tiki.vn/sach-phi-ly-tri-kham-pha-nhung-dong-luc-vo-hinh-an-sau-nhung-quyet-dinh-cua-con-nguoi-tai-ban-p147058065.html?spid=147058066,Tiki,Tô màu - Luyện chữ,False
100347901,Sách Tam Thể 1 (Tái Bản),132000.0,5.0,2254,https://tiki.vn/sach-tam-the-1-tai-ban-p100347901.html?spid=100347902,Tiki,Sách ngoại văn,False
87941401,Lối Tắt Khởi Nghiệp - Con Đường Ngắn Từ Tay Trắng Đến Thành Công Bền Vững,129000.0,4.8,2686,https://tiki.vn/loi-tat-khoi-nghiep-con-duong-ngan-tu-tay-trang-den-thanh-cong-ben-vung-p87941401.html?spid=87941402,Tiki,Sách ngoại văn,False
82936273,Sách Óc Sáng Suốt (Tái Bản 2021),50000.0,4.8,2040,https://tiki.vn/sach-oc-sang-suot-tai-ban-2021-p82936273.html?spid=87835938,Tiki,Tô màu - Luyện chữ,False
80417215,Sách Việt Nam Sử Lược (Bìa Mềm) (Tái Bản),106000.0,5.0,214,https://tiki.vn/sach-viet-nam-su-luoc-bia-mem-tai-ban-p80417215.html?spid=80417216,Tiki,Sách ngoại văn,False
77105707,Ngọn Đèn Không Tắt - Tập Truyện Ngắn (Nguyễn Ngọc Tư),54000.0,4.8,296,https://tiki.vn/ngon-den-khong-tat-tap-truyen-ngan-nguyen-ngoc-tu-p77105707.html?spid=77105708,Tiki,Sách ngoại văn,False
76228337,Sách Thất Lạc Cõi Người (Bìa Mềm),90000.0,4.8,1235,https://tiki.vn/sach-that-lac-coi-nguoi-bia-mem-p76228337.html?spid=76228346,Tiki,Sách ngoại văn,False
72667834,Sách Ehon - Combo 3 Cuốn Âm Thanh Quanh Bé - Dành Cho Trẻ Từ 0 - 6 Tuổi,87750.0,5.0,3427,https://tiki.vn/sach-ehon-combo-3-cuon-am-thanh-quanh-be-danh-cho-tre-tu-0-6-tuoi-p72667834.html?spid=73921340,Tiki,Sách ngoại văn,False
31509726,Sách Làm Bạn Với Bầu Trời (Bìa Mềm) (Tặng Kèm Khung Ảnh Số Lượng Có Hạn),81700.0,5.0,28290,https://tiki.vn/sach-lam-ban-voi-bau-troi-bia-mem-tang-kem-khung-anh-so-luong-co-han-p31509726.html?spid=31509727,Tiki,Sách ngoại văn,False
24403748,Sách Đêm Vô Tận,84000.0,5.0,1921,https://tiki.vn/sach-dem-vo-tan-p24403748.html?spid=24403749,Tiki,Sách ngoại văn,False
16284286,Sách Tuổi Thơ Dữ Dội - Tập 1 (Tái Bản),56800.0,5.0,3125,https://tiki.vn/sach-tuoi-tho-du-doi-tap-1-tai-ban-p16284286.html?spid=16284287,Tiki,Sách ngoại văn,False
10737029,Combo Thế Giới Xe Công Trình (6 Cuốn),117000.0,4.8,2267,https://tiki.vn/combo-the-gioi-xe-cong-trinh-6-cuon-p10737029.html?spid=10737030,Tiki,Sách ngoại văn,False
10678954,"Sách Full bộ Ehon Nhật Bản cho bé 0-6 tuổi thông minh, sáng tạo",292500.0,4.8,7177,https://tiki.vn/sach-full-bo-ehon-nhat-ban-cho-be-0-6-tuoi-thong-minh-sang-tao-p10678954.html?spid=35226140,Tiki,Sách ngoại văn,True
3640421,Sách Đắc Nhân Tâm - Bản Dịch Gốc Từ Nguyễn Hiến Lê (Tặng Kèm Audio Book),68000.0,4.7,14774,https://tiki.vn/sach-dac-nhan-tam-ban-dich-goc-tu-nguyen-hien-le-tang-kem-audio-book-p3640421.html?spid=3643135,Tiki,Tô màu - Luyện chữ,False
3082815,Tự Truyện Benjamin Franklin (Tái Bản),71600.0,4.8,4286,https://tiki.vn/tu-truyen-benjamin-franklin-tai-ban-p3082815.html?spid=3083073,Tiki,Sách ngoại văn,False
464132,Truyện Kiều,23900.0,5.0,1916,https://tiki.vn/truyen-kieu-p464132.html?spid=172950,Tiki,Sách ngoại văn,False
279402018,Sách Quán Cơm Tỳ Hưu - Chỉ Có Vào Không Có Ra (Tập 4),160200.0,5.0,30,https://tiki.vn/quan-com-ty-huu-chi-co-vao-khong-co-ra-tap-4-p279402018.html?spid=279402367,Tiki,Truyện tranh/Manga,False
279395884,Sách Dấu Ấn Hoàng Gia - Tập 57,27000.0,5.0,135,https://tiki.vn/sach-dau-an-hoang-gia-tap-57-p279395884.html?spid=279395887,Tiki,Truyện tranh/Manga,False
279298882,Sách Toán Học Của Thịnh Vượng - Phép Tính Đơn Giản Để Đạt Được An Toàn Tài Chính,186000.0,5.0,55,https://tiki.vn/sach-toan-hoc-cua-thinh-vuong-phep-tinh-don-gian-de-dat-duoc-an-toan-tai-chinh-p279298882.html?spid=279298883,Tiki,Tô màu - Luyện chữ,False
279267466,Sách Tự Chống Lưng,75210.0,0.0,39,https://tiki.vn/sach-tu-chong-lung-p279267466.html?spid=279267467,Tiki,Tô màu - Luyện chữ,False
278904275,Việt Nam - Những Tiếng Vọng Từ Quá Khứ,105300.0,4.8,61,https://tiki.vn/viet-nam-nhung-tieng-vong-tu-qua-khu-p278904275.html?spid=278917099,Tiki,Sách ngoại văn,False
278893208,Xây Dựng Câu Chuyện Thương Hiệu,143300.0,0.0,81,https://tiki.vn/xay-dung-cau-chuyen-thuong-hieu-p278893208.html?spid=278893211,Tiki,Sách ngoại văn,False
278814932,Flashcard Tư Duy Lãnh Đạo - Rèn Tư Duy Dẫn Dắt & Hành Động Hiệu Quả,121600.0,5.0,11,https://tiki.vn/alpha-cards-tu-duy-lanh-dao-p278814932.html?spid=278814933,Tiki,Sách ngoại văn,False
278159875,Sách Người Ăn Chay,115500.0,4.8,569,https://tiki.vn/sach-nguoi-an-chay-p278159875.html?spid=278159878,Tiki,Sách ngoại văn,False
276659735,Series các tập Saiyuki,49000.0,5.0,18,https://tiki.vn/series-cac-tap-saiyuki-p276659735.html?spid=276585419,Tiki,Truyện tranh/Manga,False
276586971,Giáo trình tiếng Hoa đương đại - sách bài học (1-1),170000.0,5.0,31,https://tiki.vn/giao-trinh-tieng-hoa-duong-dai-sach-bai-hoc-1-1-p276586971.html?spid=276586973,Tiki,Sách ngoại văn,False
275905148,Sách Nâng Cao Tần Số Năng Lượng Cá Nhân,117100.0,5.0,626,https://tiki.vn/sach-nang-cao-tan-so-nang-luong-ca-nhan-p275905148.html?spid=275905152,Tiki,Tô màu - Luyện chữ,False
275604151,Sách giáo khoa Toán 9- Tập một- Kết Nối Tri Thức Với Cuộc Sống (Kèm Nilon bọc Sách),36000.0,5.0,133,https://tiki.vn/sach-giao-khoa-toan-9-tap-mot-ket-noi-tri-thuc-voi-cuoc-song-p275604151.html?spid=275604152,Tiki,Sách ngoại văn,False
275243836,Bộ sách Thám tử Sherlock Nhí,32000.0,5.0,30,https://tiki.vn/bo-sach-tham-tu-sherlock-nhi-p275243836.html?spid=275244201,Tiki,Vitamin & Thực phẩm bổ sung,False
275243138,Sách Rèn Luyện Tư Duy Phản Biện,88000.0,4.8,1405,https://tiki.vn/sach-ren-luyen-tu-duy-phan-bien-p275243138.html?spid=275243141,Tiki,Tô màu - Luyện chữ,False
275210710,Sách Ngày Xửa Ngày Xưa Có Một Trái Tim Vụn Vỡ,117660.0,4.6,341,https://tiki.vn/sach-ngay-xua-ngay-xua-co-mot-trai-tim-vun-vo-p275210710.html?spid=275219972,Tiki,Sách ngoại văn,False
275041762,Bộ sách Harry Potter - Tiếng Việt - Khổ nhỏ - Tập 3 - Harry Potter và tên tù nhân ngục Azkaban (set 3 cuốn),173000.0,5.0,608,https://tiki.vn/bo-sach-harry-potter-tieng-viet-kho-nho-p275041762.html?spid=275041946,Tiki,Sách ngoại văn,False
274728129,Vũ điệu rực lửa - Welcome to the Ballroom,36000.0,5.0,297,https://tiki.vn/vu-dieu-ruc-lua-welcome-to-the-ballroom-p274728129.html?spid=274928242,Tiki,Truyện tranh/Manga,False
274069251,Sách Sổ tay ăn dặm của mẹ,104250.0,5.0,460,https://tiki.vn/sach-so-tay-an-dam-cua-me-p274069251.html?spid=274069256,Tiki,Sách ngoại văn,False
273621275,Sách Agatha Christie. Bi kịch ba hồi,99000.0,5.0,542,https://tiki.vn/sach-agatha-christie-bi-kich-ba-hoi-p273621275.html?spid=273621277,Tiki,Chăm sóc da,False
273464121,Sách Lũ Trẻ Đường Tàu,76900.0,4.8,730,https://tiki.vn/sach-lu-tre-duong-tau-p273464121.html?spid=273464122,Tiki,Máy massage,False
270790402,Shin - Cậu Bé Bút Chì - Tập 50,23750.0,5.0,44,https://tiki.vn/shin-cau-be-but-chi-tap-50-p270790402.html?spid=270790405,Tiki,Truyện tranh/Manga,False
225911485,Combo 5-10-20 Bút Bi Viêt Bi Bấm Văn Phòng Học Sinh 0.7mm Deli - Đầu Bấm Thiết Kế Chống Trượt Tiện Dụng - 6546S,4000.0,4.8,104,https://tiki.vn/but-bi-viet-bi-bam-van-phong-hoc-sinh-0-7mm-deli-dau-bam-thiet-ke-chong-truot-tien-dung-6546s-p225911485.html?spid=225911192,Tiki,Sách tiếng Việt,False
207398360,Sách Hãng Luật,167000.0,5.0,351,https://tiki.vn/sach-hang-luat-p207398360.html?spid=207398361,Tiki,Chăm sóc da,False
200938543,Sách Bán Khống (Tái bản 2022),121700.0,5.0,144,https://tiki.vn/sach-ban-khong-tai-ban-2022-p200938543.html?spid=200938544,Tiki,Sách ngoại văn,False
195623864,Truyện tranh tuổi thần tiên - Chú thỏ tinh khôn,11500.0,5.0,118,https://tiki.vn/truyen-tranh-tuoi-than-tien-chu-tho-tinh-khon-p195623864.html?spid=195623869,Tiki,Sách ngoại văn,False
187827438,Sách Vọng Lâu Tử Thần,100000.0,5.0,618,https://tiki.vn/sach-vong-lau-tu-than-p187827438.html?spid=187827440,Tiki,Chăm sóc da,False
126474205,Làm giàu từ chứng khoán bằng phương pháp VSA chính gốc: Nghiên cứu chuyên sâu về cách giao dịch của Wyckoff,499000.0,4.8,4211,https://tiki.vn/lam-giau-tu-chung-khoan-bang-phuong-phap-vsa-chinh-goc-nghien-cuu-chuyen-sau-ve-cach-giao-dich-cua-wyckoff-p126474205.html?spid=126474206,Tiki,Sách ngoại văn,True
91120169,Sách Homecoming - Hồi Sinh Đứa Trẻ Bên Trong Bạn,141300.0,5.0,1586,https://tiki.vn/sach-homecoming-hoi-sinh-dua-tre-ben-trong-ban-p91120169.html?spid=91120170,Tiki,Sách ngoại văn,False
90480255,Sách - Lão Tử Đạo Đức kinh - Nguyễn Hiến Lê ( Tuyển Tập Bách Gia Tranh Minh),136000.0,5.0,800,https://tiki.vn/sach-lao-tu-dao-duc-kinh-nguyen-hien-le-tuyen-tap-bach-gia-tranh-minh-p90480255.html?spid=127524852,Tiki,Sách ngoại văn,False
66955380,Sách Tác Phẩm Bảo Vật Quốc Gia - Hồ Chí Minh (Hộp 5 Cuốn),147000.0,4.8,327,https://tiki.vn/sach-tac-pham-bao-vat-quoc-gia-ho-chi-minh-hop-5-cuon-p66955380.html?spid=66955381,Tiki,Sách ngoại văn,False
53532186,Tuyệt kỹ Giao dịch bằng đồ thị nến Nhật – Japanese Candlestick Charting Techniques,499000.0,4.8,13092,https://tiki.vn/tuyet-ky-giao-dich-bang-do-thi-nen-nhat-japanese-candlestick-charting-techniques-p53532186.html?spid=53532187,Tiki,Sách ngoại văn,True
48481763,Sách Thiên Nga Đen (Tái Bản 2020),201300.0,4.8,5557,https://tiki.vn/sach-thien-nga-den-tai-ban-2020-p48481763.html?spid=48481764,Tiki,Tô màu - Luyện chữ,False
48266434,Sách Hạt Giống Tâm Hồn 1 (Tái Bản),63000.0,4.5,334,https://tiki.vn/sach-hat-giong-tam-hon-1-tai-ban-p48266434.html?spid=48266435,Tiki,Sách ngoại văn,False
21508579,Doraemon Plus Tập 4 (Tái Bản),20900.0,5.0,463,https://tiki.vn/doraemon-plus-tap-4-tai-ban-p21508579.html?spid=21508580,Tiki,Truyện tranh/Manga,False
12053550,Sách Feynman Chuyện Thật Như Đùa (Tái Bản),177000.0,4.8,1487,https://tiki.vn/sach-feynman-chuyen-that-nhu-dua-tai-ban-p12053550.html?spid=12053551,Tiki,Sách ngoại văn,False
10866297,Sách Các Cuộc Chiến Tranh Tiền Tệ (Tái Bản),123000.0,4.8,2640,https://tiki.vn/sach-cac-cuoc-chien-tranh-tien-te-tai-ban-p10866297.html?spid=10866298,Tiki,Mỹ phẩm,False
7982626,Sách Thế Giới Phẳng (Tái Bản),260000.0,4.7,10186,https://tiki.vn/sach-the-gioi-phang-tai-ban-p7982626.html?spid=7982627,Tiki,Tô màu - Luyện chữ,False
7435679,Sách Tư Duy Tích Cực (Tái Bản),40600.0,4.8,403,https://tiki.vn/sach-tu-duy-tich-cuc-tai-ban-p7435679.html?spid=7496027,Tiki,Tô màu - Luyện chữ,False
750578,Sách Khi Hơi Thở Hóa Thinh Không,71600.0,4.7,62700,https://tiki.vn/sach-khi-hoi-tho-hoa-thinh-khong-p750578.html?spid=750581,Tiki,Sách ngoại văn,False
509618,Combo Dragon Ball (Trọn Bộ 42 Tập),1192250.0,4.8,3094,https://tiki.vn/combo-dragon-ball-tron-bo-42-tap-p509618.html?spid=226387,Tiki,Truyện tranh/Manga,True
279287463,Nguồn Gốc Dân Tộc Việt Nam - Đào Duy Anh,53700.0,5.0,27,https://tiki.vn/nguon-goc-dan-toc-viet-nam-dao-duy-anh-p279287463.html?spid=279291246,Tiki,Sách ngoại văn,False
278756955,Sách Nơi Trú Ẩn Bình Yên,62100.0,5.0,20,https://tiki.vn/noi-tru-an-binh-yen-p278756955.html?spid=278756956,Tiki,Sách ngoại văn,False
278747062,Liệu Hoa Có Nở,88000.0,5.0,47,https://tiki.vn/lieu-hoa-co-no-p278747062.html?spid=279330224,Tiki,Truyện tranh/Manga,False
278567955,Sách Rồng Ngầm Trường An,140400.0,5.0,76,https://tiki.vn/sach-rong-ngam-truong-an-p278567955.html?spid=278567956,Tiki,Sách ngoại văn,False
278567361,Bút Gel 0.5 mm - Thiên Long Gel-068 - Mực Tím,6000.0,5.0,17,https://tiki.vn/but-gel-0-5-mm-thien-long-gel-068-muc-tim-p278567361.html?spid=278567362,Tiki,Sách tiếng Việt,False
278316450,Sách Em Bé Và Tôi ( Chọn Tập Lẻ),69100.0,5.0,200,https://tiki.vn/em-be-va-toi-tap-1-tang-kem-special-jacket-p278316450.html?spid=278860198,Tiki,Truyện tranh/Manga,False
277568841,Kingdom,40000.0,5.0,74,https://tiki.vn/kingdom-p277568841.html?spid=277690334,Tiki,Truyện tranh/Manga,False
276841065,Combo Chinh phục đề thi vào lớp 6 trường THCS Chất lượng cao môn Toán - Anh - Tiếng Việt,266000.0,5.0,169,https://tiki.vn/combo-chinh-phuc-de-thi-vao-lop-6-truong-thcs-chat-luong-cao-mon-toan-anh-tieng-viet-p276841065.html?spid=276841068,Tiki,Sách ngoại văn,False
276415841,Sách - Tính không của Vạn vật - Quán chiếu khoa học hiện đại bằng các nguyên lí của phật giáo,177600.0,4.8,30,https://tiki.vn/sach-tinh-khong-cua-van-vat-quan-chieu-khoa-hoc-hien-dai-bang-cac-nguyen-li-cua-phat-giao-p276415841.html?spid=279057274,Tiki,Sách ngoại văn,False
276231113,Sách Lộ Trình Học Tiếng Anh Cho Người Mất Gốc - The English Journey,152460.0,5.0,185,https://tiki.vn/sach-lo-trinh-hoc-tieng-anh-cho-nguoi-mat-goc-the-english-journey-p276231113.html?spid=276231115,Tiki,Sách ngoại văn,False
275881767,Series các tập Thiên hà cạnh bên,45000.0,5.0,78,https://tiki.vn/thien-ha-canh-ben-01-tang-kem-postcard-giay-p275881767.html?spid=276285615,Tiki,Truyện tranh/Manga,False
275300116,Sách WHO? Chuyện Kể Về Danh Nhân Thế Giới,45600.0,4.8,239,https://tiki.vn/sach-who-chuyen-ke-ve-danh-nhan-the-gioi-p275300116.html?spid=275306612,Tiki,Vitamin & Thực phẩm bổ sung,False
275259876,Middlemarch - Trọn bộ 2 tập,389000.0,4.0,51,https://tiki.vn/middlemarch-tron-bo-2-tap-p275259876.html?spid=275259886,Tiki,Sách ngoại văn,True
275178313,Sách Lười - Một lần Lười bằng Mười than thuốc bổ,115000.0,4.8,619,https://tiki.vn/sach-luoi-mot-lan-luoi-bang-muoi-than-thuoc-bo-p275178313.html?spid=275178315,Tiki,Tô màu - Luyện chữ,False
273596551,Sách Trắc ẩn với chính mình,121660.0,5.0,331,https://tiki.vn/sach-trac-an-voi-chinh-minh-p273596551.html?spid=273596552,Tiki,Sách ngoại văn,False
273457566,Sách Thép đã tôi thế đấy (Bản dịch đầy đủ nhất) - Bìa mềm,95600.0,4.7,1026,https://tiki.vn/sach-thep-da-toi-the-day-ban-dich-day-du-nhat-bia-mem-p273457566.html?spid=273457569,Tiki,Sách ngoại văn,False
273119803,Sách Cha Con Giáo Hoàng (Mario Puzo),146000.0,4.7,47,https://tiki.vn/sach-cha-con-giao-hoang-mario-puzo-p273119803.html?spid=273119806,Tiki,Sách ngoại văn,False
273079628,Sách Phép Lạ Của Sự Tỉnh Thức ,60000.0,5.0,814,https://tiki.vn/sach-phep-la-cua-su-tinh-thuc-p273079628.html?spid=273079631,Tiki,Sách ngoại văn,False
272349567,Sách Kẻ thua cuộc giỏi nhất sẽ giành chiến thắng,169000.0,5.0,170,https://tiki.vn/sach-ke-thua-cuoc-gioi-nhat-se-gianh-chien-thang-p272349567.html?spid=272349568,Tiki,Sách ngoại văn,False
271005406,Sách Thuốc Tránh Thai – Lợi Ít Hại Nhiều,95480.0,5.0,37,https://tiki.vn/sach-thuoc-tranh-thai-loi-it-hai-nhieu-p271005406.html?spid=271005409,Tiki,Sách ngoại văn,False
247442497,Combo Doraemon Tranh Truyện Màu - Nobita Tây Du Kí (2 cuốn) [Tái Bản 2023],57000.0,5.0,107,https://tiki.vn/combo-doraemon-tranh-truyen-mau-nobita-tay-du-ki-2-cuon-tai-ban-2023-p247442497.html?spid=247442498,Tiki,Truyện tranh/Manga,False
220663057,Sách Basic IELTS Reading,148000.0,4.8,434,https://tiki.vn/sach-basic-ielts-reading-p220663057.html?spid=220663058,Tiki,Sách ngoại văn,False
214598586,Sách Mậu Thân 1968 - Một Thiên Hùng Ca,184000.0,5.0,80,https://tiki.vn/sach-mau-than-1968-mot-thien-hung-ca-p214598586.html?spid=214598589,Tiki,Sách ngoại văn,False
208560326,Sách Ước Mơ Của Bạn Nhất Định Thành Hiện Thực,66000.0,5.0,817,https://tiki.vn/sach-uoc-mo-cua-ban-nhat-dinh-thanh-hien-thuc-p208560326.html?spid=208560331,Tiki,Tô màu - Luyện chữ,False
203093928,Sách Việt Nam Phong Tục (Bìa Mềm) - Tái Bản,74000.0,5.0,219,https://tiki.vn/sach-viet-nam-phong-tuc-bia-mem-tai-ban-p203093928.html?spid=203093929,Tiki,Sách ngoại văn,False
187827003,Sách Không Diệt Không Sinh Đừng Sợ Hãi (TB5),84700.0,5.0,30016,https://tiki.vn/sach-khong-diet-khong-sinh-dung-so-hai-tb5-p187827003.html?spid=187827005,Tiki,Tô màu - Luyện chữ,False
174444163,"Sách Dear, Darling",66000.0,4.8,6309,https://tiki.vn/sach-dear-darling-p174444163.html?spid=174444165,Tiki,Sách ngoại văn,False
173420792,Sách Người Hạt Dẻ,152100.0,5.0,414,https://tiki.vn/sach-nguoi-hat-de-p173420792.html?spid=173420793,Tiki,Chăm sóc da,False
171549946,Sách Ngồi Khóc Trên Cây,112000.0,5.0,1021,https://tiki.vn/sach-ngoi-khoc-tren-cay-p171549946.html?spid=171549948,Tiki,Sách ngoại văn,False
106863963,Sách Tâm Lý Học - Phác Họa Chân Dung Kẻ Phạm Tội,108750.0,4.8,23538,https://tiki.vn/sach-tam-ly-hoc-phac-hoa-chan-dung-ke-pham-toi-p106863963.html?spid=106863965,Tiki,Tô màu - Luyện chữ,False
73795265,Sách Hợp Nhất Với Vũ Trụ (Bìa Mềm) (Tái Bản 2020),67760.0,5.0,1199,https://tiki.vn/sach-hop-nhat-voi-vu-tru-bia-mem-tai-ban-2020-p73795265.html?spid=73795266,Tiki,Sách ngoại văn,False
72290296,Sách Bí Quyết Đầu Tư & Kinh Doanh Chứng Khoán Của Tỷ Phú Warren Buffett Và George Soros (Tái Bản),133500.0,5.0,721,https://tiki.vn/sach-bi-quyet-dau-tu-kinh-doanh-chung-khoan-cua-ty-phu-warren-buffett-va-george-soros-tai-ban-2020-p72290296.html?spid=72290297,Tiki,Sách ngoại văn,False
53545654,Sách Titan – Gia Tộc Rockefeller,339400.0,4.7,1742,https://tiki.vn/sach-titan-gia-toc-rockefeller-p53545654.html?spid=53545655,Tiki,Sách ngoại văn,True
36363381,Sách Sao Chúng Ta Lại Ngủ,186750.0,4.8,4131,https://tiki.vn/sach-sao-chung-ta-lai-ngu-p36363381.html?spid=36363382,Tiki,Tô màu - Luyện chữ,False
10920495,Sách Dế Mèn Phiêu Lưu Ký,114000.0,5.0,7585,https://tiki.vn/sach-de-men-phieu-luu-ky-p10920495.html?spid=10920496,Tiki,Máy massage,False
10277496,Sách Những Người Thích Đùa (Tái Bản),60325.0,5.0,448,https://tiki.vn/sach-nhung-nguoi-thich-dua-tai-ban-p10277496.html?spid=10277497,Tiki,Sách ngoại văn,False
8021467,"Combo 4 cuốn: Chuyện con mèo dạy hải âu bay, Chuyện con mèo con chuột và bạn thân của nó, Chuyện con ốc sên, Chuyện chú chó tên là trung thành",167760.0,5.0,1198,https://tiki.vn/combo-4-cuon-chuyen-con-meo-day-hai-au-bay-chuyen-con-meo-con-chuot-va-ban-than-cua-no-chuyen-con-oc-sen-chuyen-chu-cho-ten-la-trung-thanh-p8021467.html?spid=127539209,Tiki,Sách ngoại văn,False
6807847,Sách Cảm Ơn Người Lớn (Bìa Mềm) - Bản Tặng Kèm Thiệp + Phong Bì Thiệp + Bookmark (Số Lượng Có Hạn),85000.0,4.8,32393,https://tiki.vn/sach-cam-on-nguoi-lon-bia-mem-p6807847.html?spid=6807851,Tiki,Sách ngoại văn,False
1215673,Sách Từ Những Hạt Mầm: Kiến Đen Tìm Mè,11250.0,5.0,1080,https://tiki.vn/sach-tu-nhung-hat-mam-kien-den-tim-me-p1215673.html?spid=1215943,Tiki,Vitamin & Thực phẩm bổ sung,False
405634,Sách Collins - Listening for IELTS (Quét Mã QR Để Nghe File Mp3),120000.0,4.7,2388,https://tiki.vn/sach-collins-listening-for-ielts-quet-ma-qr-de-nghe-file-mp3-p405634.html?spid=107975,Tiki,Sách ngoại văn,False
279319890,Sách - Monster - Deluxe Edition - Tập 4 - Tặng Kèm Bookmark,122500.0,4.7,99,https://tiki.vn/sach-monster-deluxe-edition-tap-4-tang-kem-bookmark-p279319890.html?spid=279319891,Tiki,Truyện tranh/Manga,False
279259031,"Sách Hiệp Định Paris - Thắng Lợi Của Ý Chí Độc Lập, Tự Chủ Và Chính Nghĩa Việt Nam - Nguyễn Thị Bình",122300.0,5.0,25,https://tiki.vn/sach-hiep-dinh-paris-thang-loi-cua-y-chi-doc-lap-tu-chu-va-chinh-nghia-viet-nam-nguyen-thi-binh-p279259031.html?spid=279259019,Tiki,Sách ngoại văn,False
279236048,Sách - Chuyện xứ Lang Biang - Boxset 12 cuốn - Nguyễn Nhật Ánh khổ nhỏ,140000.0,3.0,22,https://tiki.vn/sach-chuyen-xu-lang-biang-boxset-12-cuon-nguyen-nhat-anh-kho-nho-p279236048.html?spid=279236051,Tiki,Sách ngoại văn,False
278998906,"Sách Hỏi Bằng Tarot, Trả Lời Bằng Tâm Lý Học",104250.0,5.0,44,https://tiki.vn/sach-hoi-bang-tarot-tra-loi-bang-tam-ly-hoc-p278998906.html?spid=278998908,Tiki,Sách ngoại văn,False
278959496,KHI TÁCH CÀ PHÊ CÒN CHƯA NGUỘI - Toshikazu Kawaguchi – Bảo Chương dịch – NXB Trẻ,118000.0,4.8,221,https://tiki.vn/khi-tach-ca-phe-con-chua-nguoi-toshikazu-kawaguchi-bao-chuong-dich-nxb-tre-p278959496.html?spid=278964950,Tiki,Sách ngoại văn,False
278857834,Sách Nhà Có Bé Ngoan,180000.0,4.6,108,https://tiki.vn/sach-nha-co-be-ngoan-p278857834.html?spid=278856943,Tiki,Sách thiếu nhi,False
278756947,Sách Mỗi Tháng Tặng Cậu Một Bài Thơ,59200.0,0.0,12,https://tiki.vn/moi-thang-tang-cau-mot-bai-tho-p278756947.html?spid=278756948,Tiki,Sách ngoại văn,False
278703579,Sách Giáo Trình Hán Ngữ Phiên Bản 3 (Phân Loại Lẻ),117900.0,5.0,45,https://tiki.vn/sach-giao-trinh-han-ngu-phien-ban-3-phan-loai-le-p278703579.html?spid=278703595,Tiki,Sách ngoại văn,False
278679862,Sách Lift-The-Flap - Lật Mở Khám Phá - Những Kiến Thức Đầu Đời,128500.0,0.0,7,https://tiki.vn/sach-lift-the-flap-lat-mo-kham-pha-nhung-kien-thuc-dau-doi-p278679862.html?spid=278679865,Tiki,Vitamin & Thực phẩm bổ sung,False
278611999,Truyện Cổ Nga - Những Cuộc Phiêu Lưu Và Những Phép Màu,157000.0,5.0,35,https://tiki.vn/truyen-co-nga-nhung-cuoc-phieu-luu-va-nhung-phep-mau-p278611999.html?spid=278612000,Tiki,Sách ngoại văn,False
278090753,"Sách Rich habits, poor habits: Sự khác biệt giữa người giàu và người nghèo",173000.0,4.8,496,https://tiki.vn/sach-rich-habits-poor-habits-su-khac-biet-giua-nguoi-giau-va-nguoi-ngheo-p278090753.html?spid=58935257,Tiki,Tô màu - Luyện chữ,False
277409853,Sách Bí Ẩn Thảm Án Ở Styles (Agatha Christie) (NXB Trẻ),95000.0,5.0,315,https://tiki.vn/sach-bi-an-tham-an-o-styles-agatha-christie-nxb-tre-p277409853.html?spid=277554848,Tiki,Chăm sóc da,False
276922193,Shin Cậu Bé Bút Chì - Truyện Dài Tập 21: Bốn Chàng Hiệp Sĩ Của Vương Quốc Vẽ Vời,24500.0,5.0,16,https://tiki.vn/shin-cau-be-but-chi-truyen-dai-tap-21-bon-chang-hiep-si-cua-vuong-quoc-ve-voi-p276922193.html?spid=276922195,Tiki,Truyện tranh/Manga,False
275948804,Sách Quản Trị Sự Thay Đổi,134300.0,5.0,69,https://tiki.vn/sach-quan-tri-su-thay-doi-p275948804.html?spid=275948806,Tiki,Sách ngoại văn,False
275903864,"Sách Nên Nói Gì, Làm Gì Với Người Trầm Cảm",116250.0,4.6,31,https://tiki.vn/sach-nen-noi-gi-lam-gi-voi-nguoi-tram-cam-p275903864.html?spid=275903866,Tiki,Tô màu - Luyện chữ,False
275617268,Shin Cậu Bé Bút Chì - Truyện Dài Tập 15: Câu Chuyện Xuất Ngoại Và Trận Chiến Xương Rồng,23750.0,5.0,23,https://tiki.vn/shin-cau-be-but-chi-truyen-dai-tap-15-cau-chuyen-xuat-ngoai-va-tran-chien-xuong-rong-p275617268.html?spid=275617271,Tiki,Truyện tranh/Manga,False
274952050,Chúc mừng năm mới - Sách tranh ehon Gấu con Kuma - Những chuyện nhỏ hàng ngày,42000.0,5.0,18,https://tiki.vn/chuc-mung-nam-moi-sach-tranh-ehon-gau-con-kuma-nhung-chuyen-nho-hang-ngay-p274952050.html?spid=274952053,Tiki,Sách ngoại văn,False
274545381,Sách Số Đỏ,43900.0,5.0,113,https://tiki.vn/sach-so-do-p274545381.html?spid=274545384,Tiki,Sách ngoại văn,False
273745122,Sách Những Cuộc Phiêu Lưu Kì Thú,30000.0,5.0,50,https://tiki.vn/sach-nhung-cuoc-phieu-luu-ki-thu-p273745122.html?spid=273745238,Tiki,Sách ngoại văn,False
273587157,Luật Hôn nhân và gia đình (hiện hành),32000.0,5.0,99,https://tiki.vn/luat-hon-nhan-va-gia-dinh-hien-hanh-va-van-ban-huong-dan-thi-hanh-p273587157.html?spid=273587158,Tiki,Sách ngoại văn,False
270466779,Sách Chị Sáu Ở Côn Đảo,16000.0,5.0,36,https://tiki.vn/sach-chi-sau-o-con-dao-p270466779.html?spid=270466784,Tiki,Máy massage,False
270466655,Shin - Cậu Bé Bút Chì Tập 13,24500.0,4.6,24,https://tiki.vn/shin-cau-be-but-chi-tap-13-p270466655.html?spid=270466658,Tiki,Truyện tranh/Manga,False
263698219,Bluelock Tập 10,33250.0,5.0,102,https://tiki.vn/bluelock-tap-10-tang-kem-pvc-card-va-standee-nhan-vat-p263698219.html?spid=263698220,Tiki,Truyện tranh/Manga,False
263697797,Sách Siêu Nhí Khám Phá Toán Tư Duy (Dành Cho Bé Từ 4-5 Tuổi),64700.0,5.0,45,https://tiki.vn/sach-sieu-nhi-kham-pha-toan-tu-duy-danh-cho-be-tu-4-5-tuoi-p263697797.html?spid=263697801,Tiki,Vitamin & Thực phẩm bổ sung,False
262517040,Combo Many Lives Many Times - Muôn Kiếp Nhân Sinh - Tập 1 + 2 + 3 (3 Cuốn - Bìa Mềm) - FN,555900.0,0.0,3,https://tiki.vn/combo-many-lives-many-times-muon-kiep-nhan-sinh-tap-1-2-3-3-cuon-bia-mem-fn-p262517040.html?spid=270257180,Tiki,Sách ngoại văn,True
253391262,Kính Vạn Hoa - Tập 4 (Tái Bản 2023),121500.0,5.0,31,https://tiki.vn/kinh-van-hoa-tap-4-tai-ban-2023-p253391262.html?spid=253391263,Tiki,Máy massage,False
249875142,Sách Piano cho thiếu nhi - Tuyển tập 220 tiểu phẩm nổi tiếng (Phần 1) - File audio đàn mẫu tất cả các tiểu phẩm - Có thể luyện tập trên đàn organ - File audio tặng kèm trên website,105000.0,5.0,184,https://tiki.vn/sach-piano-cho-thieu-nhi-tuyen-tap-220-tieu-pham-noi-tieng-phan-1-file-audio-dan-mau-tat-ca-cac-tieu-pham-co-the-luyen-tap-tren-dan-organ-file-audio-tang-kem-tren-website-p249875142.html?spid=249875143,Tiki,Sách ngoại văn,False
202007364,Sách Tiếng Việt Giàu Đẹp - Vẻ Đẹp Ngôn Ngữ Vẻ Đẹp Văn Chương,69000.0,4.6,143,https://tiki.vn/sach-tieng-viet-giau-dep-ve-dep-ngon-ngu-ve-dep-van-chuong-p202007364.html?spid=202007365,Tiki,Sách ngoại văn,False
196411135,Sách Nghệ Thuật Phòng The – Để Cuộc Yêu Thăng Hoa,174000.0,5.0,90,https://tiki.vn/sach-nghe-thua-t-pho-ng-the-de-cuo-c-yeu-thang-hoa-p196411135.html?spid=196411139,Tiki,Tô màu - Luyện chữ,False
195801643,Sách Cà Phê Cùng Tony (Tái Bản 2022),82000.0,5.0,770,https://tiki.vn/sach-ca-phe-cung-tony-tai-ban-2022-p195801643.html?spid=195801649,Tiki,Sách ngoại văn,False
120219394,Sách Tôi Nói Gì Khi Nói Về Chạy Bộ,70840.0,5.0,6341,https://tiki.vn/sach-toi-noi-gi-khi-noi-ve-chay-bo-p120219394.html?spid=120219395,Tiki,Sách ngoại văn,False
116835635,Sách Tớ Học Lập Trình - Làm Quen Với Python,97200.0,5.0,1361,https://tiki.vn/sach-to-hoc-lap-trinh-lam-quen-voi-python-p116835635.html?spid=116835636,Tiki,Vitamin & Thực phẩm bổ sung,False
107802188,Sách Bí Mật Tư Duy Triệu Phú (Tái Bản),83160.0,5.0,3129,https://tiki.vn/sach-bi-mat-tu-duy-trieu-phu-tai-ban-p107802188.html?spid=107802190,Tiki,Tô màu - Luyện chữ,False
90985722,Sách Thương (Thơ) - Bản Thường (Tặng Kèm Bookmark),57750.0,4.7,2537,https://tiki.vn/sach-thuong-tho-p90985722.html?spid=90985724,Tiki,Sách ngoại văn,False
68585576,"Sách Càng Kỷ Luật, Càng Tự Do",103000.0,4.8,21658,https://tiki.vn/sach-cang-ky-luat-cang-tu-do-p68585576.html?spid=68585577,Tiki,Tô màu - Luyện chữ,False
55605172,Sách Tắt Đèn (Tái Bản 2020),36000.0,5.0,1269,https://tiki.vn/sach-tat-den-tai-ban-2020-p55605172.html?spid=55605173,Tiki,Sách ngoại văn,False
51320541,Combo Thám Tử Lừng Danh Conan Tập 61 - 70 (Bộ 10 cuốn),240000.0,5.0,628,https://tiki.vn/combo-tham-tu-lung-danh-conan-tap-61-70-bo-10-cuon-p51320541.html?spid=58806032,Tiki,Truyện tranh/Manga,False
42230121,Sách Hiểu Về Trái Tim (Tái Bản 2019) - Minh Niệm,142200.0,5.0,37337,https://tiki.vn/sach-hieu-ve-trai-tim-tai-ban-2019-minh-niem-p42230121.html?spid=42230122,Tiki,Tô màu - Luyện chữ,False
40933971,Sách Một Đời Thương Thuyết (Tái Bản),105000.0,5.0,3780,https://tiki.vn/sach-mot-doi-thuong-thuyet-tai-ban-p40933971.html?spid=40933972,Tiki,Tô màu - Luyện chữ,False
552393,Sách Hiểu Về Trái Tim,158000.0,5.0,19,https://tiki.vn/sach-hieu-ve-trai-tim-p552393.html?spid=253128147,Tiki,Tô màu - Luyện chữ,False
276933748,Combo Giáo Trình Chuẩn HSK 2 - Sách Bài Học và Bài tập (Bộ 2 cuốn),320000.0,5.0,867,https://tiki.vn/combo-giao-trinh-chuan-hsk-2-sach-bai-hoc-va-bai-tap-bo-2-cuon-p276933748.html?spid=276949258,Tiki,Sách ngoại văn,True
263970133,Thám tử lừng danh Conan Tập 28,23750.0,5.0,30,https://tiki.vn/tham-tu-lung-danh-conan-tap-28-p263970133.html?spid=263970135,Tiki,Truyện tranh/Manga,False
171876692,Dragon Ball Super - Tập 7: Giải Đấu Sức Mạnh - Cuộc Đua Tranh Sống Còn (Tái Bản),28800.0,5.0,116,https://tiki.vn/dragon-ball-super-tap-7-giai-dau-suc-manh-cuoc-dua-tranh-song-con-tai-ban-2022-p171876692.html?spid=171876693,Tiki,Truyện tranh/Manga,False
152464652,Sách 100 Bí Ẩn Đáng Kinh Ngạc Về Giải Cứu Trái Đất - 100 Things To Know About Saving The Planet,89000.0,5.0,202,https://tiki.vn/sach-100-bi-an-dang-kinh-ngac-ve-giai-cuu-trai-dat-100-things-to-know-about-saving-the-planet-p152464652.html?spid=152464653,Tiki,Vitamin & Thực phẩm bổ sung,False
86270920,Sách Trang Tử Tinh Hoa (Thu Giang Nguyễn Duy Cần )(Tái Bản),59000.0,4.8,683,https://tiki.vn/sach-trang-tu-tinh-hoa-thu-giang-nguyen-duy-can-tai-ban-p86270920.html?spid=86270921,Tiki,Sách ngoại văn,False
279408699,Sách Dấu Ấn Hoàng Gia - Tập 60 ,28500.0,5.0,126,https://tiki.vn/sach-dau-an-hoang-gia-tap-60-p279408699.html?spid=279408701,Tiki,Truyện tranh/Manga,False
279396019,Sách Official Character Book - My Hero Academia - Học Viện Siêu Anh Hùng: Ultra Archive [Tặng Kèm Set Bookmark PVC + Bảng Sticker],42750.0,0.0,4,https://tiki.vn/sach-official-character-book-my-hero-academia-hoc-vien-sieu-anh-hung-ultra-archive-tang-kem-set-bookmark-pvc-bang-sticker-p279396019.html?spid=279396022,Tiki,Truyện tranh/Manga,False
279395932,Sách Vivre Card - Thẻ Dữ Liệu Nhân Vật One Piece Booster Pack - Băng Hải Tặc Của “Tứ Hoàng” Big Mom!! ,23750.0,5.0,7,https://tiki.vn/sach-vivre-card-the-du-lieu-nhan-vat-one-piece-booster-pack-bang-hai-tac-cua-tu-hoang-big-mom-p279395932.html?spid=279395934,Tiki,Truyện tranh/Manga,False
279349883,Sách Dấu Ấn Hoàng Gia - Tập 54 ,28500.0,5.0,268,https://tiki.vn/sach-dau-an-hoang-gia-tap-54-p279349883.html?spid=279349885,Tiki,Truyện tranh/Manga,False
279349882,Sách Dấu Ấn Hoàng Gia - Tập 53 ,28500.0,5.0,270,https://tiki.vn/sach-dau-an-hoang-gia-tap-53-p279349882.html?spid=279349884,Tiki,Truyện tranh/Manga,False
279329126,Sách Ngôi Nhà Mặt Trời Mọc (Tập 2),143000.0,5.0,12,https://tiki.vn/sach-ngoi-nha-mat-troi-moc-tap-2-p279329126.html?spid=279330001,Tiki,Truyện tranh/Manga,False
279305766,Dấu Ấn Hoàng Gia - Tập 50 ,28500.0,5.0,263,https://tiki.vn/dau-an-hoang-gia-tap-50-p279305766.html?spid=279305768,Tiki,Truyện tranh/Manga,False
279305764,Sách Dịch Vụ Giao Hàng Của Phù Thủy Kiki (Truyện Tranh Màu) - (Chọn Tập Lẻ),67500.0,5.0,49,https://tiki.vn/dich-vu-giao-hang-cua-phu-thuy-kiki-truyen-tranh-mau-chon-tap-le-p279305764.html?spid=279395400,Tiki,Truyện tranh/Manga,False
279292554,Chung Một Mái Nhà - Tập 5,84000.0,5.0,10,https://tiki.vn/chung-mot-mai-nha-tap-5-p279292554.html?spid=279293803,Tiki,Truyện tranh/Manga,False
279291900,Dấu Ấn Hoàng Gia - Tập 47,28500.0,5.0,259,https://tiki.vn/dau-an-hoang-gia-tap-47-p279291900.html?spid=279291901,Tiki,Truyện tranh/Manga,False
279272462,Sách Vitamin Mèo Và Những Câu Chuyện Bất Tận - Nhiều Phiên Bản,103200.0,5.0,15,https://tiki.vn/sach-sach-vitamin-meo-va-nhung-cau-chuyen-bat-tan-nhieu-phien-ban-p279272462.html?spid=279272468,Tiki,Truyện tranh/Manga,False
279001755,Sách Thủy Cung Đáy Biển Magmell [ Chọn Tập Lẻ,36000.0,5.0,91,https://tiki.vn/sach-thuy-cung-day-bien-magmell-chon-tap-le-p279001755.html?spid=279557373,Tiki,Truyện tranh/Manga,False
278916774,Doraemon Movie Story Màu - Phiên Bản Mới: Nobita Thám Hiểm Vùng Đất Mới,33250.0,0.0,19,https://tiki.vn/doraemon-movie-story-mau-phien-ban-moi-nobita-tham-hiem-vung-dat-moi-p278916774.html?spid=278916775,Tiki,Truyện tranh/Manga,False
278892518,Sách Chàng Đầu Gấu Và Cô Nàng Khiếm Thị [Chọn Tập Lẻ,42750.0,0.0,26,https://tiki.vn/sach-chang-dau-gau-va-co-nang-khiem-thi-tap-1-tang-kem-standee-bap-benh-p278892518.html?spid=279185689,Tiki,Truyện tranh/Manga,False
278870038,Sách - Wild Cats - Tặng Kèm Mini Poster + Card PVC,132300.0,0.0,4,https://tiki.vn/sach-wild-cats-tang-kem-mini-poster-card-pvc-p278870038.html?spid=278870039,Tiki,Truyện tranh/Manga,False
278831291,Sách - Boxset Nguyên Tội Của Takopi - Tập 1 + Tập 2 (Hộp 2 Tập) - Tặng Kèm Standee Giấy Bồi,98000.0,5.0,18,https://tiki.vn/sach-boxset-nguyen-toi-cua-takopi-tap-1-tap-2-hop-2-tap-tang-kem-standee-giay-boi-p278831291.html?spid=278831292,Tiki,Truyện tranh/Manga,False
278788244,Sách Dragon Quest - Cuộc Phiêu Lưu Của Dũng Sĩ Dai [Chọn Tập Lẻ,65550.0,5.0,348,https://tiki.vn/sach-dragon-quest-cuoc-phieu-luu-cua-dung-si-dai-chon-tap-le-p278788244.html?spid=279306660,Tiki,Truyện tranh/Manga,False
278603968,Rồng & Tắc Kè Hoa,52000.0,5.0,66,https://tiki.vn/rong-tac-ke-hoa-p278603968.html?spid=279130813,Tiki,Truyện tranh/Manga,False
278469816,Cú Đấm Phúc Âm,52000.0,5.0,315,https://tiki.vn/cu-dam-phuc-am-p278469816.html?spid=278747151,Tiki,Truyện tranh/Manga,False
278315209,Thám Tử Lừng Danh Conan Vs. Tổ Chức Áo Đen - Tập 1,33250.0,4.8,637,https://tiki.vn/tham-tu-lung-danh-conan-vs-to-chuc-ao-den-p278315209.html?spid=2610741,Tiki,Truyện tranh/Manga,False
275955976,Nhóc Maruko Tập 11 [Tặng Kèm Set Postcard Polaroid],39200.0,5.0,126,https://tiki.vn/nhoc-maruko-tap-11-tang-kem-set-postcard-polaroid-p275955976.html?spid=275955979,Tiki,Truyện tranh/Manga,False
275606968,Thám Tử Lừng Danh Conan - Hanzawa Chàng Hung Thủ Số Nhọ - Tập 7,25000.0,0.0,1,https://tiki.vn/tham-tu-lung-danh-conan-hanzawa-chang-hung-thu-so-nho-tap-7-p275606968.html?spid=275606969,Tiki,Truyện tranh/Manga,False
275490886,Asari - Cô Bé Tinh Nghịch Tập 21 – Tập 30 [Tái Bản 2024,23750.0,4.5,38,https://tiki.vn/asari-co-be-tinh-nghich-tap-21-tap-30-tai-ban-2024-p275490886.html?spid=275491509,Tiki,Truyện tranh/Manga,False
273787649,Nina Ở Thị Trấn Cao Nguyên,34000.0,5.0,58,https://tiki.vn/nina-o-thi-tran-cao-nguyen-p273787649.html?spid=274850762,Tiki,Truyện tranh/Manga,False
271516431,Nhóc Miko! Cô Bé Nhí Nhảnh - Tập 16,23000.0,5.0,38,https://tiki.vn/nhoc-miko-co-be-nhi-nhanh-tap-16-p271516431.html?spid=271516434,Tiki,Truyện tranh/Manga,False
271478393,Thám tử Kindaichi phần đặc biệt: Thanh tra Akechi và chuyên án hào nhoáng,44900.0,5.0,160,https://tiki.vn/tham-tu-kindaichi-phan-dac-biet-thanh-tra-akechi-va-chuyen-an-hao-nhoang-p271478393.html?spid=271478396,Tiki,Truyện tranh/Manga,False
270463575,Shin - Cậu Bé Bút Chì - Tập 37,23750.0,4.8,21,https://tiki.vn/shin-cau-be-but-chi-tap-37-p270463575.html?spid=270463578,Tiki,Truyện tranh/Manga,False
262304766,Thám Tử Lừng Danh Conan Tập 6,23275.0,4.7,70,https://tiki.vn/tham-tu-lung-danh-conan-tap-6-p262304766.html?spid=262304769,Tiki,Truyện tranh/Manga,False
262303861,Thám Tử Lừng Danh Conan - Tập 8,24500.0,5.0,72,https://tiki.vn/tham-tu-lung-danh-conan-tap-8-p262303861.html?spid=262303864,Tiki,Truyện tranh/Manga,False
253366263,Doraemon - Chú Mèo Máy Đến Từ Tương Lai Tập 9 (Tái Bản),23750.0,5.0,47,https://tiki.vn/doraemon-chu-meo-may-den-tu-tuong-lai-tap-9-tai-ban-2023-p253366263.html?spid=253366265,Tiki,Truyện tranh/Manga,False
249025946,"Doraemon - Phiên Bản Điện Ảnh Màu - Ấn Bản Đầy Đủ Ngoại Truyện: Đêm Trước Đám Cưới Nobita, Kỉ Niệm Về Bà [Tái Bản 2023]",58000.0,5.0,19,https://tiki.vn/doraemon-phien-ban-dien-anh-mau-an-ban-day-du-ngoai-truyen-dem-truoc-dam-cuoi-nobita-ki-niem-ve-ba-tai-ban-2023-p249025946.html?spid=249025949,Tiki,Truyện tranh/Manga,False
243023702,Doraemon - Chú Mèo Máy Đến Từ Tương Lai Tập 33 (Tái Bản),23750.0,5.0,26,https://tiki.vn/doraemon-chu-meo-may-den-tu-tuong-lai-tap-33-tai-ban-2023-p243023702.html?spid=243023707,Tiki,Truyện tranh/Manga,False
197214004,Combo Magic Kaito (5 Cuốn) (Tái Bản 2022),168000.0,5.0,141,https://tiki.vn/combo-magic-kaito-5-cuon-tai-ban-2022-p197214004.html?spid=197214006,Tiki,Truyện tranh/Manga,False
197212989,Magic Kaito Tập 1 (Tái Bản 2022),33250.0,5.0,51,https://tiki.vn/magic-kaito-tap-1-tai-ban-2022-p197212989.html?spid=197212990,Tiki,Truyện tranh/Manga,False
186267247,Shaman King 11,35000.0,5.0,298,https://tiki.vn/shaman-king-11-p186267247.html?spid=186267249,Tiki,Truyện tranh/Manga,False
63554358,Combo Thám Tử Lừng Danh Conan: Hoa Hướng Dương Trong Biển Lửa (2 Tập),117000.0,4.7,139,https://tiki.vn/combo-tham-tu-lung-danh-conan-hoa-huong-duong-trong-bien-lua-2-tap-p63554358.html?spid=63554359,Tiki,Truyện tranh/Manga,False
63554343,Combo Thám Tử Lừng Danh Conan: Cuộc Điều Tra Giữa Biển Khơi (2 Tập),114000.0,5.0,102,https://tiki.vn/combo-tham-tu-lung-danh-conan-cuoc-dieu-tra-giua-bien-khoi-2-tap-p63554343.html?spid=63554346,Tiki,Truyện tranh/Manga,False
50477553,Combo Thám Tử Lừng Danh Conan Tập 31 - 40 (Bộ 10 cuốn),240000.0,5.0,958,https://tiki.vn/combo-tham-tu-lung-danh-conan-tap-31-40-bo-10-cuon-p50477553.html?spid=58806028,Tiki,Truyện tranh/Manga,False
49884647,Combo Thám Tử Lừng Danh Conan Tập 11 - 20 (Bộ 10 cuốn),240000.0,5.0,986,https://tiki.vn/combo-tham-tu-lung-danh-conan-tap-11-20-bo-10-cuon-p49884647.html?spid=58806026,Tiki,Truyện tranh/Manga,False
48963465,Fullmetal Alchemist - Cang Giả Kim Thuật Sư - Fullmetal Edition Tập 3,71250.0,5.0,1356,https://tiki.vn/llmetal-alchemist-cang-gia-kim-thuat-su-fullmetal-edition-tap-3-p48963465.html?spid=48963466,Tiki,Truyện tranh/Manga,False
279414864,Sách - Xưởng Phép Thuật - Atelier Of Witch Hat - Tập 3 (Tái Bản 2026),58200.0,5.0,6,https://tiki.vn/sach-xuong-phep-thuat-atelier-of-witch-hat-tap-3-tai-ban-2026-p279414864.html?spid=279414865,Tiki,Truyện tranh/Manga,False
279374423,Sách Dấu Ấn Hoàng Gia - Tập 56 [Tặng Kèm Postcard] ,27000.0,5.0,156,https://tiki.vn/dau-an-hoang-gia-tap-56-tang-kem-postcard-p279374423.html?spid=279374425,Tiki,Truyện tranh/Manga,False
279374419,Sách Nhiệm Vụ Tối Thượng Nhà Yozakura - Tập 26: Taiyo Và Asa ,28500.0,0.0,19,https://tiki.vn/nhiem-vu-toi-thuong-nha-yozakura-tap-26-taiyo-va-asa-p279374419.html?spid=279374420,Tiki,Truyện tranh/Manga,False
279286655,Sách - Hikaru - Kì Thủ Cờ Vây - Ultimate Edition - Tập 3 - Tặng Kèm Character Card,78400.0,5.0,23,https://tiki.vn/sach-hikaru-ki-thu-co-vay-ultimate-edition-tap-3-tang-kem-character-card-p279286655.html?spid=279286656,Tiki,Truyện tranh/Manga,False
279258707,Sách Dấu Ấn Hoàng Gia – Tập 44,28500.0,5.0,263,https://tiki.vn/sach-dau-an-hoang-gia-tap-44-p279258707.html?spid=279258710,Tiki,Truyện tranh/Manga,False
279235206,Sách Thiên Sứ Nhà Bên ~ After The Rain (Truyện Tranh) [Chọn Tập,42750.0,0.0,12,https://tiki.vn/sach-thien-su-nha-ben-after-the-rain-truyen-tranh-chon-tap-p279235206.html?spid=279235318,Tiki,Truyện tranh/Manga,False
279226139,Combo Truyện Card Captor Sakura - Thẻ Bài Pha Lê ( Trọn Bộ 16 Tập),504000.0,5.0,23,https://tiki.vn/combo-truyen-card-captor-sakura-the-bai-pha-le-tron-bo-18-tap-p279226139.html?spid=279226140,Tiki,Truyện tranh/Manga,True
279185704,Sách Cuốn Từ Điển Kì Bí,23750.0,5.0,121,https://tiki.vn/sach-cuon-tu-dien-ki-bi-p279185704.html?spid=279185715,Tiki,Truyện tranh/Manga,False
279149141,"Nagahama To Be, or Not To Be - Nagahama To Be, or Not To Be - TẬP 2",79000.0,4.8,180,https://tiki.vn/nagahama-to-be-or-not-to-be-nagahama-to-be-or-not-to-be-tap-2-ban-dac-biet-p279149141.html?spid=279149148,Tiki,Truyện tranh/Manga,False
279112898,One Piece Magazine - Tập 5 [Tặng Kèm Tờ Truy Nã Zoro],123500.0,5.0,20,https://tiki.vn/one-piece-magazine-tap-5-tang-kem-to-truy-na-zoro-p279112898.html?spid=279112900,Tiki,Truyện tranh/Manga,False
279022301,Frieren - Pháp Sư Tiễn Táng Trọn Bộ 13 Tập,555750.0,5.0,5,https://tiki.vn/frieren-phap-su-tien-tang-tron-bo-12-tap-p279022301.html?spid=279022302,Tiki,Truyện tranh/Manga,True
278706972,Combo Itto – Sóng Gió Cầu Trường (26 Tập),617500.0,5.0,59,https://tiki.vn/combo-itto-song-gio-cau-truong-26-tap-p278706972.html?spid=278706973,Tiki,Truyện tranh/Manga,True
278602027,Mùa Xuân Của Cô Nàng Sắt Đá,76500.0,5.0,16,https://tiki.vn/mua-xuan-cua-co-nang-sat-da-p278602027.html?spid=278603273,Tiki,Truyện tranh/Manga,False
278520724,Hell Mode (Manga) - Triệu Hồi Sư Khởi Nguyên,39600.0,5.0,27,https://tiki.vn/hell-mode-manga-trieu-hoi-su-khoi-nguyen-p278520724.html?spid=278520727,Tiki,Truyện tranh/Manga,False
277485817,Hội Những Người Thích Ở Nhà,76000.0,5.0,74,https://tiki.vn/hoi-nhung-nguoi-thich-o-nha-tang-bookmark-khung-anh-p277485817.html?spid=277485819,Tiki,Truyện tranh/Manga,False
276968644,Truyện - Doraemon Truyện Ngắn - Chọn Lẻ Tập 1 Tới 24 - Fujiko Fujio - Kim Đồng,34000.0,5.0,103,https://tiki.vn/truyen-doraemon-truyen-ngan-chon-le-tap-1-toi-24-fujiko-fujio-kim-dong-p276968644.html?spid=276968672,Tiki,Truyện tranh/Manga,False
276379811,Series các tập WIND BREAKER,42000.0,5.0,402,https://tiki.vn/series-cac-tap-wind-breaker-p276379811.html?spid=276379814,Tiki,Truyện tranh/Manga,False
275023297,My Hero Academia - Học Viện Siêu Anh Hùng Tập 38: Hi Vọng,28500.0,5.0,55,https://tiki.vn/my-hero-academia-hoc-vien-sieu-anh-hung-tap-38-hi-vong-tang-kem-bookmark-p275023297.html?spid=275023298,Tiki,Truyện tranh/Manga,False
274919299,Shin - Cậu Bé Bút Chì - Đặc Biệt Tập 7 [Tái Bản 2024],24500.0,0.0,7,https://tiki.vn/shin-cau-be-but-chi-dac-biet-tap-7-tai-ban-2024-p274919299.html?spid=274919301,Tiki,Truyện tranh/Manga,False
273612689,"Có Chó Có Mèo, Ngày Nào Cũng Vui",33000.0,4.8,64,https://tiki.vn/co-cho-co-meo-ngay-nao-cung-vui-p273612689.html?spid=273847914,Tiki,Truyện tranh/Manga,False
273219140,Series các tập  Banana Fish,43000.0,5.0,85,https://tiki.vn/banana-fish-p273219140.html?spid=262875314,Tiki,Truyện tranh/Manga,False
271782878,Hananoi và Triệu chứng tình yêu,37000.0,5.0,459,https://tiki.vn/hananoi-va-trieu-chung-tinh-yeu-p271782878.html?spid=272214684,Tiki,Truyện tranh/Manga,False
271537839,Series các tập Nhóc Maruko,38000.0,5.0,1201,https://tiki.vn/series-cac-tap-nhoc-maruko-p271537839.html?spid=273558891,Tiki,Truyện tranh/Manga,False
270790427,Shin - Cậu Bé Bút Chì - Tập 12,24250.0,4.8,21,https://tiki.vn/shin-cau-be-but-chi-tap-12-p270790427.html?spid=270790430,Tiki,Truyện tranh/Manga,False
270789906,Shin - Cậu Bé Bút Chì - Tập 29,23750.0,5.0,23,https://tiki.vn/shin-cau-be-but-chi-tap-29-p270789906.html?spid=270789909,Tiki,Truyện tranh/Manga,False
270788995,Shin - Cậu Bé Bút Chì Truyện Dài Tập 1: Cuộc Giao Tranh Thời Chiến Quốc,23750.0,4.8,32,https://tiki.vn/shin-cau-be-but-chi-truyen-dai-tap-1-cuoc-giao-tranh-thoi-chien-quoc-p270788995.html?spid=270788998,Tiki,Truyện tranh/Manga,False
270465777,Shin - Cậu Bé Bút Chì - Tập 27,23750.0,5.0,30,https://tiki.vn/shin-cau-be-but-chi-tap-27-p270465777.html?spid=270465780,Tiki,Truyện tranh/Manga,False
252044267,Spy X Family Tập 8,28500.0,5.0,731,https://tiki.vn/spy-x-family-tap-8-p252044267.html?spid=252044268,Tiki,Truyện tranh/Manga,False
251256145,Shin - Cậu Bé Bút Chì Tập 15 (Tái Bản 2023),24500.0,0.0,12,https://tiki.vn/shin-cau-be-but-chi-tap-15-tai-ban-2023-p251256145.html?spid=251256147,Tiki,Truyện tranh/Manga,False
251255487,Doraemon - Chú Mèo Máy Đến Từ Tương Lai Tập 45 [Tái Bản 2023],23750.0,5.0,33,https://tiki.vn/doraemon-chu-meo-may-den-tu-tuong-lai-tap-45-tai-ban-2023-p251255487.html?spid=251255492,Tiki,Truyện tranh/Manga,False
249025732,My Hero Academia - Học Viện Siêu Anh Hùng Tập 33: Từ Lớp A Đến Ofa,23750.0,5.0,238,https://tiki.vn/my-hero-academia-hoc-vien-sieu-anh-hung-tap-33-tu-lop-a-den-ofa-tang-kem-bookmark-nhan-vat-p249025732.html?spid=249025733,Tiki,Truyện tranh/Manga,False
247444634,Doraemon Tập 2: Nobita Và Lịch Sử Khai Phá Vũ Trụ (Tái Bản),20900.0,0.0,35,https://tiki.vn/doraemon-tap-2-nobita-va-lich-su-khai-pha-vu-tru-tai-ban-2023-p247444634.html?spid=247444635,Tiki,Truyện tranh/Manga,False
215983672,Combo Doraemon Tuyển Tập Tranh Truyện Màu (6 Tập),285000.0,4.8,157,https://tiki.vn/combo-doraemon-tuyen-tap-tranh-truyen-mau-6-tap-p215983672.html?spid=215983673,Tiki,Truyện tranh/Manga,True
205336471,Dr.Slump Ultimate Edition - Tập 13,59000.0,5.0,417,https://tiki.vn/dr-slump-ultimate-edition-tap-13-p205336471.html?spid=205336472,Tiki,Truyện tranh/Manga,False
205299813,"Tashiro, Cậu Đúng Thật Là! - Tập 2",86400.0,5.0,338,https://tiki.vn/tashiro-cau-dung-that-la-tap-2-p205299813.html?spid=205299814,Tiki,Truyện tranh/Manga,False
171876684,Dragon Ball Super - Tập 9: Tàn Cuộc (Tái Bản 2022),28500.0,5.0,130,https://tiki.vn/dragon-ball-super-tap-9-tan-cuoc-tai-ban-2022-p171876684.html?spid=171876685,Tiki,Truyện tranh/Manga,False
130230756,Combo Trọn Bộ 31 Tập: Siêu Quậy Teppei,736250.0,5.0,337,https://tiki.vn/combo-tron-bo-31-tap-sieu-quay-teppei-p130230756.html?spid=130230757,Tiki,Truyện tranh/Manga,True
22169380,Doraemon Plus Tập 3 (Tái Bản),20900.0,5.0,459,https://tiki.vn/doraemon-plus-tap-3-tai-ban-p22169380.html?spid=22169381,Tiki,Truyện tranh/Manga,False
11806673,Combo Doraemon Tuyển Tập Theo Chủ Đề (10 Cuốn),340000.0,5.0,248,https://tiki.vn/combo-doraemon-tuyen-tap-theo-chu-de-10-cuon-p11806673.html?spid=11806674,Tiki,Truyện tranh/Manga,True
11713424,Doraemon - Chú Mèo Máy Đến Từ Tương Lai Tập 8 (Tái Bản 2019),23750.0,5.0,841,https://tiki.vn/doraemon-chu-meo-may-den-tu-tuong-lai-tap-8-tai-ban-2019-p11713424.html?spid=11713425,Tiki,Truyện tranh/Manga,False
279423160,Sách - Komi - Nữ Thần Sợ Giao Tiếp - Tập 33,30000.0,5.0,14,https://tiki.vn/sach-komi-nu-than-so-giao-tiep-tap-33-p279423160.html?spid=279423161,Tiki,Truyện tranh/Manga,False
279414862,Sách - Chú Thuật Hồi Chiến - Tập 25 - Quyết Chiến Tại Tử Địa Shinjuku,30000.0,5.0,30,https://tiki.vn/sach-chu-thuat-hoi-chien-tap-25-quyet-chien-tai-tu-dia-shinjuku-p279414862.html?spid=279414863,Tiki,Truyện tranh/Manga,False
279414813,Sách - Dấu Ấn Hoàng Gia - Tập 60,30000.0,5.0,12,https://tiki.vn/sach-dau-an-hoang-gia-tap-60-p279414813.html?spid=279414814,Tiki,Truyện tranh/Manga,False
279414801,Sách - Dấu Ấn Hoàng Gia - Tập 59,30000.0,5.0,16,https://tiki.vn/sach-dau-an-hoang-gia-tap-59-p279414801.html?spid=279414802,Tiki,Truyện tranh/Manga,False
279408708,Sách Thám Tử Lừng Danh Conan - Tập 67 (Bản Nâng Cấp) [Tặng Kèm Bookmark] ,33250.0,0.0,14,https://tiki.vn/sach-tham-tu-lung-danh-conan-tap-67-ban-nang-cap-tang-kem-bookmark-p279408708.html?spid=279408709,Tiki,Truyện tranh/Manga,False
279407562,Sách - One Piece - Tập 110 - “Làn Sóng Thời Đại” - Bản Bìa Áo,30000.0,0.0,12,https://tiki.vn/sach-one-piece-tap-110-lan-song-thoi-dai-ban-bia-ao-p279407562.html?spid=279407564,Tiki,Truyện tranh/Manga,False
279392876,Sách - Beastars - Tập 14,34600.0,0.0,15,https://tiki.vn/sach-beastars-tap-14-p279392876.html?spid=279392877,Tiki,Truyện tranh/Manga,False
279389049,Sách - Dấu Ấn Hoàng Gia - Tập 56 - Tặng Kèm Postcard,29700.0,5.0,15,https://tiki.vn/sach-dau-an-hoang-gia-tap-56-tang-kem-postcard-p279389049.html?spid=279389050,Tiki,Truyện tranh/Manga,False
279346821,Sách Combo Flying Witch (Tập 8+9),104000.0,0.0,17,https://tiki.vn/sach-combo-flying-witch-tap-8-9-p279346821.html?spid=279346929,Tiki,Truyện tranh/Manga,False
279292559,Song Mệnh Cõi Hoàng Tuyền - Tập 1 (Bản Thường + Bản Đặc Biệt),109250.0,0.0,7,https://tiki.vn/song-menh-coi-hoang-tuyen-tap-1-ban-thuong-ban-dac-biet-p279292559.html?spid=279292560,Tiki,Truyện tranh/Manga,False
279160705,Sách - Series Ẩm thực qua tranh (Nhã Nam Official),144000.0,0.0,8,https://tiki.vn/sach-series-am-thuc-qua-tranh-nha-nam-official-p279160705.html?spid=279160717,Tiki,Truyện tranh/Manga,False
278870046,Sách - Dấu Ấn Hoàng Gia - Tập 36 - Tặng Kèm Postcard,30000.0,0.0,58,https://tiki.vn/sach-dau-an-hoang-gia-tap-36-tang-kem-postcard-p278870046.html?spid=278870047,Tiki,Truyện tranh/Manga,False
278841852,Chúa Tể Bóng Tối - Tập 5 (Bản Giới Hạn) [Tặng Kèm Thẻ Nhân Vật + Khung Tranh],115200.0,4.3,50,https://tiki.vn/chua-te-bong-toi-tap-5-ban-gioi-han-tang-kem-the-nhan-vat-khung-tranh-p278841852.html?spid=278841853,Tiki,Truyện tranh/Manga,False
278598025,Dấu Ấn Hoàng Gia - Tập 31,29400.0,5.0,200,https://tiki.vn/dau-an-hoang-gia-tap-31-tang-kem-postcard-p278598025.html?spid=278598028,Tiki,Truyện tranh/Manga,False
278571212,Sách - One Piece - Tập 109 - “Đứng Về Phía Cháu” - Bản Bìa Áo,30000.0,0.0,17,https://tiki.vn/sach-one-piece-tap-109-dung-ve-phia-chau-ban-bia-ao-p278571212.html?spid=278571213,Tiki,Truyện tranh/Manga,False
278520574,Dấu Ấn Hoàng Gia - Tập 30,29400.0,5.0,107,https://tiki.vn/dau-an-hoang-gia-tap-30-p278520574.html?spid=278520577,Tiki,Truyện tranh/Manga,False
278462369,Dấu Ấn Hoàng Gia - Tập 29,29400.0,5.0,96,https://tiki.vn/dau-an-hoang-gia-tap-29-p278462369.html?spid=278462370,Tiki,Truyện tranh/Manga,False
278377762,Thám Tử Lừng Danh Conan - Tập 106,23750.0,4.8,610,https://tiki.vn/tham-tu-lung-danh-conan-tap-106-p278377762.html?spid=278377806,Tiki,Truyện tranh/Manga,False
278314458,Thám Tử Lừng Danh Conan - Tuyển Tập Đặc Biệt: Những Câu Chuyện Lãng Mạn - Tập 1,40925.0,4.8,4692,https://tiki.vn/tham-tu-lung-danh-conan-tuyen-tap-dac-biet-nhung-cau-chuyen-lang-man-p278314458.html?spid=310039,Tiki,Truyện tranh/Manga,False
276944166,Truyện - Chú Thuật Hồi Chiến - Chọn Lẻ 0 Tới 28 - Gege Akutami - Kim Đồng,40000.0,5.0,12,https://tiki.vn/truyen-chu-thuat-hoi-chien-chon-le-0-toi-23-gege-akutami-kim-dong-p276944166.html?spid=276944202,Tiki,Truyện tranh/Manga,False
276755695,Dấu Ấn Hoàng Gia Tập 13,29400.0,5.0,360,https://tiki.vn/dau-an-hoang-gia-tap-13-p276755695.html?spid=276755696,Tiki,Truyện tranh/Manga,False
276563039,Thám Tử Lừng Danh Conan Tập 104 (Bản Thường),24500.0,5.0,364,https://tiki.vn/tham-tu-lung-danh-conan-tap-104-ban-thuong-p276563039.html?spid=276563043,Tiki,Truyện tranh/Manga,False
276168127,One Piece Tập 103 - Bản Bìa Áo: “Chiến Binh Giải Phóng”,28500.0,3.9,159,https://tiki.vn/one-piece-tap-103-p276168127.html?spid=276168220,Tiki,Truyện tranh/Manga,False
274537220,Cang Giả Kim Thuật Sư - Fullmetal Alchemist - Tuyển Tập Truyện 4 Khung [Tặng Kèm Bookmark],28500.0,5.0,31,https://tiki.vn/cang-gia-kim-thuat-su-fullmetal-alchemist-tuyen-tap-truyen-4-khung-tang-kem-bookmark-p274537220.html?spid=274537221,Tiki,Truyện tranh/Manga,False
272002880,Thị Trấn Mèo Tập 3,64600.0,5.0,366,https://tiki.vn/thi-tran-meo-tap-3-p272002880.html?spid=33543702,Tiki,Truyện tranh/Manga,False
270790360,Shin - Cậu Bé Bút Chì Tập 24,23500.0,5.0,31,https://tiki.vn/shin-cau-be-but-chi-tap-24-p270790360.html?spid=270790363,Tiki,Truyện tranh/Manga,False
270789003,Shin - Cậu Bé Bút Chì Truyện Dài Tập 2: Đế Quốc Người Lớn Phản Công,24000.0,5.0,37,https://tiki.vn/shin-cau-be-but-chi-truyen-dai-tap-2-de-quoc-nguoi-lon-phan-cong-p270789003.html?spid=270789006,Tiki,Truyện tranh/Manga,False
270106592,Doraemon Movie Story Màu: Nobita Và Vùng Đất Lý Tưởng Trên Bầu Trời,34300.0,4.8,127,https://tiki.vn/doraemon-movie-story-mau-nobita-va-vung-dat-ly-tuong-tren-bau-troi-p270106592.html?spid=270106593,Tiki,Truyện tranh/Manga,False
261028263,Chú Thuật Hồi Chiến Tập 13: Biến Cố Shibuya – Sấm Rền,28500.0,4.7,1123,https://tiki.vn/chu-thuat-hoi-chien-tap-13-bien-co-shibuya-sam-ren-p261028263.html?spid=261028265,Tiki,Truyện tranh/Manga,False
252994461,Shin - Cậu Bé Bút Chì Tập 34 (Tái Bản 2023),23750.0,0.0,7,https://tiki.vn/shin-cau-be-but-chi-tap-34-tai-ban-2023-p252994461.html?spid=252994464,Tiki,Truyện tranh/Manga,False
251255481,Doraemon - Chú Mèo Máy Đến Từ Tương Lai Tập 25 (Tái Bản),23750.0,5.0,36,https://tiki.vn/doraemon-chu-meo-may-den-tu-tuong-lai-tap-25-tai-ban-2023-p251255481.html?spid=251255483,Tiki,Truyện tranh/Manga,False
247442494,Doraemon Tập 18: Nobita Du Hành Biển Phương Nam [Tái Bản 2023],23750.0,5.0,32,https://tiki.vn/doraemon-tap-18-nobita-du-hanh-bien-phuong-nam-tai-ban-2023-p247442494.html?spid=247442496,Tiki,Truyện tranh/Manga,False
243023699,Doraemon - Chú Mèo Máy Đến Từ Tương Lai Tập 2 [Tái Bản 2023],22500.0,0.0,22,https://tiki.vn/doraemon-chu-meo-may-den-tu-tuong-lai-tap-2-tai-ban-2023-p243023699.html?spid=243023701,Tiki,Truyện tranh/Manga,False
200705632,Doraemon Movie Story: Nobita Và Người Khổng Lồ Xanh (Tái Bản 2022),27000.0,5.0,210,https://tiki.vn/doraemon-movie-story-nobita-va-nguoi-khong-lo-xanh-tai-ban-2022-p200705632.html?spid=200705633,Tiki,Truyện tranh/Manga,False
186265452,My Hero Academia - Học Viện Siêu Anh Hùng Tập 29: Bakugo Katsuki: Trỗi Dậy,28500.0,4.8,1771,https://tiki.vn/my-hero-academia-hoc-vien-sieu-anh-hung-tap-29-bakugo-katsuki-troi-day-tang-kem-bookmark-pro-hero-p186265452.html?spid=186265456,Tiki,Truyện tranh/Manga,False
182551495,Black Jack 10 (Bìa Cứng),120000.0,4.8,527,https://tiki.vn/black-jack-10-bia-cung-p182551495.html?spid=182551497,Tiki,Truyện tranh/Manga,False
173515979,My Hero Academia - Học Viện Siêu Anh Hùng Tập 16: Red Riot (Tái Bản 2022),28200.0,5.0,20,https://tiki.vn/my-hero-academia-hoc-vien-sieu-anh-hung-tap-16-red-riot-tai-ban-2022-p173515979.html?spid=173515981,Tiki,Truyện tranh/Manga,False
163297419,My Hero Academia - Học Viện Siêu Anh Hùng Tập 1: Midoriya Izuku: Khởi Đầu (Tái Bản),28500.0,5.0,197,https://tiki.vn/my-hero-academia-hoc-vien-sieu-anh-hung-tap-1-midoriya-izuku-khoi-dau-tai-ban-2022-p163297419.html?spid=163297421,Tiki,Truyện tranh/Manga,False
163297418,My Hero Academia - Học Viện Siêu Anh Hùng Tập 9: Người Hùng Của Tôi (Tái Bản),28500.0,5.0,115,https://tiki.vn/my-hero-academia-hoc-vien-sieu-anh-hung-tap-9-nguoi-hung-cua-toi-tai-ban-2022-p163297418.html?spid=163297420,Tiki,Truyện tranh/Manga,False
46829123,Dragon Ball Ngoại Truyện: Tỉnh Giấc Hoá Yamcha,23750.0,4.7,576,https://tiki.vn/dragon-ball-ngoai-truyen-tinh-giac-hoa-yamcha-p46829123.html?spid=46829125,Tiki,Truyện tranh/Manga,False
279439216,Sách - Chú Thuật Hồi Chiến - Tập 28 - Quyết Chiến Tại Tử Địa Shinjuku - Chấp 9 Quân - Tặng Kèm Card PVC,29400.0,5.0,31,https://tiki.vn/sach-chu-thuat-hoi-chien-tap-28-quyet-chien-tai-tu-dia-shinjuku-chap-9-quan-tang-kem-card-pvc-p279439216.html?spid=279439217,Tiki,Truyện tranh/Manga,False
279404048,Sách - Dan Da Dan - Tập 3 - Tặng Kèm Special Cover,44500.0,5.0,18,https://tiki.vn/sach-dan-da-dan-tap-3-tang-kem-special-cover-p279404048.html?spid=279404049,Tiki,Truyện tranh/Manga,False
279392864,Sách - Chú Thuật Hồi Chiến - Tập 27 - Kẻ Sống Còn Ngốc Nghếch - Tặng Kèm Card Nhựa,29700.0,5.0,36,https://tiki.vn/sach-chu-thuat-hoi-chien-tap-27-ke-song-con-ngoc-nghech-tang-kem-card-nhua-p279392864.html?spid=279392865,Tiki,Truyện tranh/Manga,False
279312657,Sách Chuyện Asuka Và Chàng Yêu Quái,68530.0,5.0,43,https://tiki.vn/sach-chuyen-asuka-va-chang-yeu-quai-p279312657.html?spid=279312944,Tiki,Truyện tranh/Manga,False
279303307,Sách - Host Club Trường Ouran - Tập 3 - Tặng Kèm Bookmark,34300.0,5.0,63,https://tiki.vn/sach-host-club-truong-ouran-tap-3-tang-kem-bookmark-p279303307.html?spid=279303308,Tiki,Truyện tranh/Manga,False
279258712,Sách Host Club Trường Ouran,28350.0,5.0,128,https://tiki.vn/sach-host-club-truong-ouran-p279258712.html?spid=279374918,Tiki,Truyện tranh/Manga,False
279201693,Solo Leveling - Tôi Thăng Cấp Một Mình - Tập 23,83500.0,5.0,27,https://tiki.vn/solo-leveling-toi-thang-cap-mot-minh-tap-23-p279201693.html?spid=279201694,Tiki,Truyện tranh/Manga,False
279199164,Sách - Monster - Deluxe Edition - Tập 3 - Tặng Kèm Bookmark,122500.0,5.0,46,https://tiki.vn/sach-monster-deluxe-edition-tap-3-tang-kem-bookmark-p279199164.html?spid=279199165,Tiki,Truyện tranh/Manga,False
279124245,Sách - Thám Tử Lừng Danh Conan - Tập 107,25000.0,4.5,64,https://tiki.vn/sach-tham-tu-lung-danh-conan-tap-107-p279124245.html?spid=279124246,Tiki,Truyện tranh/Manga,False
278968288,Spy X Family – Tập 13,28500.0,5.0,56,https://tiki.vn/spy-x-family-tap-13-tang-kem-standee-pvc-p278968288.html?spid=278968289,Tiki,Truyện tranh/Manga,False
278949629,Vương quốc thất tịch,55000.0,5.0,99,https://tiki.vn/vuong-quoc-that-tich-p278949629.html?spid=279064908,Tiki,Truyện tranh/Manga,False
278917023,Sách Nhật Kí Nơi Xứ Lạ (Tập 6),66000.0,5.0,17,https://tiki.vn/sach-nhat-ki-noi-xu-la-tap-6-p278917023.html?spid=278917024,Tiki,Truyện tranh/Manga,False
278729078,Masamune Báo Thù [Chọn Tập Lẻ,36100.0,5.0,125,https://tiki.vn/masamune-bao-thu-chon-tap-le-p278729078.html?spid=279134906,Tiki,Truyện tranh/Manga,False
278682879,Tớ Là Mèo Pusheen - Tập 3 – Cẩm Nang Tất Tần Tật Của Pusheen [Tặng Kèm Bảng Sticker + Mini Clearfile],60000.0,5.0,15,https://tiki.vn/to-la-meo-pusheen-tap-3-cam-nang-tat-tan-tat-cua-pusheen-tang-kem-bang-sticker-mini-clearfile-p278682879.html?spid=278682882,Tiki,Truyện tranh/Manga,False
278638435,Điện Hạ Umeboshi,23750.0,5.0,23,https://tiki.vn/dien-ha-umeboshi-p278638435.html?spid=278638819,Tiki,Truyện tranh/Manga,False
278520579,Bluelock - Tập 27,33250.0,5.0,45,https://tiki.vn/bluelock-tap-27-p278520579.html?spid=278520607,Tiki,Truyện tranh/Manga,False
278160056,One Piece - Tập 107 (Bản Bìa Áo): “Anh Hùng Huyền Thoại”,29100.0,5.0,87,https://tiki.vn/one-piece-tap-107-ban-bia-ao-anh-hung-huyen-thoai-p278160056.html?spid=278160061,Tiki,Truyện tranh/Manga,False
278103698,Thánh Địa Khủng Long,49000.0,4.0,106,https://tiki.vn/thanh-dia-khung-long-p278103698.html?spid=278103716,Tiki,Truyện tranh/Manga,False
276944652,Truyện - Giờ Trà Của Zero - Thám Tử Lừng Danh Conan - Chọn Lẻ 6 Tập - Kim Đồng,40000.0,4.8,16,https://tiki.vn/truyen-gio-tra-cua-zero-tham-tu-lung-danh-conan-chon-le-5-tap-kim-dong-p276944652.html?spid=276944660,Tiki,Truyện tranh/Manga,False
276922197,Dragon Ball Super Tập 23: Son Gohan- Siêu Tiềm Lực Khai Mở!,29400.0,5.0,99,https://tiki.vn/dragon-ball-super-tap-23-son-gohan-sieu-tiem-luc-khai-mo-tang-kem-postcard-p276922197.html?spid=276922201,Tiki,Truyện tranh/Manga,False
276699166,"Shin Cậu Bé Bút Chì - Truyện Dài Tập 20: Cơn Bão Tuần Trăng Mật Đã Cuốn Anh

Hiroshi Mất Tích",24500.0,5.0,12,https://tiki.vn/shin-cau-be-but-chi-truyen-dai-tap-20-con-bao-tuan-trang-mat-da-cuon-anh-hiroshi-mat-tich-p276699166.html?spid=276699168,Tiki,Truyện tranh/Manga,False
276609088,Shin Cậu Bé Bút Chì - Truyện Dài Tập 19: Những Cậu Bé Kung Fu - Mì Ramen Đại Chiến,24000.0,5.0,19,https://tiki.vn/shin-cau-be-but-chi-truyen-dai-tap-19-nhung-cau-be-kung-fu-mi-ramen-dai-chien-p276609088.html?spid=276609090,Tiki,Truyện tranh/Manga,False
276558783,Truyện tranh Cecilia & Lawrence - Chang Book,46800.0,0.0,1,https://tiki.vn/truyen-tranh-cecilia-lawrence-chang-book-p276558783.html?spid=278196792,Tiki,Truyện tranh/Manga,False
276242875,Boxset Tokyo Babylon (7 Tập) [Tặng Kèm Set 03 Postcard + Phong Bì],340000.0,5.0,53,https://tiki.vn/boxset-tokyo-babylon-7-tap-tang-kem-set-03-postcard-phong-bi-p276242875.html?spid=276242876,Tiki,Truyện tranh/Manga,True
274390298,My Hero Academia - Học Viện Siêu Anh Hùng Tập 36: Hai Nguồn Lửa Sáng,28500.0,5.0,39,https://tiki.vn/my-hero-academia-hoc-vien-sieu-anh-hung-tap-36-hai-nguon-lua-sang-tang-kem-bookmark-p274390298.html?spid=274390302,Tiki,Truyện tranh/Manga,False
274145959,Combo Truyện - Haikyu,570000.0,4.5,141,https://tiki.vn/haikyu-premium-boxset-p274145959.html?spid=277931542,Tiki,Truyện tranh/Manga,True
273192589,Tiểu Thuyết Naruto - Mộc Diệp Bí Truyền: Chúc Ngôn Nhật Hòa,49500.0,5.0,59,https://tiki.vn/tieu-thuyet-naruto-p273192589.html?spid=273196665,Tiki,Truyện tranh/Manga,False
270790446,Shin - Cậu Bé Bút Chì - Tập 25,23750.0,4.8,27,https://tiki.vn/shin-cau-be-but-chi-tap-25-p270790446.html?spid=270790449,Tiki,Truyện tranh/Manga,False
270790125,BLUELOCK Tập 2,33250.0,5.0,3,https://tiki.vn/bluelock-tap-2-p270790125.html?spid=270790128,Tiki,Truyện tranh/Manga,False
270789216,Shin Cậu Bé Bút Chì Tập 3 - Bản Đặc Biệt,23750.0,4.8,38,https://tiki.vn/shin-cau-be-but-chi-tap-3-ban-dac-biet-p270789216.html?spid=270789219,Tiki,Truyện tranh/Manga,False
270463613,Shin - Cậu Bé Bút Chì - Tập 2,23275.0,4.8,56,https://tiki.vn/shin-cau-be-but-chi-tap-2-p270463613.html?spid=270463616,Tiki,Truyện tranh/Manga,False
267178878,Doraemon Tuyển Tập Tranh Truyện Màu - Tập 3,47500.0,4.8,107,https://tiki.vn/doraemon-tuyen-tap-tranh-truyen-mau-tap-3-p267178878.html?spid=267178881,Tiki,Truyện tranh/Manga,False
263698297,Dragon Ball Super Tập 8: Dấu Hiệu Thức Tỉnh Của Son Goku,28800.0,5.0,44,https://tiki.vn/dragon-ball-super-tap-8-dau-hieu-thuc-tinh-cua-son-goku-p263698297.html?spid=263698300,Tiki,Truyện tranh/Manga,False
252648900,Chainsaw man - Tập  11,41325.0,5.0,287,https://tiki.vn/chainsaw-man-tap-11-p252648900.html?spid=252648901,Tiki,Truyện tranh/Manga,False
250074901,Thám Tử Lừng Danh Conan Tập 9 (Tái Bản),23750.0,5.0,78,https://tiki.vn/tham-tu-lung-danh-conan-tap-9-tai-ban-2023-p250074901.html?spid=250074911,Tiki,Truyện tranh/Manga,False
190605360,Người Bà Tài Giỏi Vùng Saga – Tập 1 (Tái Bản),40000.0,5.0,1012,https://tiki.vn/nguoi-ba-tai-gioi-vung-saga-tap-1-tai-ban-p190605360.html?spid=190605361,Tiki,Truyện tranh/Manga,False
178483672,Văn Phòng Thám Tử Quái Vật 04,27000.0,5.0,673,https://tiki.vn/van-phong-tham-tu-quai-vat-04-p178483672.html?spid=178483677,Tiki,Truyện tranh/Manga,False
77621607,Spy X Family Tập 3,28500.0,4.8,2883,https://tiki.vn/spy-x-family-tap-3-p77621607.html?spid=77621608,Tiki,Truyện tranh/Manga,False
21767618,Combo One Piece (101 Tập) (Tái Bản),2695500.0,4.6,124,https://tiki.vn/combo-one-piece-90-tap-tai-ban-p21767618.html?spid=21767619,Tiki,Truyện tranh/Manga,True
11478941,Combo Đội Quân Doraemon (6 Tập) - Tái Bản 2019,131100.0,5.0,972,https://tiki.vn/combo-doi-quan-doraemon-6-tap-tai-ban-2019-p11478941.html?spid=11478942,Tiki,Truyện tranh/Manga,False
279369126,Sách - Dấu Ấn Hoàng Gia - Tập 54,29700.0,5.0,12,https://tiki.vn/sach-dau-an-hoang-gia-tap-54-p279369126.html?spid=279369127,Tiki,Truyện tranh/Manga,False
279365551,Sách - Dấu Ấn Hoàng Gia - Tập 53,29700.0,0.0,11,https://tiki.vn/sach-dau-an-hoang-gia-tap-53-p279365551.html?spid=279365552,Tiki,Truyện tranh/Manga,False
279358459,Anh Em Nhà Motohashi (Tập 5),63200.0,5.0,13,https://tiki.vn/anh-em-nha-motohashi-tap-5-p279358459.html?spid=279358464,Tiki,Truyện tranh/Manga,False
279193585,Sách Rinko và Chàng Lang Thang (Tập 3+4),128000.0,5.0,24,https://tiki.vn/sach-rinko-va-chang-lang-thang-tap-3-4-p279193585.html?spid=279193696,Tiki,Truyện tranh/Manga,False
279185702,Sách - Dấu Ấn Hoàng Gia - Tập 42,28500.0,5.0,110,https://tiki.vn/sach-dau-an-hoang-gia-tap-42-p279185702.html?spid=279185703,Tiki,Truyện tranh/Manga,False
279134973,Hội Chứng Tuổi Thanh Xuân - Tập 12: Cô Nàng Học Sinh Của Tôi,84000.0,5.0,25,https://tiki.vn/hoi-chung-tuoi-thanh-xuan-tap-12-co-nang-hoc-sinh-cua-toi-p279134973.html?spid=279134988,Tiki,Truyện tranh/Manga,False
279134887,Sách Ác Nữ Nửa Vời - Truyền Kì Hoán Hồn Đổi Xác  - [Chọn Tập Lẻ,92000.0,5.0,25,https://tiki.vn/sach-ac-nu-nua-voi-truyen-ki-hoan-hon-doi-xac-tap-1-light-novel-chon-tap-le-p279134887.html?spid=279445513,Tiki,Truyện tranh/Manga,False
278996248,Sách - Spy X Family - Tập 13 - Tặng Kèm Standee PVC,30000.0,5.0,45,https://tiki.vn/sach-spy-x-family-tap-13-tang-kem-standee-pvc-p278996248.html?spid=278996249,Tiki,Truyện tranh/Manga,False
278949599,Nhóc Miko! Cô bé nhí nhảnh - Tập 39 (Tặng kèm bookmark giấy),32500.0,5.0,54,https://tiki.vn/nhoc-miko-co-be-nhi-nhanh-38-p278949599.html?spid=278949604,Tiki,Truyện tranh/Manga,False
278874703,Sách Thám Tử Lừng Danh Conan Hoạt Hình Màu: Nàng Dâu Halloween,57000.0,0.0,36,https://tiki.vn/sach-tham-tu-lung-danh-conan-hoat-hinh-mau-nang-dau-halloween-p278874703.html?spid=278874747,Tiki,Truyện tranh/Manga,False
278729097,Premium Boxset Thanh Gươm Diệt Quỷ - Kimetsu No Yaiba (Hộp 23 Tập),892000.0,4.8,37,https://tiki.vn/premium-boxset-thanh-guom-diet-quy-kimetsu-no-yaiba-hop-23-tap-p278729097.html?spid=278729100,Tiki,Truyện tranh/Manga,True
278705942,Bảng Xếp Hạng Quân Vương – Tập 15 [Tặng Kèm Bookmark],42750.0,5.0,18,https://tiki.vn/bang-xep-hang-quan-vuong-tap-15-tang-kem-bookmark-p278705942.html?spid=278705943,Tiki,Truyện tranh/Manga,False
278690012,One Piece 500 Quiz Book,33900.0,4.8,8,https://tiki.vn/one-piece-500-quiz-book-p278690012.html?spid=278690015,Tiki,Truyện tranh/Manga,False
278682889,Thám Tử Lừng Danh Conan Hoạt Hình Màu: Viên Đạn Đỏ,57600.0,5.0,23,https://tiki.vn/tham-tu-lung-danh-conan-hoat-hinh-mau-vien-dan-do-p278682889.html?spid=278682929,Tiki,Truyện tranh/Manga,False
278438165,Em Đến Cùng Mưa - With You And The Rain (Các Tập Lẻ),36100.0,5.0,68,https://tiki.vn/truyen-tranh-em-den-cung-mua-with-you-and-the-rain-cac-tap-le-p278438165.html?spid=279427930,Tiki,Truyện tranh/Manga,False
278123145,Nhóc Maruko - Tập 18,38400.0,5.0,133,https://tiki.vn/nhoc-maruko-tap-18-tang-kem-set-postcard-poladroid-p278123145.html?spid=278123147,Tiki,Truyện tranh/Manga,False
277978062,"Sách - Thanh Gươm Diệt Quỷ - Kimetsu No Yaiba - Tập 23 - Vượt Qua Tháng Năm, Sinh Mệnh Tỏa Rạng (Tái Bản 2025)",30000.0,5.0,74,https://tiki.vn/sach-thanh-guom-diet-quy-kimetsu-no-yaiba-tap-23-vuot-qua-thang-nam-sinh-menh-toa-rang-tai-ban-2025-p277978062.html?spid=277978064,Tiki,Truyện tranh/Manga,False
277808321,Chậm Rãi Động Lòng (Tập 2),147260.0,5.0,35,https://tiki.vn/cham-rai-dong-long-tap-2-p277808321.html?spid=277808333,Tiki,Truyện tranh/Manga,False
277357375,Xóm trọ yêu quái,46000.0,5.0,7,https://tiki.vn/xom-tro-yeu-quai-p277357375.html?spid=277357378,Tiki,Truyện tranh/Manga,False
276957509,Dấu Ấn Hoàng Gia Tập 15,29400.0,5.0,246,https://tiki.vn/dau-an-hoang-gia-tap-15-p276957509.html?spid=276957513,Tiki,Truyện tranh/Manga,False
276655588,Nhóc Maruko Tập 14,38000.0,5.0,113,https://tiki.vn/nhoc-maruko-tap-14-tang-set-postcard-polaroid-p276655588.html?spid=276655590,Tiki,Truyện tranh/Manga,False
276425600,Nhóc Maruko Tập 13,38400.0,5.0,131,https://tiki.vn/nhoc-maruko-tap-13-tang-kem-set-postcard-polaroid-p276425600.html?spid=276425601,Tiki,Truyện tranh/Manga,False
276380224,Dấu Ấn Hoàng Gia Tập 9,29400.0,5.0,224,https://tiki.vn/dau-an-hoang-gia-tap-9-p276380224.html?spid=276380226,Tiki,Truyện tranh/Manga,False
275346395,Ông Chú Siêu Nhân Saenai,31500.0,5.0,30,https://tiki.vn/ong-chu-sieu-nhan-saenai-p275346395.html?spid=275346398,Tiki,Truyện tranh/Manga,False
275256352,Thị Trấn Mèo – Tập 9,62560.0,5.0,146,https://tiki.vn/thi-tran-meo-tap-9-p275256352.html?spid=275256353,Tiki,Truyện tranh/Manga,False
274742895,"My Hero Academia - Học Viện Siêu Anh Hùng Tập 37: Người Bảo Hộ, Kẻ Xâm Lăng",28500.0,5.0,68,https://tiki.vn/my-hero-academia-hoc-vien-sieu-anh-hung-tap-37-nguoi-bao-ho-ke-xam-lang-tang-kem-bookmark-p274742895.html?spid=274742896,Tiki,Truyện tranh/Manga,False
272457463, Trọn Bộ 42 tập Dragon Ball - 7 Viên Ngọc Rồng,1450000.0,0.0,10,https://tiki.vn/tron-bo-42-tap-dragon-ball-7-vien-ngoc-rong-p272457463.html?spid=272457464,Tiki,Truyện tranh/Manga,True
272002892,Thị Trấn Mèo Tập 7,64600.0,5.0,1150,https://tiki.vn/thi-tran-meo-tap-7-p272002892.html?spid=141333749,Tiki,Truyện tranh/Manga,False
270106655,Fire Force 09,40000.0,5.0,73,https://tiki.vn/fire-force-09-p270106655.html?spid=270106657,Tiki,Truyện tranh/Manga,False
267178874,Doraemon Tuyển Tập Tranh Truyện Màu - Tập 2,47000.0,4.8,107,https://tiki.vn/doraemon-tuyen-tap-tranh-truyen-mau-tap-2-p267178874.html?spid=267178877,Tiki,Truyện tranh/Manga,False
253227581,Bluelock Tập 6,33250.0,4.6,168,https://tiki.vn/bluelock-tap-6-tang-kem-pvc-card-p253227581.html?spid=253227582,Tiki,Truyện tranh/Manga,False
252664500,Chú Thuật Hồi Chiến - Tập 12: Biến Cố Shibuya - Giáng Linh - Tặng Kèm Obi Và Thẻ Bo Góc Nhựa,30000.0,5.0,75,https://tiki.vn/chu-thuat-hoi-chien-tap-12-bien-co-shibuya-giang-linh-tang-kem-obi-va-the-bo-goc-nhua-p252664500.html?spid=252664501,Tiki,Truyện tranh/Manga,False
252044264,Dragon Ball Super Tập 16: Chiến Binh Mạnh Nhất Vũ Trụ,28500.0,4.7,445,https://tiki.vn/dragon-ball-super-tap-16-chien-binh-manh-nhat-vu-tru-p252044264.html?spid=252044265,Tiki,Truyện tranh/Manga,False
189572564,Dragon Ball Super Tập 12: Thân Phận Thực Sự Của Merus (Tái Bản 2022),28500.0,4.7,176,https://tiki.vn/dragon-ball-super-tap-12-than-phan-thuc-su-cua-merus-tai-ban-2022-p189572564.html?spid=189572566,Tiki,Truyện tranh/Manga,False
188930494,Người Bà Tài Giỏi Vùng Saga – Tập 4,46800.0,4.8,948,https://tiki.vn/nguoi-ba-tai-gioi-vung-saga-tap-4-p188930494.html?spid=188930495,Tiki,Truyện tranh/Manga,False
163297416,My Hero Academia - Học Viện Siêu Anh Hùng Tập 3: All Might (Tái Bản),28500.0,5.0,138,https://tiki.vn/my-hero-academia-hoc-vien-sieu-anh-hung-tap-3-all-might-tai-ban-2022-p163297416.html?spid=163297417,Tiki,Truyện tranh/Manga,False
76658407,Thám Tử Lừng Danh Conan - Hanzawa - Chàng Hung Thủ Số Nhọ - Tập 3,23750.0,5.0,642,https://tiki.vn/tham-tu-lung-danh-conan-hanzawa-chang-hung-thu-so-nho-tap-3-tang-kem-postcard-p76658407.html?spid=76658410,Tiki,Truyện tranh/Manga,False
51322400,Combo Thám Tử Lừng Danh Conan Tập 71 - 80 (Bộ 10 cuốn),240000.0,5.0,524,https://tiki.vn/combo-tham-tu-lung-danh-conan-tap-71-80-bo-10-cuon-p51322400.html?spid=58806033,Tiki,Truyện tranh/Manga,False
43262261,Thám Tử Lừng Danh Conan - Giờ Trà Của Zero Tập 1,33250.0,5.0,1707,https://tiki.vn/tham-tu-lung-danh-conan-gio-tra-cua-zero-tap-1-p43262261.html?spid=43262262,Tiki,Truyện tranh/Manga,False
12081414,Doraemon - Chú Mèo Máy Đến Từ Tương Lai Tập 21 (Tái Bản),20900.0,5.0,370,https://tiki.vn/doraemon-chu-meo-may-den-tu-tuong-lai-tap-21-tai-ban-2019-p12081414.html?spid=12081415,Tiki,Truyện tranh/Manga,False
279278206,Sách Solo Leveling - Tôi Thăng Cấp Một Mình - Tập 24 [Tặng Kèm 02 Card PVC],83600.0,5.0,23,https://tiki.vn/sach-solo-leveling-toi-thang-cap-mot-minh-tap-24-tang-kem-02-card-pvc-p279278206.html?spid=279278207,Tiki,Truyện tranh/Manga,False
279260064,Sách - Nisekoi - Cặp Đôi Giả Tạo - Tập 12 - Lễ Hội,39200.0,5.0,10,https://tiki.vn/sach-nisekoi-cap-doi-gia-tao-tap-12-le-hoi-p279260064.html?spid=279260066,Tiki,Truyện tranh/Manga,False
279259806,Nhóc Miko - Cô bé nhí nhảnh trọn bộ 36 tập,12500.0,5.0,10,https://tiki.vn/nhoc-miko-co-be-nhi-nhanh-tron-bo-36-tap-p279259806.html?spid=279259814,Tiki,Truyện tranh/Manga,False
279229250,Sách Tây Du Hí (Tập 8),95200.0,5.0,18,https://tiki.vn/sach-tay-du-hi-tap-8-p279229250.html?spid=279229279,Tiki,Truyện tranh/Manga,False
279199148,Sách - Frieren - Pháp Sư Tiễn Táng - Tập 11,44100.0,5.0,24,https://tiki.vn/sach-frieren-phap-su-tien-tang-tap-11-p279199148.html?spid=279199149,Tiki,Truyện tranh/Manga,False
279112380,Sách - Spy X Family - Tập 14 - Tặng Kèm Standee PVC,29400.0,5.0,50,https://tiki.vn/sach-spy-x-family-tap-14-tang-kem-standee-pvc-p279112380.html?spid=279112381,Tiki,Truyện tranh/Manga,False
279082301,Dấu Ấn Hoàng Gia - Tập 40,28500.0,5.0,66,https://tiki.vn/dau-an-hoang-gia-tap-40-p279082301.html?spid=279082304,Tiki,Truyện tranh/Manga,False
279057678,Khi “Trai” Đẹp Hẹn Hò – Tập 9 [Tặng Kèm Postcard],44100.0,0.0,9,https://tiki.vn/khi-trai-dep-hen-ho-tap-9-tang-kem-postcard-p279057678.html?spid=279057679,Tiki,Truyện tranh/Manga,False
278961975,Truyện tranh Marriagetoxin - Mai Mối Cho Độc Sư (Chang Book),53000.0,5.0,9,https://tiki.vn/truyen-tranh-marriagetoxin-mai-moi-cho-doc-su-chang-book-p278961975.html?spid=279182159,Tiki,Truyện tranh/Manga,False
278883286,Sách - Thám Tử Lừng Danh Conan - Hoạt Hình Màu - Nàng Dâu Halloween - Tập 2,58800.0,0.0,7,https://tiki.vn/sach-tham-tu-lung-danh-conan-hoat-hinh-mau-nang-dau-halloween-tap-2-p278883286.html?spid=278883287,Tiki,Truyện tranh/Manga,False
278883268,Sách - Thám Tử Lừng Danh Conan - Hoạt Hình Màu - Nàng Dâu Halloween - Tập 1,58800.0,0.0,7,https://tiki.vn/sach-tham-tu-lung-danh-conan-hoat-hinh-mau-nang-dau-halloween-tap-1-p278883268.html?spid=278883269,Tiki,Truyện tranh/Manga,False
278830785,Sách - Dấu Ấn Hoàng Gia - Tập 35,30000.0,0.0,65,https://tiki.vn/sach-dau-an-hoang-gia-tap-35-p278830785.html?spid=278830786,Tiki,Truyện tranh/Manga,False
278638429,Bảng Xếp Hạng Quân Vương – Tập 14 [Tặng Kèm Bookmark],42750.0,5.0,17,https://tiki.vn/bang-xep-hang-quan-vuong-tap-14-tang-kem-bookmark-p278638429.html?spid=278638433,Tiki,Truyện tranh/Manga,False
278572375,Servamp - Hầu Cận Ma Cà Rồng – Tập 19,33250.0,5.0,5,https://tiki.vn/servamp-hau-can-ma-ca-rong-tap-19-p278572375.html?spid=278572377,Tiki,Truyện tranh/Manga,False
277384188,3x3 Eyes - Cô bé ba mắt,85000.0,5.0,37,https://tiki.vn/3x3-eyes-co-be-ba-mat-p277384188.html?spid=277670730,Tiki,Truyện tranh/Manga,False
276563060,Dấu Ấn Hoàng Gia Tập 11,28500.0,4.6,185,https://tiki.vn/dau-an-hoang-gia-tap-11-tang-kem-postcard-p276563060.html?spid=276563062,Tiki,Truyện tranh/Manga,False
276563036,Câu Lạc Bộ Những Kẻ Mất Ngủ - Insomniacs After School Tập 9 [Tặng Kèm Postcard],38000.0,5.0,22,https://tiki.vn/cau-lac-bo-nhung-ke-mat-ngu-insomniacs-after-school-tap-9-tang-kem-postcard-p276563036.html?spid=276563042,Tiki,Truyện tranh/Manga,False
276487775,Truyện tranh Skip and Loafer - Nhịp bước tuổi xanh (Chang Book),58000.0,1.0,2,https://tiki.vn/truyen-tranh-skip-and-loafer-nhip-buoc-tuoi-xanh-chang-book-p276487775.html?spid=276487791,Tiki,Truyện tranh/Manga,False
276075635,Câu Lạc Bộ Những Kẻ Mất Ngủ - Insomniacs After School Tập 6 [Tặng Kèm Postcard],38400.0,5.0,26,https://tiki.vn/cau-lac-bo-nhung-ke-mat-ngu-insomniacs-after-school-tap-6-tang-kem-postcard-p276075635.html?spid=276075636,Tiki,Truyện tranh/Manga,False
275946551,Hirayasumi – Những Tháng Ngày Chơi Vơi (Tập 1),53512.0,5.0,168,https://tiki.vn/hirayasumi-nhung-thang-ngay-choi-voi-tap-1-p275946551.html?spid=275947062,Tiki,Truyện tranh/Manga,False
275185693,Asari - Cô Bé Tinh Nghịch Tập 11 – Tập 20 [Tái Bản 2024,23500.0,0.0,35,https://tiki.vn/asari-co-be-tinh-nghich-tap-11-tap-20-tai-ban-2024-p275185693.html?spid=275186773,Tiki,Truyện tranh/Manga,False
274813505,Nhóc Miko! Cô Bé Nhí Nhảnh - Tập 27,24000.0,5.0,35,https://tiki.vn/nhoc-miko-co-be-nhi-nhanh-tap-27-p274813505.html?spid=274813509,Tiki,Truyện tranh/Manga,False
274660763,Dragon Ball Super Tập 20: Lao Tâm Khổ Chiến,28500.0,5.0,110,https://tiki.vn/dragon-ball-super-tap-20-lao-tam-kho-chien-tang-kem-postcard-p274660763.html?spid=274660767,Tiki,Truyện tranh/Manga,False
273381058,Ma đạo tổ sư - Tập 3 - Bản Thường tặng 01 Card bo góc random ¼,151050.0,4.7,203,https://tiki.vn/ma-dao-to-su-tap-3-p273381058.html?spid=273381404,Tiki,Truyện tranh/Manga,False
272382702,Shin Cậu Bé Bút Chì - Tập 2,25000.0,0.0,5,https://tiki.vn/shin-cau-be-but-chi-tap-2-p272382702.html?spid=272382703,Tiki,Truyện tranh/Manga,False
270790464,Shin - Cậu Bé Bút Chì - Tập 38,23750.0,4.6,27,https://tiki.vn/shin-cau-be-but-chi-tap-38-p270790464.html?spid=270790467,Tiki,Truyện tranh/Manga,False
270790373,Shin - Cậu Bé Bút Chì Tập 44,23275.0,4.7,15,https://tiki.vn/shin-cau-be-but-chi-tap-44-p270790373.html?spid=270790376,Tiki,Truyện tranh/Manga,False
270790305,Doraemon Plus Tập 1,23750.0,4.8,29,https://tiki.vn/doraemon-plus-tap-1-p270790305.html?spid=270790308,Tiki,Truyện tranh/Manga,False
270789203,Shin - Cậu Bé Bút Chì - Tập 2 (Bản Đặc Biệt),23750.0,4.8,21,https://tiki.vn/shin-cau-be-but-chi-tap-2-ban-dac-biet-p270789203.html?spid=270789206,Tiki,Truyện tranh/Manga,False
270751053,Fire Force 10,40000.0,5.0,76,https://tiki.vn/fire-force-10-p270751053.html?spid=270751054,Tiki,Truyện tranh/Manga,False
270464655,Cherry Magic - Tập 7,65400.0,5.0,324,https://tiki.vn/cherry-magic-tap-7-p270464655.html?spid=270464657,Tiki,Truyện tranh/Manga,False
254085701,Kingdom 49,42000.0,5.0,256,https://tiki.vn/kingdom-49-p254085701.html?spid=254085703,Tiki,Truyện tranh/Manga,False
250074902,Thám Tử Lừng Danh Conan Tập 3 [Tái Bản 2023],23750.0,5.0,95,https://tiki.vn/tham-tu-lung-danh-conan-tap-3-tai-ban-2023-p250074902.html?spid=250074909,Tiki,Truyện tranh/Manga,False
243023700,Doraemon - Chú Mèo Máy Đến Từ Tương Lai Tập 38 (Tái Bản),23750.0,0.0,25,https://tiki.vn/doraemon-chu-meo-may-den-tu-tuong-lai-tap-38-tai-ban-2023-p243023700.html?spid=243023703,Tiki,Truyện tranh/Manga,False
202878483,"Gửi em, người bất tử - Tập 14",26950.0,5.0,378,https://tiki.vn/gui-em-nguoi-bat-tu-tap-14-p202878483.html?spid=202878484,Tiki,Truyện tranh/Manga,False
176906737,Dragon Ball Super Tập 10: Điều Ước Của Moro (Tái Bản),28500.0,5.0,100,https://tiki.vn/dragon-ball-super-tap-10-dieu-uoc-cua-moro-tai-ban-2022-p176906737.html?spid=176906740,Tiki,Truyện tranh/Manga,False
91774356,Fullmetal Alchemist - Cang Giả Kim Thuật Sư - Fullmetal Edition Tập 8,71250.0,5.0,148,https://tiki.vn/fullmetal-alchemist-cang-gia-kim-thuat-su-fullmetal-edition-tap-8-p91774356.html?spid=127545037,Tiki,Truyện tranh/Manga,False
17948445,Thám Tử Lừng Danh Conan - Tập 71 ( Tái Bản ),23750.0,5.0,619,https://tiki.vn/tham-tu-lung-danh-conan-tap-71-tai-ban-p17948445.html?spid=17948446,Tiki,Truyện tranh/Manga,False
16306339,Combo Shin - Cậu Bé Bút Chì - Bản Đặt Biệt (6 Tập),142500.0,4.8,1753,https://tiki.vn/combo-shin-cau-be-but-chi-ban-dat-biet-6-tap-p16306339.html?spid=16306340,Tiki,Truyện tranh/Manga,False
13637679,Thám Tử Lừng Danh Conan - Tập 68 (Tái Bản 2019),23750.0,5.0,527,https://tiki.vn/tham-tu-lung-danh-conan-tap-68-tai-ban-2019-p13637679.html?spid=13637680,Tiki,Truyện tranh/Manga,False
279353678,Sách - Host Club Trường Ouran - Tập 4,34600.0,5.0,20,https://tiki.vn/sach-host-club-truong-ouran-tap-4-p279353678.html?spid=279353679,Tiki,Truyện tranh/Manga,False
279301375,Sách - Dấu Ấn Hoàng Gia - Tập 48,29400.0,0.0,18,https://tiki.vn/sach-dau-an-hoang-gia-tap-48-p279301375.html?spid=279301376,Tiki,Truyện tranh/Manga,False
279235511,Sách Nhật Kí Nơi Xứ Lạ (Tập 8),62000.0,5.0,16,https://tiki.vn/nhat-ki-noi-xu-la-tap-8-p279235511.html?spid=279235513,Tiki,Truyện tranh/Manga,False
279212528,Sách - Hikaru - Kì Thủ Cờ Vây - Ultimate Edition - Tập 2 - Tặng Kèm Character Card,78400.0,0.0,15,https://tiki.vn/sach-hikaru-ki-thu-co-vay-ultimate-edition-tap-2-tang-kem-character-card-p279212528.html?spid=279212529,Tiki,Truyện tranh/Manga,False
279063602,Sách Quý Ngài Hoàn Mỹ,96000.0,5.0,7,https://tiki.vn/sach-quy-ngai-hoan-my-p279063602.html?spid=279063603,Tiki,Truyện tranh/Manga,False
279059440,Doraemon Movie Story Màu: Nobita Và Đảo Giấu Vàng,31500.0,0.0,20,https://tiki.vn/doraemon-movie-story-mau-nobita-va-dao-giau-vang-p279059440.html?spid=279059441,Tiki,Truyện tranh/Manga,False
278945831,Thiên Sứ Nhà Bên – (Bản Phổ Thông) [chọn Tập Lẻ,85500.0,5.0,18,https://tiki.vn/thien-su-nha-ben-tap-9-ban-pho-thong-tang-bookmark-p278945831.html?spid=277360189,Tiki,Truyện tranh/Manga,False
278903287,Sách - Dấu Ấn Hoàng Gia - Tập 37,30000.0,5.0,62,https://tiki.vn/sach-dau-an-hoang-gia-tap-37-p278903287.html?spid=278903288,Tiki,Truyện tranh/Manga,False
278881506,Truyện tranh Đại Pháp Sư của Thư Viện full 7 tập (Chang Book),52600.0,0.0,0,https://tiki.vn/truyen-tranh-dai-phap-su-cua-thu-vien-chang-book-p278881506.html?spid=279507753,Tiki,Truyện tranh/Manga,False
278733177,Truyện tranh Rắc rối đáng yêu (Lovely Complex) full 17 tập - Chang Book,58500.0,5.0,9,https://tiki.vn/truyen-tranh-rac-roi-dang-yeu-lovely-complex-chang-book-p278733177.html?spid=279419011,Tiki,Truyện tranh/Manga,False
278596739,Sách - Thị Trấn Mèo - Tập 10 - Tặng Kèm Postcard,66600.0,5.0,24,https://tiki.vn/sach-thi-tran-meo-tap-10-tang-kem-postcard-p278596739.html?spid=278596740,Tiki,Truyện tranh/Manga,False
278493331,Bé Lớn Lên Cùng Những Câu Chuyện Nhỏ,50400.0,0.0,13,https://tiki.vn/be-lon-len-cung-nhung-cau-chuyen-nho-p278493331.html?spid=278492745,Tiki,Truyện tranh/Manga,False
278293943,Cherry Magic - Tập 14,87200.0,5.0,104,https://tiki.vn/cherry-magic-tap-14-p278293943.html?spid=278294736,Tiki,Truyện tranh/Manga,False
278095717,Dấu Ấn Hoàng Gia - Tập 25,29400.0,5.0,114,https://tiki.vn/dau-an-hoang-gia-tap-25-p278095717.html?spid=278095718,Tiki,Truyện tranh/Manga,False
277591498,Truyện tranh Chú thuật hồi chiến lẻ tập (0 -> 28) - Chang Book,35100.0,4.0,8,https://tiki.vn/truyen-tranh-chu-thuat-hoi-chien-le-tap-chang-book-p277591498.html?spid=279437083,Tiki,Truyện tranh/Manga,False
276947999,Yêu Thầm - Tập 2,164000.0,5.0,242,https://tiki.vn/yeu-tham-tap-2-p276947999.html?spid=276948017,Tiki,Truyện tranh/Manga,False
276944222,Truyện - Doraemon Tranh Truyện Màu - Nobita Và Cuộc Phiêu Lưu Ở Thành Phố Dây Cót - Chọn Lẻ 2 Tập - Kim Đồng,34000.0,0.0,4,https://tiki.vn/truyen-doraemon-tranh-truyen-mau-nobita-va-cuoc-phieu-luu-o-thanh-pho-day-cot-chon-le-2-tap-kim-dong-p276944222.html?spid=276944224,Tiki,Truyện tranh/Manga,False
276910676,Truyện tranh Spy X Family - Điệp vụ tô màu (Tuyển tập tô màu),35100.0,5.0,22,https://tiki.vn/truyen-tranh-spy-x-family-kim-dong-p276910676.html?spid=279104904,Tiki,Truyện tranh/Manga,False
276819713,Thám Tử Lừng Danh Conan - Giờ Trà Của Zero Tập 4 [Tặng Kèm Obi Metalize],34300.0,5.0,54,https://tiki.vn/tham-tu-lung-danh-conan-gio-tra-cua-zero-tap-4-tang-kem-obi-metalize-p276819713.html?spid=276819718,Tiki,Truyện tranh/Manga,False
276589155,Truyện tranh Câu Lạc Bộ Những Kẻ Mất Ngủ - Insomniacs After School (Chang Book),46800.0,0.0,3,https://tiki.vn/truyen-tranh-cau-lac-bo-nhung-ke-mat-ngu-insomniacs-after-school-chang-book-p276589155.html?spid=276969552,Tiki,Truyện tranh/Manga,False
276581136,Truyện tranh Dấu ấn Hoàng Gia lẻ Tập (1 -> 66) - Chang Book,35100.0,0.0,9,https://tiki.vn/truyen-tranh-dau-an-hoang-gia-chang-book-p276581136.html?spid=279447249,Tiki,Truyện tranh/Manga,False
276528404,Truyện Tranh - Thám Tử Lừng Danh Conan - Bản Nâng Cấp - Tập 1 Đến Tập 72,35000.0,5.0,1,https://tiki.vn/tham-tu-lung-danh-conan-ban-nang-cap-p276528404.html?spid=277600998,Tiki,Truyện tranh/Manga,False
276425590,Bluelock Tập 24 (Bản Thường),32300.0,5.0,20,https://tiki.vn/bluelock-tap-24-ban-thuong-tang-kem-pvc-card-p276425590.html?spid=276425591,Tiki,Truyện tranh/Manga,False
276173672,Bộ Thiên Ca - Tập 7,125610.0,4.6,133,https://tiki.vn/bo-thien-ca-tap-7-p276173672.html?spid=276173674,Tiki,Truyện tranh/Manga,False
275129547,One-Punch Man Tập 27: Tatsumaki Toàn Phần Công Lực,29400.0,5.0,128,https://tiki.vn/one-punch-man-tap-27-tatsumaki-toan-phan-cong-luc-p275129547.html?spid=275129548,Tiki,Truyện tranh/Manga,False
274136484,Dược Sư Tự Sự (Light Novel) - Tập 3,112500.0,4.6,186,https://tiki.vn/duoc-su-tu-su-light-novel-p274136484.html?spid=263401196,Tiki,Truyện tranh/Manga,False
273952771,Tớ Là Mèo Pusheen Tập 2 - Cuộc Sống Muôn Màu Của Pusheen,62400.0,5.0,50,https://tiki.vn/to-la-meo-pusheen-tap-2-cuoc-song-muon-mau-cua-pusheen-p273952771.html?spid=273952772,Tiki,Truyện tranh/Manga,False
273789471,Slam Dunk - Deluxe Edition - Tập 18 - Tặng Kèm Obi + Bìa Áo Limited Ngẫu Nhiên,59400.0,5.0,39,https://tiki.vn/slam-dunk-deluxe-edition-tap-18-tang-kem-obi-bia-ao-limited-ngau-nhien-p273789471.html?spid=273789472,Tiki,Truyện tranh/Manga,False
273321955,Thám Tử Lừng Danh Conan Tập 101,23750.0,5.0,959,https://tiki.vn/tham-tu-lung-danh-conan-tap-101-p273321955.html?spid=273321956,Tiki,Truyện tranh/Manga,False
272376581,Thám Tử Lừng Danh Conan - Tập 71 (Tái Bản 2023),25000.0,0.0,13,https://tiki.vn/tham-tu-lung-danh-conan-tap-71-tai-ban-2023-p272376581.html?spid=272376582,Tiki,Truyện tranh/Manga,False
270790479,Shin - Cậu Bé Bút Chì - Tập 42,23750.0,5.0,17,https://tiki.vn/shin-cau-be-but-chi-tap-42-p270790479.html?spid=270790482,Tiki,Truyện tranh/Manga,False
247444616,My Hero Academia - Học Viện Siêu Anh Hùng Tập 32: Kẻ Tiếp Theo,28500.0,5.0,292,https://tiki.vn/my-hero-academia-hoc-vien-sieu-anh-hung-tap-32-ke-tiep-theo-tang-kem-bookmark-nhan-vat-p247444616.html?spid=247444617,Tiki,Truyện tranh/Manga,False
246073878,Thám Tử Lừng Danh Conan - Tuyển Tập Đặc Biệt: FBI Selection (Tái Bản),52250.0,4.8,87,https://tiki.vn/tham-tu-lung-danh-conan-tuyen-tap-dac-biet-fbi-selection-tai-ban-2023-p246073878.html?spid=246073879,Tiki,Truyện tranh/Manga,False
242424351,Khu Rừng Đom Đóm (Bản Mới),63000.0,5.0,324,https://tiki.vn/khu-rung-dom-dom-ban-moi-p242424351.html?spid=242424352,Tiki,Truyện tranh/Manga,False
215983658,Combo Đội Quân Doraemon Đặc Biệt - Trường Học Robot (3 Tập),65550.0,5.0,94,https://tiki.vn/combo-doi-quan-doraemon-dac-biet-truong-hoc-robot-3-tap-p215983658.html?spid=215983659,Tiki,Truyện tranh/Manga,False
197990867,Doraemon Movie Story: Nobita Và Viện Bảo Tàng Bảo Bối,33250.0,5.0,340,https://tiki.vn/doraemon-movie-story-nobita-va-vien-bao-tang-bao-boi-p197990867.html?spid=197990868,Tiki,Truyện tranh/Manga,False
192115858,Chú Thuật Hồi Chiến -  Tập 5,28500.0,5.0,3104,https://tiki.vn/chu-thuat-hoi-chien-tap-5-p192115858.html?spid=271536111,Tiki,Truyện tranh/Manga,False
72970903,Doraemon Hoạt Hình Màu - Tập 1 (Tái Bản 2020),33250.0,5.0,31,https://tiki.vn/doraemon-hoat-hinh-mau-tap-1-tai-ban-2020-p72970903.html?spid=72970905,Tiki,Truyện tranh/Manga,False
59260763,Dr.SLUMP Ultimate Edition - Tập 2,57000.0,5.0,1030,https://tiki.vn/dr-slump-ultimate-edition-tap-2-p59260763.html?spid=59260764,Tiki,Truyện tranh/Manga,False
50724989,Combo Thám Tử Lừng Danh Conan Tập 51 - 60 (Bộ 10 cuốn),237500.0,5.0,661,https://tiki.vn/combo-tham-tu-lung-danh-conan-tap-51-60-bo-10-cuon-p50724989.html?spid=58806030,Tiki,Truyện tranh/Manga,False
279323588,Sách Dấu Ấn Hoàng Gia - Tập 52,28500.0,5.0,90,https://tiki.vn/sach-dau-an-hoang-gia-tap-52-p279323588.html?spid=279323589,Tiki,Truyện tranh/Manga,False
279290855,Sách - Nisekoi - Cặp Đôi Giả Tạo - Tập 13 - Yên Tâm - Tặng Kèm Card Nhựa Trong,39200.0,5.0,14,https://tiki.vn/sach-nisekoi-cap-doi-gia-tao-tap-13-yen-tam-tang-kem-card-nhua-trong-p279290855.html?spid=279290856,Tiki,Truyện tranh/Manga,False
279008841,Sách - Ở Đây Có Một Con Én - Tập 2,87100.0,0.0,29,https://tiki.vn/sach-o-day-co-mot-con-en-tap-2-p279008841.html?spid=279008842,Tiki,Truyện tranh/Manga,False
278948832,Dấu Ấn Hoàng Gia - Tập 38,28500.0,5.0,79,https://tiki.vn/dau-an-hoang-gia-tap-38-p278948832.html?spid=278948833,Tiki,Truyện tranh/Manga,False
278916765,"Nhất Quỷ Nhì Ma, Thứ Ba (Vẫn Là) Takagi - Tập 19 [Tặng Kèm Postcard]",28500.0,5.0,11,https://tiki.vn/nhat-quy-nhi-ma-thu-ba-van-la-takagi-tap-19-tang-kem-postcard-p278916765.html?spid=278916766,Tiki,Truyện tranh/Manga,False
278566337,Thám Tử Lừng Danh Conan - Tập 106,25000.0,5.0,54,https://tiki.vn/tham-tu-lung-danh-conan-tap-106-p278566337.html?spid=278566338,Tiki,Truyện tranh/Manga,False
278296309,Điều Kỳ Diệu Tại Cửa Tiệm Mỳ Xưa,84000.0,5.0,51,https://tiki.vn/dieu-ky-dieu-tai-cua-tiem-my-xua-p278296309.html?spid=278296311,Tiki,Truyện tranh/Manga,False
278147678,Sách - Spy X Family - Tập 7 (Tái Bản 2025),30000.0,5.0,10,https://tiki.vn/sach-spy-x-family-tap-7-tai-ban-2025-p278147678.html?spid=278147679,Tiki,Truyện tranh/Manga,False
278031021,Dấu Ấn Hoàng Gia - Tập 24,29400.0,5.0,99,https://tiki.vn/dau-an-hoang-gia-tap-24-p278031021.html?spid=278031023,Tiki,Truyện tranh/Manga,False
278028497,3x3 Eyes - Cô bé ba mắt 24,87000.0,5.0,19,https://tiki.vn/3x3-eyes-co-be-ba-mat-24-tang-kem-card-giay-va-hop-dung-card-p278028497.html?spid=278028500,Tiki,Truyện tranh/Manga,False
277978140,Sách - Spy X Family - Tập 2 (Tái Bản 2025),30000.0,5.0,17,https://tiki.vn/sach-spy-x-family-tap-2-tai-ban-2025-p277978140.html?spid=277978141,Tiki,Truyện tranh/Manga,False
277977222,Sách - Spy X Family - Tập 9 (Tái Bản 2025),30000.0,5.0,17,https://tiki.vn/sach-spy-x-family-tap-9-tai-ban-2025-p277977222.html?spid=277977223,Tiki,Truyện tranh/Manga,False
276819733,Bluelock Tập 25 (Bản Thường),31825.0,5.0,24,https://tiki.vn/bluelock-tap-25-ban-thuong-tang-kem-standee-ivory-pvc-card-p276819733.html?spid=276819735,Tiki,Truyện tranh/Manga,False
276473221,Tý Quậy - Tập 14,30720.0,5.0,64,https://tiki.vn/ty-quay-tap-14-p276473221.html?spid=276473225,Tiki,Truyện tranh/Manga,False
275231408,Doraemon Truyện Dài - Tập 15: Đấng Toàn Năng Nobita,22000.0,5.0,18,https://tiki.vn/doraemon-truyen-dai-tap-15-dang-toan-nang-nobita-p275231408.html?spid=275231409,Tiki,Truyện tranh/Manga,False
274390304,Dragon Ball Super Tập 19: Niềm Tự Hào Nguồn Cội,28500.0,5.0,79,https://tiki.vn/dragon-ball-super-tap-19-niem-tu-hao-nguon-coi-tang-kem-postcard-p274390304.html?spid=274390308,Tiki,Truyện tranh/Manga,False
274056391,"Nagahama To Be, or Not To Be - Nagahama To Be, or Not To Be - Bản Thường",70400.0,5.0,175,https://tiki.vn/nagahama-to-be-or-not-to-be-p274056391.html?spid=274056421,Tiki,Truyện tranh/Manga,False
273456914,Series các tập Hội con trai,36000.0,5.0,244,https://tiki.vn/series-cac-tap-hoi-con-trai-p273456914.html?spid=274972069,Tiki,Truyện tranh/Manga,False
273026004,Soul Eater 02,87000.0,5.0,87,https://tiki.vn/soul-eater-02-p273026004.html?spid=273026005,Tiki,Truyện tranh/Manga,False
270465812,Shin - Cậu Bé Bút Chì - Tập 8,24500.0,5.0,51,https://tiki.vn/shin-cau-be-but-chi-tap-8-p270465812.html?spid=270465815,Tiki,Truyện tranh/Manga,False
267179047,Doraemon Tuyển Tập Tranh Truyện Màu - Tập 5,47500.0,5.0,76,https://tiki.vn/doraemon-tuyen-tap-tranh-truyen-mau-tap-5-p267179047.html?spid=267179050,Tiki,Truyện tranh/Manga,False
263970094,Doraemon - Chú Mèo Máy Đến Từ Tương Lai Tập 4,23750.0,0.0,36,https://tiki.vn/doraemon-chu-meo-may-den-tu-tuong-lai-tap-4-p263970094.html?spid=263970097,Tiki,Truyện tranh/Manga,False
263401181,Chú Thuật Hồi Chiến Tập 14: Biến Cố Shibuya – Đúng Sai,28500.0,5.0,726,https://tiki.vn/chu-thuat-hoi-chien-tap-14-bien-co-shibuya-dung-sai-p263401181.html?spid=263401183,Tiki,Truyện tranh/Manga,False
253366271,Doraemon - Chú Mèo Máy Đến Từ Tương Lai Tập 35 (Tái Bản),20900.0,0.0,21,https://tiki.vn/doraemon-chu-meo-may-den-tu-tuong-lai-tap-35-tai-ban-2023-p253366271.html?spid=253366272,Tiki,Truyện tranh/Manga,False
253366264,Doraemon - Chú Mèo Máy Đến Từ Tương Lai Tập 14 [Tái Bản 2023],22000.0,5.0,30,https://tiki.vn/doraemon-chu-meo-may-den-tu-tuong-lai-tap-14-tai-ban-2023-p253366264.html?spid=253366266,Tiki,Truyện tranh/Manga,False
252012337,Bluelock Tập 5,33250.0,4.8,355,https://tiki.vn/bluelock-tap-5-tang-kem-card-pvc-va-standee-nhan-vat-p252012337.html?spid=252012340,Tiki,Truyện tranh/Manga,False
247761774,Shin - Cậu Bé Bút Chì Truyện Dài Tập 4: Kho Báu Vương Quốc Ụt Ịt [Tái Bản 2023],23750.0,0.0,16,https://tiki.vn/shin-cau-be-but-chi-truyen-dai-tap-4-kho-bau-vuong-quoc-ut-it-tai-ban-2023-p247761774.html?spid=247761775,Tiki,Truyện tranh/Manga,False
247444626,Blue Lock Tập 3,33250.0,5.0,534,https://tiki.vn/blue-lock-tap-3-tang-kem-card-pvc-p247444626.html?spid=247444627,Tiki,Truyện tranh/Manga,False
247444612,Doraemon Tập 17: Nobita Và Cuộc Phiêu Lưu Ở Thành Phố Dây Cót [Tái Bản 2023],23750.0,5.0,34,https://tiki.vn/doraemon-tap-17-nobita-va-cuoc-phieu-luu-o-thanh-pho-day-cot-tai-ban-2023-p247444612.html?spid=247444613,Tiki,Truyện tranh/Manga,False
242085710,Doraemon Tập 9: Nobita Và Nước Nhật Thời Nguyên Thủy [Tái Bản 2023],23750.0,5.0,54,https://tiki.vn/doraemon-tap-9-nobita-va-nuoc-nhat-thoi-nguyen-thuy-tai-ban-2023-p242085710.html?spid=242085711,Tiki,Truyện tranh/Manga,False
242085696,Doraemon Tập 5: Nobita Và Chuyến Phiêu Lưu Vào Xứ Quỷ [Tái Bản 2023],22500.0,5.0,86,https://tiki.vn/doraemon-tap-5-nobita-va-chuyen-phieu-luu-vao-xu-quy-tai-ban-2023-p242085696.html?spid=242085698,Tiki,Truyện tranh/Manga,False
189572565,Dragon Ball Super Tập 11: Cuộc Đại Vượt Ngục (Tái Bản 2022),28500.0,5.0,121,https://tiki.vn/dragon-ball-super-tap-11-cuoc-dai-vuot-nguc-tai-ban-2022-p189572565.html?spid=189572567,Tiki,Truyện tranh/Manga,False
186434700,Người Bà Tài Giỏi Vùng Saga – Tập 8,43000.0,4.6,2305,https://tiki.vn/nguoi-ba-tai-gioi-vung-saga-tap-8-tang-kem-01-postcard-p186434700.html?spid=186434702,Tiki,Truyện tranh/Manga,False
184036405,Người Bà Tài Giỏi Vùng Saga – Tập 2,41080.0,5.0,1004,https://tiki.vn/nguoi-ba-tai-gioi-vung-saga-tap-2-p184036405.html?spid=184036406,Tiki,Truyện tranh/Manga,False
178032047,Fullmetal Alchemist - Cang Giả Kim Thuật Sư - Fullmetal Edition Tập 14,71250.0,4.8,873,https://tiki.vn/fullmetal-alchemist-cang-gia-kim-thuat-su-fullmetal-edition-tap-14-tang-kem-bookmark-pvc-p178032047.html?spid=178032048,Tiki,Truyện tranh/Manga,False
170706992,Thám Tử Lừng Danh Conan: Hồ Sơ Tuyệt Mật - Shuichi Akai & Toru Amuro,114000.0,5.0,652,https://tiki.vn/tham-tu-lung-danh-conan-ho-so-tuyet-mat-shuichi-akai-toru-amuro-p170706992.html?spid=170706993,Tiki,Truyện tranh/Manga,False
170706973,Chú Thuật Hồi Chiến: Tập 1,28800.0,4.8,6748,https://tiki.vn/chu-thuat-hoi-chien-tap-1-p170706973.html?spid=271535956,Tiki,Truyện tranh/Manga,False
77621605,Dr.SLUMP Deluxe Edition - Tập 5,57000.0,5.0,835,https://tiki.vn/dr-slump-deluxe-edition-tap-5-tang-kem-lot-ly-p77621605.html?spid=77621606,Tiki,Truyện tranh/Manga,False
73851449,Dr.SLUMP Ultimate Edition - Tập 4,58000.0,5.0,894,https://tiki.vn/dr-slump-ultimate-edition-tap-4-p73851449.html?spid=73851450,Tiki,Truyện tranh/Manga,False
15257986,Thám Tử Lừng Danh Conan - Tập 36 (Tái Bản),23750.0,5.0,546,https://tiki.vn/tham-tu-lung-danh-conan-tap-36-tai-ban-2019-p15257986.html?spid=15257987,Tiki,Truyện tranh/Manga,False
279414789,Sách - Thám Tử Thừa Kế - Tập 1 - Tặng Kèm Standee Giấy,55000.0,4.7,7,https://tiki.vn/sach-tham-tu-thua-ke-tap-1-tang-kem-standee-giay-p279414789.html?spid=279414790,Tiki,Truyện tranh/Manga,False
279407589,Sách - Vòng Lặp Thứ 7 Của Tiểu Thư Phản Diện - Cuộc Sống Hôn Nhân Tự Tại Giữa Lòng Địch Quốc - Tập 7 - Tặng Kèm Postcard,50000.0,0.0,3,https://tiki.vn/sach-vong-lap-thu-7-cua-tieu-thu-phan-dien-cuoc-song-hon-nhan-tu-tai-giua-long-dich-quoc-tap-7-tang-kem-postcard-p279407589.html?spid=279407590,Tiki,Truyện tranh/Manga,False
279396003,Sách One Piece - (Bản Đặc Biệt + Bản bìa gập),213750.0,0.0,3,https://tiki.vn/sach-one-piece-ban-dac-biet-ban-bia-gap-p279396003.html?spid=279396004,Tiki,Truyện tranh/Manga,False
279392860,Sách - Chú Thuật Hồi Chiến - Tập 27 - Kẻ Sống Còn Ngốc Nghếch - Limited Edition - Tặng Kèm Bọc Bảo Vệ Sách + Bổ Sung Trang Màu Độc Quyền,64300.0,0.0,11,https://tiki.vn/sach-chu-thuat-hoi-chien-tap-27-ke-song-con-ngoc-nghech-limited-edition-tang-kem-boc-bao-ve-sach-bo-sung-trang-mau-doc-quyen-p279392860.html?spid=279392861,Tiki,Truyện tranh/Manga,False
279371820,Sách - Khúc Hát Đêm Thâu - Tập 4,34600.0,5.0,6,https://tiki.vn/sach-khuc-hat-dem-thau-tap-4-p279371820.html?spid=279371821,Tiki,Truyện tranh/Manga,False
279369825,Sobotei Dinh Thự Ma Ám 21 - Truyện Tranh NXB Trẻ,41850.0,5.0,4,https://tiki.vn/sobotei-dinh-thu-ma-am-21-truyen-tranh-nxb-tre-p279369825.html?spid=279369826,Tiki,Truyện tranh/Manga,False
279274032,Sách - Rắc Rối Đáng Yêu - Love Com - Tập 10,49000.0,0.0,8,https://tiki.vn/sach-rac-roi-dang-yeu-love-com-tap-10-p279274032.html?spid=279274033,Tiki,Truyện tranh/Manga,False
279274000,Sách - Thám Tử Lừng Danh Conan - Tập 64 - Bản Nâng Cấp - Tặng Kèm Bookmark,34300.0,0.0,7,https://tiki.vn/sach-tham-tu-lung-danh-conan-tap-64-ban-nang-cap-tang-kem-bookmark-p279274000.html?spid=279274001,Tiki,Truyện tranh/Manga,False
279073211,Sách - Doraemon - Movie Story Màu - Nobita Và Đảo Giấu Vàng,34300.0,5.0,11,https://tiki.vn/sach-doraemon-movie-story-mau-nobita-va-dao-giau-vang-p279073211.html?spid=279073212,Tiki,Truyện tranh/Manga,False
278903315,Sách - Sobotei - Dinh Thự Ma Ám - Tập 11,44100.0,0.0,7,https://tiki.vn/sach-sobotei-dinh-thu-ma-am-tap-11-p278903315.html?spid=278903316,Tiki,Truyện tranh/Manga,False
278842702,Combo Sách Lặng Lẽ Đáy Sâu (Tập 1-2-3) (Tặng Kèm Card Bo Góc In 2 Mặt - Card Dạng Ảnh Polaroid),171000.0,5.0,16,https://tiki.vn/combo-sach-lang-le-day-sau-tap-1-2-3-tang-kem-card-bo-goc-in-2-mat-card-dang-anh-polaroid-p278842702.html?spid=278842703,Tiki,Truyện tranh/Manga,False
278788836,Sách Tanukoi - Mùa Xuân Của Tanuki,63900.0,5.0,9,https://tiki.vn/sach-tanukoi-mua-xuan-cua-tanuki-p278788836.html?spid=278732334,Tiki,Truyện tranh/Manga,False
278756454,Chú Thuật Hồi Chiến - Tập 14: Biến Cố Shibuya - Đúng Sai,30000.0,4.8,69,https://tiki.vn/chu-thuat-hoi-chien-tap-14-bien-co-shibuya-dung-sai-p278756454.html?spid=263572534,Tiki,Truyện tranh/Manga,False
278123130,Miko Selection - Tuyển Tập LGBT,39900.0,5.0,18,https://tiki.vn/miko-selection-tuyen-tap-lgbt-p278123130.html?spid=278123131,Tiki,Truyện tranh/Manga,False
278119232,Sách - Dragon Quest - Cuộc Phiêu Lưu Của Dũng Sĩ Dai - Tập 7 - Kị Sĩ Rồng II - Tặng Kèm Postcard,67600.0,5.0,35,https://tiki.vn/sach-dragon-quest-cuoc-phieu-luu-cua-dung-si-dai-tap-7-ki-si-rong-ii-tang-kem-postcard-p278119232.html?spid=278119233,Tiki,Truyện tranh/Manga,False
277837126,Tây du lầy lội ký 1,173250.0,5.0,58,https://tiki.vn/tay-du-lay-loi-ky-1-p277837126.html?spid=277837127,Tiki,Truyện tranh/Manga,False
277827108,Dragon Quest - Cuộc Phiêu Lưu Của Dũng Sĩ Dai - Tập 6: Kị Sĩ Rồng I [Tặng Kèm Postcard],68000.0,5.0,110,https://tiki.vn/dragon-quest-cuoc-phieu-luu-cua-dung-si-dai-tap-6-ki-si-rong-i-tang-kem-postcard-p277827108.html?spid=277827112,Tiki,Truyện tranh/Manga,False
277527674,Nhật Ký Hướng Thố Đường,45000.0,5.0,59,https://tiki.vn/nhat-ky-huong-tho-duong-p277527674.html?spid=277838145,Tiki,Truyện tranh/Manga,False
276640797,Người Ở Trong Mơ – Tập 2,85500.0,5.0,122,https://tiki.vn/nguoi-o-trong-mo-tap-2-p276640797.html?spid=276640894,Tiki,Truyện tranh/Manga,False
276480972,Dấu Ấn Hoàng Gia Tập 10,29400.0,5.0,204,https://tiki.vn/dau-an-hoang-gia-tap-10-p276480972.html?spid=276480974,Tiki,Truyện tranh/Manga,False
276369265,Haikyu!! - Tập 18,40000.0,0.0,3,https://tiki.vn/haikyu-tap-18-p276369265.html?spid=276369266,Tiki,Truyện tranh/Manga,False
276353078,Hirayasumi – Những Tháng Ngày Chơi Vơi (Tập 3),63000.0,5.0,177,https://tiki.vn/hirayasumi-nhung-thang-ngay-choi-voi-tap-3-p276353078.html?spid=276353111,Tiki,Truyện tranh/Manga,False
275617261,"Sơn, Goal! Tập 3 [Tặng Kèm Standee PVC + Obi + Bìa Áo Đặc Biệt]",43600.0,5.0,25,https://tiki.vn/son-goal-tap-3-tang-kem-standee-pvc-obi-bia-ao-dac-biet-p275617261.html?spid=275617263,Tiki,Truyện tranh/Manga,False
275231368,Doraemon Truyện Dài - Tập 6: Nobita Và Cuộc Chiến Vũ Trụ,22000.0,5.0,17,https://tiki.vn/doraemon-truyen-dai-tap-6-nobita-va-cuoc-chien-vu-tru-p275231368.html?spid=275231369,Tiki,Truyện tranh/Manga,False
274811862,Nhóc Miko! Cô Bé Nhí Nhảnh - Tập 17,24000.0,4.8,24,https://tiki.vn/nhoc-miko-co-be-nhi-nhanh-tap-17-p274811862.html?spid=274811865,Tiki,Truyện tranh/Manga,False
273347045,Truyện Tranh - Combo 5 cuốn Doraemon Truyện Ngắn - Kim đồng,169000.0,5.0,23,https://tiki.vn/truyen-tranh-combo-5-cuon-doraemon-truyen-ngan-kim-dong-p273347045.html?spid=273347059,Tiki,Truyện tranh/Manga,False
272452443,Here U Are – Tập 6,134250.0,5.0,146,https://tiki.vn/here-u-are-tap-6-p272452443.html?spid=272452445,Tiki,Truyện tranh/Manga,False
262364822,Thám Tử Lừng Danh Conan - Tập 88,24500.0,5.0,34,https://tiki.vn/tham-tu-lung-danh-conan-tap-88-p262364822.html?spid=262364825,Tiki,Truyện tranh/Manga,False
262304776,Thám Tử Lừng Danh Conan Tập 7,23750.0,4.8,84,https://tiki.vn/tham-tu-lung-danh-conan-tap-7-p262304776.html?spid=262304779,Tiki,Truyện tranh/Manga,False
262304698,Doraemon - Chú Mèo Máy Đến Từ Tương Lai Tập 40,23750.0,5.0,44,https://tiki.vn/doraemon-chu-meo-may-den-tu-tuong-lai-tap-40-p262304698.html?spid=262304701,Tiki,Truyện tranh/Manga,False
262303707,Thám Tử Lừng Danh Conan Tập 2,24500.0,4.8,112,https://tiki.vn/tham-tu-lung-danh-conan-tap-2-tai-ban-2014-p262303707.html?spid=262303710,Tiki,Truyện tranh/Manga,False
251255488,Doraemon - Chú Mèo Máy Đến Từ Tương Lai Tập 5 [Tái Bản 2023],23750.0,0.0,26,https://tiki.vn/doraemon-chu-meo-may-den-tu-tuong-lai-tap-5-tai-ban-2023-p251255488.html?spid=251255489,Tiki,Truyện tranh/Manga,False
249025941,Thám Tử Lừng Danh Conan - Tập 98 (Tái Bản 2023),23750.0,5.0,139,https://tiki.vn/tham-tu-lung-danh-conan-tap-98-tai-ban-2023-p249025941.html?spid=249025943,Tiki,Truyện tranh/Manga,False
246080007,Doraemon Tập 20: Nobita Và Truyền Thuyết Vua Mặt Trời (Tái Bản),23750.0,5.0,56,https://tiki.vn/doraemon-tap-20-nobita-va-truyen-thuyet-vua-mat-troi-tai-ban-2023-p246080007.html?spid=246080015,Tiki,Truyện tranh/Manga,False
242086765,Doraemon - Chú Mèo Máy Đến Từ Tương Lai Tập 17 (Tái Bản),23750.0,5.0,66,https://tiki.vn/doraemon-chu-meo-may-den-tu-tuong-lai-tap-17-tai-ban-2023-p242086765.html?spid=242086766,Tiki,Truyện tranh/Manga,False
200780130,Người bà tài giỏi vùng Saga – Tập 9,46800.0,5.0,2248,https://tiki.vn/nguoi-ba-tai-gioi-vung-saga-tap-9-p200780130.html?spid=200780131,Tiki,Truyện tranh/Manga,False
175724125,Chú Thuật Hồi Chiến Tập 2: Chú Thai Đới Thiên,29400.0,5.0,3018,https://tiki.vn/chu-thuat-hoi-chien-tap-2-chu-thai-doi-thien-p175724125.html?spid=175724126,Tiki,Truyện tranh/Manga,False
167149970,Naruto Tập 1: Uzumaki Naruto (Tái Bản),28500.0,4.7,97,https://tiki.vn/naruto-tap-1-uzumaki-naruto-tai-ban-2022-p167149970.html?spid=167149972,Tiki,Truyện tranh/Manga,False
13116555,Thị Trấn Mèo Tập 2 (Tái Bản 2019),64600.0,5.0,924,https://tiki.vn/thi-tran-meo-tap-2-tai-ban-2019-p13116555.html?spid=13116556,Tiki,Truyện tranh/Manga,False
13116553,Thị Trấn Mèo Tập 1 (Tái Bản 2019),61750.0,4.8,1074,https://tiki.vn/thi-tran-meo-tap-1-tai-ban-2019-p13116553.html?spid=13116554,Tiki,Truyện tranh/Manga,False
279392846,Sách - Host Club Trường Ouran - Tập 5 - Tặng Kèm Postcard,34600.0,5.0,13,https://tiki.vn/sach-host-club-truong-ouran-tap-5-tang-kem-postcard-p279392846.html?spid=279392847,Tiki,Truyện tranh/Manga,False
279316999,Sách - Đại Pháp Sư Của Thư Viện - Magus Of The Library - Tập 6,44100.0,5.0,23,https://tiki.vn/sach-dai-phap-su-cua-thu-vien-magus-of-the-library-tap-6-p279316999.html?spid=279317000,Tiki,Truyện tranh/Manga,False
279303315,Sách - Beastars - Tập 12,34300.0,0.0,12,https://tiki.vn/sach-beastars-tap-12-p279303315.html?spid=279303316,Tiki,Truyện tranh/Manga,False
279269732,Sách - Cardcaptor Sakura - Thẻ Bài Pha Lê - Tập 7 (Tái Bản 2026),34300.0,0.0,3,https://tiki.vn/sach-cardcaptor-sakura-the-bai-pha-le-tap-7-tai-ban-2026-p279269732.html?spid=279269733,Tiki,Truyện tranh/Manga,False
279162299,Truyện tranh Hikaru Kì Thủ Cờ Vây Ultimate Edition full 6 tập (Chang Book),93500.0,0.0,7,https://tiki.vn/truyen-tranh-hikaru-ki-thu-co-vay-ultimate-edition-chang-book-p279162299.html?spid=279406303,Tiki,Truyện tranh/Manga,False
279154042,Sách - Dấu Ấn Hoàng Gia - Tập 41 - Tặng Kèm Postcard,30000.0,0.0,17,https://tiki.vn/sach-dau-an-hoang-gia-tap-41-tang-kem-postcard-p279154042.html?spid=279154043,Tiki,Truyện tranh/Manga,False
279112268,Sách - Bản Sách Tranh Hàng Xóm Của Tôi Totoro - Tặng Kèm Bookmark + Card PVC,114000.0,5.0,20,https://tiki.vn/sach-ban-sach-tranh-hang-xom-cua-toi-totoro-tang-kem-bookmark-card-pvc-p279112268.html?spid=279112269,Tiki,Truyện tranh/Manga,False
278959512,Sách - Tuyển Tập Kiệt Tác Fujiko F Fujio - F The Best - Tặng Kèm Set Sticker Khổ Lớn,196000.0,5.0,79,https://tiki.vn/sach-tuyen-tap-kiet-tac-fujiko-f-fujio-f-the-best-tang-kem-set-sticker-kho-lon-p278959512.html?spid=278959513,Tiki,Truyện tranh/Manga,False
278940606,Sách - Doraemon - Movie Story Màu - Phiên Bản Mới - Nobita Thám Hiểm Vùng Đất Mới,34300.0,5.0,8,https://tiki.vn/sach-doraemon-movie-story-mau-phien-ban-moi-nobita-tham-hiem-vung-dat-moi-p278940606.html?spid=278940607,Tiki,Truyện tranh/Manga,False
278728680,Thám Tử Lừng Danh Conan - Special Volume 1 [Tặng Kèm Bookmark PVC],61750.0,5.0,67,https://tiki.vn/tham-tu-lung-danh-conan-special-volume-1-tang-kem-bookmark-pvc-p278728680.html?spid=278728682,Tiki,Truyện tranh/Manga,False
278111222,Sách - Dr.STONE - Tập 13 - Chiến Tranh Khoa Học,30000.0,0.0,3,https://tiki.vn/sach-dr-stone-tap-13-chien-tranh-khoa-hoc-p278111222.html?spid=278111223,Tiki,Truyện tranh/Manga,False
278062733,Sách - Dragon Ball Super - Tập 15 - Moro - Kẻ Ăn Hành Tinh (Tái Bản 2025),30000.0,0.0,5,https://tiki.vn/sach-dragon-ball-super-tap-15-moro-ke-an-hanh-tinh-tai-ban-2025-p278062733.html?spid=278062734,Tiki,Truyện tranh/Manga,False
278045182,Sách - Spy X Family - Tập 6 (Tái Bản 2025),30000.0,5.0,8,https://tiki.vn/sach-spy-x-family-tap-6-tai-ban-2025-p278045182.html?spid=278045183,Tiki,Truyện tranh/Manga,False
277977096,Sách - Combo Manga - Siêu Quậy Teppei: Tập 21 - 31 (Bộ 11 Tập),269500.0,0.0,6,https://tiki.vn/sach-combo-manga-sieu-quay-teppei-tap-21-31-bo-11-tap-p277977096.html?spid=277977097,Tiki,Truyện tranh/Manga,False
277946326,"Hirayasumi - Những Tháng Ngày Chơi Vơi"" - Tập 5",63000.0,5.0,64,https://tiki.vn/hirayasumi-nhung-thang-ngay-choi-voi-tap-5-p277946326.html?spid=277946327,Tiki,Truyện tranh/Manga,False
277521575,Dược Sư Tự Sự (Manga) – Tập 13 (Bản Phổ Thông) [Tặng Standee Ivory],45100.0,5.0,69,https://tiki.vn/duoc-su-tu-su-manga-tap-13-ban-pho-thong-tang-standee-ivory-p277521575.html?spid=277521578,Tiki,Truyện tranh/Manga,False
277174402,Truyện tranh Frieren - Pháp Sư Tiễn Táng (Chang Book),52600.0,5.0,2,https://tiki.vn/truyen-tranh-frieren-phap-su-tien-tang-chang-book-p277174402.html?spid=277449791,Tiki,Truyện tranh/Manga,False
277017968,One-Punch Man Tập 28: Xuống Vực Sâu,28800.0,5.0,106,https://tiki.vn/one-punch-man-tap-28-xuong-vuc-sau-tang-kem-bookmark-p277017968.html?spid=277017969,Tiki,Truyện tranh/Manga,False
276425588,Chú Già Nuôi Mèo Ú – Tập 12 [Tặng Postcard],47500.0,5.0,50,https://tiki.vn/chu-gia-nuoi-meo-u-tap-12-tang-postcard-p276425588.html?spid=276425589,Tiki,Truyện tranh/Manga,False
276369279,Haikyu!! - Tập 25,40000.0,0.0,4,https://tiki.vn/haikyu-tap-25-p276369279.html?spid=276369280,Tiki,Truyện tranh/Manga,False
276242871,Nàng Juliet Ở Trường Nội Trú Tập 5,33250.0,0.0,18,https://tiki.vn/nang-juliet-o-truong-noi-tru-tap-5-p276242871.html?spid=276242872,Tiki,Truyện tranh/Manga,False
276152119,Shin Cậu Bé Bút Chì - Truyện Dài Tập 17: Công Phá Xứ Sở Mộng Mơ,24500.0,5.0,20,https://tiki.vn/shin-cau-be-but-chi-truyen-dai-tap-17-cong-pha-xu-so-mong-mo-p276152119.html?spid=276152121,Tiki,Truyện tranh/Manga,False
276152112,Bluelock Tập 23,33250.0,5.0,25,https://tiki.vn/bluelock-tap-23-tang-kem-pvc-card-p276152112.html?spid=276152114,Tiki,Truyện tranh/Manga,False
276075631,Dấu Ấn Hoàng Gia Tập 6 [Tặng Kèm Postcard],29400.0,5.0,458,https://tiki.vn/dau-an-hoang-gia-tap-6-tang-kem-postcard-p276075631.html?spid=276075633,Tiki,Truyện tranh/Manga,False
275419067,Nhóc Maruko Tập 9,38000.0,5.0,128,https://tiki.vn/nhoc-maruko-tap-9-tang-kem-set-postcard-polaroid-p275419067.html?spid=275419069,Tiki,Truyện tranh/Manga,False
275337997,Dragon Quest - Cuộc Phiêu Lưu Của Dũng Sĩ Dai Tập 1: Đệ Tử Của Avan I ( Tái Bản),66000.0,4.8,116,https://tiki.vn/dragon-quest-cuoc-phieu-luu-cua-dung-si-dai-tap-1-de-tu-cua-avan-i-tang-kem-postcard-p275337997.html?spid=275338002,Tiki,Truyện tranh/Manga,False
275305960,Thị Trấn Mèo - Tập 9 - Tặng Kèm Postcard,66600.0,5.0,63,https://tiki.vn/thi-tran-meo-tap-9-tang-kem-postcard-p275305960.html?spid=275305961,Tiki,Truyện tranh/Manga,False
275009874,Veil - Một thoáng sách vàng - Tập 5,89300.0,5.0,64,https://tiki.vn/veil-mot-thoang-sach-vang-tap-5-p275009874.html?spid=275009876,Tiki,Truyện tranh/Manga,False
273724331,Hôn Nhân Hạnh Phúc Của Tôi (Manga) – Tập 4 [Tặng 02 Bookmark + Set 03 Bao Lì Xì],47500.0,5.0,54,https://tiki.vn/hon-nhan-hanh-phuc-cua-toi-manga-tap-4-tang-02-bookmark-set-03-bao-li-xi-p273724331.html?spid=273724332,Tiki,Truyện tranh/Manga,False
271191615,Chú Thuật Hồi Chiến Tập 16: Biến Cố Shibuya -Bế Môn,28500.0,5.0,444,https://tiki.vn/chu-thuat-hoi-chien-tap-16-bien-co-shibuya-be-mon-p271191615.html?spid=271191617,Tiki,Truyện tranh/Manga,False
270690064,Thám Tử Lừng Danh Conan - Tiểu Thuyết - Tàu Ngầm Sắt Màu Đen,47500.0,4.8,111,https://tiki.vn/tham-tu-lung-danh-conan-tieu-thuyet-tau-ngam-sat-mau-den-p270690064.html?spid=270690065,Tiki,Truyện tranh/Manga,False
270463668,Doraemon Bóng Chày - Truyền Kì Về Bóng Chày Siêu Cấp - Tập 23,21400.0,5.0,18,https://tiki.vn/doraemon-bong-chay-truyen-ki-ve-bong-chay-sieu-cap-tap-23-p270463668.html?spid=270463671,Tiki,Truyện tranh/Manga,False
269978954,Banana Fish 02,40500.0,4.6,77,https://tiki.vn/banana-fish-02-p269978954.html?spid=269978957,Tiki,Truyện tranh/Manga,False
252044263,Chú Thuật Hồi Chiến Tập 12: Biến Cố Shibuya - Giáng Linh,28500.0,5.0,374,https://tiki.vn/chu-thuat-hoi-chien-tap-12-bien-co-shibuya-giang-linh-p252044263.html?spid=252044266,Tiki,Truyện tranh/Manga,False
246070523,Doraemon Tập 15: Đấng Toàn Năng Nobita (Tái Bản),22000.0,5.0,30,https://tiki.vn/doraemon-tap-15-dang-toan-nang-nobita-tai-ban-2023-p246070523.html?spid=246070524,Tiki,Truyện tranh/Manga,False
225267784,My Hero Academia - Học Viện Siêu Anh Hùng Tập 31: Midoriya Izuku Và Yagi Toshinori,28500.0,5.0,482,https://tiki.vn/my-hero-academia-hoc-vien-sieu-anh-hung-tap-31-midoriya-izuku-va-yagi-toshinori-tang-kem-bookmark-nhan-vat-p225267784.html?spid=225267785,Tiki,Truyện tranh/Manga,False
189573148,Hồ Sơ One Piece - Green Secret Pieces (Tái Bản 2022),54000.0,5.0,29,https://tiki.vn/ho-so-one-piece-green-secret-pieces-tai-ban-2022-p189573148.html?spid=189573155,Tiki,Truyện tranh/Manga,False
189572592,Naruto Tập 32: Hướng Tới Sasuke!! (Tái Bản 2022),28500.0,5.0,31,https://tiki.vn/naruto-tap-32-huong-toi-sasuke-tai-ban-2022-p189572592.html?spid=189572593,Tiki,Truyện tranh/Manga,False
188408329,Combo Người Bà Tài Giỏi Vùng Saga (Tập 1+2+3+4+5+6+7+8)_Tặng Kèm Khóa và Bookmark,420350.0,5.0,170,https://tiki.vn/combo-nguoi-ba-tai-gioi-vung-saga-tap-1-2-3-4-5-6-7-8-_tang-kem-khoa-va-bookmark-p188408329.html?spid=188408330,Tiki,Truyện tranh/Manga,True
165098780,My Hero Academia - Học Viện Siêu Anh Hùng - Tập 25: Shigaraki Tomura: Khởi Đầu,28500.0,5.0,113,https://tiki.vn/my-hero-academia-hoc-vien-sieu-anh-hung-tap-25-shigaraki-tomura-khoi-dau-p165098780.html?spid=165098784,Tiki,Truyện tranh/Manga,False
279332549,Sách - Truyện Tranh Tương Tác - Giải Cứu Thỏ Bảy Màu Trong Xứ Sở Không Màu - Bản Đặc Biệt Fahasa - Tặng Kèm 1 Bìa Áo Ngoài Phiên Bản Sáng + 1 Bookmark 2 Mặt Cán Holo + 3 Sticker Cán Holo,220100.0,5.0,11,https://tiki.vn/sach-truyen-tranh-tuong-tac-giai-cuu-tho-bay-mau-trong-xu-so-khong-mau-ban-dac-biet-fahasa-tang-kem-1-bia-ao-ngoai-phien-ban-sang-1-bookmark-2-mat-can-holo-3-sticker-can-holo-p279332549.html?spid=279332550,Tiki,Truyện tranh/Manga,False
279332537,Sách - Truyện Tranh Tương Tác - Giải Cứu Thỏ Bảy Màu Trong Xứ Sở Không Màu - Tặng Kèm Bookmark 2 Mặt Cán Holo,166300.0,0.0,3,https://tiki.vn/sach-truyen-tranh-tuong-tac-giai-cuu-tho-bay-mau-trong-xu-so-khong-mau-tang-kem-bookmark-2-mat-can-holo-p279332537.html?spid=279332538,Tiki,Truyện tranh/Manga,False
279321746,Sách - Nisekoi - Cặp Đôi Giả Tạo - Tập 14 - Chị Gái,39200.0,0.0,8,https://tiki.vn/sach-nisekoi-cap-doi-gia-tao-tap-14-chi-gai-p279321746.html?spid=279321747,Tiki,Truyện tranh/Manga,False
279269368,Sách - Combo Manga - Cuốn Từ Điển Kì Bí: Tập 1 - 3 (Bộ 3 Tập) - Tặng Kèm Bảng Sticker,73500.0,0.0,8,https://tiki.vn/sach-combo-manga-cuon-tu-dien-ki-bi-tap-1-3-bo-3-tap-tang-kem-bang-sticker-p279269368.html?spid=279269369,Tiki,Truyện tranh/Manga,False
279269256,Sách - Cardcaptor Sakura - Thẻ Bài Pha Lê - Tập 9 (Tái Bản 2026),34300.0,0.0,4,https://tiki.vn/sach-cardcaptor-sakura-the-bai-pha-le-tap-9-tai-ban-2026-p279269256.html?spid=279269257,Tiki,Truyện tranh/Manga,False
279260037,Sách - Dấu Ấn Hoàng Gia - Tập 43,29400.0,0.0,10,https://tiki.vn/sach-dau-an-hoang-gia-tap-43-p279260037.html?spid=279260038,Tiki,Truyện tranh/Manga,False
279078938,Sách - Nisekoi - Cặp Đôi Giả Tạo - Tập 8 - Suýt Soát,39200.0,5.0,14,https://tiki.vn/sach-nisekoi-cap-doi-gia-tao-tap-8-suyt-soat-p279078938.html?spid=279078939,Tiki,Truyện tranh/Manga,False
278906622,"Sách - ""Cậu"" Ma Nhà Xí Hanako - Tập 19 (Tái Bản 2025)",34300.0,0.0,5,https://tiki.vn/sach-cau-ma-nha-xi-hanako-tap-19-tai-ban-2025-p278906622.html?spid=278906623,Tiki,Truyện tranh/Manga,False
278898435,Sách Cherry Magic - Tập 15,97900.0,5.0,77,https://tiki.vn/sach-cherry-magic-tap-15-p278898435.html?spid=278898554,Tiki,Truyện tranh/Manga,False
278883290,Sách - Thánh Địa Khủng Long - Tập 6 - Tặng Kèm Dinosaur Card,53900.0,0.0,6,https://tiki.vn/sach-thanh-dia-khung-long-tap-6-tang-kem-dinosaur-card-p278883290.html?spid=278883291,Tiki,Truyện tranh/Manga,False
278824742,Sách 13 Giờ Sáng - Khung Giờ Vô Thực Cho Những Câu Chuyện Bất Thường,70400.0,0.0,17,https://tiki.vn/sach-13-gio-sang-khung-gio-vo-thuc-cho-nhung-cau-chuyen-bat-thuong-p278824742.html?spid=278824744,Tiki,Truyện tranh/Manga,False
278795869,Truyện Ác nữ nửa vời - Truyền Kì Hoán Hồn Đổi Xác (Chang Book),115000.0,5.0,0,https://tiki.vn/truyen-ac-nu-nua-voi-truyen-ki-hoan-hon-doi-xac-chang-book-p278795869.html?spid=279145180,Tiki,Truyện tranh/Manga,False
278793004,Sách - One Piece - Tập 6 - Lời Thề - Bản Bìa Áo (Tái Bản 2025),30000.0,5.0,4,https://tiki.vn/sach-one-piece-tap-6-loi-the-ban-bia-ao-tai-ban-2025-p278793004.html?spid=278793005,Tiki,Truyện tranh/Manga,False
278719055,Sách - Dragon Ball Full Color - Phần Năm - Truy Lùng Cell Bọ Hung - Tập 5 (Tái Bản 2025),78400.0,5.0,7,https://tiki.vn/sach-dragon-ball-full-color-phan-nam-truy-lung-cell-bo-hung-tap-5-tai-ban-2025-p278719055.html?spid=278719057,Tiki,Truyện tranh/Manga,False
278596733,Sách - Solo Leveling - Tôi Thăng Cấp Một Mình - Tập 22 - Tặng Kèm Obi + 2 PVC Card,86200.0,0.0,10,https://tiki.vn/sach-solo-leveling-toi-thang-cap-mot-minh-tap-22-tang-kem-obi-2-pvc-card-p278596733.html?spid=278596734,Tiki,Truyện tranh/Manga,False
278485855,"Nhất Quỷ Nhì Ma, Thứ Ba Takagi – Tập 20 [Tặng Kèm Postcard]",28400.0,5.0,7,https://tiki.vn/nhat-quy-nhi-ma-thu-ba-takagi-tap-20-tang-kem-postcard-p278485855.html?spid=278485862,Tiki,Truyện tranh/Manga,False
278148727,Sách - Sobotei - Dinh Thự Ma Ám - Tập 1,44100.0,5.0,13,https://tiki.vn/sach-sobotei-dinh-thu-ma-am-tap-1-p278148727.html?spid=278148730,Tiki,Truyện tranh/Manga,False
278103447,Sách - One-Punch Man - Tập 27 - Tatsumaki Toàn Phần Công Lực (Tái Bản 2025),30000.0,0.0,12,https://tiki.vn/sach-one-punch-man-tap-27-tatsumaki-toan-phan-cong-luc-tai-ban-2025-p278103447.html?spid=278103448,Tiki,Truyện tranh/Manga,False
277762147,Tác Phẩm Đoạt Giải Cuộc Thi Sáng Tác Truyện Tranh – Bài Văn Về Trứng Vịt Lộn - Ma mère vend des baluts (Song Ngữ Việt – Pháp) [Tặng Postcard],47500.0,5.0,22,https://tiki.vn/tac-pham-doat-giai-cuoc-thi-sang-tac-truyen-tranh-bai-van-ve-trung-vit-lon-ma-mere-vend-des-baluts-song-ngu-viet-phap-tang-postcard-p277762147.html?spid=277762149,Tiki,Truyện tranh/Manga,False
277267317,Combo Cecilia & Lawrence – Tập 11 + 12 [Tặng 01 Bookmark PVC],76000.0,4.0,24,https://tiki.vn/combo-cecilia-lawrence-tap-11-12-tang-01-bookmark-pvc-p277267317.html?spid=277267322,Tiki,Truyện tranh/Manga,False
276674142,Thám Tử Lừng Danh Conan - Tập 104,25000.0,5.0,64,https://tiki.vn/tham-tu-lung-danh-conan-tap-104-p276674142.html?spid=276674143,Tiki,Truyện tranh/Manga,False
276602300,Truyện tranh Hắc Quản Gia full 34 tập (Chang Book),68000.0,0.0,10,https://tiki.vn/truyen-tranh-hac-quan-gia-chang-book-p276602300.html?spid=277583220,Tiki,Truyện tranh/Manga,False
276380204,One Piece Tập 104 (Bản Bìa Áo): “Kozuki Momonosuke - Tướng Quân Của Wano Quốc”,29400.0,5.0,117,https://tiki.vn/one-piece-tap-104-ban-bia-ao-kozuki-momonosuke-tuong-quan-cua-wano-quoc-p276380204.html?spid=276380207,Tiki,Truyện tranh/Manga,False
275813963,Theo Dấu Mây Ngàn Tập 2 [Tặng Kèm Obi + Postcard + Phong Thư + Giấy Viết Thư],53000.0,5.0,61,https://tiki.vn/theo-dau-may-ngan-tap-2-tang-kem-obi-postcard-phong-thu-giay-viet-thu-p275813963.html?spid=275813964,Tiki,Truyện tranh/Manga,False
275384926,Alice In Borderland - Tập 12,35000.0,0.0,8,https://tiki.vn/alice-in-borderland-tap-12-p275384926.html?spid=275384927,Tiki,Truyện tranh/Manga,False
275075618,One Piece Tập 102 (Bản Bìa Áo): “Bước Ngoặt Quan Trọng”,29400.0,5.0,132,https://tiki.vn/one-piece-tap-102-ban-bia-ao-buoc-ngoat-quan-trong-p275075618.html?spid=275075620,Tiki,Truyện tranh/Manga,False
273322891,Thám Tử Lừng Danh Conan - Tập 78,23750.0,5.0,19,https://tiki.vn/tham-tu-lung-danh-conan-tap-78-p273322891.html?spid=273322894,Tiki,Truyện tranh/Manga,False
273252575,Boxset Nicola Dạo Chơi Xứ Quỷ (4 Tập) [Tặng Kèm 2 Thẻ Nhân Vật],171000.0,5.0,50,https://tiki.vn/boxset-nicola-dao-choi-xu-quy-4-tap-tang-kem-2-the-nhan-vat-p273252575.html?spid=273252577,Tiki,Truyện tranh/Manga,False
273094650,Bluelock Tập 18,33250.0,5.0,98,https://tiki.vn/bluelock-tap-18-p273094650.html?spid=273094651,Tiki,Truyện tranh/Manga,False
270791089,Thám Tử Lừng Danh Conan Tập 53,23750.0,4.8,24,https://tiki.vn/tham-tu-lung-danh-conan-tap-53-p270791089.html?spid=270791092,Tiki,Truyện tranh/Manga,False
262304228,Thám Tử Lừng Danh Conan - Tập 20,24400.0,5.0,46,https://tiki.vn/tham-tu-lung-danh-conan-tap-20-p262304228.html?spid=262304231,Tiki,Truyện tranh/Manga,False
262303846,Thám Tử Lừng Danh Conan Tập 4,23750.0,4.8,91,https://tiki.vn/tham-tu-lung-danh-conan-tap-4-p262303846.html?spid=262303849,Tiki,Truyện tranh/Manga,False
253366283,Doraemon - Chú Mèo Máy Đến Từ Tương Lai Tập 19 (Tái Bản),21340.0,5.0,34,https://tiki.vn/doraemon-chu-meo-may-den-tu-tuong-lai-tap-19-tai-ban-2023-p253366283.html?spid=253366284,Tiki,Truyện tranh/Manga,False
251255486,Doraemon - Chú Mèo Máy Đến Từ Tương Lai Tập 16 (Tái Bản),23750.0,5.0,35,https://tiki.vn/doraemon-chu-meo-may-den-tu-tuong-lai-tap-16-tai-ban-2023-p251255486.html?spid=251255491,Tiki,Truyện tranh/Manga,False
249026036,Thám Tử Lừng Danh Conan - Tập 99 (Tái Bản),23750.0,5.0,217,https://tiki.vn/tham-tu-lung-danh-conan-tap-99-tai-ban-2023-p249026036.html?spid=249026037,Tiki,Truyện tranh/Manga,False
246080073,Doraemon Tập 14: Nobita Và Ba Chàng Hiệp Sĩ Mộng Mơ (Tái Bản),23750.0,5.0,51,https://tiki.vn/doraemon-tap-14-nobita-va-ba-chang-hiep-si-mong-mo-tai-ban-2023-p246080073.html?spid=246080075,Tiki,Truyện tranh/Manga,False
204053390,Đội Quân Doraemon Tập 2 [Tái Bản 2022],21120.0,5.0,42,https://tiki.vn/doi-quan-doraemon-tap-2-tai-ban-2022-p204053390.html?spid=204053391,Tiki,Truyện tranh/Manga,False
50215275,Nhóc Miko! Cô Bé Nhí Nhảnh - Tập 20 (Tái Bản 2020),22000.0,4.8,498,https://tiki.vn/nhoc-miko-co-be-nhi-nhanh-tap-20-tai-ban-2020-p50215275.html?spid=53867087,Tiki,Truyện tranh/Manga,False
49883392,Combo Thám Tử Lừng Danh Conan Tập 01 - 10 (Bộ 10 cuốn),240000.0,5.0,955,https://tiki.vn/combo-tham-tu-lung-danh-conan-tap-01-10-bo-10-cuon-p49883392.html?spid=58806025,Tiki,Truyện tranh/Manga,False
383391,Thần Đồng Đất Việt 28 - Bí Mật Bong Bóng,10000.0,4.8,653,https://tiki.vn/than-dong-dat-viet-28-bi-mat-bong-bong-p383391.html?spid=21296039,Tiki,Truyện tranh/Manga,False
279273981,Sách - Sobotei - Dinh Thự Ma Ám - Tập 18,44100.0,5.0,7,https://tiki.vn/sach-sobotei-dinh-thu-ma-am-tap-18-p279273981.html?spid=279273983,Tiki,Truyện tranh/Manga,False
278947484,Truyện tranh - One-Punch Man - Tập 33 - Ngang Ngửa,30000.0,0.0,20,https://tiki.vn/sach-one-punch-man-tap-33-ngang-ngua-p278947484.html?spid=278947485,Tiki,Truyện tranh/Manga,False
278907191,Sách - Bạch Tuyết Tóc Đỏ - Tập 19 - Tặng Kèm Card PVC,30000.0,0.0,3,https://tiki.vn/sach-bach-tuyet-toc-do-tap-19-tang-kem-card-pvc-p278907191.html?spid=278907192,Tiki,Truyện tranh/Manga,False
278895000,Truyện tranh - Combo 5 Cuốn Siêu quậy Teppei - Kim Đồng,160000.0,0.0,10,https://tiki.vn/truyen-tranh-combo-5-cuon-sieu-quay-teppei-kim-dong-p278895000.html?spid=278895008,Tiki,Truyện tranh/Manga,False
278830721,Sách - Dragon Ball - 7 Viên Ngọc Rồng - Tập 40 - Vũ Khí Cuối Cùng Của Trái Đất (Tái Bản 2025),30000.0,0.0,2,https://tiki.vn/sach-dragon-ball-7-vien-ngoc-rong-tap-40-vu-khi-cuoi-cung-cua-trai-dat-tai-ban-2025-p278830721.html?spid=278830722,Tiki,Truyện tranh/Manga,False
278807768,Sách - Dragon Ball - 7 Viên Ngọc Rồng - Tập 8 - Đột Kích Đại Bản Doanh Red Ribbon (Tái Bản 2025),30000.0,5.0,4,https://tiki.vn/sach-dragon-ball-7-vien-ngoc-rong-tap-8-dot-kich-dai-ban-doanh-red-ribbon-tai-ban-2025-p278807768.html?spid=278807769,Tiki,Truyện tranh/Manga,False
278711921,Sách - Nhà Có 5 Nàng Dâu - Tập 9 (Tái Bản 2025),30000.0,5.0,3,https://tiki.vn/sach-nha-co-5-nang-dau-tap-9-tai-ban-2025-p278711921.html?spid=278711922,Tiki,Truyện tranh/Manga,False
278711873,Sách - Nhà Có 5 Nàng Dâu - Tập 14 (Tái Bản 2025),30000.0,5.0,5,https://tiki.vn/sach-nha-co-5-nang-dau-tap-14-tai-ban-2025-p278711873.html?spid=278711874,Tiki,Truyện tranh/Manga,False
277135750,Bánh Ngọt Nhỏ Ngốc Nghếch (Tập 1),127200.0,5.0,37,https://tiki.vn/banh-ngot-nho-ngoc-nghech-tap-1-p277135750.html?spid=277136078,Tiki,Truyện tranh/Manga,False
276755557,Arya Bàn Bên Thỉnh Thoảng Lại Trêu Ghẹo Tôi Bằng Tiếng Nga – Tập 6 (Bản Phổ Thông) [Tặng Bookmark Bế Hình + Bìa Áo Bonus],72800.0,5.0,32,https://tiki.vn/arya-ban-ben-thinh-thoang-lai-treu-gheo-toi-bang-tieng-nga-tap-6-ban-pho-thong-tang-bookmark-be-hinh-bia-ao-bonus-p276755557.html?spid=276755559,Tiki,Truyện tranh/Manga,False
276672420,Dấu Ấn Hoàng Gia - Tập 12,30000.0,5.0,72,https://tiki.vn/dau-an-hoang-gia-tap-12-p276672420.html?spid=276672421,Tiki,Truyện tranh/Manga,False
276344117,Rồng Không Trung Tập 11 [Tặng Kèm Postcard],38000.0,0.0,22,https://tiki.vn/rong-khong-trung-tap-11-tang-kem-postcard-p276344117.html?spid=276344119,Tiki,Truyện tranh/Manga,False
276152115,Cún Bự Nơi Phòng Nhỏ – Tập 1 [Tặng Standee Ivory],38400.0,5.0,17,https://tiki.vn/cun-bu-noi-phong-nho-tap-1-tang-standee-ivory-p276152115.html?spid=276152117,Tiki,Truyện tranh/Manga,False
275721886,Itto - Cơn Lốc Sân Cỏ - Tập 9 - Cuộc Giằng Co Máu Lửa! (Tái Bản 2024),25000.0,5.0,19,https://tiki.vn/itto-con-loc-san-co-tap-9-cuoc-giang-co-mau-lua-tai-ban-2024-p275721886.html?spid=275721887,Tiki,Truyện tranh/Manga,False
274948798,Nhóc Maruko Tập 8,38400.0,5.0,141,https://tiki.vn/nhoc-maruko-tap-8-tang-kem-set-postcard-polaroid-p274948798.html?spid=274948801,Tiki,Truyện tranh/Manga,False
274813719,Nhóc Miko! Cô Bé Nhí Nhảnh - Tập 29,24000.0,5.0,36,https://tiki.vn/nhoc-miko-co-be-nhi-nhanh-tap-29-p274813719.html?spid=274813722,Tiki,Truyện tranh/Manga,False
274813058,Nhóc Miko! Cô Bé Nhí Nhảnh - Tập 23,23000.0,5.0,27,https://tiki.vn/nhoc-miko-co-be-nhi-nhanh-tap-23-p274813058.html?spid=274813061,Tiki,Truyện tranh/Manga,False
274454084,Thám Tử Lừng Danh Conan - Hanzawa Chàng Hung Thủ Số Nhọ Tập 5,23750.0,5.0,11,https://tiki.vn/tham-tu-lung-danh-conan-hanzawa-chang-hung-thu-so-nho-tap-5-tang-kem-bang-sticker-p274454084.html?spid=274454085,Tiki,Truyện tranh/Manga,False
273983788,Người nói đạo lý thường sống khá giả,130130.0,4.8,82,https://tiki.vn/nguoi-noi-dao-ly-thuong-song-kha-gia-p273983788.html?spid=273983790,Tiki,Truyện tranh/Manga,False
272059213,Banana Fish 07,43000.0,5.0,70,https://tiki.vn/banana-fish-07-p272059213.html?spid=272059214,Tiki,Truyện tranh/Manga,False
271535866,Shin - Cậu Bé Bút Chì Tập 5,23750.0,4.8,55,https://tiki.vn/shin-cau-be-but-chi-tap-5-p271535866.html?spid=271535869,Tiki,Truyện tranh/Manga,False
271315791,Thám Tử Lừng Danh Conan Tập 35,23750.0,5.0,16,https://tiki.vn/tham-tu-lung-danh-conan-tap-35-p271315791.html?spid=271315794,Tiki,Truyện tranh/Manga,False
270438222,Chú Thuật Hồi Chiến Tập 15: Biến Cố Shibuya -Biến Thân,28500.0,5.0,505,https://tiki.vn/chu-thuat-hoi-chien-tap-15-bien-co-shibuya-bien-than-p270438222.html?spid=270438224,Tiki,Truyện tranh/Manga,False
269957405,Dược Sư Tự Sự - Tập 8 [Tặng Standee Ivory],45120.0,5.0,49,https://tiki.vn/duoc-su-tu-su-tap-8-tang-standee-ivory-p269957405.html?spid=269957406,Tiki,Truyện tranh/Manga,False
262362956,Thám Tử Lừng Danh Conan Tập 39,23750.0,4.8,43,https://tiki.vn/tham-tu-lung-danh-conan-tap-39-p262362956.html?spid=262362959,Tiki,Truyện tranh/Manga,False
262304813,Thám Tử Lừng Danh Conan - Tập 23,23750.0,5.0,32,https://tiki.vn/tham-tu-lung-danh-conan-tap-23-p262304813.html?spid=262304816,Tiki,Truyện tranh/Manga,False
253391266,BlueLock - Tập 6,34300.0,5.0,39,https://tiki.vn/bluelock-tap-6-tang-kem-card-pvc-p253391266.html?spid=253391267,Tiki,Truyện tranh/Manga,False
243023713,Doraemon - Chú Mèo Máy Đến Từ Tương Lai Tập 36 [Tái Bản 2023],21600.0,0.0,17,https://tiki.vn/doraemon-chu-meo-may-den-tu-tuong-lai-tap-36-tai-ban-2023-p243023713.html?spid=243023714,Tiki,Truyện tranh/Manga,False
222418220,BlueLock Tập 1,33250.0,4.7,214,https://tiki.vn/bluelock-tap-1-tang-kem-obi-standee-ivory-va-card-pvc-p222418220.html?spid=222418223,Tiki,Truyện tranh/Manga,False
207852953,Blue Period - Tập 07,46000.0,5.0,699,https://tiki.vn/blue-period-tap-07-p207852953.html?spid=207852954,Tiki,Truyện tranh/Manga,False
194960244,Fullmetal Alchemist - Cang Giả Kim Thuật Sư - Fullmetal Edition - Tập 16,71250.0,5.0,577,https://tiki.vn/fullmetal-alchemist-cang-gia-kim-thuat-su-fullmetal-edition-tap-16-p194960244.html?spid=194960247,Tiki,Truyện tranh/Manga,False
186495802,One Piece - Tập 82: Thế Giới Xao Động (Tái Bản 2022),25000.0,5.0,24,https://tiki.vn/one-piece-tap-82-the-gioi-xao-dong-tai-ban-2022-p186495802.html?spid=186495803,Tiki,Truyện tranh/Manga,False
175967753,Komi - Nữ Thần Sợ Giao Tiếp Tập 9,28500.0,4.8,729,https://tiki.vn/komi-nu-than-so-giao-tiep-tap-9-p175967753.html?spid=175967755,Tiki,Truyện tranh/Manga,False
165030720,Miko! Tất Tần Tật - Best Selection,24000.0,5.0,626,https://tiki.vn/miko-tat-tan-tat-best-selection-p165030720.html?spid=165030723,Tiki,Truyện tranh/Manga,False
139567591,Dr.Slump Deluxe Edition - Tập 8,57600.0,5.0,701,https://tiki.vn/dr-slump-deluxe-edition-tap-8-p139567591.html?spid=139567592,Tiki,Truyện tranh/Manga,False
87391037,Dr.SLUMP Deluxe Edition - Tập 6,57600.0,5.0,717,https://tiki.vn/dr-slump-deluxe-edition-tap-6-p87391037.html?spid=87391038,Tiki,Truyện tranh/Manga,False
13637681,Thám Tử Lừng Danh Conan - Tập 79 (Tái Bản 2019),23750.0,5.0,683,https://tiki.vn/tham-tu-lung-danh-conan-tap-79-tai-ban-2019-p13637681.html?spid=13637682,Tiki,Truyện tranh/Manga,False
10863104,Thám Tử Lừng Danh Conan Tập 80,23750.0,5.0,865,https://tiki.vn/tham-tu-lung-danh-conan-tap-80-p10863104.html?spid=10863105,Tiki,Truyện tranh/Manga,False
2388227,Doraemon Đố Vui (Tập 1) - Doraemon Xuất Hiện,33950.0,5.0,210,https://tiki.vn/doraemon-do-vui-tap-1-doraemon-xuat-hien-p2388227.html?spid=2388229,Tiki,Truyện tranh/Manga,False
378992,Thần Đồng Đất Việt 159 - Đại Quan Thiếu Gạo,9900.0,5.0,145,https://tiki.vn/than-dong-dat-viet-159-dai-quan-thieu-gao-p378992.html?spid=20427048,Tiki,Truyện tranh/Manga,False
279082152,Sách Dốc Hết Trái Tim - Cách Starbucks Xây Dựng Công Ty Bằng Từng Tách Cà Phê,145000.0,4.8,12,https://tiki.vn/sach-doc-het-trai-tim-cach-starbucks-xay-dung-cong-ty-bang-tung-tach-ca-phe-tai-ban-2018-p279082152.html?spid=279082155,Tiki,Mỹ phẩm,False
277400773,"Sách Bá chủ AI - Trí tuệ nhân tạo ChatGPT, và cuộc chạy đua thay đổi thế giới",207130.0,4.5,168,https://tiki.vn/sach-ba-chu-ai-tri-tue-nhan-tao-chatgpt-va-cuoc-chay-dua-thay-doi-the-gioi-p277400773.html?spid=277400774,Tiki,Mỹ phẩm,False
277361862,Sách Kỹ thuật đặt câu lệnh cho ChatGPT,117100.0,4.8,652,https://tiki.vn/sach-ky-thuat-dat-cau-lenh-cho-chatgpt-p277361862.html?spid=277361864,Tiki,Mỹ phẩm,False
276642618,Sách Tuần Làm Việc 4 Giờ (Tái Bản),100400.0,4.8,297,https://tiki.vn/sach-tuan-lam-viec-4-gio-tai-ban-p276642618.html?spid=276642621,Tiki,Mỹ phẩm,False
275875006,Sách Tăng Tốc Bán Hàng Bằng SPIN,107400.0,4.5,183,https://tiki.vn/sach-tang-toc-ban-hang-bang-spin-p275875006.html?spid=275875009,Tiki,Mỹ phẩm,False
275702538,Sách Chat GPT Thực Chiến,110600.0,4.7,3540,https://tiki.vn/sach-chat-gpt-thuc-chien-p275702538.html?spid=275702540,Tiki,Mỹ phẩm,False
274807860,Combo 2 Cuốn Building A Second Brain - Thiết Lập Bộ Não Thứ 2 & The PARA Method - Phương Pháp Tổ Chức Thông Tin Trong Công Việc,169000.0,4.6,250,https://tiki.vn/combo-2-cuon-building-a-second-brain-thiet-lap-bo-nao-thu-2-the-para-method-phuong-phap-to-chuc-thong-tin-trong-cong-viec-p274807860.html?spid=274807861,Tiki,Mỹ phẩm,False
273316208,Sách Nguyên Lý 80/20 - Bí Quyết Làm Ít Được Nhiều (Tái Bản,111000.0,4.7,658,https://tiki.vn/sach-nguyen-ly-80-20-bi-quyet-lam-it-duoc-nhieu-p273316208.html?spid=273316211,Tiki,Mỹ phẩm,False
273273784,Sách Những Nguyên Tắc Để Giàu Có,115200.0,4.5,36,https://tiki.vn/sach-nhung-nguyen-tac-de-giau-co-p273273784.html?spid=273273787,Tiki,Mỹ phẩm,False
273114486,Sách Quản Lý Công Việc Hiệu Quả Theo Phương Pháp Horenso,63300.0,5.0,56,https://tiki.vn/sach-quan-ly-cong-viec-hieu-qua-theo-phuong-phap-horenso-p273114486.html?spid=273114487,Tiki,Mỹ phẩm,False
272349551,Sách Cú hích - Phiên bản cuối cùng (Tái bản),152460.0,5.0,317,https://tiki.vn/sach-cu-hich-phien-ban-cuoi-cung-tai-ban-p272349551.html?spid=272349554,Tiki,Mỹ phẩm,False
270850449,Sách Mọi Chuyện Đều Là Sự An Bài Tốt Nhất,90300.0,5.0,213,https://tiki.vn/sach-moi-chuyen-deu-la-su-an-bai-tot-nhat-p270850449.html?spid=270850450,Tiki,Mỹ phẩm,False
205010302,Sách Đọc vị bất kỳ ai - Để không bị lợi dụng (Tái bản),78700.0,5.0,2275,https://tiki.vn/sach-doc-vi-bat-ky-ai-de-khong-bi-loi-dung-tai-ban-p205010302.html?spid=205010303,Tiki,Mỹ phẩm,False
164921979,Sách Câu Hỏi Là Câu Trả Lời (Tái Bản),43400.0,5.0,922,https://tiki.vn/sach-cau-hoi-la-cau-tra-loi-tai-ban-p164921979.html?spid=164921981,Tiki,Mỹ phẩm,False
153045603,Sách Người Giỏi Không Phải Là Người Làm Tất Cả (Tái Bản 2021),44660.0,5.0,4029,https://tiki.vn/sach-nguoi-gioi-khong-phai-la-nguoi-lam-tat-ca-tai-ban-2021-p153045603.html?spid=153045604,Tiki,Mỹ phẩm,False
150838230,Sách Everybody Writes - Ai Rồi Cũng Viết (Cuốn Cẩm Nang Giúp Bạn Viết Content “Chất Như Nước Cất”),123500.0,5.0,1031,https://tiki.vn/sach-everybody-writes-ai-roi-cung-viet-cuon-cam-nang-giup-ban-viet-content-chat-nhu-nuoc-cat-p150838230.html?spid=150838231,Tiki,Mỹ phẩm,False
78975610,Sách Siêu Tập Trung (Tái Bản),107800.0,4.8,2014,https://tiki.vn/sach-sieu-tap-trung-tai-ban-p78975610.html?spid=78975611,Tiki,Mỹ phẩm,False
77109209,Sách Nghệ Thuật Đánh Cắp Ý Tưởng (10 Bí Mật Không Ai Nói Với Bạn Về Sáng Tạo),67300.0,4.8,3713,https://tiki.vn/sach-nghe-thuat-danh-cap-y-tuong-10-bi-mat-khong-ai-noi-voi-ban-ve-sang-tao-p77109209.html?spid=77109210,Tiki,Mỹ phẩm,False
53728878,Sách Tối Đa Hóa Hiệu Suất Công Việc – Việc 12 Tháng Làm Trong 12 Tuần,123000.0,4.7,1808,https://tiki.vn/sach-toi-da-hoa-hieu-suat-cong-viec-viec-12-thang-lam-trong-12-tuan-p53728878.html?spid=54056505,Tiki,Mỹ phẩm,False
42742283,Sách Sử Dụng Trí Nhớ Của Bạn - Use Your Memory (Tái Bản),175000.0,5.0,309,https://tiki.vn/sach-su-dung-tri-nho-cua-ban-use-your-memory-tai-ban-p42742283.html?spid=42742284,Tiki,Mỹ phẩm,False
41092629,Cuốn Sách Tư Duy - Kỹ Năng Kinh Doanh Cực Hay: Binh Pháp Tôn Tử Trong Kinh Doanh / Tặng Kèm Bookmark Happy Life,107500.0,4.6,146,https://tiki.vn/cuon-sach-tu-duy-ky-nang-kinh-doanh-cuc-hay-binh-phap-ton-tu-trong-kinh-doanh-tang-kem-bookmark-happy-life-p41092629.html?spid=41092630,Tiki,Mỹ phẩm,False
14684312,Sách Dấn Thân (Tái Bản),88000.0,5.0,8821,https://tiki.vn/sach-dan-than-tai-ban-p14684312.html?spid=14684313,Tiki,Mỹ phẩm,False
12138656,Sách Nghệ Thuật Tư Duy Chiến Lược,162400.0,4.8,4024,https://tiki.vn/sach-nghe-thuat-tu-duy-chien-luoc-p12138656.html?spid=12138657,Tiki,Mỹ phẩm,False
10227722,Sách 45 Giây Tạo Nên Thay Đổi - Thấu Hiểu Tiếp Thị Mạng Lưới,64000.0,4.8,12234,https://tiki.vn/sach-45-giay-tao-nen-thay-doi-thau-hieu-tiep-thi-mang-luoi-p10227722.html?spid=10227723,Tiki,Mỹ phẩm,False
7958959,Sách 5 Điểm Chết Trong Teamwork,87780.0,4.8,2946,https://tiki.vn/sach-5-diem-chet-trong-teamwork-p7958959.html?spid=7958960,Tiki,Mỹ phẩm,False
6512113,Sách Người Dám Cho Đi - Bán Được Nhiều Hơn,106000.0,4.8,2244,https://tiki.vn/sach-nguoi-dam-cho-di-ban-duoc-nhieu-hon-p6512113.html?spid=6512115,Tiki,Mỹ phẩm,False
2473637,Sách Thịnh Vượng Tài Chính Tuổi 30 - Tập 2 (Tái Bản),70000.0,4.5,52,https://tiki.vn/sach-thinh-vuong-tai-chinh-tuoi-30-tap-2-tai-ban-p2473637.html?spid=2476719,Tiki,Mỹ phẩm,False
2316589,Sách Siêu Dự Báo,148800.0,4.3,1099,https://tiki.vn/sach-sieu-du-bao-p2316589.html?spid=2337713,Tiki,Mỹ phẩm,False
1938895,Sách Nghệ Thuật PR Bản Thân (Tái Bản 2018),69000.0,4.7,4724,https://tiki.vn/sach-nghe-thuat-pr-ban-than-tai-ban-2018-p1938895.html?spid=1939041,Tiki,Mỹ phẩm,False
1750249,Sách Phân Tích Chứng Khoán,324200.0,4.7,10478,https://tiki.vn/sach-phan-tich-chung-khoan-p1750249.html?spid=1750251,Tiki,Mỹ phẩm,True
1085104,Sách Nghệ Thuật Đàm Phán Đỉnh Cao,101200.0,4.5,898,https://tiki.vn/sach-nghe-thuat-dam-phan-dinh-cao-p1085104.html?spid=1085218,Tiki,Mỹ phẩm,False
1000276,Sách Phát Triển Kỹ Năng Lãnh Đạo (Tái Bản),121700.0,4.8,2417,https://tiki.vn/sach-phat-trien-ky-nang-lanh-dao-tai-ban-p1000276.html?spid=1000374,Tiki,Mỹ phẩm,False
279288070,Range - Sức Mạnh Của Tư Duy Đa Lĩnh Vực - David Epstein,138100.0,5.0,29,https://tiki.vn/range-suc-manh-cua-tu-duy-da-linh-vuc-david-epstein-p279288070.html?spid=279291235,Tiki,Mỹ phẩm,False
278631534,Tư Duy Có Tổ Chức - Phương Pháp Hiệu Quả Trong Điều Hướng Dòng Chảy Thông Tin - Alpha Books,187100.0,4.8,57,https://tiki.vn/tu-duy-co-to-chuc-phuong-phap-hieu-qua-trong-dieu-huong-dong-chay-thong-tin-alpha-books-p278631534.html?spid=278791935,Tiki,Mỹ phẩm,False
278462795,Sách Năng suất nhanh và chậm,127600.0,4.5,101,https://tiki.vn/sach-nang-suat-nhanh-va-cham-p278462795.html?spid=278462796,Tiki,Mỹ phẩm,False
278098972,"Sách Nỗ Lực Từng Chút, Ngòi Bút Nở Hoa",117660.0,4.7,93,https://tiki.vn/sach-no-luc-tung-chut-ngoi-but-no-hoa-p278098972.html?spid=278098973,Tiki,Mỹ phẩm,False
278035268,Sách Ứng Dụng AI Trong Công Việc,156400.0,4.5,187,https://tiki.vn/sach-ung-dung-ai-trong-cong-viec-p278035268.html?spid=278035271,Tiki,Mỹ phẩm,False
277313227,Sách Tứ Thư Lãnh Đạo - Thuật Xử Thế,158200.0,4.7,19,https://tiki.vn/sach-tu-thu-lanh-dao-thuat-xu-the-p277313227.html?spid=277313230,Tiki,Mỹ phẩm,False
276509008,Sách Ra Quyết Định Dựa Trên Phân Tích Dữ Liệu,92300.0,4.6,214,https://tiki.vn/sach-ra-quyet-dinh-dua-tren-phan-tich-du-lieu-p276509008.html?spid=276509009,Tiki,Mỹ phẩm,False
275909699,Sách Bắt Đầu Với Câu Hỏi Tại Sao - Nghệ Thuật Truyền Cảm Hứng Trong Kinh Doanh,95900.0,4.8,562,https://tiki.vn/sach-bat-dau-voi-cau-hoi-tai-sao-nghe-thuat-truyen-cam-hung-trong-kinh-doanh-p275909699.html?spid=275909706,Tiki,Mỹ phẩm,False
274875194,Trò Chơi Quyền Lực Tại Nơi Làm Việc - Vanlangbooks,68600.0,5.0,7,https://tiki.vn/tro-choi-quyen-luc-tai-noi-lam-viec-vanlangbooks-p274875194.html?spid=274875201,Tiki,Mỹ phẩm,False
274807858,Sách Brain On! Rèn Luyện Tâm Trí Trong Công Việc,76000.0,5.0,24,https://tiki.vn/sach-brain-on-ren-luyen-tam-tri-trong-cong-viec-p274807858.html?spid=274807859,Tiki,Mỹ phẩm,False
274733053,Tham Vọng Vĩ Đại - 6 Nguyên Tắc Điều Hướng Tham Vọng Để Có Một Cuộc Sống Tốt Đẹp Hơn,121660.0,5.0,177,https://tiki.vn/tham-vong-vi-dai-6-nguyen-tac-dieu-huong-tham-vong-de-co-mot-cuoc-song-tot-dep-hon-p274733053.html?spid=274733054,Tiki,Mỹ phẩm,False
274630374,"Không Đọc Sách Này, Chụp Xấu Đừng Buồn",97000.0,4.8,76,https://tiki.vn/khong-doc-sach-nay-chup-xau-dung-buon-p274630374.html?spid=278323387,Tiki,Mỹ phẩm,False
273273816,Sách Những Quy Tắc Trong Công Việc,115200.0,4.5,83,https://tiki.vn/sach-nhung-quy-tac-trong-cong-viec-p273273816.html?spid=273273819,Tiki,Mỹ phẩm,False
272000446,"Sách Dọn Dẹp Công Việc, Gọn Gàng Tâm Trí",93800.0,4.0,85,https://tiki.vn/sach-don-dep-cong-viec-gon-gang-tam-tri-p272000446.html?spid=272000447,Tiki,Mỹ phẩm,False
272000442,Sách Thiên Đường Và Địa Ngục,78700.0,4.8,150,https://tiki.vn/sach-thien-duong-va-dia-nguc-p272000442.html?spid=272000443,Tiki,Mỹ phẩm,False
263066292,Chat GPT - Ứng Dụng Trí Tuệ Nhân Tạo Trong Công Việc,126750.0,4.1,538,https://tiki.vn/chat-gpt-ung-dung-tri-tue-nhan-tao-trong-cong-viec-p263066292.html?spid=263066293,Tiki,Mỹ phẩm,False
245787181,Sách Đam mê tìm kiếm khách hàng tiềm năng: Mở ra đối thoại và giành được thương vụ,121000.0,4.5,155,https://tiki.vn/sach-dam-me-tim-kiem-khach-hang-tiem-nang-mo-ra-doi-thoai-va-gianh-duoc-thuong-vu-p245787181.html?spid=245787182,Tiki,Mỹ phẩm,False
241899630,Sách Những Quy Tắc Trong Quản Lý,100000.0,5.0,78,https://tiki.vn/sach-nhung-quy-tac-trong-quan-ly-p241899630.html?spid=241899632,Tiki,Mỹ phẩm,False
222607393,Bản Đồ Chiến Lược - Strategy Maps,199750.0,5.0,18,https://tiki.vn/ban-do-chien-luoc-strategy-maps-p222607393.html?spid=222607394,Tiki,Mỹ phẩm,False
203937562,Bí Quyết Đọc Sách 2.000 Từ/Phút,271700.0,5.0,727,https://tiki.vn/bi-quyet-doc-sach-2-000-tu-phut-p203937562.html?spid=203937563,Tiki,Mỹ phẩm,False
201383195,"Peter Drucker - Tư Duy Đúng, Quản Lý Đúng",79500.0,5.0,67,https://tiki.vn/peter-drucker-tu-duy-dung-quan-ly-dung-p201383195.html?spid=201383196,Tiki,Mỹ phẩm,False
189336449,Sách Xây Dựng Để Trường Tồn - Các Thói Quen Thành Công Của Những Tập Đoàn Vĩ Đại Và Hàng Đầu Thế Giới,157000.0,5.0,699,https://tiki.vn/sach-xay-dung-de-truong-ton-cac-thoi-quen-thanh-cong-cua-nhung-tap-doan-vi-dai-va-hang-dau-the-gioi-p189336449.html?spid=189336454,Tiki,Mỹ phẩm,False
170708223,Sách 17 Nguyên Tắc Vàng Trong Làm Việc Nhóm,71600.0,4.8,527,https://tiki.vn/sach-17-nguyen-tac-vang-trong-lam-viec-nhom-p170708223.html?spid=170708224,Tiki,Mỹ phẩm,False
138226289,Sách Storytelling With Data: Let’S Practice! - Thực Hành Kể Chuyện Thông Qua Dữ Liệu!,281000.0,5.0,2691,https://tiki.vn/sach-storytelling-with-data-let-s-practice-thuc-hanh-ke-chuyen-thong-qua-du-lieu-p138226289.html?spid=138226290,Tiki,Mỹ phẩm,True
85396173,Sách Dự Án Kỳ Lân,161400.0,4.8,491,https://tiki.vn/sach-du-an-ky-lan-p85396173.html?spid=85396174,Tiki,Mỹ phẩm,False
73166878,Sách Tái Tạo Mô Hình Kinh Doanh Hiệu Quả,93100.0,5.0,240,https://tiki.vn/sach-tai-tao-mo-hinh-kinh-doanh-hieu-qua-p73166878.html?spid=73166880,Tiki,Mỹ phẩm,False
60863030,"Sách Think And Grow Rich - 16 Nguyên Tắc Nghĩ Giàu, Làm Giàu Trong Thế Kỉ 21",133000.0,4.7,611,https://tiki.vn/sach-think-and-grow-rich-16-nguyen-tac-nghi-giau-lam-giau-trong-the-ki-21-p60863030.html?spid=60863032,Tiki,Mỹ phẩm,False
57762732,Sách Nhà Đầu Tư Thông Minh (Tái Bản),272350.0,4.8,875,https://tiki.vn/sach-nha-dau-tu-thong-minh-tai-ban-p57762732.html?spid=68521156,Tiki,Mỹ phẩm,False
49204092,"Sách Tái Tạo Tổ Chức: Phá Vỡ Rào Cản, Thổi Bùng Sinh Khí (Tái Bản)",146300.0,4.8,6724,https://tiki.vn/sach-tai-tao-to-chuc-pha-vo-rao-can-thoi-bung-sinh-khi-tai-ban-p49204092.html?spid=49204094,Tiki,Mỹ phẩm,False
34935355,Sách Đầu Tư - Kế Hoạch 12 Tháng Đến Với Tự Do Tài Chính,141000.0,4.6,533,https://tiki.vn/sach-dau-tu-ke-hoach-12-thang-den-voi-tu-do-tai-chinh-p34935355.html?spid=34935356,Tiki,Mỹ phẩm,False
34454430,Sách Tăng Trưởng Thần Tốc,121660.0,4.7,1902,https://tiki.vn/sach-tang-truong-than-toc-p34454430.html?spid=34454431,Tiki,Mỹ phẩm,False
33492447,Sách Mục Tiêu,159700.0,4.7,2317,https://tiki.vn/sach-muc-tieu-p33492447.html?spid=33492448,Tiki,Mỹ phẩm,False
32543726,Sách Dạy Con Dùng Tiền (Tái Bản),61000.0,5.0,676,https://tiki.vn/sach-day-con-dung-tien-tai-ban-p32543726.html?spid=32543728,Tiki,Mỹ phẩm,False
32314551,"Không Đọc Sách Này, Chụp Xấu Đừng Buồn !",117300.0,0.0,22,https://tiki.vn/khong-doc-sach-nay-chup-xau-dung-buon-p32314551.html?spid=270801280,Tiki,Mỹ phẩm,False
10192047,Sách Hình Ảnh Của Bạn Đáng Giá Triệu Đô ( Tái Bản 2019),85000.0,4.7,2639,https://tiki.vn/sach-hinh-anh-cua-ban-dang-gia-trieu-do-tai-ban-2019-p10192047.html?spid=10867647,Tiki,Mỹ phẩm,False
7718735,Sách Nhà Đầu Tư Thông Minh (Tái Bản),271350.0,4.8,1063,https://tiki.vn/sach-nha-dau-tu-thong-minh-tai-ban-p7718735.html?spid=9496112,Tiki,Mỹ phẩm,False
3083805,Sách Kinh Tế Thành Viên,133500.0,3.9,398,https://tiki.vn/sach-kinh-te-thanh-vien-p3083805.html?spid=3155765,Tiki,Mỹ phẩm,False
2542273,Sách Những Bố Già Châu Á (Tái Bản 2018),135200.0,4.6,737,https://tiki.vn/sach-nhung-bo-gia-chau-a-tai-ban-2018-p2542273.html?spid=2567535,Tiki,Mỹ phẩm,False
1999163,Sách Tối Đa Hóa Năng Lực Bản Thân (Tái Bản),80600.0,4.3,1136,https://tiki.vn/sach-toi-da-hoa-nang-luc-ban-than-tai-ban-p1999163.html?spid=1999165,Tiki,Mỹ phẩm,False
1053642,Sách Sức Mạnh Của Việc Đặt Câu Hỏi Tại Sao,71700.0,4.6,1308,https://tiki.vn/sach-suc-manh-cua-viec-dat-cau-hoi-tai-sao-p1053642.html?spid=1053674,Tiki,Mỹ phẩm,False
278730514,Làm Việc Với Người Khó Chịu - Vanlangbooks,105000.0,0.0,1,https://tiki.vn/lam-viec-voi-nguoi-kho-chiu-vanlangbooks-p278730514.html?spid=278730515,Tiki,Mỹ phẩm,False
278089724,Sách AI Tạo Sinh,143300.0,4.7,90,https://tiki.vn/sach-ai-tao-sinh-p278089724.html?spid=278089726,Tiki,Mỹ phẩm,False
276713390,Sách Sức Mạnh Của Tư Duy Hình Ảnh,122100.0,0.0,34,https://tiki.vn/sach-suc-manh-cua-tu-duy-hinh-anh-p276713390.html?spid=276713392,Tiki,Mỹ phẩm,False
276048853,Thay đổi tư duy (Mind Shift) - Erwin Raphael McManus - PACE Books,155000.0,0.0,36,https://tiki.vn/thay-doi-tu-duy-mind-shift-erwin-raphael-mcmanus-pace-books-p276048853.html?spid=276048854,Tiki,Mỹ phẩm,False
275060789,Sách - Nghệ thuật kiêng khem tin tức - Bí kíp sinh tồn thời kỹ thuật số - Nhã Nam Official,115200.0,0.0,1,https://tiki.vn/sach-nghe-thuat-kieng-khem-tin-tuc-bi-kip-sinh-ton-thoi-ky-thuat-so-nha-nam-official-p275060789.html?spid=275060790,Tiki,Mỹ phẩm,False
274949989,Sách Làm Việc Bằng Tâm Phật,106000.0,5.0,13,https://tiki.vn/sach-lam-viec-bang-tam-phat-p274949989.html?spid=274949991,Tiki,Mỹ phẩm,False
274807852,Sách The PARA Method - Phương Pháp Tổ Chức Thông Tin Trong Công Việc,63300.0,4.8,142,https://tiki.vn/sach-the-para-method-phuong-phap-to-chuc-thong-tin-trong-cong-viec-p274807852.html?spid=274807854,Tiki,Mỹ phẩm,False
274455494,Sách Storytelling With You – Kể Chuyện Từ Chính Bạn,267300.0,5.0,170,https://tiki.vn/sach-storytelling-with-you-ke-chuyen-tu-chinh-ban-p274455494.html?spid=274455495,Tiki,Mỹ phẩm,False
274146594,Combo 3 Cuốn Quản Trị Bằng Văn Hóa + Sư Phạm Khai Phóng + Đúng Việc - Giản Tư Trung,510000.0,0.0,25,https://tiki.vn/combo-3-cuon-quan-tri-bang-van-hoa-su-pham-khai-phong-dung-viec-gian-tu-trung-p274146594.html?spid=274146595,Tiki,Mỹ phẩm,True
271144909,Sách Thoát Khỏi Mối Quan Hệ Độc Hại,75000.0,0.0,24,https://tiki.vn/sach-thoat-khoi-moi-quan-he-doc-hai-p271144909.html?spid=271144910,Tiki,Mỹ phẩm,False
270717881,Chat GPT - Ứng Dụng Trí Tuệ Nhân Tạo Trong Công Việc,169000.0,0.0,3,https://tiki.vn/chat-gpt-ung-dung-tri-tue-nhan-tao-trong-cong-viec-p270717881.html?spid=270717882,Tiki,Mỹ phẩm,False
270660559,Sách Ai Che Lưng Cho Bạn,114000.0,4.8,236,https://tiki.vn/sach-ai-che-lung-cho-ban-p270660559.html?spid=270660562,Tiki,Mỹ phẩm,False
263294847,Tư Duy Pháp Lý Của Luật Sư,215800.0,5.0,24,https://tiki.vn/tu-duy-phap-ly-cua-luat-su-p263294847.html?spid=274961478,Tiki,Mỹ phẩm,False
263066347,Chat GPT - Ứng Dụng Trí Tuệ Nhân Tạo Trong Công Việc,126750.0,4.0,206,https://tiki.vn/chat-gpt-ung-dung-tri-tue-nhan-tao-trong-cong-viec-p263066347.html?spid=263066348,Tiki,Mỹ phẩm,False
247878730,Phát Triển Kỹ Năng Lãnh Đạo (*** Sách Bản Quyền ***),152000.0,0.0,3,https://tiki.vn/phat-trien-ky-nang-lanh-dao-sach-ban-quyen-p247878730.html?spid=263566904,Tiki,Mỹ phẩm,False
247264724,Những Đòn Tâm Lý Trong Thuyết Phục,194000.0,5.0,37,https://tiki.vn/nhung-don-tam-ly-trong-thuyet-phuc-p247264724.html?spid=262017155,Tiki,Mỹ phẩm,False
221229411,Sách Trở Thành Phiên Bản Tốt Hơn Của Chính Mình,68000.0,4.8,111,https://tiki.vn/sach-tro-thanh-phien-ban-tot-hon-cua-chinh-minh-p221229411.html?spid=221229412,Tiki,Mỹ phẩm,False
214160510,Sách Thấu Hiểu Khách Hàng,173600.0,4.7,691,https://tiki.vn/sach-thau-hieu-khach-hang-p214160510.html?spid=214160512,Tiki,Mỹ phẩm,False
197655112,Sách Bản Đồ Tư Duy Trong Thuyết Trình (Tái bản 2022),60325.0,4.7,133,https://tiki.vn/sach-ban-do-tu-duy-trong-thuyet-trinh-tai-ban-2022-p197655112.html?spid=197655114,Tiki,Mỹ phẩm,False
193439380,Sách Đội Nhóm Trong Mơ,73150.0,4.7,141,https://tiki.vn/sach-doi-nhom-trong-mo-p193439380.html?spid=193439381,Tiki,Mỹ phẩm,False
70650709,Sách Nghệ Thuật Thăng Tiến Nơi Công Sở - 32 Kỹ Năng Giúp Bạn Thành Công Trong Bất Cứ Doanh Nghiệp Nào,110500.0,4.8,41,https://tiki.vn/sach-nghe-thuat-thang-tien-noi-cong-so-32-ky-nang-giup-ban-thanh-cong-trong-bat-cu-doanh-nghiep-nao-p70650709.html?spid=74153177,Tiki,Mỹ phẩm,False
63448617,"Sách Định Giá Thông Minh, Chinh Phục Người Dùng",164000.0,5.0,12,https://tiki.vn/sach-dinh-gia-thong-minh-chinh-phuc-nguoi-dung-p63448617.html?spid=63448618,Tiki,Mỹ phẩm,False
63448530,Sách Những Nguyên Tắc Định Giá Sản Phẩm Thỏa Mãn Người Dùng,121500.0,4.0,32,https://tiki.vn/sach-nhung-nguyen-tac-dinh-gia-san-pham-thoa-man-nguoi-dung-p63448530.html?spid=63448531,Tiki,Mỹ phẩm,False
48587150,Sách : Dream Teams – Đội nhóm trong mơ,154160.0,0.0,17,https://tiki.vn/sach-dream-teams-doi-nhom-trong-mo-p48587150.html?spid=164092011,Tiki,Mỹ phẩm,False
32002185,Nghệ Thuật Đàm Phán Đỉnh Cao - Crucial Conversations (Tặng Kèm Notebook tự thiết kế),149000.0,0.0,1,https://tiki.vn/nghe-thuat-dam-phan-dinh-cao-crucial-conversations-tang-kem-notebook-tu-thiet-ke-p32002185.html?spid=277134865,Tiki,Mỹ phẩm,False
14683083,Sách Nhượng Quyền Khỏi Nghiệp - Con Đường Ngắn Để Bước Ra Thế Giới (Tái Bản),123000.0,4.8,1447,https://tiki.vn/sach-nhuong-quyen-khoi-nghiep-con-duong-ngan-de-buoc-ra-the-gioi-tai-ban-p14683083.html?spid=14683084,Tiki,Mỹ phẩm,False
14453290,"Sách Bản Đồ Chiến Lược (Strategy Maps) - Robert S. Kaplan, David P. Norton - PACE Books",216200.0,5.0,819,https://tiki.vn/sach-ban-do-chien-luoc-strategy-maps-robert-s-kaplan-david-p-norton-pace-books-p14453290.html?spid=50931320,Tiki,Mỹ phẩm,False
12141298,Sách Kotler Bàn Về Tiếp Thị (Tái Bản 2019),123000.0,4.8,750,https://tiki.vn/sach-kotler-ban-ve-tiep-thi-tai-ban-2019-p12141298.html?spid=12141299,Tiki,Mỹ phẩm,False
11227911,Sách Giữ Vững Thương Hiệu,88100.0,5.0,35,https://tiki.vn/sach-giu-vung-thuong-hieu-p11227911.html?spid=11227912,Tiki,Mỹ phẩm,False
10397239,Sách Chiến Lược Dữ Liệu,121660.0,4.7,1969,https://tiki.vn/sach-chien-luoc-du-lieu-p10397239.html?spid=10397240,Tiki,Mỹ phẩm,False
8011017,Sách Lý Thuyết Trò Chơi Và Ứng Dụng Trong Quản Trị - Kinh Doanh (Tái Bản 2018),87600.0,4.5,442,https://tiki.vn/sach-ly-thuyet-tro-choi-va-ung-dung-trong-quan-tri-kinh-doanh-tai-ban-2018-p8011017.html?spid=8011018,Tiki,Mỹ phẩm,False
5808777,Sách Bán Đảo Ả Rập: Tinh Thần Hồi Giáo Và Thảm Kịch Dầu Mỏ,131000.0,4.6,445,https://tiki.vn/sach-ban-dao-a-rap-tinh-than-hoi-giao-va-tham-kich-dau-mo-p5808777.html?spid=5808779,Tiki,Mỹ phẩm,False
5061485,Sách Bán Hàng Cho Những Gã Khổng Lồ,122500.0,4.5,289,https://tiki.vn/sach-ban-hang-cho-nhung-ga-khong-lo-p5061485.html?spid=5062195,Tiki,Mỹ phẩm,False
2917517,Sách Phong Cách Virgin,114800.0,4.6,238,https://tiki.vn/sach-phong-cach-virgin-p2917517.html?spid=2995809,Tiki,Mỹ phẩm,False
2407105,Sách Khiêu Vũ Với Áp Lực,125700.0,4.5,300,https://tiki.vn/sach-khieu-vu-voi-ap-luc-p2407105.html?spid=2418125,Tiki,Mỹ phẩm,False
1747357,Sách Sức Mạnh Của Việc Đặt Câu Hỏi Đúng (Tái Bản 2018),79200.0,5.0,51,https://tiki.vn/sach-suc-manh-cua-viec-dat-cau-hoi-dung-tai-ban-2018-p1747357.html?spid=59556846,Tiki,Mỹ phẩm,False
1743865,Sách Giải Pháp Bán Hàng 4.0 (Tái bản 2018),55300.0,4.6,484,https://tiki.vn/sach-giai-phap-ban-hang-4-0-tai-ban-2018-p1743865.html?spid=1743867,Tiki,Mỹ phẩm,False
442032,Sách Tư Duy Đúng Cách - Tư Duy Khách Quan,23900.0,4.5,1255,https://tiki.vn/sach-tu-duy-dung-cach-tu-duy-khach-quan-p442032.html?spid=147974,Tiki,Mỹ phẩm,False
419127,Sách Thuật Đàm Phán,81100.0,5.0,1275,https://tiki.vn/sach-thuat-dam-phan-p419127.html?spid=122566,Tiki,Mỹ phẩm,False
391666,Sách Kỹ Năng Học Tập Theo Phương Pháp Buzan (Tái Bản 2014),169000.0,4.8,1460,https://tiki.vn/sach-ky-nang-hoc-tap-theo-phuong-phap-buzan-tai-ban-2014-p391666.html?spid=92516,Tiki,Mỹ phẩm,False
279322838,Sách Unibooks - Taylor Swift – Điều Chưa Từng Có – Nhà Chiến Lược Thiên Tài,188000.0,0.0,5,https://tiki.vn/sach-unibooks-taylor-swift-dieu-chua-tung-co-nha-chien-luoc-thien-tai-p279322838.html?spid=279322839,Tiki,Mỹ phẩm,False
279260309,Sách -  Làm Chủ AI (Celia Quillian) -FN,146160.0,4.0,2,https://tiki.vn/sach-lam-chu-ai-celia-quillian-fn-p279260309.html?spid=279260310,Tiki,Mỹ phẩm,False
278446332,Sách Nghề Coaching,125000.0,3.0,81,https://tiki.vn/sach-nghe-coaching-p278446332.html?spid=278446334,Tiki,Mỹ phẩm,False
277181328,Sách Canva cấp tốc - Bí Quyết Thiết Kế Dễ Dàng Cho Người Mới Bắt Đầu Biết Đến Canva,195000.0,0.0,19,https://tiki.vn/sach-canva-cap-toc-bi-quyet-thiet-ke-de-dang-cho-nguoi-moi-bat-dau-p277181328.html?spid=277181329,Tiki,Mỹ phẩm,False
275932576,Vượt hiệu suất: Bí quyết làm việc của những bậc thầy tốc độ,126280.0,5.0,72,https://tiki.vn/vuot-hieu-suat-bi-quyet-lam-viec-cua-nhung-bac-thay-toc-do-p275932576.html?spid=275932577,Tiki,Mỹ phẩm,False
275900071,Sách Suy Nghĩ Thống Kê Trong Đời Thường,135000.0,5.0,170,https://tiki.vn/sach-suy-nghi-thong-ke-trong-doi-thuong-p275900071.html?spid=275900074,Tiki,Mỹ phẩm,False
274807855,Sách To Do List - Phương Pháp Lập Kế Hoạch Công Việc Và Quản Lý Thời Gian Hiệu Quả,90800.0,5.0,102,https://tiki.vn/sach-to-do-list-phuong-phap-lap-ke-hoach-cong-viec-va-quan-ly-thoi-gian-hieu-qua-p274807855.html?spid=274807857,Tiki,Mỹ phẩm,False
273718982,17 Nguyên Tắc Vàng Trong Làm Việc Nhóm,92600.0,4.3,110,https://tiki.vn/17-nguyen-tac-vang-trong-lam-viec-nhom-p273718982.html?spid=76143922,Tiki,Mỹ phẩm,False
273134989,Sách Quảng Cáo Theo Phong Cách Ogilvy,119400.0,4.6,84,https://tiki.vn/sach-quang-cao-theo-phong-cach-ogilvy-p273134989.html?spid=273134992,Tiki,Mỹ phẩm,False
272129446,Sách AI - Công Cụ Nâng Cao Hiệu Suất Công Việc,110600.0,4.0,615,https://tiki.vn/sach-ai-cong-cu-nang-cao-hieu-suat-cong-viec-p272129446.html?spid=272129447,Tiki,Mỹ phẩm,False
270660457,Sách Làm Chủ Giọng Nói Trong Đầu,74000.0,4.7,478,https://tiki.vn/sach-lam-chu-giong-noi-trong-dau-p270660457.html?spid=270660460,Tiki,Mỹ phẩm,False
245787191,Sách Vượt qua phản đối: Nghệ thuật và khoa học thương thảo trong bán hàng,112000.0,5.0,67,https://tiki.vn/sach-vuot-qua-phan-doi-nghe-thuat-va-khoa-hoc-thuong-thao-trong-ban-hang-p245787191.html?spid=245787192,Tiki,Mỹ phẩm,False
202796284,Sách Kỹ Năng Quản Lý Thời Gian,121800.0,5.0,337,https://tiki.vn/sach-ky-nang-quan-ly-thoi-gian-p202796284.html?spid=202796285,Tiki,Mỹ phẩm,False
200852596,Sách Dạy Con Làm Giàu 4 - Con Giàu Con Thông Minh - Để Có Khởi Đầu Thuận Lợi Về Tài Chính,80000.0,5.0,140,https://tiki.vn/sach-day-con-lam-giau-4-con-giau-con-thong-minh-de-co-khoi-dau-thuan-loi-ve-tai-chinh-p200852596.html?spid=200852597,Tiki,Mỹ phẩm,False
200852589,Sách Quy Luật Của Chiến Lược,113000.0,5.0,121,https://tiki.vn/sach-quy-luat-cua-chien-luoc-p200852589.html?spid=200852594,Tiki,Mỹ phẩm,False
198414177,Sách Thuật Lãnh Đạo ( Tái bản 2022),65800.0,5.0,86,https://tiki.vn/sach-thuat-lanh-dao-tai-ban-2022-p198414177.html?spid=198414179,Tiki,Mỹ phẩm,False
194104215,Sách Đến Apple Học Về Sáng Tạo,135000.0,5.0,140,https://tiki.vn/sach-den-apple-hoc-ve-sang-tao-p194104215.html?spid=194104218,Tiki,Mỹ phẩm,False
191781259,"Sách Sống theo phương thức 80/20: Bớt công việc, bớt ưu phiền, thêm thành công, thêm niềm vui sống",67000.0,4.8,270,https://tiki.vn/sach-song-theo-phuong-thuc-80-20-bot-cong-viec-bot-uu-phien-them-thanh-cong-them-niem-vui-song-p191781259.html?spid=191781261,Tiki,Mỹ phẩm,False
175845415,Bí Quyết Tìm Kiếm Mặt Bằng Kinh Doanh - Đến Sahara Mở Quán Trà Đá - Bộ Sách Khởi Nghiệp Bán Lẻ,169000.0,5.0,2740,https://tiki.vn/bi-quyet-tim-kiem-mat-bang-kinh-doanh-den-sahara-mo-quan-tra-da-bo-sach-khoi-nghiep-ban-le-p175845415.html?spid=175845416,Tiki,Mỹ phẩm,False
173135272,Sách Market With Wizards - Phù Thủy Sàn Chứng Khoán (Thế Hệ Mới),176000.0,4.6,143,https://tiki.vn/sach-market-with-wizards-phu-thuy-san-chung-khoan-the-he-moi-p173135272.html?spid=173135273,Tiki,Mỹ phẩm,False
160371987,Giao Tiếp Bất Bạo Động (Nonviolent Communication),147000.0,5.0,26,https://tiki.vn/giao-tiep-bat-bao-dong-nonviolent-communication-p160371987.html?spid=275301597,Tiki,Mỹ phẩm,False
143144186,Sách-Nguyên Lý 80/20 - Bí Quyết Làm Ít Được Nhiều,135000.0,5.0,11,https://tiki.vn/sach-nguyen-ly-80-20-bi-quyet-lam-it-duoc-nhieu-p143144186.html?spid=262799826,Tiki,Mỹ phẩm,False
114451807,Sách Động Lực Chèo Lái Hành Vi (Tái Bản 2021),107400.0,5.0,399,https://tiki.vn/sach-dong-luc-cheo-lai-hanh-vi-tai-ban-2021-p114451807.html?spid=127524411,Tiki,Mỹ phẩm,False
75630595,Sách The Design Thinking Playbook- Thực Hành Tư Duy Thiết Kế,204000.0,4.8,2576,https://tiki.vn/sach-the-design-thinking-playbook-thuc-hanh-tu-duy-thiet-ke-p75630595.html?spid=75630596,Tiki,Mỹ phẩm,False
67991610,Sách Muốn Thành Công Nói Không Với Trì Hoãn – 21 Nguyên Tắc Vàng Đập Tan Sự Trì Hoãn,74000.0,4.8,2706,https://tiki.vn/sach-muon-thanh-cong-noi-khong-voi-tri-hoan-21-nguyen-tac-vang-dap-tan-su-tri-hoan-p67991610.html?spid=67991611,Tiki,Mỹ phẩm,False
66089884,Sách Những Đòn Tâm Lý Trong Thuyết Phục,194000.0,5.0,768,https://tiki.vn/sach-nhung-don-tam-ly-trong-thuyet-phuc-p66089884.html?spid=66089885,Tiki,Mỹ phẩm,False
52788684,Sách True North Groups - Nhóm Chính Bắc,73600.0,5.0,808,https://tiki.vn/sach-true-north-groups-nhom-chinh-bac-p52788684.html?spid=52788685,Tiki,Mỹ phẩm,False
37118918,Sách Thịnh Vượng Tài Chính Tuổi 30 - Tập 1 (Tái Bản 2019),78700.0,4.7,1957,https://tiki.vn/sach-thinh-vuong-tai-chinh-tuoi-30-tap-1-tai-ban-2019-p37118918.html?spid=37118919,Tiki,Mỹ phẩm,False
36727163,Sách Người Nam Châm (Tái Bản 2019),60830.0,5.0,555,https://tiki.vn/sach-nguoi-nam-cham-tai-ban-2019-p36727163.html?spid=49022920,Tiki,Mỹ phẩm,False
13333355,Sách Đọc Nhiều Nhớ Được Bao Nhiêu?,90860.0,4.8,4572,https://tiki.vn/sach-doc-nhieu-nho-duoc-bao-nhieu-p13333355.html?spid=13333356,Tiki,Mỹ phẩm,False
3048153,Sách Phương Pháp Đầu Tư Warren Buffett (Tái Bản 2018),143000.0,4.6,72,https://tiki.vn/sach-phuong-phap-dau-tu-warren-buffett-tai-ban-2018-p3048153.html?spid=50745732,Tiki,Mỹ phẩm,False
2407107,"Sách Mặc Kệ Nó, Làm Tới Đi! (Tái Bản 2018)",71800.0,4.6,2618,https://tiki.vn/sach-mac-ke-no-lam-toi-di-tai-ban-2018-p2407107.html?spid=2418127,Tiki,Mỹ phẩm,False
2208377,Sách 12 Tuyệt Kỹ Bán Hàng (Tái Bản),75600.0,4.7,1464,https://tiki.vn/sach-12-tuyet-ky-ban-hang-tai-ban-p2208377.html?spid=2208379,Tiki,Mỹ phẩm,False
2120185,Sách Nghĩ Ngược Lại Và Làm Khác Đi (Tái Bản),64350.0,4.0,2412,https://tiki.vn/sach-nghi-nguoc-lai-va-lam-khac-di-tai-ban-p2120185.html?spid=2126319,Tiki,Mỹ phẩm,False
1826115,Sách Những Bài Học Đầu Tư Từ Warren Buffett,127700.0,4.8,1800,https://tiki.vn/sach-nhung-bai-hoc-dau-tu-tu-warren-buffett-p1826115.html?spid=1826621,Tiki,Mỹ phẩm,False
1681473,Sách Cảm Ơn Vì Đến Trễ,181000.0,4.8,1799,https://tiki.vn/sach-cam-on-vi-den-tre-p1681473.html?spid=1681475,Tiki,Mỹ phẩm,False
1565661,Sách Chỉ Cần Mẩu Khăn Giấy (Tái Bản 2018),123000.0,4.8,574,https://tiki.vn/sach-chi-can-mau-khan-giay-tai-ban-2018-p1565661.html?spid=1566609,Tiki,Mỹ phẩm,False
886154,Sách Có Điều Kiện Cứ Thể Hiện - Chuyện Công Ở Xứ Cụt,44660.0,4.8,544,https://tiki.vn/sach-co-dieu-kien-cu-the-hien-chuyen-cong-o-xu-cut-p886154.html?spid=886160,Tiki,Mỹ phẩm,False
598628,Sách Sửa Đổi Lối Làm Việc (Khổ Nhỏ),37000.0,4.8,805,https://tiki.vn/sach-sua-doi-loi-lam-viec-kho-nho-p598628.html?spid=598638,Tiki,Mỹ phẩm,False
446480,Sách Kỹ Năng Đi Trước Đam Mê,115000.0,5.0,168,https://tiki.vn/sach-ky-nang-di-truoc-dam-me-p446480.html?spid=184783223,Tiki,Mỹ phẩm,False
279213881,"Gõ Cửa Nghề Sales - Cứ Gõ Cửa Sẽ Mở - BQ9S: Định Hình Tư Duy, Kỹ Năng & Hệ Thống Sales Hiện Đại - Nguyễn Bão Quốc - Alpha Books",160400.0,0.0,2,https://tiki.vn/go-cua-nghe-sales-cu-go-cua-se-mo-bq9s-dinh-hinh-tu-duy-ky-nang-he-thong-sales-hien-dai-nguyen-bao-quoc-alpha-books-p279213881.html?spid=279224157,Tiki,Mỹ phẩm,False
279067201,Chiến Lược Đại Dương Xanh – Nghệ thuật tạo ra thị trường không cạnh tranh,119000.0,0.0,1,https://tiki.vn/chien-luoc-dai-duong-xanh-nghe-thuat-tao-ra-thi-truong-khong-canh-tranh-p279067201.html?spid=279067202,Tiki,Mỹ phẩm,False
278870984,Tư Duy Thiết Kế Và Các Chỉ Số Đo Lường Đổi Mới Sáng Tạo,339000.0,0.0,1,https://tiki.vn/tu-duy-thiet-ke-va-cac-chi-so-do-luong-doi-moi-sang-tao-p278870984.html?spid=278880210,Tiki,Mỹ phẩm,True
278446370,Sách Tư Duy Đa Chiều,117100.0,5.0,14,https://tiki.vn/sach-tu-duy-da-chieu-p278446370.html?spid=278446371,Tiki,Mỹ phẩm,False
278169526,Sách NVIDIA - Gã Khổng Lồ Công Nghệ Thống Trị Chip Bán Dẫn AI,123700.0,0.0,33,https://tiki.vn/sach-nvidia-ga-khong-lo-cong-nghe-thong-tri-chip-ban-dan-ai-p278169526.html?spid=278169529,Tiki,Mỹ phẩm,False
278089725,Sách Mastering AI - Ứng Dụng Trí Tuệ Nhân Tạo Để Làm Chủ Tương Lai,143300.0,5.0,63,https://tiki.vn/sach-mastering-ai-ung-dung-tri-tue-nhan-tao-de-lam-chu-tuong-lai-p278089725.html?spid=278089727,Tiki,Mỹ phẩm,False
278035269,Sách AI Trong Chăm Sóc Sức Khỏe,156400.0,5.0,26,https://tiki.vn/sach-ai-trong-cham-soc-suc-khoe-p278035269.html?spid=278035272,Tiki,Mỹ phẩm,False
277923270,Sách Thuật Sinh Tồn Thời AI,89000.0,0.0,16,https://tiki.vn/sach-thuat-sinh-ton-thoi-ai-p277923270.html?spid=277923273,Tiki,Mỹ phẩm,False
276833384,Bộ 3 Cuốn Sách Kiếm Tiền Cùng ChatGPT - Đồ Họa AI - Viết Và Sáng Tạo Nội Dung - Vanlangbooks,711200.0,4.5,19,https://tiki.vn/bo-3-cuon-sach-kiem-tien-cung-chatgpt-do-hoa-ai-viet-va-sang-tao-noi-dung-vanlangbooks-p276833384.html?spid=276833385,Tiki,Mỹ phẩm,True
275569822,6 Bí Quyết Quản Lý Dự Án Hiệu Quả - Vanlangbooks,54600.0,0.0,8,https://tiki.vn/6-bi-quyet-quan-ly-du-an-hieu-qua-vanlangbooks-p275569822.html?spid=275569823,Tiki,Mỹ phẩm,False
275152249,Sách - Human Design,132000.0,1.0,13,https://tiki.vn/sach-human-design-p275152249.html?spid=279335056,Tiki,Mỹ phẩm,False
273911638,"Gieo Thói Quen Nhỏ, Gặt Thành Công Lớn",84000.0,5.0,402,https://tiki.vn/gieo-thoi-quen-nho-gat-thanh-cong-lon-p273911638.html?spid=74796722,Tiki,Mỹ phẩm,False
272420246,"Event Planning - Tổ Chức Sự Kiện, Nâng Tầm Thương Hiệu",84500.0,4.5,58,https://tiki.vn/event-planning-to-chuc-su-kien-nang-tam-thuong-hieu-p272420246.html?spid=272420247,Tiki,Mỹ phẩm,False
271381318,Sách Biết Người Dùng Người Quản Người (Bìa Mềm),98600.0,0.0,54,https://tiki.vn/sach-biet-nguoi-dung-nguoi-quan-nguoi-bia-mem-p271381318.html?spid=271381330,Tiki,Mỹ phẩm,False
250264392, Dạy con làm giàu Tập 01 - NXB Trẻ,80000.0,5.0,21,https://tiki.vn/day-con-lam-giau-tap-01-nxb-tre-p250264392.html?spid=250264393,Tiki,Mỹ phẩm,False
247686079,Sách - The Design Thinking Toolbox - Bộ Công Cụ Tư Duy Thiết Kế,254000.0,0.0,27,https://tiki.vn/sach-the-design-thinking-toolbox-bo-cong-cu-tu-duy-thiet-ke-p247686079.html?spid=270906773,Tiki,Mỹ phẩm,False
241758784,Sách Đánh Giá Kết Quả Đào Tạo,178600.0,5.0,202,https://tiki.vn/sach-danh-gia-ket-qua-dao-tao-p241758784.html?spid=241758786,Tiki,Mỹ phẩm,False
219134715,Sách Nghệ Thuật Thiết Kế Game,332900.0,5.0,31,https://tiki.vn/sach-nghe-thuat-thiet-ke-game-p219134715.html?spid=219134716,Tiki,Mỹ phẩm,True
195801313,Sách Bộ HBR Phát Triển Sự Nghiệp,477000.0,5.0,59,https://tiki.vn/sach-bo-hbr-phat-trien-su-nghiep-p195801313.html?spid=195801316,Tiki,Mỹ phẩm,True
194104222,Sách Thiết Kế Sự Nghiệp Cá Nhân,134000.0,4.8,181,https://tiki.vn/sach-thiet-ke-su-nghiep-ca-nhan-p194104222.html?spid=194104224,Tiki,Mỹ phẩm,False
180850900,Tư Duy Nhanh và Chậm ( Tái bản 2022 ),228000.0,4.5,95,https://tiki.vn/tu-duy-nhanh-va-cham-tai-ban-2022-p180850900.html?spid=212582644,Tiki,Mỹ phẩm,False
178032065,Sách Thuật Thiết Lập Và Hoàn Thành Mục Tiêu,103400.0,5.0,153,https://tiki.vn/sach-thuat-thiet-lap-va-hoan-thanh-muc-tieu-p178032065.html?spid=178032066,Tiki,Mỹ phẩm,False
173515430,Sách Khám Phá Vận Mệnh - 7 Bước Đánh Thức Bản Thân,112000.0,5.0,709,https://tiki.vn/sach-kham-pha-van-menh-7-buoc-danh-thuc-ban-than-p173515430.html?spid=173515432,Tiki,Mỹ phẩm,False
171549967,Sách Con Người 80/20: 9 Yếu Tố Cốt Lõi Của Thành Công 80/20 Trong Công Việc,78000.0,5.0,182,https://tiki.vn/sach-con-nguoi-80-20-9-yeu-to-cot-loi-cua-thanh-cong-80-20-trong-cong-viec-p171549967.html?spid=171549969,Tiki,Mỹ phẩm,False
170708211,Sách Hùng Biện Kiểu Ted 1,129400.0,4.5,145,https://tiki.vn/sach-hung-bien-kieu-ted-1-p170708211.html?spid=170708212,Tiki,Mỹ phẩm,False
69219921,"Sách OKRs - Hiểu Đúng, Làm Đúng - Cách Để Áp Dụng Thành Công OKRs Ngay Từ Đầu",176800.0,4.8,3497,https://tiki.vn/sach-okrs-hieu-dung-lam-dung-cach-de-ap-dung-thanh-cong-okrs-ngay-tu-dau-p69219921.html?spid=69219922,Tiki,Mỹ phẩm,False
68399020,Sách 5 Phương Thức Ghi Nhận Nỗ Lực Của Nhân Viên,80800.0,5.0,297,https://tiki.vn/sach-5-phuong-thuc-ghi-nhan-no-luc-cua-nhan-vien-p68399020.html?spid=73314001,Tiki,Mỹ phẩm,False
54928497,Combo Sách Làm Giàu Hay và Hiệu Quả: Think & Grow Rich - Nghĩ Giàu Và Làm Giàu + Dạy Con Làm Giàu (Tập 1) - Để Không Có Tiền Vẫn Tạo Ra Tiền - Cha Giàu Cha Nghèo (Tái Bản) ,182000.0,0.0,1,https://tiki.vn/combo-sach-lam-giau-hay-va-hieu-qua-think-grow-rich-nghi-giau-va-lam-giau-day-con-lam-giau-tap-1-de-khong-co-tien-van-tao-ra-tien-cha-giau-cha-ngheo-tai-ban-p54928497.html?spid=277048586,Tiki,Mỹ phẩm,False
52807442,Sách Để Trở Thành Người Bán Hàng Giỏi Nhất Thế Giới(Tái bản 2020),125900.0,4.6,193,https://tiki.vn/sach-de-tro-thanh-nguoi-ban-hang-gioi-nhat-the-gioi-tai-ban-2020-p52807442.html?spid=102695587,Tiki,Mỹ phẩm,False
24155178,Sách Mưu Hèn Kế Bẩn Nơi Công Sở (Tái Bản),118000.0,5.0,28,https://tiki.vn/sach-muu-hen-ke-ban-noi-cong-so-tai-ban-p24155178.html?spid=70771607,Tiki,Mỹ phẩm,False
7021477,Sách Cạnh Tranh Không Cần May Mắn,116000.0,4.8,330,https://tiki.vn/sach-canh-tranh-khong-can-may-man-p7021477.html?spid=7021479,Tiki,Mỹ phẩm,False
6778697,Sách Nền Kinh Tế Tăng Trưởng Và Sụp Đổ Như Thế Nào? (Tái Bản),157520.0,5.0,50,https://tiki.vn/sach-nen-kinh-te-tang-truong-va-sup-do-nhu-the-nao-tai-ban-p6778697.html?spid=162148841,Tiki,Mỹ phẩm,False
5490667,Quyền Lực Mềm,119000.0,4.7,197,https://tiki.vn/quyen-luc-mem-p5490667.html?spid=66566702,Tiki,Mỹ phẩm,False
4393167,Sách Bộ Jim Rohn (Trọn Bộ 5 Cuốn) - Tái Bản,441350.0,4.6,110,https://tiki.vn/sach-bo-jim-rohn-tron-bo-5-cuon-tai-ban-p4393167.html?spid=71024722,Tiki,Mỹ phẩm,True
4319337,Sách Tạo Dựng Thương Hiệu Cá Nhân,81750.0,4.8,678,https://tiki.vn/sach-tao-dung-thuong-hieu-ca-nhan-p4319337.html?spid=55708027,Tiki,Mỹ phẩm,False
2917519,Sách Thấu Hiểu Hệ Thống,159000.0,0.0,3,https://tiki.vn/sach-thau-hieu-he-thong-p2917519.html?spid=214789647,Tiki,Mỹ phẩm,False
2316649,Sách Vận Hành Tinh Gọn,109200.0,4.6,1392,https://tiki.vn/sach-van-hanh-tinh-gon-p2316649.html?spid=2337717,Tiki,Mỹ phẩm,False
2290081,Sách Những Điều Trường Harvard Vẫn Không Dạy Bạn (Tái Bản),92800.0,4.3,360,https://tiki.vn/sach-nhung-dieu-truong-harvard-van-khong-day-ban-tai-ban-p2290081.html?spid=2290083,Tiki,Mỹ phẩm,False
1732659,Sách Mô Hình Kinh Doanh Nhóm,185000.0,4.6,1886,https://tiki.vn/sach-mo-hinh-kinh-doanh-nhom-p1732659.html?spid=1733473,Tiki,Mỹ phẩm,False
345465,Sách Những Đòn Tâm Lý Trong Thuyết Phục,194000.0,5.0,43,https://tiki.vn/sach-nhung-don-tam-ly-trong-thuyet-phuc-p345465.html?spid=271799072,Tiki,Mỹ phẩm,False
278443307,Sách Người Viết Tiến - Thoái Cùng AI,90000.0,0.0,26,https://tiki.vn/sach-nguoi-viet-tien-thoai-cung-ai-p278443307.html?spid=278443311,Tiki,Mỹ phẩm,False
278169527,Sách Ứng Dụng Tư Duy Hệ Thống Trong Công Việc,114000.0,0.0,18,https://tiki.vn/sach-ung-dung-tu-duy-he-thong-trong-cong-viec-p278169527.html?spid=278169528,Tiki,Mỹ phẩm,False
278015817,Sách - Kỹ Năng Tư Duy Thực Chiến,126750.0,0.0,3,https://tiki.vn/sach-ky-nang-tu-duy-chien-luoc-p278015817.html?spid=278015818,Tiki,Mỹ phẩm,False
278014950,Sách Lãnh Đạo Bản Thân,112000.0,5.0,19,https://tiki.vn/sach-lanh-dao-ban-than-p278014950.html?spid=278014952,Tiki,Mỹ phẩm,False
277522348,Sách 30 Bí Kíp Làm Việc Tại Nhật Bản,53000.0,0.0,17,https://tiki.vn/sach-30-bi-kip-lam-viec-tai-nhat-ban-p277522348.html?spid=277522349,Tiki,Mỹ phẩm,False
276509018,Sách Hồi Ức Về Một Thiên Tài Đầu Tư Chứng Khoán,135200.0,4.0,85,https://tiki.vn/sach-hoi-uc-ve-mot-thien-tai-dau-tu-chung-khoan-p276509018.html?spid=276509021,Tiki,Mỹ phẩm,False
276504813,Bộ công cụ tài liệu tặng kèm cuốn Thành Thạo Soạn thảo Văn bản Word: Mẹo và các Lỗi thường gặp,159000.0,0.0,3,https://tiki.vn/bo-cong-cu-tai-lieu-tang-kem-cuon-thanh-thao-soan-thao-van-ban-word-meo-va-cac-loi-thuong-gap-p276504813.html?spid=276504814,Tiki,Mỹ phẩm,False
275803730,Sức Mạnh Của Việc Đặt Câu Hỏi Tại Sao,84000.0,5.0,18,https://tiki.vn/suc-manh-cua-viec-dat-cau-hoi-tai-sao-p275803730.html?spid=76448930,Tiki,Mỹ phẩm,False
275068865,Sách - Chốt Đơn Trong 3 Phút,146250.0,5.0,5,https://tiki.vn/sach-chot-don-trong-3-phut-p275068865.html?spid=275068866,Tiki,Mỹ phẩm,False
274101256,The Art Of Strategy - Nghệ Thuật Tư Duy Chiến Lược,203000.0,4.7,2825,https://tiki.vn/the-art-of-strategy-nghe-thuat-tu-duy-chien-luoc-p274101256.html?spid=68562407,Tiki,Mỹ phẩm,False
273896690,Những Bố Già Châu Á,169000.0,5.0,205,https://tiki.vn/nhung-bo-gia-chau-a-p273896690.html?spid=59323688,Tiki,Mỹ phẩm,False
273218423,Sách - Quản Lý Nghiệp - Thái Hà Books,53130.0,0.0,10,https://tiki.vn/sach-quan-ly-nghiep-thai-ha-books-p273218423.html?spid=273218424,Tiki,Mỹ phẩm,False
271660051,SUY NGHĨ THỐNG KÊ TRONG ĐỜI THƯỜNG,165000.0,0.0,1,https://tiki.vn/suy-nghi-thong-ke-trong-doi-thuong-p271660051.html?spid=274776713,Tiki,Mỹ phẩm,False
208198122,Sách Brian Tracy - Thuật Hùng Biện,93500.0,5.0,139,https://tiki.vn/sach-brian-tracy-thuat-hung-bien-p208198122.html?spid=208198124,Tiki,Mỹ phẩm,False
205279736,Làm Chủ Giọng Nói Trong Đầu,95000.0,4.7,47,https://tiki.vn/lam-chu-giong-noi-trong-dau-p205279736.html?spid=205279737,Tiki,Mỹ phẩm,False
202462019,Kỹ Năng Quản Lý Thời Gian,146250.0,4.7,690,https://tiki.vn/ky-nang-quan-ly-thoi-gian-p202462019.html?spid=202462020,Tiki,Mỹ phẩm,False
202015688,Sách Chinh Phục Kỹ Năng Viết Văn Tiếng Hoa Toàn Tập (Tái Bản 2022),108000.0,4.7,84,https://tiki.vn/sach-chinh-phuc-ky-nang-viet-van-tieng-hoa-toan-tap-tai-ban-2022-p202015688.html?spid=202015689,Tiki,Mỹ phẩm,False
190755678,Sách Nghệ Thuật Thuyết Phục Người Khác,79000.0,0.0,38,https://tiki.vn/sach-nghe-thuat-thuyet-phuc-nguoi-khac-p190755678.html?spid=190755679,Tiki,Mỹ phẩm,False
138504792,Sách OKR Căn Bản,109300.0,4.7,114,https://tiki.vn/sach-okr-can-ban-p138504792.html?spid=138504794,Tiki,Mỹ phẩm,False
129381084,Sách Chuyển Đổi Số: 6 Câu Hỏi Giúp Bạn Xây Dựng Doanh Nghiệp Thế Hệ Mới,91000.0,5.0,197,https://tiki.vn/sach-chuyen-doi-so-6-cau-hoi-giup-ban-xay-dung-doanh-nghiep-the-he-moi-p129381084.html?spid=129381085,Tiki,Mỹ phẩm,False
113398558,Sách - HBR Guide 2021: Kỹ Năng Quản Lý Chuyên Sâu Từ Harvard Business Review ( Bộ 10 cuốn + tặng kèm boxset),595000.0,0.0,8,https://tiki.vn/sach-hbr-guide-2021-ky-nang-quan-ly-chuyen-sau-tu-harvard-business-review-bo-10-cuon-tang-kem-boxset-p113398558.html?spid=134404532,Tiki,Mỹ phẩm,True
106153848,Sách Kẻ Thành Công Phải Biết Lắng Nghe (Tái Bản),99300.0,4.2,55,https://tiki.vn/sach-ke-thanh-cong-phai-biet-lang-nghe-tai-ban-p106153848.html?spid=106153850,Tiki,Mỹ phẩm,False
76601014,Sách The Money Hackers - Cách Mạng Fintech,80300.0,4.7,209,https://tiki.vn/sach-the-money-hackers-cach-mang-fintech-p76601014.html?spid=76601015,Tiki,Mỹ phẩm,False
41299104,Sách Lợi Thế Bán Hàng (Tái Bản),106260.0,4.8,675,https://tiki.vn/sach-loi-the-ban-hang-tai-ban-p41299104.html?spid=41299105,Tiki,Mỹ phẩm,False
41294593,Sách Cách Tạo Ra Những Sản Phẩm Trường Tồn,69100.0,4.5,178,https://tiki.vn/sach-cach-tao-ra-nhung-san-pham-truong-ton-p41294593.html?spid=41294594,Tiki,Mỹ phẩm,False
34452531,Combo Sách Thịnh Vượng Tài Chính Tuổi 30 (Trọn bộ 2 Tập) (Tặng Kèm Sổ Tay),187200.0,4.8,392,https://tiki.vn/combo-sach-thinh-vuong-tai-chinh-tuoi-30-tron-bo-2-tap-tang-kem-so-tay-p34452531.html?spid=34452532,Tiki,Mỹ phẩm,False
34230855,Sách Điều Kỳ Diệu Của Xác Lập Mục Tiêu,51700.0,4.5,122,https://tiki.vn/sach-dieu-ky-dieu-cua-xac-lap-muc-tieu-p34230855.html?spid=34230856,Tiki,Mỹ phẩm,False
15248193,Combo Năng Đoạn Kim Cương và Nghiệp Tình Yêu (Tặng Kèm Sổ Tay),389300.0,5.0,342,https://tiki.vn/combo-nang-doan-kim-cuong-va-nghiep-tinh-yeu-tang-kem-so-tay-p15248193.html?spid=15248194,Tiki,Mỹ phẩm,True
12221362,Sách Musk Mania - Cơn Cuồng Musk,59290.0,4.5,242,https://tiki.vn/sach-musk-mania-con-cuong-musk-p12221362.html?spid=12221363,Tiki,Mỹ phẩm,False
6512125,Sách Mba Trong Đời Thực,84000.0,5.0,325,https://tiki.vn/sach-mba-trong-doi-thuc-p6512125.html?spid=6512127,Tiki,Mỹ phẩm,False
3311725,Sách Tư Duy Logic (Tái Bản 2018),75600.0,0.0,1,https://tiki.vn/sach-tu-duy-logic-tai-ban-2018-p3311725.html?spid=89920491,Tiki,Mỹ phẩm,False
2429811,Tư Duy Phản Biện,81750.0,4.8,252,https://tiki.vn/tu-duy-phan-bien-p2429811.html?spid=101470855,Tiki,Mỹ phẩm,False
1914679,Sách Bí Mật Của Cảm Hứng Và Say Mê,44660.0,4.8,120,https://tiki.vn/sach-bi-mat-cua-cam-hung-va-say-me-p1914679.html?spid=1914681,Tiki,Mỹ phẩm,False
1625603,"Phụ Nữ Hiện Đại Nghĩ Giàu Và Làm Giàu - Cuốn Sách Mang Đến Kim Chỉ Nam Thành Công, Hạnh Phúc Cho Một Nửa Thế Giới",110880.0,4.8,840,https://tiki.vn/phu-nu-hien-dai-nghi-giau-va-lam-giau-cuon-sach-mang-den-kim-chi-nam-thanh-cong-hanh-phuc-cho-mot-nua-the-gioi-p1625603.html?spid=1625605,Tiki,Mỹ phẩm,False
1577283,Sách Trí Tuệ Băng Giám,112040.0,4.3,253,https://tiki.vn/sach-tri-tue-bang-giam-p1577283.html?spid=1577331,Tiki,Mỹ phẩm,False
1565657,Sách Dốc Hết Trái Tim - Cách Starbucks Xây Dựng Công Ty Bằng Từng Tách Cà Phê (Tái Bản 2018),150000.0,0.0,2,https://tiki.vn/sach-doc-het-trai-tim-cach-starbucks-xay-dung-cong-ty-bang-tung-tach-ca-phe-tai-ban-2018-p1565657.html?spid=273242008,Tiki,Mỹ phẩm,False
1352349,Sách HBR Guide To – Trình Bày Thuyết Phục (Tái Bản 2018),78400.0,4.8,888,https://tiki.vn/sach-hbr-guide-to-trinh-bay-thuyet-phuc-tai-ban-2018-p1352349.html?spid=1353077,Tiki,Mỹ phẩm,False
991941,Sách Trang Bị 101 – Những Điều Nhà Lãnh Đạo Cần Biết,70520.0,5.0,14,https://tiki.vn/sach-trang-bi-101-nhung-dieu-nha-lanh-dao-can-biet-p991941.html?spid=164092008,Tiki,Mỹ phẩm,False
558403,Sách Binh Pháp Tôn Tử Ứng Dụng Trong Cuộc Sống,230000.0,4.5,158,https://tiki.vn/sach-binh-phap-ton-tu-ung-dung-trong-cuoc-song-p558403.html?spid=1044776,Tiki,Mỹ phẩm,False
337587,Sách Bảo Mật Thông Tin Nơi Công Sở - 50 Điều Lưu Ý Để Bảo Vệ Bí Mật Cho Công Ty,30600.0,5.0,8,https://tiki.vn/sach-bao-mat-thong-tin-noi-cong-so-50-dieu-luu-y-de-bao-ve-bi-mat-cho-cong-ty-p337587.html?spid=143700570,Tiki,Mỹ phẩm,False
278737256,Sách Giáo trình Kế toán Xuất Nhập Khẩu,109800.0,0.0,4,https://tiki.vn/sach-giao-trinh-ke-toan-xuat-nhap-khau-p278737256.html?spid=278737257,Tiki,Mỹ phẩm,False
278730204,Bộ Sách Tính Hiệu Quả - Hoàng Nam Tiến: 13 Bài Giảng Của Giáo Tiến+ Quy Tắc Làm Việc Của Google+ Mục Tiêu,186000.0,0.0,0,https://tiki.vn/combo-le-tinh-hieu-qua-hoang-nam-tien-13-bai-giang-cua-giao-tien-quy-tac-lam-viec-cua-google-muc-tieu-p278730204.html?spid=278730218,Tiki,Mỹ phẩm,False
275900290,Sách Cẩm Nang Tư Duy Học Tập Và Nghiên Cứu,29900.0,4.6,42,https://tiki.vn/sach-cam-nang-tu-duy-hoc-tap-va-nghien-cuu-p275900290.html?spid=275900293,Tiki,Mỹ phẩm,False
274917137,Sách TRỢ LÝ THỜI HIỆN ĐẠI - BÍ QUYẾT THÀNH CÔNG CHO NGƯỜI LÀM TRỢ LÝ & CHUYÊN VIÊN HÀNH CHÍNH THỜI 4.0,249000.0,5.0,50,https://tiki.vn/sach-tro-ly-thoi-hien-dai-p274917137.html?spid=274917138,Tiki,Mỹ phẩm,False
274746814,"Viết Sao Cho Hay, Bán Sao Cho Chạy",318000.0,5.0,32,https://tiki.vn/viet-sao-cho-hay-ban-sao-cho-chay-p274746814.html?spid=274746815,Tiki,Mỹ phẩm,True
274544984,Những Bố Già Châu Á ( Trạm Đọc - Tái Bản 2024),169000.0,4.0,18,https://tiki.vn/nhung-bo-gia-chau-a-tram-doc-tai-ban-2024-p274544984.html?spid=274645203,Tiki,Mỹ phẩm,False
274541737,Kỹ Năng Quản Trị Học Tập (Eat That Frog! for Students) - Brian Tracy và Anna Leinberger - IRED Books,156750.0,5.0,21,https://tiki.vn/ky-nang-quan-tri-hoc-tap-eat-that-frog-for-students-brian-tracy-va-anna-leinberger-ired-books-p274541737.html?spid=274541738,Tiki,Mỹ phẩm,False
273929004,Động Lực Chèo Lái Hành Vi,118000.0,4.8,237,https://tiki.vn/dong-luc-cheo-lai-hanh-vi-p273929004.html?spid=114987710,Tiki,Mỹ phẩm,False
273134920,Sách Cú Đánh Thức Tỉnh Trí Sáng Tạo,80600.0,4.8,31,https://tiki.vn/sach-cu-danh-thuc-tinh-tri-sang-tao-p273134920.html?spid=273134923,Tiki,Mỹ phẩm,False
271218688,Sách Bộ Công Cụ Nâng Cao Hiệu Suất Làm Việc Nhóm,185000.0,5.0,138,https://tiki.vn/sach-bo-cong-cu-nang-cao-hieu-suat-lam-viec-nhom-p271218688.html?spid=271218689,Tiki,Mỹ phẩm,False
270820820,Sách - Think and grow rich - NAPONEON HILL 13 nguyên tắc nghĩ giàu và làm giàu (bìa cứng),145000.0,0.0,1,https://tiki.vn/sach-think-and-grow-rich-naponeon-hill-13-nguyen-tac-nghi-giau-va-lam-giau-bia-cung-p270820820.html?spid=275063659,Tiki,Mỹ phẩm,False
263023509,"Bản Chất Của Trưởng Nhóm - Khi Team-Work""Không Còn Là Tao-Work",131200.0,0.0,84,https://tiki.vn/ban-chat-cua-truong-nhom-khi-team-work-khong-con-la-tao-work-p263023509.html?spid=263023510,Tiki,Mỹ phẩm,False
261969114,Sách Khiến Người Khác Thay Đổi Suy Nghĩ: Nghệ Thuật Gây Ảnh Hưởng Mà Không Thao Túng,86000.0,5.0,33,https://tiki.vn/sach-khien-nguoi-khac-thay-doi-suy-nghi-nghe-thuat-gay-anh-huong-ma-khong-thao-tung-p261969114.html?spid=261969115,Tiki,Mỹ phẩm,False
248644102,Sách Tư Duy Tối Giản,92700.0,5.0,69,https://tiki.vn/sach-tu-duy-toi-gian-p248644102.html?spid=248644108,Tiki,Mỹ phẩm,False
221223552,Sách Sáng Tạo Sâu Thâu Ý Tưởng,51000.0,5.0,48,https://tiki.vn/sach-sang-tao-sau-thau-y-tuong-p221223552.html?spid=221223553,Tiki,Mỹ phẩm,False
215739378,Huy Động Vốn: Khó Mà Dễ - những kiến thức cũng như kinh nghiệm đã được đúc kết từ thực tế về huy động vốn trong khởi nghiệp,89000.0,0.0,0,https://tiki.vn/huy-dong-von-kho-ma-de-nhung-kien-thuc-cung-nhu-kinh-nghiem-da-duoc-duc-ket-tu-thuc-te-ve-huy-dong-von-trong-khoi-nghiep-p215739378.html?spid=247528140,Tiki,Mỹ phẩm,False
206837193,Sách Khách Hàng Thật Sự Cần Gì?,117000.0,4.8,310,https://tiki.vn/sach-khach-hang-that-su-can-gi-p206837193.html?spid=206837196,Tiki,Mỹ phẩm,False
202425483,"Làm Chủ Thời Gian, Nâng Cao Hiệu Suất, Thành Công Vượt Trội",84500.0,0.0,5,https://tiki.vn/lam-chu-thoi-gian-nang-cao-hieu-suat-thanh-cong-vuot-troi-p202425483.html?spid=202425484,Tiki,Mỹ phẩm,False
202028583,Sách Phân Tích Dữ Liệu Với R (Tái Bản 2022),250000.0,5.0,29,https://tiki.vn/sach-phan-tich-du-lieu-voi-r-tai-ban-2022-p202028583.html?spid=247795504,Tiki,Mỹ phẩm,False
196283632,Sách WORK WITH ME - 8 Điểm Mù Tư duy giữa nam và nữ trong công việc,90300.0,5.0,45,https://tiki.vn/sach-work-with-me-8-diem-mu-tu-duy-giua-nam-va-nu-trong-cong-viec-p196283632.html?spid=196283634,Tiki,Mỹ phẩm,False
195801642,Sách Tư Duy Sáng Tạo: Làm Chủ 6 Kỹ Năng Khơi Nguồn Đổi Mới,86000.0,5.0,89,https://tiki.vn/sach-tu-duy-sang-tao-lam-chu-6-ky-nang-khoi-nguon-doi-moi-p195801642.html?spid=195801651,Tiki,Mỹ phẩm,False
194104214,"Sách Độc Thân Không Phải ""Ế""",104000.0,5.0,54,https://tiki.vn/sach-doc-than-khong-phai-e-p194104214.html?spid=194104217,Tiki,Mỹ phẩm,False
160262893,"Giao Tiếp Bất Bạo Động (Nonviolent Communication) - Marshall B. Rosenberg, Ph.D - PACE Books",147000.0,0.0,17,https://tiki.vn/giao-tiep-bat-bao-dong-nonviolent-communication-marshall-b-rosenberg-ph-d-pace-books-p160262893.html?spid=275301600,Tiki,Mỹ phẩm,False
150869018,Nghệ Thuật Làm Việc Tuyệt Vời Của TOYOTA,112500.0,5.0,51,https://tiki.vn/nghe-thuat-lam-viec-tuyet-voi-cua-toyota-p150869018.html?spid=205986507,Tiki,Mỹ phẩm,False
107350113,Làm Chủ Bình Minh - Sống Đời Xuất Chúng,153550.0,4.7,53,https://tiki.vn/lam-chu-binh-minh-song-doi-xuat-chung-p107350113.html?spid=107350114,Tiki,Mỹ phẩm,False
75630591,Sách Người Đồng Đội Lý Tưởng,94900.0,5.0,179,https://tiki.vn/sach-nguoi-dong-doi-ly-tuong-p75630591.html?spid=75630592,Tiki,Mỹ phẩm,False
68267305,Sách Quản Lý Bằng Thiện Chí - Thực Hành,57850.0,4.0,3,https://tiki.vn/sach-quan-ly-bang-thien-chi-thuc-hanh-p68267305.html?spid=68430811,Tiki,Mỹ phẩm,False
57798819,Sách OKR - Phương Pháp Thiết Lập Mục Tiêu Và Quản Lý Công Việc Vượt Trội,96750.0,4.6,225,https://tiki.vn/sach-okr-phuong-phap-thiet-lap-muc-tieu-va-quan-ly-cong-viec-vuot-troi-p57798819.html?spid=59240035,Tiki,Mỹ phẩm,False
53693493,Sách Think And Grow Rich - 13 Nguyên Tắc Nghĩ Giàu Làm Giàu - Bìa Mềm (Tái Bản 2020),126500.0,5.0,18,https://tiki.vn/sach-think-and-grow-rich-13-nguyen-tac-nghi-giau-lam-giau-bia-mem-tai-ban-2020-p53693493.html?spid=55445052,Tiki,Mỹ phẩm,False
37407347,Sách Lấy Khách Hàng Làm Trung Tâm - Yếu Tố Phát Triển Thương Hiệu Bền Vững,98000.0,5.0,229,https://tiki.vn/sach-lay-khach-hang-lam-trung-tam-yeu-to-phat-trien-thuong-hieu-ben-vung-p37407347.html?spid=37407348,Tiki,Mỹ phẩm,False
11221400,Sách Đam Mê - Bí Quyết Tạo Thành Công (Tái Bản 2019),58520.0,4.7,806,https://tiki.vn/sach-dam-me-bi-quyet-tao-thanh-cong-tai-ban-2019-p11221400.html?spid=11221401,Tiki,Mỹ phẩm,False
8840449,Sách Nguyên Tắc Kinh Doanh Của Brian Tracy,111750.0,5.0,55,https://tiki.vn/sach-nguyen-tac-kinh-doanh-cua-brian-tracy-p8840449.html?spid=55704558,Tiki,Mỹ phẩm,False
5503097,Sách Harvard Business Review - On Innovation - Đổi Mới Sáng Tạo,139300.0,4.2,1097,https://tiki.vn/sach-harvard-business-review-on-innovation-doi-moi-sang-tao-p5503097.html?spid=5503099,Tiki,Mỹ phẩm,False
5503093,Sách Harvard Business Review - ON COMMUNICATION - Truyền Thông Giao Tiếp,143700.0,4.5,1239,https://tiki.vn/sach-harvard-business-review-on-communication-truyen-thong-giao-tiep-p5503093.html?spid=5503095,Tiki,Mỹ phẩm,False
5503089,Sách Harvard Business Review - ON STRATEGIC MARKETING - Marketing Chiến Lược,141400.0,4.3,1405,https://tiki.vn/sach-harvard-business-review-on-strategic-marketing-marketing-chien-luoc-p5503089.html?spid=5503091,Tiki,Mỹ phẩm,False
2128471,Sách Hoàn Thành Mọi Việc Không Hề Khó (Tái Bản),160000.0,5.0,66,https://tiki.vn/sach-hoan-thanh-moi-viec-khong-he-kho-tai-ban-p2128471.html?spid=59565112,Tiki,Mỹ phẩm,False
2027775,Sách Những Người Thành Công Nhất Làm Gì Trước Bữa Sáng? (Tái Bản),60500.0,4.5,471,https://tiki.vn/sach-nhung-nguoi-thanh-cong-nhat-lam-gi-truoc-bua-sang-tai-ban-p2027775.html?spid=2027833,Tiki,Mỹ phẩm,False
927193,Sách 101 Mẹo Đối Phó Với Sếp,59000.0,4.5,263,https://tiki.vn/sach-101-meo-doi-pho-voi-sep-p927193.html?spid=1100094,Tiki,Mỹ phẩm,False
602458,Sách Tư Duy Logic,106350.0,0.0,11,https://tiki.vn/sach-tu-duy-logic-p602458.html?spid=11584631,Tiki,Mỹ phẩm,False
345391,Sách Năng Đoạn Kim Cương (Tái Bản),149000.0,0.0,0,https://tiki.vn/sach-nang-doan-kim-cuong-tai-ban-p345391.html?spid=196230640,Tiki,Mỹ phẩm,False
279106463,Ngân hàng số - Nguyễn Quang Lộc - TH189,159000.0,0.0,2,https://tiki.vn/ngan-hang-so-nguyen-quang-loc-th189-p279106463.html?spid=279106464,Tiki,Mỹ phẩm,False
278961379,KỸ THUẬT AI: XÂY DỰNG ỨNG DỤNG VỚI MÔ HÌNH NỀN TẢNG - CHIP HUYEN - Dịch giả: Lê Thành Hưng - Times Book,555000.0,0.0,17,https://tiki.vn/ky-thuat-ai-xay-dung-ung-dung-voi-mo-hinh-nen-tang-chip-huyen-dich-gia-le-thanh-hung-times-book-p278961379.html?spid=278961380,Tiki,Mỹ phẩm,True
278029327,Sách DeepSeek Thực Chiến,125000.0,0.0,43,https://tiki.vn/sach-deepseek-thuc-chien-p278029327.html?spid=278029328,Tiki,Mỹ phẩm,False
277702259,Sách Brand Storytelling - Tư duy thiết kế trong kể chuyện thương hiệu,133000.0,5.0,64,https://tiki.vn/sach-brand-storytelling-tu-duy-thiet-ke-trong-ke-chuyen-thuong-hieu-p277702259.html?spid=277702260,Tiki,Mỹ phẩm,False
277320529,"Sách - Quản Lý Bất Động Sản Cho Thuê - Tìm Kiếm, Sàng Lọc Và Quản Lý Người Thuê Nhẹ Nhàng Hơn Với Tối Đa Lợi Nhuận - NXB Xây Dựng",545000.0,0.0,1,https://tiki.vn/sach-quan-ly-bat-dong-san-cho-thue-tim-kiem-sang-loc-va-quan-ly-nguoi-thue-nhe-nhang-hon-voi-toi-da-loi-nhuan-nxb-xay-dung-p277320529.html?spid=279333105,Tiki,Mỹ phẩm,True
276375233,"Sách Data Analysis Quyển 2, Ứng Dụng Thực Tế, Kèm Video Hướng Dẫn Thành Thạo Sau 30 Ngày",219000.0,5.0,19,https://tiki.vn/sach-data-analysis-quyen-2-ung-dung-thuc-te-kem-video-huong-dan-thanh-thao-sau-30-ngay-p276375233.html?spid=276375234,Tiki,Mỹ phẩm,False
274587895,Kỹ Năng Quản Trị Học Tập - Dành Cho Học Sinh Và Sinh Viên,140250.0,0.0,0,https://tiki.vn/ky-nang-quan-tri-hoc-tap-p274587895.html?spid=274610555,Tiki,Mỹ phẩm,False
274145492,Sách Bàn Về Đam Mê,137000.0,5.0,25,https://tiki.vn/sach-ban-ve-dam-me-p274145492.html?spid=274145496,Tiki,Mỹ phẩm,False
272999616,Hướng Dẫn Xây Kênh Podcast Từ A - Z,137760.0,5.0,13,https://tiki.vn/huong-dan-xay-kenh-podcast-tu-a-z-p272999616.html?spid=272999617,Tiki,Mỹ phẩm,False
272349549,Sách Chiến lược bứt phá từ MCKINSEY & COMPANY,138600.0,5.0,153,https://tiki.vn/sach-chien-luoc-but-pha-tu-mckinsey-company-p272349549.html?spid=272349550,Tiki,Mỹ phẩm,False
262687940,Nâng tầm dịch vụ ( tái bản 2023),150000.0,0.0,3,https://tiki.vn/nang-tam-dich-vu-tai-ban-2023-p262687940.html?spid=274107414,Tiki,Mỹ phẩm,False
252563291,Vị Giám Đốc Một Phút,58000.0,0.0,0,https://tiki.vn/vi-giam-doc-mot-phut-p252563291.html?spid=270670146,Tiki,Mỹ phẩm,False
251256195,NHỮNG QUY TẮC TƯ DUY,118000.0,0.0,3,https://tiki.vn/nhung-quy-tac-tu-duy-p251256195.html?spid=275969442,Tiki,Mỹ phẩm,False
195192251,Quản Trị Nhân Sự Đúng - The Big Book Of HR,237100.0,0.0,3,https://tiki.vn/quan-tri-nhan-su-dung-the-big-book-of-hr-p195192251.html?spid=195192252,Tiki,Mỹ phẩm,False
192909302,Sách Mỗi Ngày Tiết Kiệm Một Giờ,57000.0,5.0,343,https://tiki.vn/sach-moi-ngay-tiet-kiem-mot-gio-p192909302.html?spid=192909303,Tiki,Mỹ phẩm,False
174586732,"OKRs - Hiểu Đúng, Làm Đúng (Mai Xuân Đạt)",239000.0,0.0,2,https://tiki.vn/okrs-hieu-dung-lam-dung-mai-xuan-dat-p174586732.html?spid=179367801,Tiki,Mỹ phẩm,False
148856051,BIZBOOKS - Sách Tối Đa Hoá Hiệu Suất Công Việc - Việc 12 Tháng Làm Trong 12 Tuần - MinhAnBooks,138580.0,4.8,81,https://tiki.vn/bizbooks-sach-toi-da-hoa-hieu-suat-cong-viec-viec-12-thang-lam-trong-12-tuan-minhanbooks-p148856051.html?spid=153416218,Tiki,Mỹ phẩm,False
106186736,Sách Những Vị Thần Quản Lý,126750.0,5.0,102,https://tiki.vn/sach-nhung-vi-than-quan-ly-p106186736.html?spid=106186742,Tiki,Mỹ phẩm,False
100931416,Bắt Đầu Với Câu Hỏi Tại Sao - Nghệ Thuật Truyền Cảm Hứng Trong Kinh Doanh (Tái Bản),99330.0,4.7,48,https://tiki.vn/bat-dau-voi-cau-hoi-tai-sao-nghe-thuat-truyen-cam-hung-trong-kinh-doanh-tai-ban-p100931416.html?spid=160081089,Tiki,Mỹ phẩm,False
77231614, Sách - Kỹ Năng Sáng Tạo Trong Làm Việc Nhóm,110000.0,0.0,0,https://tiki.vn/sach-ky-nang-sang-tao-trong-lam-viec-nhom-p77231614.html?spid=277050620,Tiki,Mỹ phẩm,False
76217401,Sách Kỹ Năng Giao Tiếp Và Tác Phong Nơi Công Sở,99000.0,5.0,1,https://tiki.vn/sach-ky-nang-giao-tiep-va-tac-phong-noi-cong-so-p76217401.html?spid=274779492,Tiki,Mỹ phẩm,False
75627527,Tối đa hóa hiệu suất công việc - Việc 12 tháng làm trong 12 tuần,130130.0,5.0,27,https://tiki.vn/toi-da-hoa-hieu-suat-cong-viec-viec-12-thang-lam-trong-12-tuan-p75627527.html?spid=277775256,Tiki,Mỹ phẩm,False
74628435,Quái Kiệt Làm Điều Khác Biệt,126000.0,0.0,5,https://tiki.vn/quai-kiet-lam-dieu-khac-biet-p74628435.html?spid=74628436,Tiki,Mỹ phẩm,False
59077389,Sách Khí Phách Nữ Nhân Nơi Công Sở,64000.0,5.0,34,https://tiki.vn/sach-khi-phach-nu-nhan-noi-cong-so-p59077389.html?spid=59300567,Tiki,Mỹ phẩm,False
58696238,Sách Giải Mã Hành Vi – Bắt Gọn Tâm Lý (23 Thủ Thuật Nhìn Thấu Tâm Lý Đối Phương),109725.0,4.7,746,https://tiki.vn/sach-giai-ma-hanh-vi-bat-gon-tam-ly-23-thu-thuat-nhin-thau-tam-ly-doi-phuong-p58696238.html?spid=58696239,Tiki,Mỹ phẩm,False
58616753,Sách Quản Lý Chiến Lược,70400.0,5.0,196,https://tiki.vn/sach-quan-ly-chien-luoc-p58616753.html?spid=58616754,Tiki,Mỹ phẩm,False
57766321,Sách Businessbooks - Kỹ Năng Bán Hàng Đỉnh Cao,70000.0,4.3,52,https://tiki.vn/sach-businessbooks-ky-nang-ban-hang-dinh-cao-p57766321.html?spid=57766323,Tiki,Mỹ phẩm,False
47273271,Sách Inbound Selling - Thay Đổi Phương Thức Bán Hàng Theo Mô Hình Inbound,121660.0,4.8,393,https://tiki.vn/sach-inbound-selling-thay-doi-phuong-thuc-ban-hang-theo-mo-hinh-inbound-p47273271.html?spid=47273272,Tiki,Mỹ phẩm,False
41093465,Cuốn Sách Kỹ Năng Làm Việc Cực Hay: Data Strategy - Chiến Lược Dữ Liệu / Tặng Kèm Bookmark Thiết Kế Happy Life,142200.0,3.5,16,https://tiki.vn/cuon-sach-ky-nang-lam-viec-cuc-hay-data-strategy-chien-luoc-du-lieu-tang-kem-bookmark-thiet-ke-happy-life-p41093465.html?spid=112535595,Tiki,Mỹ phẩm,False
35855829,Sách Inbound PR - Dịch Chuyển Hoạt Động Theo Mô Hình Inbound,83160.0,4.6,415,https://tiki.vn/sach-inbound-pr-dich-chuyen-hoat-dong-theo-mo-hinh-inbound-p35855829.html?spid=35855830,Tiki,Mỹ phẩm,False
32314553,"Không Đọc Sách Này, Vẽ Xấu Ráng Chịu !",88000.0,4.7,994,https://tiki.vn/khong-doc-sach-nay-ve-xau-rang-chiu-p32314553.html?spid=32314554,Tiki,Mỹ phẩm,False
31207517,Nghệ Thuật Tư Duy Chiến Lược (Tặng Tickbook đặc biệt),203000.0,4.7,136,https://tiki.vn/nghe-thuat-tu-duy-chien-luoc-tang-tickbook-dac-biet-p31207517.html?spid=68985700,Tiki,Mỹ phẩm,False
31088842,Combo Warren Buffett - Quá Trình Hình Thành Một Nhà Tư Bản Mỹ + Warren Buffett - Nhà Đầu Tư Vĩ Đại Nhất Thế Giới Dưới Góc Nhìn Truyền Thông + Những Bài Học Đầu Tư Từ Warren Buffett +Phương Pháp Đầu Tư Warren Buffett,791500.0,4.8,43,https://tiki.vn/combo-warren-buffett-qua-trinh-hinh-thanh-mot-nha-tu-ban-my-warren-buffett-nha-dau-tu-vi-dai-nhat-the-gioi-duoi-goc-nhin-truyen-thong-nhung-bai-hoc-dau-tu-tu-warren-buffett-phuong-phap-dau-tu-warren-buffett-p31088842.html?spid=36843636,Tiki,Mỹ phẩm,True
8047926,Combo Sách Thịnh Vượng Tài Chính Tuổi 30 (Trọn bộ 2 Tập) ,190250.0,4.8,504,https://tiki.vn/combo-sach-thinh-vuong-tai-chinh-tuoi-30-tron-bo-2-tap-p8047926.html?spid=12543654,Tiki,Mỹ phẩm,False
5400025,Sách Để Trở Thành Nhà Lãnh Đạo Quần Chúng Xuất Sắc,74800.0,5.0,39,https://tiki.vn/sach-de-tro-thanh-nha-lanh-dao-quan-chung-xuat-sac-p5400025.html?spid=20490794,Tiki,Mỹ phẩm,False
2111643,Sách Chuẩn Bị Để Thăng Tiến Trong Sự Nghiệp,103000.0,4.5,228,https://tiki.vn/sach-chuan-bi-de-thang-tien-trong-su-nghiep-p2111643.html?spid=2111645,Tiki,Mỹ phẩm,False
1665307,Sách MBA Căn Bản,141750.0,4.8,204,https://tiki.vn/sach-mba-can-ban-p1665307.html?spid=99621330,Tiki,Mỹ phẩm,False
1352353,"Sách Gieo Thói Quen Nhỏ, Gặt Thành Công Lớn (Tái Bản 2018)",84000.0,5.0,166,https://tiki.vn/sach-gieo-thoi-quen-nho-gat-thanh-cong-lon-tai-ban-2018-p1352353.html?spid=88962574,Tiki,Mỹ phẩm,False
452629,Sách Đắc Nhân Tâm (Bìa Cứng),79020.0,0.0,0,https://tiki.vn/sach-dac-nhan-tam-bia-cung-p452629.html?spid=274018474,Tiki,Mỹ phẩm,False
438031,Sách Bản Đồ Tư Duy Trong Thuyết Trình,75600.0,0.0,0,https://tiki.vn/sach-ban-do-tu-duy-trong-thuyet-trinh-p438031.html?spid=278319996,Tiki,Mỹ phẩm,False
279370538,Sách nâng cao hiệu suất làm việc: Việc 12 Tháng Làm Trong 12 Tuần + Master Your Life +  Hãy Làm Việc Thông Minh,103360.0,0.0,0,https://tiki.vn/sach-nang-cao-hieu-suat-lam-viec-viec-12-thang-lam-trong-12-tuan-master-your-life-hay-lam-viec-thong-minh-p279370538.html?spid=279370653,Tiki,Mỹ phẩm,False
279310255,Tổ chức và Quản trị Sự kiện,241200.0,0.0,4,https://tiki.vn/to-chuc-va-quan-tri-su-kien-p279310255.html?spid=279310256,Tiki,Mỹ phẩm,False
279308077,Đam Mê - Bí Quyết Tạo Thành Công,76000.0,0.0,0,https://tiki.vn/dam-me-bi-quyet-tao-thanh-cong-p279308077.html?spid=279308078,Tiki,Mỹ phẩm,False
278894454,Nghệ Thuật Ra Quyết Định,90400.0,0.0,3,https://tiki.vn/nghe-thuat-ra-quyet-dinh-p278894454.html?spid=278917042,Tiki,Mỹ phẩm,False
278729989,Kiếm Tiền Cùng ChatGPT - Phân Tích Dữ Liệu,152000.0,0.0,13,https://tiki.vn/kiem-tien-cung-chatgpt-phan-tich-du-lieu-p278729989.html?spid=278729990,Tiki,Mỹ phẩm,False
278357224,Chỉ Đạo Nghệ Thuật Dành Cho Đạo Diễn,360000.0,0.0,0,https://tiki.vn/chi-dao-nghe-thuat-danh-cho-dao-dien-p278357224.html?spid=278813448,Tiki,Mỹ phẩm,True
277921250,Thuật Sinh Tồn Thời AI - Vanlangbooks,108360.0,0.0,2,https://tiki.vn/thuat-sinh-ton-thoi-ai-vanlangbooks-p277921250.html?spid=277921251,Tiki,Mỹ phẩm,False
277910852,Work Clean - Phương Pháp Tổ Chức Công Việc Và Đời Sống Như Một Đầu Bếp Chuyên Nghiệp,198000.0,0.0,2,https://tiki.vn/work-clean-phuong-phap-to-chuc-cong-viec-va-doi-song-nhu-mot-dau-bep-chuyen-nghiep-p277910852.html?spid=277910853,Tiki,Mỹ phẩm,False
277370135,Combo 5 cuốn: Chat GPT + Chat GPT Thực Chiến + AI 5.0 + The AI Edge + AI Công Cụ Nâng Cao Hiệu Suất Công Việc,599900.0,5.0,70,https://tiki.vn/combo-5-cuon-chat-gpt-chat-gpt-thuc-chien-ai-5-0-the-ai-edge-ai-cong-cu-nang-cao-hieu-suat-cong-viec-p277370135.html?spid=277480642,Tiki,Mỹ phẩm,True
277347624,Bộ Sách 11 Cuốn Bí Quyết Thành Công Cùng Brian Tracy- Alpha Books,67000.0,0.0,0,https://tiki.vn/bo-sach-11-cuon-bi-quyet-thanh-cong-cung-brian-tracy-alpha-books-p277347624.html?spid=277347628,Tiki,Mỹ phẩm,False
277005554,Sách - 7 Thói Quen Hiệu Quả - Stephen Covey,250000.0,0.0,2,https://tiki.vn/sach-7-thoi-quen-hieu-qua-stephen-covey-p277005554.html?spid=277005555,Tiki,Mỹ phẩm,False
273718975,"Gieo Thói Quen Nhỏ, Gặt Thành Công Lớn",84000.0,5.0,23,https://tiki.vn/gieo-thoi-quen-nho-gat-thanh-cong-lon-p273718975.html?spid=87902221,Tiki,Mỹ phẩm,False
273655430,Trạm Đọc Official |  Phù Thủy Sàn Chứng Khoán (Thế Hệ Mới),220000.0,5.0,4,https://tiki.vn/tram-doc-official-phu-thuy-san-chung-khoan-the-he-moi-p273655430.html?spid=274826244,Tiki,Mỹ phẩm,False
273623136,Sách Hồi Ký Phóng Viên Chiến Trường,176000.0,3.7,39,https://tiki.vn/sach-hoi-ky-phong-vien-chien-truong-p273623136.html?spid=273623139,Tiki,Mỹ phẩm,False
272438306,Kỹ Năng Phát Triển Bản Thân Trong Công Việc,84500.0,0.0,2,https://tiki.vn/ky-nang-phat-trien-ban-than-trong-cong-viec-p272438306.html?spid=272438307,Tiki,Mỹ phẩm,False
263053851,"Sách NHỮNG NGÀY CUỐI CÙNG CỦA KHỦNG LONG: Thiên Thạch, Sự Tuyệt Chủng Và Khởi Đầu Của Thế Giới Chúng Ta",83400.0,5.0,49,https://tiki.vn/sach-nhung-ngay-cuoi-cung-cua-khung-long-thien-thach-su-tuyet-chung-va-khoi-dau-cua-the-gioi-chung-ta-p263053851.html?spid=263053852,Tiki,Mỹ phẩm,False
247264755,Những Đòn Tâm Lý Trong Thuyết Phục,194000.0,0.0,1,https://tiki.vn/nhung-don-tam-ly-trong-thuyet-phuc-p247264755.html?spid=262725461,Tiki,Mỹ phẩm,False
217186745,Sách Một Chủ Nghĩa Tư Bản Vì Lợi Ích Của Tất Cả Các Bên,190500.0,4.7,82,https://tiki.vn/sach-mot-chu-nghia-tu-ban-vi-loi-ich-cua-tat-ca-cac-ben-p217186745.html?spid=217186746,Tiki,Mỹ phẩm,False
210943157,Tư Duy Thiết Kế Cho Đổi Mới Sáng Tạo Chiến Lược ,280000.0,0.0,23,https://tiki.vn/tu-duy-thiet-ke-cho-doi-moi-sang-tao-chien-luoc-p210943157.html?spid=212934271,Tiki,Mỹ phẩm,False
197655117,Sách Bản Đồ Tư Duy Trong Quản Lý Thời Gian (Tái bản 2022),62300.0,4.3,94,https://tiki.vn/sach-ban-do-tu-duy-trong-quan-ly-thoi-gian-tai-ban-2022-p197655117.html?spid=197655119,Tiki,Mỹ phẩm,False
196284170,Sách Bí Kíp Chống Tụt MOOD,84700.0,4.8,476,https://tiki.vn/sach-bi-kip-chong-tut-mood-p196284170.html?spid=196284171,Tiki,Mỹ phẩm,False
194033659,HBR OnPoint 2022 - Combo 3 Cuốn Phát Triển Sự Nghiệp (Kỳ 2),685000.0,5.0,28,https://tiki.vn/hbr-onpoint-2022-combo-3-cuon-phat-trien-su-nghiep-ky-2-p194033659.html?spid=194134335,Tiki,Mỹ phẩm,True
187642221,Nghệ thuật xây dựng thương hiệu cá nhân,141750.0,4.5,194,https://tiki.vn/nghe-thuat-xay-dung-thuong-hieu-ca-nhan-p187642221.html?spid=187642222,Tiki,Mỹ phẩm,False
183233661,Ai Che Lưng Cho Bạn,140000.0,0.0,0,https://tiki.vn/ai-che-lung-cho-ban-p183233661.html?spid=273290399,Tiki,Mỹ phẩm,False
173347859,Sách Thiết Kế Sự Nghiệp Tương Lai,65400.0,4.7,108,https://tiki.vn/sach-thiet-ke-su-nghiep-tuong-lai-p173347859.html?spid=173347860,Tiki,Mỹ phẩm,False
163661511,"Think And Grow Rich - 13 Nguyên Tắc Nghĩ Giàu, Làm Giàu (Tái Bản)- Free Bookcare",125000.0,0.0,3,https://tiki.vn/think-and-grow-rich-13-nguyen-tac-nghi-giau-lam-giau-tai-ban-free-bookcare-p163661511.html?spid=241736397,Tiki,Mỹ phẩm,False
152920362,Data Story-telling - Nghệ Thuật Kể Chuyện Bằng Dữ Liệu ,169000.0,4.8,54,https://tiki.vn/data-story-telling-nghe-thuat-ke-chuyen-bang-du-lieu-p152920362.html?spid=155111518,Tiki,Mỹ phẩm,False
129381098,Sách Tiếp Thị 5.0: Công Nghệ Vị Nhân Sinh,100000.0,5.0,4280,https://tiki.vn/sach-tiep-thi-5-0-cong-nghe-vi-nhan-sinh-p129381098.html?spid=129381099,Tiki,Mỹ phẩm,False
74173572,Sách Để Trở Thành Người Bán Hàng Xuất Sắc (Tái Bản),52360.0,4.7,586,https://tiki.vn/sach-de-tro-thanh-nguoi-ban-hang-xuat-sac-tai-ban-p74173572.html?spid=74173573,Tiki,Mỹ phẩm,False
72680632,Sách Năng Lực Tìm Kiếm,63700.0,4.8,5859,https://tiki.vn/sach-nang-luc-tim-kiem-p72680632.html?spid=72680633,Tiki,Mỹ phẩm,False
58268249,Sách Phụ Nữ Lãnh Đạo Bằng Yêu Thương (Tái Bản 2020),94400.0,5.0,142,https://tiki.vn/sach-phu-nu-lanh-dao-bang-yeu-thuong-tai-ban-2020-p58268249.html?spid=58268250,Tiki,Mỹ phẩm,False
48873337,Sách Dẫn Dắt Sự Thay Đổi (Tái Bản),118000.0,5.0,138,https://tiki.vn/sach-dan-dat-su-thay-doi-tai-ban-2020-p48873337.html?spid=51372840,Tiki,Mỹ phẩm,False
38436478,Sách Cú Hích (Tái Bản),99000.0,4.0,2,https://tiki.vn/sach-cu-hich-tai-ban-p38436478.html?spid=263655685,Tiki,Mỹ phẩm,False
19774808,"Sách Làm Giàu Theo Cách ""Bá Đạo""",81900.0,4.6,363,https://tiki.vn/sach-lam-giau-theo-cach-ba-dao-p19774808.html?spid=19774809,Tiki,Mỹ phẩm,False
5494043,Sách Kiến Tạo Doanh Nghiệp Ưu Việt,181900.0,4.2,387,https://tiki.vn/sach-kien-tao-doanh-nghiep-uu-viet-p5494043.html?spid=5495277,Tiki,Mỹ phẩm,False
1738467,Sách Thuật Marketing (Tái Bản 2018),84000.0,4.0,26,https://tiki.vn/sach-thuat-marketing-tai-ban-2018-p1738467.html?spid=70772889,Tiki,Mỹ phẩm,False
1660831,Sách 13 Nguyên Tắc Nghĩ Giàu Làm Giàu - Think And Grow Rich (Tái Bản),132000.0,4.3,43,https://tiki.vn/sach-13-nguyen-tac-nghi-giau-lam-giau-think-and-grow-rich-tai-ban-p1660831.html?spid=205927557,Tiki,Mỹ phẩm,False
1019478,Sách Tâm Thư Nhà Doanh Nghiệp,138100.0,5.0,134,https://tiki.vn/sach-tam-thu-nha-doanh-nghiep-p1019478.html?spid=1019480,Tiki,Mỹ phẩm,False
992007,Sách Làm Việc Nhóm 101 – Những Điều Nhà Lãnh Đạo Cần Biết,70520.0,5.0,93,https://tiki.vn/sach-lam-viec-nhom-101-nhung-dieu-nha-lanh-dao-can-biet-p992007.html?spid=164091981,Tiki,Mỹ phẩm,False
335936,Sách Những Nguyên Tắc Thành Công - Vươn Tới Đỉnh Cao Từ Xuất Phát Điểm Hiện Tại,138350.0,5.0,45,https://tiki.vn/sach-nhung-nguyen-tac-thanh-cong-vuon-toi-dinh-cao-tu-xuat-phat-diem-hien-tai-p335936.html?spid=34737982,Tiki,Mỹ phẩm,False
279349841,AI Thực Chiến Trong Công Việc,171750.0,0.0,1,https://tiki.vn/ai-thuc-chien-trong-cong-viec-p279349841.html?spid=279349842,Tiki,Mỹ phẩm,False
278838021,Flashcard Chìa Khóa Khai Vấn - 48 Tình Huống Coaching Thực Tế Giúp Đội Ngũ Tự Tìm Ra Giải Pháp,179000.0,0.0,0,https://tiki.vn/flashcard-chia-khoa-khai-van-48-tinh-huong-coaching-thuc-te-giup-doi-ngu-tu-tim-ra-giai-phap-p278838021.html?spid=278838022,Tiki,Mỹ phẩm,False
278837915,Flashcard Tư Duy Phản Biện - Rèn Luyện Tư Duy Khác Biệt Và Logic,179000.0,0.0,0,https://tiki.vn/flashcard-tu-duy-phan-bien-ren-luyen-tu-duy-khac-biet-va-logic-p278837915.html?spid=278837916,Tiki,Mỹ phẩm,False
278813765,Sách  Tư Duy Màu Sắc Trong Thiết Kế - Hướng Dẫn Dùng Màu Sắc Trong Thiết Kế Đồ Họa - SKU: 9786320200535 Nhà sản xuất: Artbook - là một cẩm nang thiết yếu dành cho các nhà thiết kế đồ họa muốn làm chủ việc sử dụng màu sắc trong các dự án chuyên nghiệp.,500000.0,5.0,11,https://tiki.vn/sach-tu-duy-mau-sac-trong-thiet-ke-huong-dan-dung-mau-sac-trong-thiet-ke-do-hoa-sku-9786320200535-nha-san-xuat-artbook-la-mot-cam-nang-thiet-yeu-danh-cho-cac-nha-thiet-ke-do-hoa-muon-lam-chu-viec-su-dung-mau-sac-trong-cac-du-an-chuyen-nghiep-p278813765.html?spid=278813766,Tiki,Mỹ phẩm,True
278035266,Sách Kỹ Năng Tư Duy Thực Chiến,108300.0,5.0,16,https://tiki.vn/sach-ky-nang-tu-duy-thuc-chien-p278035266.html?spid=278035267,Tiki,Mỹ phẩm,False
277521144,Combo 2 cuốn: Nghệ Thuật Kể Chuyện Bằng Hình Ảnh + Kiếm Tiền Bằng Video Ngắn,298500.0,5.0,5,https://tiki.vn/combo-2-cuon-nghe-thuat-ke-chuyen-bang-hinh-anh-kiem-tien-bang-video-ngan-p277521144.html?spid=277521145,Tiki,Mỹ phẩm,True
277416552,Sách AI tạo sinh: 100 ứng dụng thay đổi xã hội - kinh doanh (NXB4T),415000.0,0.0,3,https://tiki.vn/sach-ai-tao-sinh-100-ung-dung-thay-doi-xa-hoi-kinh-doanh-nxb4t-p277416552.html?spid=277416553,Tiki,Mỹ phẩm,True
277327216,DÁM LÀM: Những Bài Học Về Lãnh Đạo Của Tôi Tại GE – Jeff Immelt – Nguyễn Thị Kim Ngọc dịch – NXB Trẻ,195000.0,0.0,0,https://tiki.vn/dam-lam-nhung-bai-hoc-ve-lanh-dao-cua-toi-tai-ge-jeff-immelt-nguyen-thi-kim-ngoc-dich-nxb-tre-p277327216.html?spid=277341628,Tiki,Mỹ phẩm,False
275952072,Sách - Chat GPT Thực Chiến - Sử Dụng AI Hiệu Quả Trong Sáng Tạo Nội Dung Marketing,126750.0,4.5,77,https://tiki.vn/sach-chat-gpt-thuc-chien-su-dung-ai-hieu-qua-trong-sang-tao-noi-dung-marketing-p275952072.html?spid=275952073,Tiki,Mỹ phẩm,False
275504439,Ứng Dụng Công Nghệ Trong Quản Lý Nhân Sự - Rohit Bhargava (bìa mềm),119250.0,0.0,3,https://tiki.vn/ung-dung-cong-nghe-trong-quan-ly-nhan-su-rohit-bhargava-bia-mem-p275504439.html?spid=275578500,Tiki,Mỹ phẩm,False
273394784,Sách Thành thạo Canva trong 21 ngày - Richdad Loc,199000.0,4.6,344,https://tiki.vn/sach-thanh-thao-canva-trong-21-ngay-richdad-loc-p273394784.html?spid=273394785,Tiki,Mỹ phẩm,False
272462976,45 Giây Tạo Nên Thay Đổi: Thấu Hiểu Tiếp Thị Mạng Lưới (Tái Bản 2023),80000.0,0.0,4,https://tiki.vn/45-giay-tao-nen-thay-doi-thau-hieu-tiep-thi-mang-luoi-tai-ban-2023-p272462976.html?spid=272462977,Tiki,Mỹ phẩm,False
272438351,Cách Người Nhật Quản Lý Hiệu Suất Công Việc,111750.0,0.0,14,https://tiki.vn/cach-nguoi-nhat-quan-ly-hieu-suat-cong-viec-p272438351.html?spid=272882144,Tiki,Mỹ phẩm,False
272405379,Sách Phương Pháp Quản Lý Hiệu Suất Công Việc Của Người Nhật,67500.0,0.0,43,https://tiki.vn/sach-phuong-phap-quan-ly-hieu-suat-cong-viec-cua-nguoi-nhat-p272405379.html?spid=272405383,Tiki,Mỹ phẩm,False
261798871,Tất tần tật về quản lý dự án,119000.0,0.0,0,https://tiki.vn/tat-tan-tat-ve-quan-ly-du-an-p261798871.html?spid=261953050,Tiki,Mỹ phẩm,False
253304132,Người nam châm,79000.0,0.0,0,https://tiki.vn/nguoi-nam-cham-p253304132.html?spid=274589759,Tiki,Mỹ phẩm,False
247322750,Công ước quốc tế về chuyên chở hàng hóa bằng đường biển và vấn đề gia nhập củaViệt Nam (Sách chuyên khảo),70000.0,0.0,8,https://tiki.vn/cong-uoc-quoc-te-ve-chuyen-cho-hang-hoa-bang-duong-bien-va-van-de-gia-nhap-cuaviet-nam-sach-chuyen-khao-p247322750.html?spid=247322751,Tiki,Mỹ phẩm,False
221229414,Sách Cùng Dale Carnegie Tiến Tới Thành Công - Đứng Dậy Lần Nữa (Những Bài Học Về Tạo Dựng Thành Công,48750.0,0.0,24,https://tiki.vn/sach-cung-dale-carnegie-tien-toi-thanh-cong-dung-day-lan-nua-nhung-bai-hoc-ve-tao-dung-thanh-cong-p221229414.html?spid=221229415,Tiki,Mỹ phẩm,False
216406416,Văn Hóa Trong Tổ Chức - Cách Để Tạo Ra Một Nơi Mà Mọi Người Thích Làm Việc - ML,110000.0,5.0,3,https://tiki.vn/van-hoa-trong-to-chuc-cach-de-tao-ra-mot-noi-ma-moi-nguoi-thich-lam-viec-ml-p216406416.html?spid=216406417,Tiki,Mỹ phẩm,False
201794648,HBR On Point - Sức Bật Trong Sự Nghiệp.,228000.0,5.0,37,https://tiki.vn/hbr-on-point-suc-bat-trong-su-nghiep-p201794648.html?spid=201794649,Tiki,Mỹ phẩm,False
190467246,"Lập, thẩm định phê duyệt, quản lý & điều hành dự án đầu tư xây dựng (Tái bản lần thứ 1, có sửa chữa bổ sung)",399000.0,5.0,10,https://tiki.vn/lap-tham-dinh-phe-duyet-quan-ly-dieu-hanh-du-an-dau-tu-xay-dung-tai-ban-lan-thu-1-co-sua-chua-bo-sung-p190467246.html?spid=191807691,Tiki,Mỹ phẩm,True
146085239,Nhà Đầu Tư Thông Minh (Tái Bản 2020) Tặng bookmark Vadata,282350.0,0.0,2,https://tiki.vn/nha-dau-tu-thong-minh-tai-ban-2020-tang-bookmark-vadata-p146085239.html?spid=170359952,Tiki,Mỹ phẩm,True
109776146,Sách - HBR OnPoint 2021- Quý I - Quản Lý Xuyên Khủng Hoảng (Combo 3 cuốn),597000.0,0.0,0,https://tiki.vn/sach-hbr-onpoint-2021-quy-i-quan-ly-xuyen-khung-hoang-combo-3-cuon-p109776146.html?spid=258929243,Tiki,Mỹ phẩm,True
55636789,Sách Tư Duy Amazon - 50 ½ Ý Tưởng Để Dẫn Đầu Ngành Công Nghệ,102700.0,4.8,226,https://tiki.vn/sach-tu-duy-amazon-50-y-tuong-de-dan-dau-nganh-cong-nghe-p55636789.html?spid=56069742,Tiki,Mỹ phẩm,False
52399985,Sách Quản Lý Thời Gian Thông Minh Của Người Thành Đạt: Bí Quyết Thành Công Của Triệu Phú Anh,120000.0,4.8,2900,https://tiki.vn/sach-quan-ly-thoi-gian-thong-minh-cua-nguoi-thanh-dat-bi-quyet-thanh-cong-cua-trieu-phu-anh-p52399985.html?spid=54056011,Tiki,Mỹ phẩm,False
37699900,Sách 13 Nguyên Tắc Nghĩ Giàu Làm Giàu - Think And Grow Rich (Tái Bản 2019),139000.0,5.0,450,https://tiki.vn/sach-13-nguyen-tac-nghi-giau-lam-giau-think-and-grow-rich-tai-ban-2019-p37699900.html?spid=48610089,Tiki,Mỹ phẩm,False
37686038,Phương Thức Toyota - Câu Chuyện Về Đội Nhóm Tuyệt Đật Đã Làm Nên Thành Công Của Toyota - Tặng Kèm Sổ Tay,199000.0,0.0,1,https://tiki.vn/phuong-thuc-toyota-cau-chuyen-ve-doi-nhom-tuyet-dat-da-lam-nen-thanh-cong-cua-toyota-tang-kem-so-tay-p37686038.html?spid=272298605,Tiki,Mỹ phẩm,False
32899051,Giới Siêu Giàu Châu Á 1 - Siêu Giàu ( Tặng Bookmark Tuyệt Đẹp ),194000.0,0.0,0,https://tiki.vn/gioi-sieu-giau-chau-a-1-sieu-giau-tang-bookmark-tuyet-dep-p32899051.html?spid=69025342,Tiki,Mỹ phẩm,False
21927719,Sách 7 Loại Hình Thông Minh (Tặng Kèm Bookmark Tiki),189000.0,0.0,0,https://tiki.vn/sach-7-loai-hinh-thong-minh-tang-kem-bookmark-tiki-p21927719.html?spid=179229890,Tiki,Mỹ phẩm,False
17045194,Sách Thuật Hùng Biện (Tái Bản 2019),109600.0,5.0,33,https://tiki.vn/sach-thuat-hung-bien-tai-ban-2019-p17045194.html?spid=70772180,Tiki,Mỹ phẩm,False
7151055,Sách Thành Phố Khởi Nghiệp,102100.0,4.3,39,https://tiki.vn/sach-thanh-pho-khoi-nghiep-p7151055.html?spid=7151057,Tiki,Mỹ phẩm,False
6543923,Sách Dịch Vụ Khách Hàng 5 Sao,135000.0,0.0,14,https://tiki.vn/sach-dich-vu-khach-hang-5-sao-p6543923.html?spid=89920687,Tiki,Mỹ phẩm,False
4549511,Sách The Leadership Gap,122300.0,4.7,12,https://tiki.vn/sach-the-leadership-gap-p4549511.html?spid=20442320,Tiki,Mỹ phẩm,False
3020373,Sách Kỹ Năng Bán Hàng Tuyệt Đỉnh,114000.0,0.0,12,https://tiki.vn/sach-ky-nang-ban-hang-tuyet-dinh-p3020373.html?spid=73362445,Tiki,Mỹ phẩm,False
1577281,Sách Trí Tuệ Trường Đoản Kinh,164800.0,3.0,14,https://tiki.vn/sach-tri-tue-truong-doan-kinh-p1577281.html?spid=1744125,Tiki,Mỹ phẩm,False
1410655,Sách Đọc Vị Bất Kỳ Ai (Tái Bản),86650.0,5.0,27,https://tiki.vn/sach-doc-vi-bat-ky-ai-tai-ban-p1410655.html?spid=48288484,Tiki,Mỹ phẩm,False
1367809,Sách 17 Nguyên Tắc Vàng Trong Làm Việc Nhóm (Tái Bản 2018),92600.0,5.0,56,https://tiki.vn/sach-17-nguyen-tac-vang-trong-lam-viec-nhom-tai-ban-2018-p1367809.html?spid=89920274,Tiki,Mỹ phẩm,False
687551,Sách Sống Theo Phương Thức 80/20 - Living The 80/20 Way (Tái Bản 2017),65000.0,0.0,1,https://tiki.vn/sach-song-theo-phuong-thuc-80-20-living-the-80-20-way-tai-ban-2017-p687551.html?spid=277056886,Tiki,Mỹ phẩm,False
594525,Sách 101 Quan Điểm Kinh Doanh Sẽ Thay Đổi Cách Bạn Làm Việc,100000.0,0.0,0,https://tiki.vn/sach-101-quan-diem-kinh-doanh-se-thay-doi-cach-ban-lam-viec-p594525.html?spid=276705706,Tiki,Mỹ phẩm,False
335818,Sách Tuần Làm Việc 4 Giờ (Tái Bản 2015),115000.0,0.0,4,https://tiki.vn/sach-tuan-lam-viec-4-gio-tai-ban-2015-p335818.html?spid=192987428,Tiki,Mỹ phẩm,False
278837072,"Sách Chiến Binh (Bìa cứng) - Làm việc Hiệu quả, Nâng cao giá trị",279650.0,0.0,0,https://tiki.vn/sach-chien-binh-bia-cung-lam-viec-hieu-qua-nang-cao-gia-tri-p278837072.html?spid=278837073,Tiki,Mỹ phẩm,False
278631399,Tư Duy Có Tổ Chức - Phương Pháp Hiệu Quả Trong Điều Hướng Dòng Chảy Thông Tin - Alpha Books,211000.0,0.0,0,https://tiki.vn/tu-duy-co-to-chuc-alphabooks-p278631399.html?spid=278631400,Tiki,Mỹ phẩm,False
278629821,Sách 2030: Những Xu Hướng Lớn Sẽ Định Hình Thế Giới Tương Lai (Tái bản năm 2025),209000.0,0.0,2,https://tiki.vn/sach-2030-nhung-xu-huong-lon-se-dinh-hinh-the-gioi-tuong-lai-tai-ban-nam-2025-p278629821.html?spid=278629822,Tiki,Mỹ phẩm,False
277837463,Tư Duy Dã Tràng - Tim Trí Giao Tranh,160000.0,5.0,22,https://tiki.vn/tu-duy-da-trang-tim-tri-giao-tranh-p277837463.html?spid=277837464,Tiki,Mỹ phẩm,False
277621801,Sách Làm Giỏi Lương Cao,72000.0,0.0,0,https://tiki.vn/sach-lam-gioi-luong-cao-p277621801.html?spid=277621803,Tiki,Mỹ phẩm,False
275405716,Sách - Thương mại điện tử ( xbtt),162000.0,0.0,2,https://tiki.vn/sach-thuong-mai-dien-tu-xbtt-p275405716.html?spid=275405717,Tiki,Mỹ phẩm,False
274363769,Sách Đi Làm Là Niềm Vui,75000.0,4.7,14,https://tiki.vn/sach-di-lam-la-niem-vui-p274363769.html?spid=274363770,Tiki,Mỹ phẩm,False
270907995,Sách - Kỹ Năng Bán Hàng Tuyệt Đỉnh,108000.0,0.0,19,https://tiki.vn/sach-ky-nang-ban-hang-tuyet-dinh-p270907995.html?spid=270907996,Tiki,Mỹ phẩm,False
262830238,Combo 3 quyển sách không thể thiếu tại tủ sách BAC: Sổ tay Business Analyst - Sách Phát Triển Doanh Nghiệp & Sách Babok V3 Phiên Bản Tiếng Việt,1318000.0,4.0,16,https://tiki.vn/combo-3-quyen-sach-khong-the-thieu-tai-tu-sach-bac-so-tay-business-analyst-sach-phat-trien-doanh-nghiep-sach-babok-v3-phien-ban-tieng-viet-p262830238.html?spid=262830239,Tiki,Mỹ phẩm,True
262792438,CÔNG SỞ HYBRID - HYBRID WORKPLACE - Harvard Business Review - Nguyễn Bảo Trâm dịch - (bìa mềm),228000.0,0.0,5,https://tiki.vn/cong-so-hybrid-hybrid-workplace-harvard-business-review-nguyen-bao-tram-dich-bia-mem-p262792438.html?spid=263334620,Tiki,Mỹ phẩm,False
261993416,Tư Duy Như Một Kẻ Lập Dị,119000.0,0.0,0,https://tiki.vn/tu-duy-nhu-mot-ke-lap-di-p261993416.html?spid=274065649,Tiki,Mỹ phẩm,False
261943014,Combo sách: Tip công sở 1 & Tip công sở 2 - bộ 10 cuốn,848750.0,0.0,0,https://tiki.vn/combo-sach-tip-cong-so-1-tip-cong-so-2-bo-10-cuon-minhlongbooks-p261943014.html?spid=261943033,Tiki,Mỹ phẩm,True
252858758,Sách - Công ty thông thái: Bí quyết đổi mới không ngừng,384230.0,0.0,1,https://tiki.vn/sach-cong-ty-thong-thai-bi-quyet-doi-moi-khong-ngung-p252858758.html?spid=260925662,Tiki,Mỹ phẩm,True
249150920,Đam mê tìm kiếm khách hàng tiềm năng: Mở ra đối thoại và giành được thương vụ,155000.0,0.0,0,https://tiki.vn/dam-me-tim-kiem-khach-hang-tiem-nang-mo-ra-doi-thoai-va-gianh-duoc-thuong-vu-p249150920.html?spid=274190843,Tiki,Mỹ phẩm,False
241899647,Sách Thuật Quản Lý Thời Gian,77400.0,5.0,184,https://tiki.vn/sach-thuat-quan-ly-thoi-gian-p241899647.html?spid=241899651,Tiki,Mỹ phẩm,False
221230186,"Sách Tư duy ngoài khuôn khổ - Lãnh đạo tiến bộ, đổi mới thế giới",112400.0,0.0,19,https://tiki.vn/sach-tu-duy-ngoai-khuon-kho-lanh-dao-tien-bo-doi-moi-the-gioi-p221230186.html?spid=221230189,Tiki,Mỹ phẩm,False
204429317,Thói Quen Của Toyota - Nghệ Thuật Nâng Cao Năng Suất Công Việc (Tái Bản 2022),97000.0,0.0,0,https://tiki.vn/thoi-quen-cua-toyota-nghe-thuat-nang-cao-nang-suat-cong-viec-tai-ban-2022-p204429317.html?spid=260919806,Tiki,Mỹ phẩm,False
194186820,Làm Chủ Giọng Nói Trong Đầu (Tái Bản),78850.0,5.0,34,https://tiki.vn/lam-chu-giong-noi-trong-dau-tai-ban-p194186820.html?spid=254146867,Tiki,Mỹ phẩm,False
181215937,Người Thông Minh Giải Quyết Vấn Đề Như Thế Nào?,64500.0,0.0,7,https://tiki.vn/nguoi-thong-minh-giai-quyet-van-de-nhu-the-nao-p181215937.html?spid=191729592,Tiki,Mỹ phẩm,False
179563236,Sách Sức Mạnh Để Hoàn Thành Mọi Việc,60000.0,5.0,69,https://tiki.vn/sach-suc-manh-de-hoan-thanh-moi-viec-p179563236.html?spid=179563237,Tiki,Mỹ phẩm,False
164439623,Làm Thế Nào Để Thể Hiện Bản Thân Trong Đối Thoại,73000.0,0.0,0,https://tiki.vn/lam-the-nao-de-the-hien-ban-than-trong-doi-thoai-p164439623.html?spid=225202939,Tiki,Mỹ phẩm,False
162133040,Cố vấn 101 - Mentoring 101_ Sách hay mỗi ngày ,70520.0,5.0,4,https://tiki.vn/co-van-101-mentoring-101_-sach-hay-moi-ngay-p162133040.html?spid=187804595,Tiki,Mỹ phẩm,False
69611570,Combo Môi Trường Làm Việc Lành Mạnh: Mưu Hèn Kế Bẩn Nơi Công Sở Tập 2 + Đối Phó Với Những Tên Khốn Tài Ba,210000.0,5.0,6,https://tiki.vn/combo-moi-truong-lam-viec-lanh-manh-muu-hen-ke-ban-noi-cong-so-tap-2-doi-pho-voi-nhung-ten-khon-tai-ba-p69611570.html?spid=69611571,Tiki,Mỹ phẩm,False
57771332,Tư Duy Doanh Nhân (Beverly E. Jones),159000.0,0.0,0,https://tiki.vn/tu-duy-doanh-nhan-beverly-e-jones-p57771332.html?spid=74599663,Tiki,Mỹ phẩm,False
52589874,Tri Thức Cực Hạn - Tối Ưu Hóa Kĩ Năng Học Tập Và Quản Lí Tri Thức Cá Nhân,94031.0,5.0,3,https://tiki.vn/tri-thuc-cuc-han-toi-uu-hoa-ki-nang-hoc-tap-va-quan-li-tri-thuc-ca-nhan-p52589874.html?spid=80878147,Tiki,Mỹ phẩm,False
33343200,Giới Siêu Giàu Châu Á 1 - Siêu Giàu (Quà Tặng Card đánh dấu sách đặc biệt),194000.0,0.0,3,https://tiki.vn/gioi-sieu-giau-chau-a-1-sieu-giau-qua-tang-card-danh-dau-sach-dac-biet-p33343200.html?spid=69025344,Tiki,Mỹ phẩm,False
16325490,Sách Trở Thành Vị Sếp Ai Cũng Muốn Làm Việc Cùng,66000.0,0.0,10,https://tiki.vn/sach-tro-thanh-vi-sep-ai-cung-muon-lam-viec-cung-p16325490.html?spid=249849512,Tiki,Mỹ phẩm,False
14334575,Combo T­ư duy tích cực tao thành công + Để thế giới biết bạn là ai + Những nguyên tắc vàng của napoleon hill,309650.0,0.0,11,https://tiki.vn/combo-t-u-duy-tich-cuc-tao-thanh-cong-de-the-gioi-biet-ban-la-ai-nhung-nguyen-tac-vang-cua-napoleon-hill-p14334575.html?spid=53581519,Tiki,Mỹ phẩm,True
11227913,Sách Một Phút Với Jack Welch,40000.0,4.7,282,https://tiki.vn/sach-mot-phut-voi-jack-welch-p11227913.html?spid=11227914,Tiki,Mỹ phẩm,False
9687416,Sách Để Trở Thành Người Bán Hàng Giỏi Nhất Thế Giới,137760.0,5.0,129,https://tiki.vn/sach-de-tro-thanh-nguoi-ban-hang-gioi-nhat-the-gioi-p9687416.html?spid=164091960,Tiki,Mỹ phẩm,False
2386569,Sách Tôi Ghét Mọi Người,84000.0,5.0,59,https://tiki.vn/sach-toi-ghet-moi-nguoi-p2386569.html?spid=2452557,Tiki,Mỹ phẩm,False
2299087,Sách Bộ Jim Rohn (Trọn Bộ 5 Cuốn),530350.0,5.0,257,https://tiki.vn/sach-bo-jim-rohn-tron-bo-5-cuon-p2299087.html?spid=71024721,Tiki,Mỹ phẩm,True
1704327,Sách Năng Đoạn Kim Cương (Tái Bản 2018),114730.0,5.0,413,https://tiki.vn/sach-nang-doan-kim-cuong-tai-ban-2018-p1704327.html?spid=49025982,Tiki,Mỹ phẩm,False
1656013,Sách Tư Duy Tối Ưu - First Things First (Tái Bản),210500.0,5.0,12,https://tiki.vn/sach-tu-duy-toi-uu-first-things-first-tai-ban-p1656013.html?spid=7167055,Tiki,Mỹ phẩm,False
601605,Sách Tổ Chức Công Việc Làm Ăn - Kim Chỉ Nam Của Nhà Doanh Nghiệp,48000.0,5.0,167,https://tiki.vn/sach-to-chuc-cong-viec-lam-an-kim-chi-nam-cua-nha-doanh-nghiep-p601605.html?spid=601612,Tiki,Mỹ phẩm,False
578817,Sách Giải Quyết Vấn Đề Theo Phương Thức Toyota,69000.0,5.0,5,https://tiki.vn/sach-giai-quyet-van-de-theo-phuong-thuc-toyota-p578817.html?spid=53033055,Tiki,Mỹ phẩm,False
474796,Sách Tư Duy Như Một Kẻ Lập Dị (Tái Bản),101000.0,5.0,23,https://tiki.vn/sach-tu-duy-nhu-mot-ke-lap-di-tai-ban-p474796.html?spid=70780437,Tiki,Mỹ phẩm,False
433545,Sách Cẩm Nang Tư Duy Phân Tích,45000.0,0.0,1,https://tiki.vn/sach-cam-nang-tu-duy-phan-tich-p433545.html?spid=274572600,Tiki,Mỹ phẩm,False
409928,Sách 17 Nguyên Tắc Vàng Trong Làm Việc Nhóm (Tái Bản 2013),109000.0,0.0,0,https://tiki.vn/sach-17-nguyen-tac-vang-trong-lam-viec-nhom-tai-ban-2013-p409928.html?spid=274547425,Tiki,Mỹ phẩm,False
394000,Sách Vĩ Đại Do Lựa Chọn,141500.0,5.0,257,https://tiki.vn/sach-vi-dai-do-lua-chon-p394000.html?spid=14195888,Tiki,Mỹ phẩm,False
279319638,Quan hệ Công chúng - Từ truyền thống đến hiện đại,212400.0,0.0,3,https://tiki.vn/quan-he-cong-chung-tu-truyen-thong-den-hien-dai-p279319638.html?spid=279319639,Tiki,Mỹ phẩm,False
279273261,Sách Hợp Đồng Trong Hoạt Động Kinh Doanh ( kinh nghiệm đàm phán và soạn thảo),430000.0,0.0,1,https://tiki.vn/sach-hop-dong-trong-hoat-dong-kinh-doanh-kinh-nghiem-dam-phan-va-soan-thao-p279273261.html?spid=279273262,Tiki,Mỹ phẩm,True
278944154,Sách Giáo trình Kế toán Xuất Nhập Khẩu,109800.0,0.0,0,https://tiki.vn/sach-giao-trinh-ke-toan-xuat-nhap-khau-p278944154.html?spid=278944155,Tiki,Mỹ phẩm,False
278819952,Khi Bạn Tắc Đường Thì Tôi Đang Chơi Golf: Bí Quyết Thành Công Trong Kinh Doanh Theo Mạng (Tái Bản 2025),128000.0,0.0,0,https://tiki.vn/khi-ban-tac-duong-thi-toi-dang-choi-golf-bi-quyet-thanh-cong-trong-kinh-doanh-theo-mang-tai-ban-2025-p278819952.html?spid=278819953,Tiki,Mỹ phẩm,False
278790518,Combo 2 Sách Sách Google Sheets & AI – Làm việc thông minh cùng Trí tuệ nhân tạo,219000.0,0.0,0,https://tiki.vn/combo-2-sach-sach-google-sheets-ai-lam-viec-thong-minh-cung-tri-tue-nhan-tao-p278790518.html?spid=278790519,Tiki,Mỹ phẩm,False
278293617,Sách - AI Agent Thực Chiến,194250.0,0.0,3,https://tiki.vn/sach-ai-agent-thuc-chien-p278293617.html?spid=278293618,Tiki,Mỹ phẩm,False
278169530,Sách Rèn Luyện Và Phát Triển Tư Duy Phản Biện,104000.0,0.0,9,https://tiki.vn/sach-ren-luyen-va-phat-trien-tu-duy-phan-bien-p278169530.html?spid=278169531,Tiki,Mỹ phẩm,False
277012751,Chinh Phục Khách Hàng (Customer Succes) - PACE Books,216200.0,5.0,10,https://tiki.vn/sach-chinh-phuc-khach-hang-customer-succes-pace-books-p277012751.html?spid=277012752,Tiki,Mỹ phẩm,False
274966435,Nghệ Thuật Kể Chuyện Bằng Hình Ảnh,170000.0,0.0,2,https://tiki.vn/nghe-thuat-ke-chuyen-bang-hinh-anh-p274966435.html?spid=275084382,Tiki,Mỹ phẩm,False
273929016,Đừng Để Nước Đến Chân Mới Nhảy,101000.0,0.0,0,https://tiki.vn/dung-de-nuoc-den-chan-moi-nhay-p273929016.html?spid=68562951,Tiki,Mỹ phẩm,False
273882323,Sách - Kỹ Năng Quản Lý Tài Chính Cho Gen Z - Ray & Jessica Higdon,119250.0,0.0,0,https://tiki.vn/sach-ky-nang-quan-ly-tai-chinh-cho-gen-z-ray-jessica-higdon-p273882323.html?spid=273882324,Tiki,Mỹ phẩm,False
272839395,Công ước quốc tế về chuyên chở hàng hóa bằng đường biển và vấn đề gia nhập củaViệt Nam (Sách chuyên khảo) (14),69900.0,0.0,2,https://tiki.vn/cong-uoc-quoc-te-ve-chuyen-cho-hang-hoa-bang-duong-bien-va-van-de-gia-nhap-cuaviet-nam-sach-chuyen-khao-14-p272839395.html?spid=273721307,Tiki,Mỹ phẩm,False
271461100,"Dọn Dẹp Công Việc, Gọn Gàng Tâm Trí (Marie KonDo + Scott Sonenshein)",83400.0,0.0,0,https://tiki.vn/don-dep-cong-viec-gon-gang-tam-tri-marie-kondo-scott-sonenshein-p271461100.html?spid=271461101,Tiki,Mỹ phẩm,False
262758477,Phân Tích Chứng Khoán,424000.0,0.0,0,https://tiki.vn/phan-tich-chung-khoan-p262758477.html?spid=263989712,Tiki,Mỹ phẩm,True
262758473,Phân Tích Chứng Khoán,424000.0,0.0,0,https://tiki.vn/phan-tich-chung-khoan-p262758473.html?spid=263032820,Tiki,Mỹ phẩm,True
260819486,The Design Thinking Life Playbook: Tư Duy Thiết Kế Ứng Dụng Trong Cuộc Sống,254000.0,0.0,1,https://tiki.vn/the-design-thinking-life-playbook-tu-duy-thiet-ke-ung-dung-trong-cuoc-song-p260819486.html?spid=270446565,Tiki,Mỹ phẩm,False
259567812,Vua Bán Lẻ,199000.0,0.0,0,https://tiki.vn/vua-ban-le-p259567812.html?spid=276679824,Tiki,Mỹ phẩm,False
230260059,Người nam châm,79000.0,0.0,0,https://tiki.vn/nguoi-nam-cham-p230260059.html?spid=274589761,Tiki,Mỹ phẩm,False
207345972,"Sách - Lắng Nghe Chủ Động, Giao Tiếp Thông Minh, Ứng Xử Linh Hoạt",143000.0,0.0,0,https://tiki.vn/sach-lang-nghe-chu-dong-giao-tiep-thong-minh-ung-xu-linh-hoat-p207345972.html?spid=207345973,Tiki,Mỹ phẩm,False
198414194,Sách Thuật Marketing ( Tái bản 2022),70700.0,5.0,46,https://tiki.vn/sach-thuat-marketing-tai-ban-2022-p198414194.html?spid=198414195,Tiki,Mỹ phẩm,False
174606489,Sách 10 Bước Thực Hành Trở Thành Chuyên Gia Thuyết Trình,59000.0,5.0,43,https://tiki.vn/sach-10-buoc-thuc-hanh-tro-thanh-chuyen-gia-thuyet-trinh-p174606489.html?spid=174606490,Tiki,Mỹ phẩm,False
174291370,Combo Đọc Vị Bất Kỳ Ai - Để Không Bị Lừa Dối Và Lợi Dụng + Đọc Vị Bất Kỳ Ai - Áp Dụng Trong Doanh Nghiệp,194000.0,0.0,1,https://tiki.vn/combo-doc-vi-bat-ky-ai-de-khong-bi-lua-doi-va-loi-dung-doc-vi-bat-ky-ai-ap-dung-trong-doanh-nghiep-p174291370.html?spid=275518726,Tiki,Mỹ phẩm,False
158248608,Combo Mô Hình Kinh Doanh Tối Ưu + Mô Hình Phân Phối Và Bán Lẻ + Mô Hình Chất Lượng Dịch Vụ Trong Bán Lẻ (Bộ 3 Cuốn),267000.0,0.0,4,https://tiki.vn/combo-mo-hinh-kinh-doanh-toi-uu-mo-hinh-phan-phoi-va-ban-le-mo-hinh-chat-luong-dich-vu-trong-ban-le-bo-3-cuon-p158248608.html?spid=195741962,Tiki,Mỹ phẩm,False
151950439,Bí Quyết Tuyển Dụng & Đãi Ngộ Người Tài (Tái Bản),57800.0,5.0,24,https://tiki.vn/bi-quyet-tuyen-dung-dai-ngo-nguoi-tai-tai-ban-p151950439.html?spid=151950440,Tiki,Mỹ phẩm,False
137331167,Sách Để Làm Nên Sự Nghiệp - 400 Điều Bạn Không Được Học Ở Trường,101000.0,0.0,1,https://tiki.vn/sach-de-lam-nen-su-nghiep-400-dieu-ban-khong-duoc-hoc-o-truong-p137331167.html?spid=276451728,Tiki,Mỹ phẩm,False
95220861,Tuần Làm Việc 4 Giờ (Tái Bản),107030.0,4.5,53,https://tiki.vn/tuan-lam-viec-4-gio-tai-ban-p95220861.html?spid=109601105,Tiki,Mỹ phẩm,False
76175426,Sách Chiến Lược Kết Nối,138100.0,4.7,285,https://tiki.vn/sach-chien-luoc-ket-noi-p76175426.html?spid=76175427,Tiki,Mỹ phẩm,False
36526246,Sách Nhà Đầu Tư Thông Minh (Tái Bản) - Tặng Kèm Sổ Tay,273500.0,5.0,50,https://tiki.vn/sach-nha-dau-tu-thong-minh-tai-ban-tang-kem-so-tay-p36526246.html?spid=52581729,Tiki,Mỹ phẩm,False
33596834,Sách Khiêu Vũ Với Ngòi Bút (Tái Bản),130500.0,5.0,218,https://tiki.vn/sach-khieu-vu-voi-ngoi-but-tai-ban-p33596834.html?spid=36314136,Tiki,Mỹ phẩm,False
5975121,Sách 10 Đồng Tiền Thay Đổi Thế Giới,59250.0,0.0,3,https://tiki.vn/sach-10-dong-tien-thay-doi-the-gioi-p5975121.html?spid=249373587,Tiki,Mỹ phẩm,False
5869385,"Sách Tư Duy Doanh Nhân, Hành Động Lãnh Đạo",123000.0,0.0,3,https://tiki.vn/sach-tu-duy-doanh-nhan-hanh-dong-lanh-dao-p5869385.html?spid=164092368,Tiki,Mỹ phẩm,False
3859117,Sách Bản Đồ Tư Duy Trong Giải Quyết Vấn Đề (Tái Bản),75600.0,5.0,31,https://tiki.vn/sach-ban-do-tu-duy-trong-giai-quyet-van-de-tai-ban-p3859117.html?spid=73580194,Tiki,Mỹ phẩm,False
3653521,Sách Nghệ Thuật “Bán Mình” Cho Sếp (Tái Bản 2018),75600.0,0.0,1,https://tiki.vn/sach-nghe-thuat-ban-minh-cho-sep-tai-ban-2018-p3653521.html?spid=70766583,Tiki,Mỹ phẩm,False
2776927,Sách PACE Books - Trở nên tốt hơn (Get Better) - Todd Davis,72200.0,5.0,31,https://tiki.vn/sach-pace-books-tro-nen-tot-hon-get-better-todd-davis-p2776927.html?spid=20450558,Tiki,Mỹ phẩm,False
1938931,Sách Những Người Thành Công Tin Tưởng Vào Điều Gì? (Tái Bản),99000.0,0.0,0,https://tiki.vn/sach-nhung-nguoi-thanh-cong-tin-tuong-vao-dieu-gi-tai-ban-p1938931.html?spid=273431682,Tiki,Mỹ phẩm,False
1367811,Sách 25 Thuật Đắc Nhân Tâm (Tái Bản 2018),101000.0,0.0,19,https://tiki.vn/sach-25-thuat-dac-nhan-tam-tai-ban-2018-p1367811.html?spid=70772510,Tiki,Mỹ phẩm,False
1036474,Sách Bạn Làm Việc Vì Ai?,50400.0,5.0,68,https://tiki.vn/sach-ban-lam-viec-vi-ai-p1036474.html?spid=20451232,Tiki,Mỹ phẩm,False
1028651,Cú Đánh Thức Tỉnh Trí Sáng Tạo (Tái Bản 2017),109600.0,0.0,3,https://tiki.vn/cu-danh-thuc-tinh-tri-sang-tao-tai-ban-2017-p1028651.html?spid=252174927,Tiki,Mỹ phẩm,False
952146,Sách Không Phải Thiếu May Mắn Chỉ Là Chưa Cố Gắng,60500.0,0.0,17,https://tiki.vn/sach-khong-phai-thieu-may-man-chi-la-chua-co-gang-p952146.html?spid=52408619,Tiki,Mỹ phẩm,False
682015,Sách Con Người 80/20: 9 Yếu Tố Cốt Lõi Của Thành Công 80/20 Trong Công Việc (Tái Bản 2017),75000.0,0.0,6,https://tiki.vn/sach-con-nguoi-80-20-9-yeu-to-cot-loi-cua-thanh-cong-80-20-trong-cong-viec-tai-ban-2017-p682015.html?spid=192584426,Tiki,Mỹ phẩm,False
279368577,AI Thực Chiến Trong Công Việc - Lưu Điển,217550.0,0.0,1,https://tiki.vn/ai-thuc-chien-trong-cong-viec-luu-dien-p279368577.html?spid=279368578,Tiki,Mỹ phẩm,False
279164457,Làm Chủ AI Trong Giáo Dục - Từ Lý Thuyết Đến Thực Hành,239000.0,0.0,0,https://tiki.vn/lam-chu-ai-trong-giao-duc-tu-ly-thuyet-den-thuc-hanh-p279164457.html?spid=279164458,Tiki,Mỹ phẩm,False
278964879,Tuần Làm Việc 4 Giờ (Sách Bỏ Túi),145000.0,0.0,0,https://tiki.vn/tuan-lam-viec-4-gio-sach-bo-tui-p278964879.html?spid=279006508,Tiki,Mỹ phẩm,False
278826847,Kiếm Tiền Cùng ChatGPT - Data Analysis - Phân Tích Dữ Liệu,198000.0,0.0,0,https://tiki.vn/kiem-tien-cung-chatgpt-data-analysis-phan-tich-du-lieu-p278826847.html?spid=278826848,Tiki,Mỹ phẩm,False
277534647,Binh Pháp Tôn Tử Và Nghệ Thuật Kiếm Tiền,88000.0,0.0,0,https://tiki.vn/binh-phap-ton-tu-va-nghe-thuat-kiem-tien-p277534647.html?spid=277534648,Tiki,Mỹ phẩm,False
277005600,Sách - Tái Tạo Kép - Scott Anthony & Clark Gilbert & Mark Johnson - Pace Books,135000.0,0.0,1,https://tiki.vn/sach-tai-tao-kep-scott-anthony-clark-gilbert-mark-johnson-pace-books-p277005600.html?spid=277005602,Tiki,Mỹ phẩm,False
276639723,Nhân Sự Thực Chiến,131100.0,0.0,0,https://tiki.vn/nhan-su-thuc-chien-p276639723.html?spid=276639724,Tiki,Mỹ phẩm,False
276525456,"Ngân hàng biết tìm khách hàng ở đâu? (có chữ ký của tác giả Trịnh Minh Thảo, phiên bản 2020)",143000.0,0.0,6,https://tiki.vn/ngan-hang-biet-tim-khach-hang-o-dau-co-chu-ky-cua-tac-gia-trinh-minh-thao-phien-ban-2020-p276525456.html?spid=276525457,Tiki,Mỹ phẩm,False
275924696,QUẢN TRỊ DỰ ÁN (Project Management QuickStart Guide) - Cẩm Nang Hướng Dẫn Chi Tiết Để Quản Trị Dự Án Một Cách Hiệu Quả - Chris Croft (bìa mềm),285000.0,0.0,0,https://tiki.vn/quan-tri-du-an-project-management-quickstart-guide-cam-nang-huong-dan-chi-tiet-de-quan-tri-du-an-mot-cach-hieu-qua-chris-croft-bia-mem-p275924696.html?spid=276704361,Tiki,Mỹ phẩm,True
275853520,Sách Vui Cười Lên Cùng Chứng Khoán,101900.0,5.0,70,https://tiki.vn/sach-vui-cuoi-len-cung-chung-khoan-p275853520.html?spid=275853522,Tiki,Mỹ phẩm,False
275337810,Sách Thuật Ủy Quyền Và Giám Sát,65800.0,4.3,71,https://tiki.vn/sach-thuat-uy-quyen-va-giam-sat-p275337810.html?spid=275337813,Tiki,Mỹ phẩm,False
274896610,Tư duy sáng tạo - Làm chủ 6 kỹ năng khơi nguồn đổi mới,110000.0,0.0,0,https://tiki.vn/tu-duy-sang-tao-lam-chu-6-ky-nang-khoi-nguon-doi-moi-p274896610.html?spid=274896611,Tiki,Mỹ phẩm,False
274865682,Tư Duy Nhanh và Chậm,228000.0,0.0,10,https://tiki.vn/tu-duy-nhanh-va-cham-p274865682.html?spid=248654598,Tiki,Mỹ phẩm,False
273411910,Sách - Google Ads 69 giờ: Kiến thức chọn lọc từ vận hành thực tế,249000.0,1.0,14,https://tiki.vn/sach-google-ads-69-gio-kien-thuc-chon-loc-tu-van-hanh-thuc-te-p273411910.html?spid=273411911,Tiki,Mỹ phẩm,False
271966500,Sách 200+ Bí Kíp Dùng Tiền Thông Minh Cho Người Trẻ,87500.0,4.3,27,https://tiki.vn/sach-200-bi-kip-dung-tien-thong-minh-cho-nguoi-tre-p271966500.html?spid=271966502,Tiki,Mỹ phẩm,False
271479936,Sách Khéo Ăn Nói Bán Hàng Thành Công (Bìa Mềm),70400.0,5.0,223,https://tiki.vn/sach-kheo-an-noi-ban-hang-thanh-cong-bia-mem-p271479936.html?spid=271479939,Tiki,Mỹ phẩm,False
262758471,Phân Tích Chứng Khoán,424000.0,0.0,0,https://tiki.vn/phan-tich-chung-khoan-p262758471.html?spid=263989711,Tiki,Mỹ phẩm,True
253304125,Người nam châm,79000.0,0.0,3,https://tiki.vn/nguoi-nam-cham-p253304125.html?spid=274589765,Tiki,Mỹ phẩm,False
253235032,Phố tan màn đêm (Higashino Keigo) - Bản Quyền,179000.0,0.0,0,https://tiki.vn/pho-tan-man-dem-higashino-keigo-ban-quyen-p253235032.html?spid=275091475,Tiki,Mỹ phẩm,False
248656082,Sách Bí Mật Của Trí Nhớ Siêu Phàm,100000.0,5.0,32,https://tiki.vn/sach-bi-mat-cua-tri-nho-sieu-pham-p248656082.html?spid=248656084,Tiki,Mỹ phẩm,False
242718971,Freelancing for Dummies,189000.0,0.0,0,https://tiki.vn/freelancing-for-dummies-p242718971.html?spid=274580847,Tiki,Mỹ phẩm,False
204009105,Sách 6 Thói Quen Của Người Làm Việc Hiệu Suất Cao,105800.0,5.0,50,https://tiki.vn/sach-6-thoi-quen-cua-nguoi-lam-viec-hieu-suat-cao-p204009105.html?spid=204009106,Tiki,Mỹ phẩm,False
193439374,Sách Kiến Tạo Tương Lai - Sổ Tay Đổi Mới Sáng Tạo,143000.0,0.0,50,https://tiki.vn/sach-kien-tao-tuong-lai-so-tay-doi-moi-sang-tao-p193439374.html?spid=193439375,Tiki,Mỹ phẩm,False
176550197,Sách Nơi Làm Việc Nhân Văn,150000.0,5.0,108,https://tiki.vn/sach-noi-lam-viec-nhan-van-p176550197.html?spid=176550200,Tiki,Mỹ phẩm,False
168661082,Sách - MBO Phương pháp quản lý mục tiêu và đánh giá nhân sự chuyên nghiệp - 1980Books,126750.0,4.5,94,https://tiki.vn/sach-mbo-phuong-phap-quan-ly-muc-tieu-va-danh-gia-nhan-su-chuyen-nghiep-1980books-p168661082.html?spid=168661083,Tiki,Mỹ phẩm,False
149974912,"Sách Micromastery - Thành Thạo Kỹ Năng Nhỏ, Vươn Đến Thành Công Lớn",100500.0,5.0,103,https://tiki.vn/sach-micromastery-thanh-thao-ky-nang-nho-vuon-den-thanh-cong-lon-p149974912.html?spid=149974914,Tiki,Mỹ phẩm,False
68823444,Sách Khát Vọng Dấn Thân (Tái Bản 2020),91600.0,4.7,87,https://tiki.vn/sach-khat-vong-dan-than-tai-ban-2020-p68823444.html?spid=68823445,Tiki,Mỹ phẩm,False
68267303,Sách Quản Lý Bằng Thiện Chí - Nguyên Tắc,57850.0,0.0,3,https://tiki.vn/sach-quan-ly-bang-thien-chi-nguyen-tac-p68267303.html?spid=68424291,Tiki,Mỹ phẩm,False
68168895,Combo Sách : Những Quy Tắc Trong Công Việc + Những Quy Tắc Trong Cuộc Sống + Những Quy Tắc Trong Quản Lý,404000.0,0.0,1,https://tiki.vn/combo-sach-nhung-quy-tac-trong-cong-viec-nhung-quy-tac-trong-cuoc-song-nhung-quy-tac-trong-quan-ly-p68168895.html?spid=248906048,Tiki,Mỹ phẩm,True
53240957,Combo D.Trump. Nghệ Thuật Đàm Phán và D. Trump - Đừng Bao Giờ Bỏ Cuộc ,189000.0,5.0,321,https://tiki.vn/combo-d-trump-nghe-thuat-dam-phan-va-d-trump-dung-bao-gio-bo-cuoc-p53240957.html?spid=53245065,Tiki,Mỹ phẩm,False
48035325,Sách Đời Sống Mới,24000.0,4.6,122,https://tiki.vn/sach-doi-song-moi-p48035325.html?spid=48035326,Tiki,Mỹ phẩm,False
40849005,Sách Kỹ Năng Làm Việc Để Thành Công: Dám Hành Động / Tặng Kèm Bookmark Happy Life,279000.0,0.0,0,https://tiki.vn/sach-ky-nang-lam-viec-de-thanh-cong-dam-hanh-dong-tang-kem-bookmark-happy-life-p40849005.html?spid=261953051,Tiki,Mỹ phẩm,False
31207368,Luyện Trí Nhớ (Quà Tặng Tickbook Đặc Biệt),84000.0,0.0,0,https://tiki.vn/luyen-tri-nho-qua-tang-tickbook-dac-biet-p31207368.html?spid=89920153,Tiki,Mỹ phẩm,False
25037586,Sách The Big Nine,94500.0,4.8,29,https://tiki.vn/sach-the-big-nine-p25037586.html?spid=97902100,Tiki,Mỹ phẩm,False
12288804,Combo Làm Chủ Trí Nhớ Của Bạn và Sử Dụng Trí Nhớ Của Bạn - Use Your Memory ( Tặng Kèm Bút ),426000.0,4.7,113,https://tiki.vn/combo-lam-chu-tri-nho-cua-ban-va-su-dung-tri-nho-cua-ban-use-your-memory-tang-kem-but-p12288804.html?spid=12288805,Tiki,Mỹ phẩm,True
11222058,Sách Cẩm Nang Quản Lý,142200.0,0.0,1,https://tiki.vn/sach-cam-nang-quan-ly-p11222058.html?spid=276615990,Tiki,Mỹ phẩm,False
2782635,Sách Nghệ Thuật Quản Lý Tài Chính Cá Nhân,119250.0,4.7,572,https://tiki.vn/sach-nghe-thuat-quan-ly-tai-chinh-ca-nhan-p2782635.html?spid=55653393,Tiki,Mỹ phẩm,False
1339061,Sách Sức Mạnh Của Tập Trung (Tái Bản),143000.0,5.0,87,https://tiki.vn/sach-suc-manh-cua-tap-trung-tai-ban-p1339061.html?spid=76596809,Tiki,Mỹ phẩm,False
772761,Sách Tăng Tốc Đọc Hiểu Để Thành Công,83000.0,4.5,755,https://tiki.vn/sach-tang-toc-doc-hieu-de-thanh-cong-p772761.html?spid=772979,Tiki,Mỹ phẩm,False
336021,Sách Người Nam Châm - Bí Mật Của Luật Hấp Dẫn,94000.0,0.0,7,https://tiki.vn/sach-nguoi-nam-cham-bi-mat-cua-luat-hap-dan-p336021.html?spid=205984808,Tiki,Mỹ phẩm,False
279370529,Sách nâng cao hiệu suất làm việc: Việc 12 Tháng Làm Trong 12 Tuần + Master Your Life +  Hãy Làm Việc Thông Minh,104720.0,0.0,0,https://tiki.vn/sach-nang-cao-hieu-suat-lam-viec-viec-12-thang-lam-trong-12-tuan-master-your-life-hay-lam-viec-thong-minh-p279370529.html?spid=279370533,Tiki,Mỹ phẩm,False
279261815,Live Stream Thực Chiến,186750.0,0.0,0,https://tiki.vn/live-stream-thuc-chien-p279261815.html?spid=279261816,Tiki,Mỹ phẩm,False
278938174,Sách - Tại sao chúng ta ăn quá nhiều: Hiểu rõ lầm tưởng và bí mật giảm cân bền vững (Bác sĩ Andrew Jenkinson) (Nhã Nam Official),234000.0,0.0,0,https://tiki.vn/sach-tai-sao-chung-ta-an-qua-nhieu-hieu-ro-lam-tuong-va-bi-mat-giam-can-ben-vung-bac-si-andrew-jenkinson-nha-nam-official-p278938174.html?spid=278938175,Tiki,Mỹ phẩm,False
278197395,Tư Duy Thực Chiến - Ứng Dụng Tư Duy Hệ Thống Trong Công Việc,159000.0,0.0,1,https://tiki.vn/tu-duy-thuc-chien-ung-dung-tu-duy-he-thong-trong-cong-viec-p278197395.html?spid=278197396,Tiki,Mỹ phẩm,False
277585973,Combo 2 cuốn: AI Thực Chiến + Kỹ Thuật Đặt Câu Lệnh Cho Chat GPT,321000.0,0.0,5,https://tiki.vn/combo-2-cuon-ai-thuc-chien-ky-thuat-dat-cau-lenh-cho-chat-gpt-p277585973.html?spid=277585974,Tiki,Mỹ phẩm,True
276846955,Combo 2 cuốn Bộ Công Cụ Nâng Cao Hiệu Suất Làm Việc Nhóm + Mô Hình Kinh Doanh Nhóm,448500.0,0.0,5,https://tiki.vn/combo-2-cuon-bo-cong-cu-nang-cao-hieu-suat-lam-viec-nhom-mo-hinh-kinh-doanh-nhom-p276846955.html?spid=276846956,Tiki,Mỹ phẩm,True
276840136,Kiếm Tiền Cùng Chatgpt - Vào Nghề ChatGPT Chỉ Trong 5 Giờ Học,169150.0,4.0,11,https://tiki.vn/kiem-tien-cung-chatgpt-vao-nghe-chatgpt-chi-trong-5-gio-hoc-p276840136.html?spid=276840301,Tiki,Mỹ phẩm,False
273714137,CANH BẠC AI - CHAT GPT VÀ TƯƠNG LAI LOÀI NGƯỜI – Ngô Di Lân - NXB Trẻ ,85000.0,0.0,2,https://tiki.vn/canh-bac-ai-chat-gpt-va-tuong-lai-loai-nguoi-ngo-di-lan-nxb-tre-p273714137.html?spid=274191530,Tiki,Mỹ phẩm,False
273314937,Chiến Lược Phân Phối Hàng Hóa Tuyệt Vời,125000.0,0.0,1,https://tiki.vn/chien-luoc-phan-phoi-hang-hoa-tuyet-voi-p273314937.html?spid=273314938,Tiki,Mỹ phẩm,False
272645622,Chiến Lược Phân Phối Hàng Hóa Tuyệt Vời,106250.0,0.0,1,https://tiki.vn/chien-luoc-phan-phoi-hang-hoa-tuyet-voi-p272645622.html?spid=272972230,Tiki,Mỹ phẩm,False
271959495,"""Dọn Dẹp"" Công Việc, Gọn Gàng Tâm Trí - Marie Kondo, Scott Sonenshein - Trịnh Trung dịch - (bìa mềm)",118000.0,0.0,4,https://tiki.vn/don-dep-cong-viec-gon-gang-tam-tri-marie-kondo-scott-sonenshein-trinh-trung-dich-bia-mem-p271959495.html?spid=274031838,Tiki,Mỹ phẩm,False
262034963,Mật Mã Tài Năng,118000.0,0.0,1,https://tiki.vn/mat-ma-tai-nang-p262034963.html?spid=278840868,Tiki,Mỹ phẩm,False
257835471,Quản Lý Nghiệp (Tái Bản),69000.0,0.0,0,https://tiki.vn/quan-ly-nghiep-tai-ban-p257835471.html?spid=274146411,Tiki,Mỹ phẩm,False
253229863,Bắt Đầu Với Câu Hỏi Tại Sao,109000.0,0.0,0,https://tiki.vn/bat-dau-voi-cau-hoi-tai-sao-p253229863.html?spid=274145426,Tiki,Mỹ phẩm,False
252387163,Sức Mạnh Của Việc Đặt Câu Hỏi Đúng (Tái Bản)_AL,84000.0,0.0,3,https://tiki.vn/suc-manh-cua-viec-dat-cau-hoi-dung-tai-ban-_al-p252387163.html?spid=262060770,Tiki,Mỹ phẩm,False
250548876,Đàm Đạo Với Lão Tử,60900.0,0.0,0,https://tiki.vn/sach-dam-dao-voi-lao-tu-p250548876.html?spid=270473222,Tiki,Mỹ phẩm,False
249883318,Sách Thiên nga và dơi (Higashino Keigo) - Nhã Nam - BẢN QUYỀN,266000.0,0.0,0,https://tiki.vn/sach-thien-nga-va-doi-higashino-keigo-nha-nam-ban-quyen-p249883318.html?spid=250722384,Tiki,Mỹ phẩm,False
249024635,Thành Công Trong Kinh Doanh Nhờ NLP - Cách Thức Nhanh Chóng Để Đạt Được Thành Công -  Jeremy Lazarus,150000.0,0.0,0,https://tiki.vn/thanh-cong-trong-kinh-doanh-nho-nlp-cach-thuc-nhanh-chong-de-dat-duoc-thanh-cong-jeremy-lazarus-p249024635.html?spid=274648787,Tiki,Mỹ phẩm,False
230309425,Nhảy Việc Hay Thay Đổi Chính Mình,139000.0,0.0,0,https://tiki.vn/nhay-viec-hay-thay-doi-chinh-minh-p230309425.html?spid=248279379,Tiki,Mỹ phẩm,False
221229416,Sách Sức Tàn Lực Kiệt Ở Nơi Làm Việc - Hướng Dẫn Ngăn Chặn Và Phục Hồi 5,73500.0,0.0,12,https://tiki.vn/sach-suc-tan-luc-kiet-o-noi-lam-viec-huong-dan-ngan-chan-va-phuc-hoi-5-p221229416.html?spid=221229417,Tiki,Mỹ phẩm,False
216231980,Sách Những Đòn Tâm Lý Trong Thuyết Phục,194000.0,0.0,2,https://tiki.vn/sach-nhung-don-tam-ly-trong-thuyet-phuc-p216231980.html?spid=262725458,Tiki,Mỹ phẩm,False
215382269,Giao Tiếp Khiêm Nhường - Thu Phục Nhân Tâm - ý nghĩa thật sự của phương pháp hỏi han khiêm nhường trong cuộc sống thực tế hằng ngày.,121400.0,0.0,0,https://tiki.vn/giao-tiep-khiem-nhuong-thu-phuc-nhan-tam-y-nghia-that-su-cua-phuong-phap-hoi-han-khiem-nhuong-trong-cuoc-song-thuc-te-hang-ngay-p215382269.html?spid=215382270,Tiki,Mỹ phẩm,False
212567852,Tái Tạo Mô Hình Kinh Doanh Hiệu Quả - Bản Quyền,149000.0,0.0,3,https://tiki.vn/tai-tao-mo-hinh-kinh-doanh-hieu-qua-ban-quyen-p212567852.html?spid=274140670,Tiki,Mỹ phẩm,False
208907115,17 Nguyên Tắc Vàng Trong Làm Việc Nhóm - John C. Maxwell - Bản Quyền,109000.0,0.0,0,https://tiki.vn/17-nguyen-tac-vang-trong-lam-viec-nhom-john-c-maxwell-ban-quyen-p208907115.html?spid=270822696,Tiki,Mỹ phẩm,False
183481788,Đàm Phán Điều Không Thể Đàm Phán - Negotiating The impossible,148000.0,0.0,4,https://tiki.vn/dam-phan-dieu-khong-the-dam-phan-negotiating-the-impossible-p183481788.html?spid=274822653,Tiki,Mỹ phẩm,False
148807241,BIZBOOKS - Sách Giải Mã Hành Vi DISC: Bạn Thuộc Kiểu Lãnh Đạo Nào Trong 8 Nhóm Hành Vi? - MinhAnBooks,146780.0,4.8,161,https://tiki.vn/bizbooks-sach-giai-ma-hanh-vi-disc-ban-thuoc-kieu-lanh-dao-nao-trong-8-nhom-hanh-vi-minhanbooks-p148807241.html?spid=157195062,Tiki,Mỹ phẩm,False
101459411,Đầu Tư Hiệu Quả,93081.0,0.0,0,https://tiki.vn/dau-tu-hieu-qua-p101459411.html?spid=191894737,Tiki,Mỹ phẩm,False
90624188,Sách Sống Sót Nơi Công Sở - English Presentation - Ngôi Sao Báo Cáo Và Thuyết Trình,135000.0,3.7,33,https://tiki.vn/sach-song-sot-noi-cong-so-english-presentation-ngoi-sao-bao-cao-va-thuyet-trinh-p90624188.html?spid=94581969,Tiki,Mỹ phẩm,False
77111818,Sách Bí Quyết Thành Công Cho Người Đi Làm,52300.0,5.0,25,https://tiki.vn/sach-bi-quyet-thanh-cong-cho-nguoi-di-lam-p77111818.html?spid=77111819,Tiki,Mỹ phẩm,False
73923118,Sách Vòng Lặp Ooda - Phương Pháp Ra Quyết Định Và Hành Động Tối Ưu Trong Công Việc,69500.0,4.7,512,https://tiki.vn/sach-vong-lap-ooda-phuong-phap-ra-quyet-dinh-va-hanh-dong-toi-uu-trong-cong-viec-p73923118.html?spid=73923119,Tiki,Mỹ phẩm,False
71981417,Sách: Digital Transformation - Chuyển đổi số - 5 giai đoạn triển khai công nghệ số cho doanh nghiệp,169000.0,5.0,45,https://tiki.vn/sach-digital-transformation-chuyen-doi-so-5-giai-doan-trien-khai-cong-nghe-so-cho-doanh-nghiep-p71981417.html?spid=89921058,Tiki,Mỹ phẩm,False
14512212,Sách Thiết Lập Đội Nhóm Xuất Sắc,119000.0,4.3,418,https://tiki.vn/sach-thiet-lap-doi-nhom-xuat-sac-p14512212.html?spid=14512213,Tiki,Mỹ phẩm,False
10695080,"Làm Chủ Tư Duy, Thay Đổi Vận Mệnh",212500.0,5.0,257,https://tiki.vn/lam-chu-tu-duy-thay-doi-van-menh-p10695080.html?spid=11582318,Tiki,Mỹ phẩm,False
5494041,Sách Kẻ Làm Thay Đổi Cuộc Chơi (Tái Bản 2018),71600.0,1.5,78,https://tiki.vn/sach-ke-lam-thay-doi-cuoc-choi-tai-ban-2018-p5494041.html?spid=5495275,Tiki,Mỹ phẩm,False
4216625,"Sách Kinh Doanh Nhỏ, Thu Lợi Lớn",84000.0,4.5,72,https://tiki.vn/sach-kinh-doanh-nho-thu-loi-lon-p4216625.html?spid=50744744,Tiki,Mỹ phẩm,False
3598241,Sách Platform Ứng Dụng,169900.0,4.5,870,https://tiki.vn/sach-platform-ung-dung-p3598241.html?spid=3615385,Tiki,Mỹ phẩm,False
2386709,Sách Lãnh Đạo Đội Ngũ 10 Thách Thức 10 Giải Pháp,71250.0,0.0,8,https://tiki.vn/sach-lanh-dao-doi-ngu-10-thach-thuc-10-giai-phap-p2386709.html?spid=2545431,Tiki,Mỹ phẩm,False
1746347,Sách 21 Ngày Cho Một Ý Tưởng Lớn,70200.0,0.0,3,https://tiki.vn/sach-21-ngay-cho-mot-y-tuong-lon-p1746347.html?spid=21295586,Tiki,Mỹ phẩm,False
1028025,Sách Tư Duy Làm Giàu,89900.0,5.0,15,https://tiki.vn/sach-tu-duy-lam-giau-p1028025.html?spid=113235711,Tiki,Mỹ phẩm,False
578827,Sách Nghệ Thuật Làm Việc Tuyệt Vời Của Toyota,112500.0,0.0,2,https://tiki.vn/sach-nghe-thuat-lam-viec-tuyet-voi-cua-toyota-p578827.html?spid=177338088,Tiki,Mỹ phẩm,False
279426086,(Bộ Sách 3 Tập) HỢP ĐỒNG TRONG HOẠT ĐỘNG KINH DOANH – Kinh Nghiệm Đàm Phán Và Soạn Thảo – Hanna Hạnh Nguyễn – NXB Xây Dựng,1359000.0,0.0,1,https://tiki.vn/bo-sach-3-tap-hop-dong-trong-hoat-dong-kinh-doanh-kinh-nghiem-dam-phan-va-soan-thao-hanna-hanh-nguyen-nxb-xay-dung-p279426086.html?spid=279426087,Tiki,Mỹ phẩm,True
278377286,￼Sách - Nghệ thuật để làm gì ?,135000.0,0.0,1,https://tiki.vn/sach-nghe-thuat-de-lam-gi-p278377286.html?spid=279055759,Tiki,Mỹ phẩm,False
278274616,AI Agent - Ứng Dụng,239000.0,0.0,1,https://tiki.vn/ai-agent-ung-dung-p278274616.html?spid=278274617,Tiki,Mỹ phẩm,False
277881565,Sách - Tri thức và trưởng thành - Hành trình PhD của nữ PGS trẻ nhất Việt Nam năm 2024,183000.0,0.0,12,https://tiki.vn/sach-tri-thuc-va-truong-thanh-hanh-trinh-phd-cua-nu-pgs-tre-nhat-viet-nam-nam-2024-p277881565.html?spid=277881566,Tiki,Mỹ phẩm,False
277521023,Tư Duy Thiết Kế Trong Kể Chuyện Thương Hiệu - Brand Storytelling - Miri Rodriguez,169000.0,0.0,0,https://tiki.vn/tu-duy-thiet-ke-trong-ke-chuyen-thuong-hieu-brand-storytelling-miri-rodriguez-p277521023.html?spid=277521024,Tiki,Mỹ phẩm,False
277375368,Kỹ Thuật Đặt Câu Lệnh Cho Chat GPT,170000.0,0.0,15,https://tiki.vn/ky-thuat-dat-cau-lenh-cho-chat-gpt-p277375368.html?spid=277403501,Tiki,Mỹ phẩm,False
275196434,Những điều công ty không dạy bạn: BÍ QUYẾT THĂNG TIẾN TRONG CÔNG VIỆC,68400.0,0.0,1,https://tiki.vn/nhung-dieu-cong-ty-khong-day-ban-bi-quyet-thang-tien-trong-cong-viec-p275196434.html?spid=275196435,Tiki,Mỹ phẩm,False
273910322,Sách Đau Cũng Là Sống,75000.0,5.0,14,https://tiki.vn/sach-dau-cung-la-song-p273910322.html?spid=273910324,Tiki,Mỹ phẩm,False
273609633,Ứng Dụng Sáng Tạo Trong Thiết Kế,320000.0,5.0,18,https://tiki.vn/ung-dung-sang-tao-trong-thiet-ke-p273609633.html?spid=273609634,Tiki,Mỹ phẩm,True
273382338,Những Quy Tắc Để Giàu Có,126000.0,0.0,1,https://tiki.vn/nhung-quy-tac-de-giau-co-p273382338.html?spid=277505648,Tiki,Mỹ phẩm,False
261113265,Nổi Bật Cũng Cần Chiến Thuật,99000.0,0.0,0,https://tiki.vn/noi-bat-cung-can-chien-thuat-p261113265.html?spid=274039052,Tiki,Mỹ phẩm,False
260107933,Kinh Tế Thành Viên,299000.0,0.0,0,https://tiki.vn/kinh-te-thanh-vien-p260107933.html?spid=274754844,Tiki,Mỹ phẩm,True
253300518,Hố đen sâu thẳm - Bản Quyền,108000.0,0.0,0,https://tiki.vn/ho-den-sau-tham-ba-n-quye-n-p253300518.html?spid=274366727,Tiki,Mỹ phẩm,False
249007411,Sách Hố đen sâu thẳm - Nhã Nam - BẢN QUYỀN,108000.0,0.0,0,https://tiki.vn/sach-ho-den-sau-tham-nha-nam-ban-quyen-p249007411.html?spid=274366734,Tiki,Mỹ phẩm,False
230252334,"Think And Grow Rich - 13 Nguyên Tắc Nghĩ Giàu, Làm Giàu (Tái Bản)",125075.0,0.0,0,https://tiki.vn/think-and-grow-rich-13-nguyen-tac-nghi-giau-lam-giau-tai-ban-p230252334.html?spid=276933638,Tiki,Mỹ phẩm,False
214908398,Quy Trình Bán Hàng Chuyên Nghiệp - Bản Quyền,119000.0,0.0,1,https://tiki.vn/quy-trinh-ban-hang-chuyen-nghiep-ban-quyen-p214908398.html?spid=215898074,Tiki,Mỹ phẩm,False
200851521,Sách Thích Nghi Toàn Diện Để Khác Biệt - Cạnh Tranh Thành Công Trong Thế Giới Mới Về Việc Làm,109000.0,5.0,57,https://tiki.vn/sach-thich-nghi-toan-dien-de-khac-biet-canh-tranh-thanh-cong-trong-the-gioi-moi-ve-viec-lam-p200851521.html?spid=200851523,Tiki,Mỹ phẩm,False
195311878,Dấn Thân (Tái Bản),112000.0,0.0,0,https://tiki.vn/dan-than-tai-ban-p195311878.html?spid=274085666,Tiki,Mỹ phẩm,False
184045662,Sếp Thật Sự Muốn Gì Ở Bạn? - 15 Bí Quyết Để Cải Thiện Mối Quan Hệ Của Bạn Trong Công Việc,65000.0,0.0,0,https://tiki.vn/sep-that-su-muon-gi-o-ban-15-bi-quyet-de-cai-thien-moi-quan-he-cua-ban-trong-cong-viec-p184045662.html?spid=274851410,Tiki,Mỹ phẩm,False
182774058,Tuần Làm Việc 4 Giờ,132000.0,0.0,4,https://tiki.vn/tuan-lam-viec-4-gio-p182774058.html?spid=276815378,Tiki,Mỹ phẩm,False
181990463,Nghệ Thuật Bán Hàng Bậc Cao,178200.0,0.0,0,https://tiki.vn/nghe-thuat-ban-hang-bac-cao-p181990463.html?spid=278763934,Tiki,Mỹ phẩm,False
171095907,Sách Để Cuộc Họp Làm Tăng Doanh Số,115000.0,0.0,0,https://tiki.vn/sach-de-cuoc-hop-lam-tang-doanh-so-p171095907.html?spid=274861932,Tiki,Mỹ phẩm,False
143277064,COMBO EQ - NGHỆ THUẬT LÀM CHỦ CẢM XÚC ,596000.0,0.0,0,https://tiki.vn/combo-eq-nghe-thuat-lam-chu-cam-xuc-p143277064.html?spid=277111652,Tiki,Mỹ phẩm,True
143200373,Sách Doing Good Better: Làm việc thiện đúng cách,119200.0,5.0,396,https://tiki.vn/sach-doing-good-better-lam-viec-thien-dung-cach-p143200373.html?spid=143200374,Tiki,Mỹ phẩm,False
64242423,Combo Sách Hay Về Kỹ Năng Làm Việc: Bản Đồ Tư Duy Trong Công Việc + Quy Tắc Làm Việc Của Google,318000.0,0.0,0,https://tiki.vn/combo-sach-hay-ve-ky-nang-lam-viec-ban-do-tu-duy-trong-cong-viec-quy-tac-lam-viec-cua-google-p64242423.html?spid=192802542,Tiki,Mỹ phẩm,True
53495949,Sách Lập Kế Hoạch Công Việc Theo Chu Trình PDCA,111750.0,4.8,307,https://tiki.vn/sach-lap-ke-hoach-cong-viec-theo-chu-trinh-pdca-p53495949.html?spid=99109504,Tiki,Mỹ phẩm,False
37216721,"Cuốn Sách Kinh Doanh Được Bán Chạy Nhất Hoa Kỳ Năm 2016: Siêu Dịch Vụ, Siêu Lợi Nhuận; Tặng Kèm BookMark",118000.0,0.0,13,https://tiki.vn/cuon-sach-kinh-doanh-duoc-ban-chay-nhat-hoa-ky-nam-2016-sieu-dich-vu-sieu-loi-nhuan-tang-kem-bookmark-p37216721.html?spid=76468036,Tiki,Mỹ phẩm,False
29810898,Đổi Mới Từ Cốt Lõi (Tái Bản 2018) ( Tặng Bookmark Sáng Tạo ),149000.0,0.0,0,https://tiki.vn/doi-moi-tu-cot-loi-tai-ban-2018-tang-bookmark-sang-tao-p29810898.html?spid=274718968,Tiki,Mỹ phẩm,False
26076336,Bí Quyết Đàm Phán Để Nắm Bắt Mọi Thương Vụ (Tặng 01 bút bi độc đáo),110000.0,0.0,0,https://tiki.vn/bi-quyet-dam-phan-de-nam-bat-moi-thuong-vu-tang-01-but-bi-doc-dao-p26076336.html?spid=277090798,Tiki,Mỹ phẩm,False
23404359,Combo 2 cuốn sách hay nhất về kinh tế từ Warren Buffett : Những Bài Học Đầu Tư Từ Warren Buffett + Phương Pháp Đầu Tư Warren Buffett ( Tặng kèm Postcard Happy Life),368000.0,0.0,2,https://tiki.vn/combo-2-cuon-sach-hay-nhat-ve-kinh-te-tu-warren-buffett-nhung-bai-hoc-dau-tu-tu-warren-buffett-phuong-phap-dau-tu-warren-buffett-tang-kem-postcard-happy-life-p23404359.html?spid=192128140,Tiki,Mỹ phẩm,True
7440087,Sách Marketing Mở Đường Tăng Trưởng,106200.0,4.1,283,https://tiki.vn/sach-marketing-mo-duong-tang-truong-p7440087.html?spid=7440089,Tiki,Mỹ phẩm,False
6543931,Sách Những Ngã Rẽ Nghề Nghiệp,86800.0,5.0,77,https://tiki.vn/sach-nhung-nga-re-nghe-nghiep-p6543931.html?spid=6543933,Tiki,Mỹ phẩm,False
4995805,Sách 100 Ý Tưởng Tiếp Thị Tuyệt Hay (Tái Bản),70000.0,4.8,215,https://tiki.vn/sach-100-y-tuong-tiep-thi-tuyet-hay-tai-ban-p4995805.html?spid=4995807,Tiki,Mỹ phẩm,False
3517773,Sách Xây Dựng Câu Chuyện Thương Hiệu,219000.0,0.0,0,https://tiki.vn/sach-xay-dung-cau-chuyen-thuong-hieu-p3517773.html?spid=277116539,Tiki,Mỹ phẩm,False
3343903,"Sách Thông Minh Hơn, Nhanh Hơn, Giỏi Hơn (Tái Bản 2018)",114800.0,5.0,335,https://tiki.vn/sach-thong-minh-hon-nhanh-hon-gioi-hon-tai-ban-2018-p3343903.html?spid=3488545,Tiki,Mỹ phẩm,False
1699263,Sách Sinh Ra Để Chạy,136300.0,4.7,4398,https://tiki.vn/sach-sinh-ra-de-chay-p1699263.html?spid=1702533,Tiki,Mỹ phẩm,False
1354113,Sách Người Dám Cho Đi,63350.0,3.8,65,https://tiki.vn/sach-nguoi-dam-cho-di-p1354113.html?spid=8373744,Tiki,Mỹ phẩm,False
719135,Sách Cú Hích,198000.0,0.0,1,https://tiki.vn/sach-cu-hich-p719135.html?spid=126035708,Tiki,Mỹ phẩm,False
515857,Sách Thuật Thiết Lập Chiến Lược Kinh Doanh,69000.0,0.0,0,https://tiki.vn/sach-thuat-thiet-lap-chien-luoc-kinh-doanh-p515857.html?spid=274704315,Tiki,Mỹ phẩm,False
433515,Sách Cẩm Nang Tư Duy Phản Biện,30000.0,0.0,0,https://tiki.vn/sach-cam-nang-tu-duy-phan-bien-p433515.html?spid=276908346,Tiki,Mỹ phẩm,False
KG_9826718960,【Vivienne Westwood】U型接軌特色錶帶腕錶(銀色)_W-VW-001-3,0.5,0.0,0,https://kaggle.com/dataset/item-KG_9826718960,Kaggle,Kaggle Dataset,False
KG_1569539336,華為 Huawei P20 2.5D 9H 保護 手機 鋼化 玻璃 螢幕 膜 貼,0.5,0.0,0,https://kaggle.com/dataset/item-KG_1569539336,Kaggle,Kaggle Dataset,False
KG_42455197919,GK預購 拉爆 工作室 小賽 稚熱gk公仔模型 AB14554,0.5,0.0,0,https://kaggle.com/dataset/item-KG_42455197919,Kaggle,Kaggle Dataset,False
KG_56862999640,廚房洗菜盆瀝水籃 雙層塑料洗水果籃洗菜神器菜籃子淘菜盆杯碗架,0.5,0.0,0,https://kaggle.com/dataset/item-KG_56862999640,Kaggle,Kaggle Dataset,False
KG_57058476186,【臺灣出貨】  高級感微褶收腰深V領掛脖吊帶上衣,0.5,0.0,0,https://kaggle.com/dataset/item-KG_57058476186,Kaggle,Kaggle Dataset,False
KG_56962999015,臺灣出貨✨小蜥蜴湯姆杯墊可愛編織 DIY 材料包 毛線鉤針小動物造型杯墊 新手友好零基礎教學手工自制隔熱墊閨蜜情侶生日禮,0.5,0.0,0,https://kaggle.com/dataset/item-KG_56962999015,Kaggle,Kaggle Dataset,False
KG_5266585901,日本｜料理用 多功能 神奇快速解凍板（大）｜杉山金屬 快速解凍的秘密 5倍速度 冬天必備 解凍皿 解凍盤｜生活的樣子,0.5,0.0,0,https://kaggle.com/dataset/item-KG_5266585901,Kaggle,Kaggle Dataset,False
KG_45313025742,食品級硅膠飯盒冰箱保鮮盒便噹盒水果盒圓形硅膠保鮮盒微波爐飯盒D,0.5,0.0,0,https://kaggle.com/dataset/item-KG_45313025742,Kaggle,Kaggle Dataset,False
KG_50850319242,Edikted聖誕節紅色細格紋白色蝴蝶結排扣鬆緊腰低腰直筒寬褲居家睡褲長褲,0.5,0.0,0,https://kaggle.com/dataset/item-KG_50850319242,Kaggle,Kaggle Dataset,False
KG_47604873389,女式鉤針襯衫短袖寬鬆圓領優質棉 TN-227,0.5,0.0,0,https://kaggle.com/dataset/item-KG_47604873389,Kaggle,Kaggle Dataset,False
KG_45612898900,台灣出貨 免運 家具 居家 生活SGS低甲醛-創意雙面可移動兒童書櫃 繪本架 環保無毒E0板材 兒童書架 書架 置物架 ,0.5,0.0,0,https://kaggle.com/dataset/item-KG_45612898900,Kaggle,Kaggle Dataset,False
KG_46962896543,威傑士｜WAJASS｜ ZERO極光矯色洗髮精補色洗髮（300ml),0.5,0.0,0,https://kaggle.com/dataset/item-KG_46962896543,Kaggle,Kaggle Dataset,False
KG_53863001267,電子秤 廚房秤 料理秤 迷你秤 數位電子秤 珠寶秤 烘培秤 廚房電子秤 台灣外銷版 繁體中文 最大10KG/精度1G,0.5,0.0,0,https://kaggle.com/dataset/item-KG_53863001267,Kaggle,Kaggle Dataset,False
KG_28507050731,#54總硬度及碳酸硬度GH+KH增加劑(水草PRO濃縮版),0.5,0.0,0,https://kaggle.com/dataset/item-KG_28507050731,Kaggle,Kaggle Dataset,False
KG_47803312611,GGS 女士運動文胸背心帶泡沫杯露臍上衣女士健身房瑜伽運動上衣 AT004,0.5,0.0,0,https://kaggle.com/dataset/item-KG_47803312611,Kaggle,Kaggle Dataset,False
KG_51450837974,【小香風套裝】名媛小香風時尚休閒套裝裙女 秋冬仿水貂毛A字針織兩件式套裝裙 小香風針織兩件套 秋天套裝女 A字套裝 女 ,0.5,0.0,0,https://kaggle.com/dataset/item-KG_51450837974,Kaggle,Kaggle Dataset,False
KG_29169526211,🔥台灣出貨🔥 小推車置物架 移動多層廚房落地蔬菜籃子 牀頭零食浴室衛生間收納架,0.5,0.0,0,https://kaggle.com/dataset/item-KG_29169526211,Kaggle,Kaggle Dataset,False
KG_53309999403,【Like U】✨可刻字✨ 愛在比利時戒 S925純銀戒指 情侶對戒 情侶戒指 韓國飾品 銀飾 可微調戒圍 生日紀念禮物,0.5,0.0,0,https://kaggle.com/dataset/item-KG_53309999403,Kaggle,Kaggle Dataset,False
KG_56762990091,【可開發票】正反牙絲桿往復絲槓加長款42步進馬達蝸輪蝸桿減速齒輪箱,0.5,0.0,0,https://kaggle.com/dataset/item-KG_56762990091,Kaggle,Kaggle Dataset,False
KG_26395147659,雞胸肉切絲機器雞胸肉制絲機 分絲機雞胸肉拆絲機 雞肉打絲機 不含運費,0.5,0.0,0,https://kaggle.com/dataset/item-KG_26395147659,Kaggle,Kaggle Dataset,False
KG_50112985867,設備鈑金外殻加工不銹鋼機箱配電箱外殻各類機殻設備鈑金外殻6.26628,0.5,0.0,0,https://kaggle.com/dataset/item-KG_50112985867,Kaggle,Kaggle Dataset,False
KG_20578002116,造型斜扣設計西裝褲 大地色調 #斜扣設計 #雅痞#休閒西裝長褲_NEW,0.5,0.0,0,https://kaggle.com/dataset/item-KG_20578002116,Kaggle,Kaggle Dataset,False
KG_45851541010,免運 臺灣出貨 新中式棉服女 新中式棉襖冬季新款加厚國風收腰小個子棉衣顯瘦黑色棉服外套 YTEZ,0.5,0.0,0,https://kaggle.com/dataset/item-KG_45851541010,Kaggle,Kaggle Dataset,False
KG_23158947654,熱賣**花生脫粒機手動花生摘果神器簡易花生脫粒器家用收花生神器送網兜,0.5,0.0,0,https://kaggle.com/dataset/item-KG_23158947654,Kaggle,Kaggle Dataset,False
KG_57851498267,GLÜCK美式復古滿印星星牛仔褲女秋季新款設計感寬鬆闊腿褲子,0.5,0.0,0,https://kaggle.com/dataset/item-KG_57851498267,Kaggle,Kaggle Dataset,False
KG_55062977144,木工車牀 多功能小型DIY機牀臺式工業級調速銑牀木旋仿形機運費咨詢客服6.28,0.5,0.0,0,https://kaggle.com/dataset/item-KG_55062977144,Kaggle,Kaggle Dataset,False
KG_14915985540,Supreme x Air Jordan 5 retro “Black” 黑色 喬丹 5代 聯名款,0.5,0.0,0,https://kaggle.com/dataset/item-KG_14915985540,Kaggle,Kaggle Dataset,False
KG_51512969092,🔥臺灣出貨🔥水果日式木質胡桃木砧板實木切菜板案板麪包家用托盤牛排披薩XEDB,0.5,0.0,0,https://kaggle.com/dataset/item-KG_51512969092,Kaggle,Kaggle Dataset,False
KG_1881507715,☆附發票 [ 東北五金 ] 卡順 卡式瓦斯噴燈 噴燈組 火雞 噴火槍 打火機 火炬 瓦斯噴槍 水電 露營 烤肉 台灣製,0.5,0.0,0,https://kaggle.com/dataset/item-KG_1881507715,Kaggle,Kaggle Dataset,False
KG_21112980967,September 26select ｜軟綿防曬開衩短版上衣｜,0.5,0.0,0,https://kaggle.com/dataset/item-KG_21112980967,Kaggle,Kaggle Dataset,False
KG_25813979358,有機茶樹單方精油10ml 適用擴香儀香氛機 空間淨化防護 消除環境霉味 保持室內清新【Boyns博恩詩植萃】,0.5,0.0,0,https://kaggle.com/dataset/item-KG_25813979358,Kaggle,Kaggle Dataset,False
KG_43611322100,Focus mk4.5 wagon 5D ST 兩件式 前風刀 前鋒刀 立體造型 風刀,0.5,0.0,0,https://kaggle.com/dataset/item-KG_43611322100,Kaggle,Kaggle Dataset,False
KG_46663026320,萬客隆 島台餐桌 岩板 簡約風 開放式廚房 吧臺 桌子 西廚島台 可定製 可收納   378,0.5,0.0,0,https://kaggle.com/dataset/item-KG_46663026320,Kaggle,Kaggle Dataset,False
KG_18676273959,Xuan♥ 吊帶背心女帶胸墊睡衣女夏季短褲蕾絲花邊復古翠花網紅家居服套裝,0.5,0.0,0,https://kaggle.com/dataset/item-KG_18676273959,Kaggle,Kaggle Dataset,False
KG_19248930676,🎈休閒雜誌風連身款(S-XL)🎈✅,0.5,0.0,0,https://kaggle.com/dataset/item-KG_19248930676,Kaggle,Kaggle Dataset,False
KG_55012990987,✨ 臺灣發貨✨也樂雞蛋收納盒廚房冰箱整理神器裝放架食品級保鮮盒託蛋盒雞蛋盒,0.5,0.0,0,https://kaggle.com/dataset/item-KG_55012990987,Kaggle,Kaggle Dataset,False
KG_22980977347,[HYC] 韓國 C字 個性 Y2K風格 尼龍外套 線條 折線 防風 防曬 賽車 風衣外套 高級感 外套 休閒運動外套,0.5,0.0,0,https://kaggle.com/dataset/item-KG_22980977347,Kaggle,Kaggle Dataset,False
KG_42919345612,【MR.男先生】臺灣出貨 免運 男牛仔外套  美式高街土藍色牛仔外套男水洗複古潮牌寬鬆痞帥工裝休閒夾克外套 PA5N,0.5,0.0,0,https://kaggle.com/dataset/item-KG_42919345612,Kaggle,Kaggle Dataset,False
KG_51955092047,好市多 🍀 代購 阿拉斯加野生魚油  230粒 Omega-3 rTG 濃縮魚油 1250mg 150粒 122,0.5,0.0,0,https://kaggle.com/dataset/item-KG_51955092047,Kaggle,Kaggle Dataset,False
KG_53254969925,正版🔥台灣出貨 】 aespa drama sr白版D版 中文卡背特典卡 柚梨冬寧 柳智敏 金冬天,0.5,0.0,0,https://kaggle.com/dataset/item-KG_53254969925,Kaggle,Kaggle Dataset,False
KG_20082387959,【左都】香檳金洋傘 黑膠傘 晴雨傘 迷你傘 折疊傘 手機傘 口袋傘 防紫外線 零透光 防曬傘 陽傘 洋傘 小雨傘 雨傘,0.5,0.0,0,https://kaggle.com/dataset/item-KG_20082387959,Kaggle,Kaggle Dataset,False
KG_44755092459,限定 檀木柄圓錐手工DIY皮革輔助打孔錐子手縫通孔皮具劃線定位錐直錐 1/22,0.5,0.0,0,https://kaggle.com/dataset/item-KG_44755092459,Kaggle,Kaggle Dataset,False
KG_48312972651,保鮮膜食品級家用保鮮膜切割磁吸家用廚房切割盒,0.5,0.0,0,https://kaggle.com/dataset/item-KG_48312972651,Kaggle,Kaggle Dataset,False
KG_19978124172,辣妹掛脖小吊帶背心女裝夏季新款玫紅色內搭ins外穿短款上衣,0.5,0.0,0,https://kaggle.com/dataset/item-KG_19978124172,Kaggle,Kaggle Dataset,False
KG_22250607402,日本🇯🇵現貨 SHOO・LA・RUE/Cutie Blonde 可愛 輕輕皺摺感 澎澎袖荷葉上衣,0.5,0.0,0,https://kaggle.com/dataset/item-KG_22250607402,Kaggle,Kaggle Dataset,False
KG_25512315393,"慶大鑫工業風系列34 ""附螺絲"" 吊衣勾 掛衣勾 吊衣架 工業風衣架 造型衣架 鐵衣架 衣帽展示架 衣櫃 工業風掛帽勾",0.5,0.0,0,https://kaggle.com/dataset/item-KG_25512315393,Kaggle,Kaggle Dataset,False
KG_29294096638,合友唱片 Franck Pourcel 法蘭克普賽爾 Pages Celebres Vol.12 全新未拆 黑膠唱片LP,0.5,0.0,0,https://kaggle.com/dataset/item-KG_29294096638,Kaggle,Kaggle Dataset,False
KG_27056348024,【正韓】韓國菱格小羊皮mini 圓孤翻蓋轉扣造型三用後背錬包【真皮】,0.5,0.0,0,https://kaggle.com/dataset/item-KG_27056348024,Kaggle,Kaggle Dataset,False
KG_49403458870,「買到戀愛 本日特殺」 牛仔褲女 牛仔褲 高腰牛仔褲 顯瘦  百搭 寬鬆牛仔褲 韓版牛仔  設計感綁帶微喇叭牛仔,0.5,0.0,0,https://kaggle.com/dataset/item-KG_49403458870,Kaggle,Kaggle Dataset,False
KG_16787749873,🔆小甜甜日系美衣日系ins纯棉纱布睡衣女长袖秋冬季2026年新款简约外出家居服套装,0.5,0.0,0,https://kaggle.com/dataset/item-KG_16787749873,Kaggle,Kaggle Dataset,False
KG_53962982416,臺灣出🚚一口夏天獨立冰格大冰塊模具製冰家用做凍百香果冷凍格分裝製冰盒,0.5,0.0,0,https://kaggle.com/dataset/item-KG_53962982416,Kaggle,Kaggle Dataset,False
KG_3629037648,最後黃色綠色棉麻印女孩圖短袖t,0.5,0.0,0,https://kaggle.com/dataset/item-KG_3629037648,Kaggle,Kaggle Dataset,False
KG_6468177732,乾燥花束油畫版牆面裝置藝術裝潢設計,0.5,0.0,0,https://kaggle.com/dataset/item-KG_6468177732,Kaggle,Kaggle Dataset,False
KG_21322683895,全新 Nike Lebron Witness V 5代詹姆士子系列 CQ9381-101 實戰籃球鞋 耐磨 風暴兵白色,0.5,0.0,0,https://kaggle.com/dataset/item-KG_21322683895,Kaggle,Kaggle Dataset,False
KG_49062999778,🎈- 時尚半身圍裙 廚房烹飪夏季透氣半截圍腰家用短款工作服 上班圍裙耐髒,0.5,0.0,0,https://kaggle.com/dataset/item-KG_49062999778,Kaggle,Kaggle Dataset,False
KG_50862999232,全館免運🚚限時下殺Pree·“生活調色盤”~韓系極簡細邊髮箍女高顱頂顯臉小簡約頭箍,0.5,0.0,0,https://kaggle.com/dataset/item-KG_50862999232,Kaggle,Kaggle Dataset,False
KG_23971782363,DELL 01M71J H740P PCI RAID 8GB SERVER T640 R740 R640 R940,0.5,0.0,0,https://kaggle.com/dataset/item-KG_23971782363,Kaggle,Kaggle Dataset,False
KG_41282101272,✨ 臺灣發貨✨316不鏽鋼日式土豆泥工具家用壓泥器搗碎嬰兒輔食神器,0.5,0.0,0,https://kaggle.com/dataset/item-KG_41282101272,Kaggle,Kaggle Dataset,False
KG_40468022991,Codibook｜韓國 ondeed 排扣透視羅紋亨利領緊身長袖上衣［預購］長袖上衣 女裝,0.5,0.0,0,https://kaggle.com/dataset/item-KG_40468022991,Kaggle,Kaggle Dataset,False
KG_23855088600,韓國4x2坑條開V長袖t,0.5,0.0,0,https://kaggle.com/dataset/item-KG_23855088600,Kaggle,Kaggle Dataset,False
KG_57512984178,全館免運🚚限時下殺kpop專輯封面貼紙高顏值創意裝飾手機行李箱桌面素材手賬貼畫,0.5,0.0,0,https://kaggle.com/dataset/item-KG_57512984178,Kaggle,Kaggle Dataset,False
KG_21572367982,COROLLA  SPORT 排檔卡夢保護貼膜3M 不殘膠 AURIS 排檔貼膜 排檔面板,0.5,0.0,0,https://kaggle.com/dataset/item-KG_21572367982,Kaggle,Kaggle Dataset,False
KG_21358148897,轉賣kashin 可愛米奇條紋上衣,0.5,0.0,0,https://kaggle.com/dataset/item-KG_21358148897,Kaggle,Kaggle Dataset,False
KG_47263004253,新款18合1多功能螺絲異型起子電工專用絕緣棘輪螺絲刀工具套裝盒【三良-起子】,0.5,0.0,0,https://kaggle.com/dataset/item-KG_47263004253,Kaggle,Kaggle Dataset,False
KG_20127093689,日貨Classical Elf亞麻高腰錐形褲,0.5,0.0,0,https://kaggle.com/dataset/item-KG_20127093689,Kaggle,Kaggle Dataset,False
KG_25557463475,台灣出庫✨太陽能手電 手電筒戶外燈 LED 復古露營燈 帳篷燈 新太陽能手電筒強光可充電超亮遠射便攜多功能野外傢用耐用,0.5,0.0,0,https://kaggle.com/dataset/item-KG_25557463475,Kaggle,Kaggle Dataset,False
KG_1363430655,AVX 阿瓦拉桌球膠皮-PUROT 快攻弧圈型(千里達桌球網),0.5,0.0,0,https://kaggle.com/dataset/item-KG_1363430655,Kaggle,Kaggle Dataset,False
KG_10419291535,黑色現貨特價！原價1080！韓國代購Korea 正韓休閒百搭鬆緊腰綁帶拼色顯瘦闊腿褲開衩休閒褲 Free 實拍,0.5,0.0,0,https://kaggle.com/dataset/item-KG_10419291535,Kaggle,Kaggle Dataset,False
KG_25973286881,【包郵】免開發票~戶外便攜更衣帳篷洗澡沐浴淋浴換衣簡易移動厠所野外釣魚露營 SJLQ,0.5,0.0,0,https://kaggle.com/dataset/item-KG_25973286881,Kaggle,Kaggle Dataset,False
KG_1956961987,RIPNDIP 男女 NERMCAMO 針織毛衣 迷彩 黑灰紅【RND2927RCAMO】【A-KAY0】,0.5,0.0,0,https://kaggle.com/dataset/item-KG_1956961987,Kaggle,Kaggle Dataset,False
KG_27141241276,"2 帶壓花圖案的肩帶蕾絲連衣裙,A字喇叭形設計,奢華花朵吊飾",0.5,0.0,0,https://kaggle.com/dataset/item-KG_27141241276,Kaggle,Kaggle Dataset,False
KG_7212759296,天母嚴選羅紋V領寬鬆內刷毛大學T長袖上衣,0.5,0.0,0,https://kaggle.com/dataset/item-KG_7212759296,Kaggle,Kaggle Dataset,False
KG_14492763240,˙𝐎𝐕𝐄𝐑𝐂𝐇𝐈𝐂˙ 正韓代購 🇰🇷 𝐀𝐃𝐃𝐑𝐄𝐒𝐒 高端設計師 美國進口面料 SOFT T-SHIRT,0.5,0.0,0,https://kaggle.com/dataset/item-KG_14492763240,Kaggle,Kaggle Dataset,False
KG_29178492360,热卖爆款 一次性兒童卡片雨衣便捷一體加厚上學卡全身防水可愛學生卡通雨披,0.5,0.0,0,https://kaggle.com/dataset/item-KG_29178492360,Kaggle,Kaggle Dataset,False
KG_27553036392,【全館折扣】UA55DU8000XXZW SAMSUNG三星 55吋 4K OLED量子連網液晶電視,0.5,0.0,0,https://kaggle.com/dataset/item-KG_27553036392,Kaggle,Kaggle Dataset,False
KG_50012977795,客製化 開瓶器 寶寶 表情包 開瓶器 定製 寶寶 DIY 亞克力 啤酒瓶 起子,0.5,0.0,0,https://kaggle.com/dataset/item-KG_50012977795,Kaggle,Kaggle Dataset,False
KG_22581559641,global work全新吊牌在 美腳錐形褲 M 薰衣草紫,0.5,0.0,0,https://kaggle.com/dataset/item-KG_22581559641,Kaggle,Kaggle Dataset,False
KG_28543694884,【梨花歐膩】Torriden 桃瑞丹 5D微分子玻尿酸保濕安瓶精華 補水安瓶 深層保濕 舒緩 保濕打底,0.5,0.0,0,https://kaggle.com/dataset/item-KG_28543694884,Kaggle,Kaggle Dataset,False
KG_97760368,全新 圈圈捲捲 混色 前短後長 針織上衣 長袖上衣 毛衣,0.5,0.0,0,https://kaggle.com/dataset/item-KG_97760368,Kaggle,Kaggle Dataset,False
KG_53402080278,全新 SOMETHING 仿毛呢羽絨外套 原價$3490 吊牌未拆,0.5,0.0,0,https://kaggle.com/dataset/item-KG_53402080278,Kaggle,Kaggle Dataset,False
KG_45254196763,🔆台現🔆 v領杏色針織衫  修身上衣  正肩長袖   設計感   秋冬  內搭  打底衫  衣服女 小紅書爆款,0.5,0.0,0,https://kaggle.com/dataset/item-KG_45254196763,Kaggle,Kaggle Dataset,False
KG_25362137913,台灣潛水---Stream Trail AP Jelly Mini 迷你水桶包,0.5,0.0,0,https://kaggle.com/dataset/item-KG_25362137913,Kaggle,Kaggle Dataset,False
KG_47513002591,✨ 臺灣發貨✨430不鏽鋼小熊壓泥神器不鏽鋼多功能搗碎器輕鬆壓泥輔食省力利器,0.5,0.0,0,https://kaggle.com/dataset/item-KG_47513002591,Kaggle,Kaggle Dataset,False
KG_23141542759,毛領可拆外套黑色毛料大衣 外套,0.5,0.0,0,https://kaggle.com/dataset/item-KG_23141542759,Kaggle,Kaggle Dataset,False
KG_49913035211,《臺灣出貨》妙威SCR新型後處理尿素泵進液回液噴射管路快速插頭尿素管快速接--*&,0.5,0.0,0,https://kaggle.com/dataset/item-KG_49913035211,Kaggle,Kaggle Dataset,False
KG_49600189214,全新 LAURA ASHLEY 棉質內褲 五入組,0.5,0.0,0,https://kaggle.com/dataset/item-KG_49600189214,Kaggle,Kaggle Dataset,False
KG_55255061826,樂豐👄免運下殺👍babyviva旋轉書架 置物架 落地寶寶書架 家用收納架 兒童多層繪本收納架 書櫃 置物架子 台灣出貨,0.5,0.0,0,https://kaggle.com/dataset/item-KG_55255061826,Kaggle,Kaggle Dataset,False
KG_41913646302,Labubu 可樂系列 快樂因子 確認款,0.5,0.0,0,https://kaggle.com/dataset/item-KG_41913646302,Kaggle,Kaggle Dataset,False
KG_56055055986,Minichamps M2 competition 藍1/18,0.5,0.0,0,https://kaggle.com/dataset/item-KG_56055055986,Kaggle,Kaggle Dataset,False
KG_45405092443,藍光BD高清 2025年美國電影【藍調之歌/悠唱藍調】英語配音 繁體中文字幕 1碟 全新盒裝,0.5,0.0,0,https://kaggle.com/dataset/item-KG_45405092443,Kaggle,Kaggle Dataset,False
KG_54512985383,🔥臺灣出貨🔥吉洛雅紫光檀筷子架筷託紅木製家用無漆無蠟原實木筷枕筷架置物架GCYE,0.5,0.0,0,https://kaggle.com/dataset/item-KG_54512985383,Kaggle,Kaggle Dataset,False
KG_6402830914,【台灣現貨】 3150 大尺碼 性感 蕾絲 綁帶丁字褲 內褲 鏤空 情趣 調情 誘惑z390,0.5,0.0,0,https://kaggle.com/dataset/item-KG_6402830914,Kaggle,Kaggle Dataset,False
KG_53752220120,【CEP德國進口】男女  運動壓縮小腿套 護腿襪套-WS45GD-綠色 (超輕量) ( IV ),0.5,0.0,0,https://kaggle.com/dataset/item-KG_53752220120,Kaggle,Kaggle Dataset,False
KG_56362996931,🚽 不鏽鋼鏟刀 清潔鏟刀 去污鏟 油煙機鏟刀 冰箱除霜鏟刀 鍋底鏟刀 除膠鏟刀 地板鏟刀 油漆刮刀 不鏽鋼清潔鏟刀,0.5,0.0,0,https://kaggle.com/dataset/item-KG_56362996931,Kaggle,Kaggle Dataset,False
KG_24418039821,自動感應洗手機智能泡沫洗手器套裝洗手液感應器兒童洗手皂液機器 9G00,0.5,0.0,0,https://kaggle.com/dataset/item-KG_24418039821,Kaggle,Kaggle Dataset,False
KG_10537931551,La mocha -坑條直線開衩顯瘦寬褲,0.5,0.0,0,https://kaggle.com/dataset/item-KG_10537931551,Kaggle,Kaggle Dataset,False
KG_25661257754,◎ 賀六單車舖 ◎ 免運 【Birdy】GT 野戰棕 野戰綠 單車 折疊車,0.5,0.0,0,https://kaggle.com/dataset/item-KG_25661257754,Kaggle,Kaggle Dataset,False
KG_45553179189,UNI 拉鍊毛衣開衫 毛衣罩衫 秋冬針織毛衣 韓系氛圍感穿搭 連帽開衫 顯瘦 拉鏈連帽外套 厚針織 毛衣外套 針織外套,0.5,0.0,0,https://kaggle.com/dataset/item-KG_45553179189,Kaggle,Kaggle Dataset,False
KG_342608851,⚔模型❥US手工坊☾飛機造型☆鋁線 手工藝品 客製化 獨一無二 專屬 禮品☆,0.5,0.0,0,https://kaggle.com/dataset/item-KG_342608851,Kaggle,Kaggle Dataset,False
KG_25268486306,又敗家@日本ENSKY大龍貓TOTORO包包手機鈴鐺根附吊飾386016ころ銅鈴根付吉卜力宮崎駿掛飾となりのトトロ豆豆龍,0.5,0.0,0,https://kaggle.com/dataset/item-KG_25268486306,Kaggle,Kaggle Dataset,False
KG_51262962485,全新食物蔬果夾鏈袋收納袋密封袋 大號,0.5,0.0,0,https://kaggle.com/dataset/item-KG_51262962485,Kaggle,Kaggle Dataset,False
KG_2521147630,有福氣＊自行車坐墊尾燈 自行車掛燈 座墊燈 尾燈 營繩燈 車尾燈 後燈 警示燈【GD281】,0.5,0.0,0,https://kaggle.com/dataset/item-KG_2521147630,Kaggle,Kaggle Dataset,False
KG_22376972393,特價*熱賣公司貨熱賣*羽毛球拍懸浮科技手柄可拆卸防震耐用塑膠拍錐手柄底蓋diy減震,0.5,0.0,0,https://kaggle.com/dataset/item-KG_22376972393,Kaggle,Kaggle Dataset,False
KG_77179620,【Lapass】Clarks Lanew A.S.O 紳士 業務 結婚 花雕 手工小牛皮 真皮 耐磨 橡膠木跟 台灣製,0.5,0.0,0,https://kaggle.com/dataset/item-KG_77179620,Kaggle,Kaggle Dataset,False
KG_1805292127,格紋毛呢外套長大衣（不含內搭）,0.5,0.0,0,https://kaggle.com/dataset/item-KG_1805292127,Kaggle,Kaggle Dataset,False
KG_13351984123,黑白配回頭率💯大容量後背包,0.5,0.0,0,https://kaggle.com/dataset/item-KG_13351984123,Kaggle,Kaggle Dataset,False
KG_57362958733,迷你小冰格模具家用帶蓋按壓制冰盒儲存盒磨具冰箱製冰凍冰塊冷凍,0.5,0.0,0,https://kaggle.com/dataset/item-KG_57362958733,Kaggle,Kaggle Dataset,False
KG_24341734686,⚡台灣出貨#環扣全自動雨傘防曬便攜兩用掛鈎折疊大號加固遮陽傘加厚晴雨,0.5,0.0,0,https://kaggle.com/dataset/item-KG_24341734686,Kaggle,Kaggle Dataset,False
KG_54362958221,臺中倉💯磁吸開瓶器家用卡通啤酒起子個性起瓶器多功能開瓶器磁吸磁鐵貼76,0.5,0.0,0,https://kaggle.com/dataset/item-KG_54362958221,Kaggle,Kaggle Dataset,False
KG_23146616484,SUZUKI 鈴木 SWIFT、VITARA(2016年)、SX4 單向閥 PCV閥 慢速活門單向閥 廢氣閥 原廠 正廠,0.5,0.0,0,https://kaggle.com/dataset/item-KG_23146616484,Kaggle,Kaggle Dataset,False
KG_52650638420,【臺灣現貨馬上出貨】隔日到貨 外套 羊駝絨翻領針織開衫女 寬鬆中長款毛衣外套  韓系氣質毛衣 ES2069【現貨24H】,0.5,0.0,0,https://kaggle.com/dataset/item-KG_52650638420,Kaggle,Kaggle Dataset,False
KG_23690215448,【興如】Focal 1000 ICW6 崁入式喇叭(單支),0.5,0.0,0,https://kaggle.com/dataset/item-KG_23690215448,Kaggle,Kaggle Dataset,False
KG_21136684696,𝓧𝓲𝓷𝓰｜現貨 復古的藍灰色寬褲,0.5,0.0,0,https://kaggle.com/dataset/item-KG_21136684696,Kaggle,Kaggle Dataset,False
KG_18278129526,塗鴉白色短袖女韓版寬鬆半袖T恤女新款夏季學生百搭打底上衣,0.5,0.0,0,https://kaggle.com/dataset/item-KG_18278129526,Kaggle,Kaggle Dataset,False
KG_22720956810,[EA]韓國 水洗 素色 落地 闊腿 牛仔 長褲,0.5,0.0,0,https://kaggle.com/dataset/item-KG_22720956810,Kaggle,Kaggle Dataset,False
KG_28836075065,【好依飾 H.studio】長袖T恤 韓版長袖 女生長袖 女上衣 韓系上衣 秋天長袖 t恤 修身長袖 女裝 韓版打底衫,0.5,0.0,0,https://kaggle.com/dataset/item-KG_28836075065,Kaggle,Kaggle Dataset,False
KG_18051511113,Ms. Catherine 🕊正韓🇰🇷 Snow knit｜溫柔雪感❄️極柔軟水貂毛銀釦短版外套 nooknook,0.5,0.0,0,https://kaggle.com/dataset/item-KG_18051511113,Kaggle,Kaggle Dataset,False
KG_27005852643,☆快樂小屋☆ 寄情花語 Tussie Mussie 繁體中文版 正版 台中桌遊,0.5,0.0,0,https://kaggle.com/dataset/item-KG_27005852643,Kaggle,Kaggle Dataset,False
KG_24552091405,🐰【一嘴毛】【免運送試用包】❤️ 愛米可緹 疫力佳。免疫力 腸胃虛弱 食慾不振 情緒異常 鼠兔專用。60錠/盒,0.5,0.0,0,https://kaggle.com/dataset/item-KG_24552091405,Kaggle,Kaggle Dataset,False
KG_43203105288,（限中部）淋浴拉門 150公分左右寬 190標準高 淋浴拉門 ps拉門 浴室拉門 請先聊聊傳環境圖 聊聊報價,0.5,0.0,0,https://kaggle.com/dataset/item-KG_43203105288,Kaggle,Kaggle Dataset,False
KG_28642538578,下裝鉤針編織襯衫搭配粗袖喇叭分層裙混搭超可愛腰帶 MS111,0.5,0.0,0,https://kaggle.com/dataset/item-KG_28642538578,Kaggle,Kaggle Dataset,False
KG_27495167505,臺灣熱賣💖99免運💖2026新款雙頭便攜式車載家用電動剃鬚刀多功能充電式刮鬍刀鬍鬚刀,0.5,0.0,0,https://kaggle.com/dataset/item-KG_27495167505,Kaggle,Kaggle Dataset,False
KG_55812987565,🔥🔥免運/🔥🔥臺灣熱賣 特價清倉】一次性手套食品級餐飲廚房抽取式盒裝加厚耐用防水手套,0.5,0.0,0,https://kaggle.com/dataset/item-KG_55812987565,Kaggle,Kaggle Dataset,False
KG_2054427502,【Q毛】Harsh and Cruel 19ss cyberpunk結構oversize T,0.5,0.0,0,https://kaggle.com/dataset/item-KG_2054427502,Kaggle,Kaggle Dataset,False
KG_21432263549,日本 SUNVOLT 半指手套 (黑色),0.5,0.0,0,https://kaggle.com/dataset/item-KG_21432263549,Kaggle,Kaggle Dataset,False
KG_26009176153,OSPREY小鷹KESTREL 48L KYTE户外登山徒步旅行雙肩背包 大容量旅遊包,0.5,0.0,0,https://kaggle.com/dataset/item-KG_26009176153,Kaggle,Kaggle Dataset,False
KG_8290849012,The one [ 現貨。親拍 ］100807 金色鑲滿黃桃白3色鑽蝴蝶垂墜耳環 華麗重工 奢華閃耀 搶眼吸睛 氣質高雅,0.5,0.0,0,https://kaggle.com/dataset/item-KG_8290849012,Kaggle,Kaggle Dataset,False
KG_53412986376,台灣熱銷 🌟 韓式烤肉夾 不銹鋼燒烤夾 304不鏽鋼 韓式燒烤夾 不鏽鋼夾 碳烤夾 燒肉夾 燒烤夾 食品夾 烤肉夾 料,0.5,0.0,0,https://kaggle.com/dataset/item-KG_53412986376,Kaggle,Kaggle Dataset,False
KG_56862983546,海外訂單谷哥英歐美規用觸摸屏隨心屏閨蜜機無線可移動電視平板 不含運費,0.5,0.0,0,https://kaggle.com/dataset/item-KG_56862983546,Kaggle,Kaggle Dataset,False
KG_54612969648,全地形越野四輪電動滑板車高續航減震通勤神器大功率智能越野輪 咨運費,0.5,0.0,0,https://kaggle.com/dataset/item-KG_54612969648,Kaggle,Kaggle Dataset,False
KG_3291655093,新勁風 前燈罩 山葉,0.5,0.0,0,https://kaggle.com/dataset/item-KG_3291655093,Kaggle,Kaggle Dataset,False
KG_53462978371,免運 桃園現貨	免運 桃園現貨	餃子盒冰箱冷凍盒多層凍餃子盤家用水餃盒餛飩收納盒大容量（小店滿199發貨）（小店滿199,0.5,0.0,0,https://kaggle.com/dataset/item-KG_53462978371,Kaggle,Kaggle Dataset,False
KG_22572765903,全新轉賣 lovemulli 舒適後鬆緊綁帶褲,0.5,0.0,0,https://kaggle.com/dataset/item-KG_22572765903,Kaggle,Kaggle Dataset,False
KG_13193577908,外貿超便宜女包歐美風雙肩包後背包時尚多用復古貝殼雙背包單肩包側背包斜跨包斜背包,0.5,0.0,0,https://kaggle.com/dataset/item-KG_13193577908,Kaggle,Kaggle Dataset,False
KG_84805564,億大 D7A12 高階-包覆式 夾具自行車夾具 腳踏車夾具 手電筒 自行車照明燈 自行車用具 腳踏車用品,0.5,0.0,0,https://kaggle.com/dataset/item-KG_84805564,Kaggle,Kaggle Dataset,False
KG_43825150715,〔巧之手藝術品〕一尺三神農大帝 按金彩繪 五榖先帝 五谷大帝 神農氏 嚐百草 樟木手工雕刻,0.5,0.0,0,https://kaggle.com/dataset/item-KG_43825150715,Kaggle,Kaggle Dataset,False
KG_6191411968,小禎雜貨 孕婦內褲 特大碼高腰內褲 大碼胖妹妹內褲 腰圍115公分 腹圍150公分 可以穿,0.5,0.0,0,https://kaggle.com/dataset/item-KG_6191411968,Kaggle,Kaggle Dataset,False
KG_26256520572,自行車雨傘支架撐傘支撐架固定器電動車單車傘架嬰兒遮陽傘夾神器,0.5,0.0,0,https://kaggle.com/dataset/item-KG_26256520572,Kaggle,Kaggle Dataset,False
KG_24267808517,現貨 🔥全新保姆娃娃套裝組 紗布衣、長袍、可下水娃娃 、紗布巾,0.5,0.0,0,https://kaggle.com/dataset/item-KG_24267808517,Kaggle,Kaggle Dataset,False
KG_372038897,日系夢幻大容量 拉鍊手機錢包 皮夾 女用零錢包 手機包 手拿包 糖果色女皮夾 女皮包 手拿包 9058,0.5,0.0,0,https://kaggle.com/dataset/item-KG_372038897,Kaggle,Kaggle Dataset,False
KG_49013003518,【精選五金】吊機移動 220V升降起重機可伸縮電動小型型吊車支架提升機 不含運費,0.5,0.0,0,https://kaggle.com/dataset/item-KG_49013003518,Kaggle,Kaggle Dataset,False
KG_57212985530,AUTOOL 剎車油更換機脈衝式全自動汽車制動液排空汽修保養設備運費咨詢客服6.28,0.5,0.0,0,https://kaggle.com/dataset/item-KG_57212985530,Kaggle,Kaggle Dataset,False
KG_52452231036,✨蝦皮最低價✨磁吸玻璃杯 茶水分離 有蓋大容量 耐冷耐熱 水杯學生 便攜泡茶 魔力杯子,0.5,0.0,0,https://kaggle.com/dataset/item-KG_52452231036,Kaggle,Kaggle Dataset,False
KG_46863006480,🔥在臺熱售 臺灣出貨🔥長條薯條冰格模具創意按壓磁吸冰箱收納盒自制器家用長條冰塊模具,0.5,0.0,0,https://kaggle.com/dataset/item-KG_46863006480,Kaggle,Kaggle Dataset,False
KG_54262948833,✨在臺發貨+可開發票✨家用三角切瓜神器創意切水果神器便捷瓜果切新款三角西瓜切塊神器,0.5,0.0,0,https://kaggle.com/dataset/item-KG_54262948833,Kaggle,Kaggle Dataset,False
KG_46562907733,熱銷、鑫思特9600粉塵檢測儀高精度空氣質量測試儀pm2.5塵埃粒子計數器,0.5,0.0,0,https://kaggle.com/dataset/item-KG_46562907733,Kaggle,Kaggle Dataset,False
KG_42256274904,✨臺灣優選✨摺疊式日光浴躺椅戶外曬背趴牀躺椅室外三伏天戶外嗮背摺疊牀˘⌣˘,0.5,0.0,0,https://kaggle.com/dataset/item-KG_42256274904,Kaggle,Kaggle Dataset,False
KG_57862996092,📢限時下殺🚚新款切藥器便攜切割藥片一分二伸縮小藥盒便攜式分藥器藥物藥品,0.5,0.0,0,https://kaggle.com/dataset/item-KG_57862996092,Kaggle,Kaggle Dataset,False
KG_23881936802,【KAKOI STORE】雙線 氣紡 運動 寬褲 街頭 美式 個性 寬鬆版型 男女皆可 綿長褲,0.5,0.0,0,https://kaggle.com/dataset/item-KG_23881936802,Kaggle,Kaggle Dataset,False
KG_57712990230,勞衛士LWS-004-A連體隔熱服阻燃隔熱耐磨1000℃化工冶金工作服（咨詢客服運費）,0.5,0.0,0,https://kaggle.com/dataset/item-KG_57712990230,Kaggle,Kaggle Dataset,False
KG_27827788324,LP 紙巾盒 HelloKitty紙巾盒可愛創意餐巾卷紙盒少女心學生抽紙盒桌面擺件 QY,0.5,0.0,0,https://kaggle.com/dataset/item-KG_27827788324,Kaggle,Kaggle Dataset,False
KG_28557179382,熱賣爆款打水桶 釣魚路亞野釣可折疊手提魚護裝魚桶戶外魚箱活魚桶,0.5,0.0,0,https://kaggle.com/dataset/item-KG_28557179382,Kaggle,Kaggle Dataset,False
KG_29929524248,【不沾鍋】不粘鍋 炒鍋 炒菜鍋 大炒鍋 深炒鍋 平底鍋 老式家用炒鍋 無塗層圓底鍋 家用鍋 飯店鍋 電磁爐鍋 不鏽鋼炒鍋,0.5,0.0,0,https://kaggle.com/dataset/item-KG_29929524248,Kaggle,Kaggle Dataset,False
KG_23246442406,小甜心sweet👙三角巾肚兜式橙色吊帶設計感抹胸背心辣妹針織露肚臍高腰短款上衣,0.5,0.0,0,https://kaggle.com/dataset/item-KG_23246442406,Kaggle,Kaggle Dataset,False
KG_53112960505,🌸臺灣熱賣🌸黑胡桃木紋托盤橢圓形茶杯小盤子零食蛋糕咖啡廳甜品盤收納茶水盤,0.5,0.0,0,https://kaggle.com/dataset/item-KG_53112960505,Kaggle,Kaggle Dataset,False
KG_17544522295,現貨❤️大寬T 柔軟舒服棉短袖上衣1602,0.5,0.0,0,https://kaggle.com/dataset/item-KG_17544522295,Kaggle,Kaggle Dataset,False
KG_57362958622,大冰球冰格製作器圓形威士忌速凍冰盒神器家用冰格硅膠大冰塊模具,0.5,0.0,0,https://kaggle.com/dataset/item-KG_57362958622,Kaggle,Kaggle Dataset,False
KG_19332190537,專屬賣場限lichunchang933下單糖尿6,0.5,0.0,0,https://kaggle.com/dataset/item-KG_19332190537,Kaggle,Kaggle Dataset,False
KG_17960310271,免運---75D23L/55D23L同尺寸大小/全新Bosch 博世汽車電瓶 免加水 超級動力汽車電池,0.5,0.0,0,https://kaggle.com/dataset/item-KG_17960310271,Kaggle,Kaggle Dataset,False
KG_22455180366,假兩件式前長後短長袖,0.5,0.0,0,https://kaggle.com/dataset/item-KG_22455180366,Kaggle,Kaggle Dataset,False
KG_15061125688,Levi’s puma  長袖 XL,0.5,0.0,0,https://kaggle.com/dataset/item-KG_15061125688,Kaggle,Kaggle Dataset,False
KG_29908754943,樂媽代購🚴‍♂️ 車衣代購 Red Bull BORA-hansgrohe 2025 2026 職業車隊,0.5,0.0,0,https://kaggle.com/dataset/item-KG_29908754943,Kaggle,Kaggle Dataset,False
KG_18700754768,台灣潛水---MARES TOP PLATE 側掛上背板,0.5,0.0,0,https://kaggle.com/dataset/item-KG_18700754768,Kaggle,Kaggle Dataset,False
KG_47702253585,✨五金新品拆波輪洗衣機花鍵專用拉馬全自動洗衣機齒輪軸承齒芯鋁芯拆卸工具陳家百貨,0.5,0.0,0,https://kaggle.com/dataset/item-KG_47702253585,Kaggle,Kaggle Dataset,False
KG_28662015323,Honda Crv 6代 5代 4代 3代 潑水雨刷 保證不跳 鍍膜雨刷,0.5,0.0,0,https://kaggle.com/dataset/item-KG_28662015323,Kaggle,Kaggle Dataset,False
KG_1009544009,雪紡仙氣寬袖罩衫,0.5,0.0,0,https://kaggle.com/dataset/item-KG_1009544009,Kaggle,Kaggle Dataset,False
KG_43900419952,【宏明體育】EASTON 兒童棒球手套-EHV 110G 塗鴉,0.5,0.0,0,https://kaggle.com/dataset/item-KG_43900419952,Kaggle,Kaggle Dataset,False
KG_16340493614,恆春鴨腱藤 買十送一,0.5,0.0,0,https://kaggle.com/dataset/item-KG_16340493614,Kaggle,Kaggle Dataset,False
KG_43463209179,適用尋找獨角獸 FARMER BOB如果情緒有回應系列 盲盒11代潮玩 亞克力收納 場景展示盒,0.5,0.0,0,https://kaggle.com/dataset/item-KG_43463209179,Kaggle,Kaggle Dataset,False
KG_40301773134,新貨優選 編織紋最新款高爾夫雙層衣物包鞋包男女士衣物包鞋包高爾夫衣物袋 高爾夫鞋袋 高爾夫球包 高爾夫衣物包,0.5,0.0,0,https://kaggle.com/dataset/item-KG_40301773134,Kaggle,Kaggle Dataset,False
KG_28080590264,. UA LAUNCH 5吋 運動短褲 1382617-001 機能短褲 吸汗快乾 網布內襯 美規  男款,0.5,0.0,0,https://kaggle.com/dataset/item-KG_28080590264,Kaggle,Kaggle Dataset,False
KG_21678994095,食伯樂 無色 粉粿粉1公斤/包(10包以上免運請先私聊)超取限4包！！！,0.5,0.0,0,https://kaggle.com/dataset/item-KG_21678994095,Kaggle,Kaggle Dataset,False
KG_21314526686,春夏秋季雙層蕾絲半身裙女A字裙中長款高腰黑色 薄款/舒適修身裙子熱賣款,0.5,0.0,0,https://kaggle.com/dataset/item-KG_21314526686,Kaggle,Kaggle Dataset,False
KG_16090003056,轉賣 SORA 10月直播第七場-K161 直口袋休閒褲-灰S和墨S(全新),0.5,0.0,0,https://kaggle.com/dataset/item-KG_16090003056,Kaggle,Kaggle Dataset,False
KG_24944160357,登山杖男女款手杖專業戶外折疊爬山杖超輕伸縮徒步裝備非碳素拐棍,0.5,0.0,0,https://kaggle.com/dataset/item-KG_24944160357,Kaggle,Kaggle Dataset,False
KG_26531369601,(全新轉賣 現省近千元) 正韓服飾 🇰🇷 BAS STANDARD 設計師 英國 ABRAHAM MOO,0.5,0.0,0,https://kaggle.com/dataset/item-KG_26531369601,Kaggle,Kaggle Dataset,False
KG_23342894608,📢現貨直接下單 韓妞海島度假雪紡透視花邊短版罩衫木耳邊外套,0.5,0.0,0,https://kaggle.com/dataset/item-KG_23342894608,Kaggle,Kaggle Dataset,False
KG_20079885972,mouggan V領檔片設計西裝外套 灰色,0.5,0.0,0,https://kaggle.com/dataset/item-KG_20079885972,Kaggle,Kaggle Dataset,False
KG_42154503829,☆快樂小屋☆ 智謀棋 Ingenious 繁體中文版 正版 台中桌遊,0.5,0.0,0,https://kaggle.com/dataset/item-KG_42154503829,Kaggle,Kaggle Dataset,False
KG_45552229350,星球角落自發電柴暖2025升級款二型不用電露營戶外帳篷冰釣取暖爐不含運,0.5,0.0,0,https://kaggle.com/dataset/item-KG_45552229350,Kaggle,Kaggle Dataset,False
KG_26836285449,SYNCROS MT-R-200-AL 碼表座 (2019~2024 Addict RC/ Addict龍頭專用),0.5,0.0,0,https://kaggle.com/dataset/item-KG_26836285449,Kaggle,Kaggle Dataset,False
KG_40462420509,"面部提升貼片,改善眼睛和微笑線條周圍的皺紋 - HICKIES LACING SYSTEM",0.5,0.0,0,https://kaggle.com/dataset/item-KG_40462420509,Kaggle,Kaggle Dataset,False
KG_45853564311,日本和服繁花緋紅劇本殺日料店民宿女款季攝影改良和服浴衣振袖 9B74 Y8UX,0.5,0.0,0,https://kaggle.com/dataset/item-KG_45853564311,Kaggle,Kaggle Dataset,False
KG_43477060864,豹紋米奇帽T 毛領帽踢 米奇帽T,0.5,0.0,0,https://kaggle.com/dataset/item-KG_43477060864,Kaggle,Kaggle Dataset,False
KG_27552218478,【南陽貿易】J牌 銳利 白刃 黑刃 12節 美工刀 刀片 大 25mm 10片裝 J-725S J-725P 替刃,0.5,0.0,0,https://kaggle.com/dataset/item-KG_27552218478,Kaggle,Kaggle Dataset,False
KG_29776123478,🎋晶石能量坊🎋復古扇子狐狸串珠手鍊愛心吊墜❤️#復古手鍊#狐狸手鍊#愛心吊墜手鍊#流行手鍊#時尚手鍊,0.5,0.0,0,https://kaggle.com/dataset/item-KG_29776123478,Kaggle,Kaggle Dataset,False
KG_54905057711,LOKAL KOJ 活塞桿軸承曲軸 2PCS 右左 Genio 2020 Beat 豪華 2020 Beat stree,0.5,0.0,0,https://kaggle.com/dataset/item-KG_54905057711,Kaggle,Kaggle Dataset,False
KG_56262985972,豫成YBS1500圓形搖擺篩 不鏽鋼防腐蝕搖晃篩機 澱粉搖擺式振動篩--部分產品郵資自理哦,0.5,0.0,0,https://kaggle.com/dataset/item-KG_56262985972,Kaggle,Kaggle Dataset,False
KG_18432555891,夢奇地 Hardrace 承富 Audi A6 C8 18+ 奧迪 連桿 拉桿 防傾桿 三角架 李仔串 仰角 調整器,0.5,0.0,0,https://kaggle.com/dataset/item-KG_18432555891,Kaggle,Kaggle Dataset,False
KG_57562987113,【現貨速發】食品級認證 按壓式冰塊模具 家用新款製冰神器 帶蓋防塵 自製製冰盒附大容量儲存盒,0.5,0.0,0,https://kaggle.com/dataset/item-KG_57562987113,Kaggle,Kaggle Dataset,False
KG_29526013852,【露委會】戶外衛生紙盒 戰術衛生紙盒 面紙盒 露營收納袋 衛生紙套 收納包 多功能收納袋 可吊掛 Costco衛生紙,0.5,0.0,0,https://kaggle.com/dataset/item-KG_29526013852,Kaggle,Kaggle Dataset,False
KG_50362985350,YEE魚缸擦缸布玻璃清潔不留水痕擦布家用清洗龜缸抹布專用工具,0.5,0.0,0,https://kaggle.com/dataset/item-KG_50362985350,Kaggle,Kaggle Dataset,False
KG_57955097370,特價6A快充線 Type C充電線 Micro Usb傳輸線 安卓 1米適用三星OPPO小米Realme華為SONY華碩,0.5,0.0,0,https://kaggle.com/dataset/item-KG_57955097370,Kaggle,Kaggle Dataset,False
KG_19280204059,現貨【超值商品-3色可選】物生物 超質感304不鏽鋼保溫瓶 咖啡瓶 不鏽鋼悶燒杯 不銹鋼保溫杯 男女大容量水杯 學生杯子,0.5,0.0,0,https://kaggle.com/dataset/item-KG_19280204059,Kaggle,Kaggle Dataset,False
KG_54909610391,【台灣現貨】滑動咖啡勺 咖啡滑動勺 定量勺粉勺 咖啡量勺 滑動粉勺 奶粉勺 蛋白粉勺 防漏勺 蛋白粉滑動勺 防濺滑動粉勺,0.5,0.0,0,https://kaggle.com/dataset/item-KG_54909610391,Kaggle,Kaggle Dataset,False
KG_45555096064,calories卡路幾何紋朗聲打火機正品充氣式全銅送禮高檔奢侈品潮流,0.5,0.0,0,https://kaggle.com/dataset/item-KG_45555096064,Kaggle,Kaggle Dataset,False
KG_7062643244,｛現貨台灣｝春秋新款韓系泫雅高腰顯瘦直筒寬鬆濶腿牛仔長褲。顏色：淺藍色。尺寸：S，M，L，XL，2XL。,0.5,0.0,0,https://kaggle.com/dataset/item-KG_7062643244,Kaggle,Kaggle Dataset,False
KG_29891543515,⭐可開發票⭐2025網紅學生宿捨遮光遮風可折疊蚊帳免安裝家用上下鋪單人床帳篷 K6ZH,0.5,0.0,0,https://kaggle.com/dataset/item-KG_29891543515,Kaggle,Kaggle Dataset,False
KG_11717256935,瑞典煤油汽化燈Primus 1020,0.5,0.0,0,https://kaggle.com/dataset/item-KG_11717256935,Kaggle,Kaggle Dataset,False
KG_46502046431,免運 臺灣出貨 秋冬針織褲女 軟糯麻花針織闊腿褲女秋冬新款寬鬆高腰垂感休閒拖地褲子 DSMU,0.5,0.0,0,https://kaggle.com/dataset/item-KG_46502046431,Kaggle,Kaggle Dataset,False
KG_29705106379,創意手工煙熏竹編黃鱔籠泥鰍籠燈罩形原竹黃鱔籠黃鱔籠捕蝦籠,0.5,0.0,0,https://kaggle.com/dataset/item-KG_29705106379,Kaggle,Kaggle Dataset,False
KG_42728197192,🚚新款老料紫檀木快壓大天罡帶實木手繩打磨款彈弓傳統戶外競技扁皮,0.5,0.0,0,https://kaggle.com/dataset/item-KG_42728197192,Kaggle,Kaggle Dataset,False
KG_42715194117,💎兒童叉子寶寶吃飯叉水果叉家用面條叉卡通可愛密胺樹脂塑料叉子,0.5,0.0,0,https://kaggle.com/dataset/item-KG_42715194117,Kaggle,Kaggle Dataset,False
KG_57755073870,全新現貨 伊藤潤二 x 三麗鷗 布丁狗 美樂蒂 日本展場聯名購物袋,0.5,0.0,0,https://kaggle.com/dataset/item-KG_57755073870,Kaggle,Kaggle Dataset,False
KG_14606984890,迷彩涼感袖套_陸軍數位迷彩、海陸數位迷彩,0.5,0.0,0,https://kaggle.com/dataset/item-KG_14606984890,Kaggle,Kaggle Dataset,False
KG_49762992657,台灣出貨 現貨 動感 鳳梨酥模具 包裝袋  翻糖不銹鋼模具 月餅模具 韓國裱花嘴 模擬矽膠花葉模,0.5,0.0,0,https://kaggle.com/dataset/item-KG_49762992657,Kaggle,Kaggle Dataset,False
KG_11273889506,【熱銷保溫袋】特大80公升保溫保冷外送袋 機車便當外送箱 飲料外送保冷袋 保溫箱,0.5,0.0,0,https://kaggle.com/dataset/item-KG_11273889506,Kaggle,Kaggle Dataset,False
KG_51263008318,可開發票✅️台灣現貨🔥點斷式加厚垃圾袋傢用手提中號一次性黑色塑料袋平口廚房宿捨,0.5,0.0,0,https://kaggle.com/dataset/item-KG_51263008318,Kaggle,Kaggle Dataset,False
KG_49963011507,玻友單人安裝助手汽車風擋玻璃拆裝絞盤四爪式電動拆卸玻璃絞盤,0.5,0.0,0,https://kaggle.com/dataset/item-KG_49963011507,Kaggle,Kaggle Dataset,False
KG_41527146586,《MIKA米卡服飾》現貨 圓領刷毛T 大學T 長袖上衣 刷毛 韓版棉T 刷毛圖T 墨鏡女孩刷毛T 棉T 女裝 保暖 長袖,0.5,0.0,0,https://kaggle.com/dataset/item-KG_41527146586,Kaggle,Kaggle Dataset,False
KG_42611765580,"No Drill Anti-rust Aluminum Bathroom Hooks/ Door, Wall, Towe",0.5,0.0,0,https://kaggle.com/dataset/item-KG_42611765580,Kaggle,Kaggle Dataset,False
KG_28115685098,雙11活動 特價限量床組 兒童上下床😘實木訂製上下床😊歡迎來圖設計🎈樹屋👏意象金 高端實木訂製 🎇上下床高低床 尺寸訂製,0.5,0.0,0,https://kaggle.com/dataset/item-KG_28115685098,Kaggle,Kaggle Dataset,False
KG_24372429525,【東伸DongShen】雨帽 (透明視野帽緣/防水/鬆緊帶/可折疊),0.5,0.0,0,https://kaggle.com/dataset/item-KG_24372429525,Kaggle,Kaggle Dataset,False
KG_26332233883,2025新款大容量旅行時尚雙肩包牛津布簡約背包時尚女士百搭旅行包 雙肩包 後背包 時尚背包 背包 大容量背包 旅行包,0.5,0.0,0,https://kaggle.com/dataset/item-KG_26332233883,Kaggle,Kaggle Dataset,False
KG_54662993088,萬用居家百貨🌟🌟臺灣出貨🌟復古商務美金摺疊卡夾多卡位駕駛證錢包多功能PU男士長款錢包,0.5,0.0,0,https://kaggle.com/dataset/item-KG_54662993088,Kaggle,Kaggle Dataset,False
KG_5441379310,不鏽鋼食品夾 紅柄梅花夾 不鏽鋼梅花夾 不鏽鋼防燙夾 麵包夾 烤肉夾 牛排夾 披隡夾 夾子《友百貨》,0.5,0.0,0,https://kaggle.com/dataset/item-KG_5441379310,Kaggle,Kaggle Dataset,False
KG_17055813925,☆日本代購☆ DOD 營柱 XP-01K XP-01  XP-01R 帳桿營柱兩支套裝 收納袋 三色可選  預購,0.5,0.0,0,https://kaggle.com/dataset/item-KG_17055813925,Kaggle,Kaggle Dataset,False
KG_20636428393,現貨 剎車 後碟盤 90109-08046 OEM MT07 MT09 X1PCS 碟盤螺絲,0.5,0.0,0,https://kaggle.com/dataset/item-KG_20636428393,Kaggle,Kaggle Dataset,False
KG_3340695943,『Ｒ』斯图西Stussy 女神短袖T恤 重磅210g全棉面料厚實 男女款,0.5,0.0,0,https://kaggle.com/dataset/item-KG_3340695943,Kaggle,Kaggle Dataset,False
KG_22347473259,*尚好極窄邊框復古弧形門對開門拱形 吧ktv異形衛生間玻璃門定制小欣百货,0.5,0.0,0,https://kaggle.com/dataset/item-KG_22347473259,Kaggle,Kaggle Dataset,False
KG_57255117802,【熱銷】多功能清潔鏟刀塑料工具刀美縫清潔刀,0.5,0.0,0,https://kaggle.com/dataset/item-KG_57255117802,Kaggle,Kaggle Dataset,False
KG_17799569204,牧高笛精緻露營防潮墊戶外露營氣墊傢用便攜折疊單雙人充氣床墊 床墊 戶外床 舒眠 露營 悠遊戶外 氣墊床 充氣床墊,0.5,0.0,0,https://kaggle.com/dataset/item-KG_17799569204,Kaggle,Kaggle Dataset,False
KG_24713594510,歡樂小舖- i機達人 海螺藍芽喇叭 i88 藍芽音箱,0.5,0.0,0,https://kaggle.com/dataset/item-KG_24713594510,Kaggle,Kaggle Dataset,False
KG_18889593044,小花貓隊長_低敏凍乾貓糧-挪威鮭魚 1LB 凍乾鮭魚 凍乾鮪魚 蛋黃粉 / 凍乾鮭魚 挑嘴貓 貓飼料,0.5,0.0,0,https://kaggle.com/dataset/item-KG_18889593044,Kaggle,Kaggle Dataset,False
KG_3537061708,個性卯釘刷破牛仔裙 藍S,0.5,0.0,0,https://kaggle.com/dataset/item-KG_3537061708,Kaggle,Kaggle Dataset,False
KG_23584471956,福特 FOCUS KUGA ACTIVE 鋁合金 輪框貼 輪圈貼飾 質感超好,0.5,0.0,0,https://kaggle.com/dataset/item-KG_23584471956,Kaggle,Kaggle Dataset,False
KG_22705470722,"減齡兩件式套裝 #123602☑️真的是爆街款,cp值超高☑️幫妳配好好,省去搭配時間 ☑️套上去氣質瞬間大大提升",0.5,0.0,0,https://kaggle.com/dataset/item-KG_22705470722,Kaggle,Kaggle Dataset,False
KG_43323522245,【XINONE】美式辣妹網紗拼接掛脖一字肩長袖T恤女,0.5,0.0,0,https://kaggle.com/dataset/item-KG_43323522245,Kaggle,Kaggle Dataset,False
KG_42132101594,臥牀透氣老人防抓手套拔管抓撓約束病人老年人防自傷手腕闆帶固定 防抓撓手套 约束手套 乒乓球拍型保護套 老人防抓手套 約束,0.5,0.0,0,https://kaggle.com/dataset/item-KG_42132101594,Kaggle,Kaggle Dataset,False
KG_42154620370,【1931人好評】清乾隆青花纏枝蓮如意抱月瓶瓷器擺件仿古擺件物件,0.5,0.0,0,https://kaggle.com/dataset/item-KG_42154620370,Kaggle,Kaggle Dataset,False
KG_15498452744,(*^_^*) 垂釣用品 魚誘熾戰蝦拉餌伴侶鯽鯉草羅非鰱鱅青魚翹嘴野釣黑坑魚餌料添加劑,0.5,0.0,0,https://kaggle.com/dataset/item-KG_15498452744,Kaggle,Kaggle Dataset,False
KG_39153356,#此商品無法超商取貨 免運費 (隨貨BoBoYa滑步車 鋁合金超輕滑步車合購兒童安全帽+六件式護具組+停車架,0.5,0.0,0,https://kaggle.com/dataset/item-KG_39153356,Kaggle,Kaggle Dataset,False
KG_43051980465,KINYO 植感系粉櫻花光感自動捲髮棒 電棒捲 捲髮棒 自動捲髮棒 福利品,0.5,0.0,0,https://kaggle.com/dataset/item-KG_43051980465,Kaggle,Kaggle Dataset,False
KG_57212996475,🍽 美式創意圓形炸雞籃 薯條籃 小吃籃 小吃筐 炸籃 美式風格 點心籃 點心盤 果籃 擺放 瀝水籃 果盆 殘渣過濾,0.5,0.0,0,https://kaggle.com/dataset/item-KG_57212996475,Kaggle,Kaggle Dataset,False
KG_42426188164,台灣現 🔥貨  保暖睡袍 居家服 秋冬大碼加厚女士卡通睡袍珊瑚絨卡皮巴拉柔軟舒適家居服 珊瑚絨睡衣 冬天睡衣,0.5,0.0,0,https://kaggle.com/dataset/item-KG_42426188164,Kaggle,Kaggle Dataset,False
KG_53812992288,臺灣熱賣💖99免運💖碎髮整理神器免洗啫喱膏染毛炸毛定型髮蠟成人旅行必備FACETHEORY,0.5,0.0,0,https://kaggle.com/dataset/item-KG_53812992288,Kaggle,Kaggle Dataset,False
KG_43607928139,👗比基尼泳衣👗分體泳衣女2025年新款超僊保守性感遮肚顯瘦平角學生溫泉泳裝連身泳裝 比基尼 遊泳衣,0.5,0.0,0,https://kaggle.com/dataset/item-KG_43607928139,Kaggle,Kaggle Dataset,False
KG_24236255597,泡泡染發劑植物 護染膏 植物萃取染髮劑 一洗黑天然無刺激 女男士專用染發膏,0.5,0.0,0,https://kaggle.com/dataset/item-KG_24236255597,Kaggle,Kaggle Dataset,False
KG_25605938570,雞翅木拉背器－#紫光檀木瑜珈棒#檀木瑜珈棒#瑜珈棒#按摩器#雞翅木瑜珈棒#烏木紫光檀經絡按摩滾輪#經絡按摩滾輪#瑜伽棒,0.5,0.0,0,https://kaggle.com/dataset/item-KG_25605938570,Kaggle,Kaggle Dataset,False
KG_5257009448,帝安諾-實體店面 Aidas 愛迪達 經典 LOGO 刺繡 三葉草 老帽 鴨舌帽 黑 白 灰 粉 BK7277,0.5,0.0,0,https://kaggle.com/dataset/item-KG_5257009448,Kaggle,Kaggle Dataset,False
KG_26655803296,熱銷& 濰柴華豐QDJ2608F 265F行星減速起動機4100 4105 6105啟動器馬達,0.5,0.0,0,https://kaggle.com/dataset/item-KG_26655803296,Kaggle,Kaggle Dataset,False
KG_25144504834,"Hot Happy Smile 迷你手持緊湊型圓形鏡子,多個可愛的新形象",0.5,0.0,0,https://kaggle.com/dataset/item-KG_25144504834,Kaggle,Kaggle Dataset,False
KG_6132249738,丁字褲 【Gaoria】以愛誓言 露臀蕾絲超低腰丁字褲 七色任選 蕾絲內褲 性感內褲ㄔ,0.5,0.0,0,https://kaggle.com/dataset/item-KG_6132249738,Kaggle,Kaggle Dataset,False
KG_15491224440,正韓 - 時尚剪裁單邊割破造型挺版牛仔長褲,0.5,0.0,0,https://kaggle.com/dataset/item-KG_15491224440,Kaggle,Kaggle Dataset,False
KG_14548317712,《 C a n d y 》點點蝴蝶結假兩件上衣,0.5,0.0,0,https://kaggle.com/dataset/item-KG_14548317712,Kaggle,Kaggle Dataset,False
KG_46013010921,含稅｜BOSCH 博世 PRO 專業水平尺 60cm 可握 1600A01V3Y,0.5,0.0,0,https://kaggle.com/dataset/item-KG_46013010921,Kaggle,Kaggle Dataset,False
KG_20913781062,全新奧黛莉深紫色繡花開運  內衣32D/70D,0.5,0.0,0,https://kaggle.com/dataset/item-KG_20913781062,Kaggle,Kaggle Dataset,False
KG_21582172998,【第四代免剝皮】並線器 萬能接線端子 全自動通用快接線頭神器 電工工具 接線器 快速接線端子 端子接頭 剝皮 快速接線,0.5,0.0,0,https://kaggle.com/dataset/item-KG_21582172998,Kaggle,Kaggle Dataset,False
KG_28964729460,【台灣製、加厚】毛巾底氣墊 竹炭襪 襪子 長襪 中筒襪 短襪 運動襪 隱形襪 除臭襪 男襪 女襪 船型襪 毛巾襪 氣墊襪,0.5,0.0,0,https://kaggle.com/dataset/item-KG_28964729460,Kaggle,Kaggle Dataset,False
KG_54812964940,🚀在臺出貨🚀食品封口夾保鮮塑料袋零食夾奶粉茶葉密封神器廚房家用食物密封夾,0.5,0.0,0,https://kaggle.com/dataset/item-KG_54812964940,Kaggle,Kaggle Dataset,False
KG_22052941049,《全新現貨》非常修飾下半身喔!✨日本購入 漂亮焦糖色抓皺口袋長版哈倫褲(焦糖)(L)布料穿起來很舒服,0.5,0.0,0,https://kaggle.com/dataset/item-KG_22052941049,Kaggle,Kaggle Dataset,False
KG_44152501753,Coleman EZ橄欖葉刷毛睡袋 C0 CM-33802M000 可機洗 露營 保暖 刷毛 睡袋 露營睡袋 宿舍睡袋,0.5,0.0,0,https://kaggle.com/dataset/item-KG_44152501753,Kaggle,Kaggle Dataset,False
KG_25209174869,優惠免運 新雅 Gogoro 2 舊車款 省力中柱 中柱 中住 斷裂 G2 PLUS S2 舊款省力 補強中柱,0.5,0.0,0,https://kaggle.com/dataset/item-KG_25209174869,Kaggle,Kaggle Dataset,False
KG_26030211849,【宏興HOME BRISK】庫克5尺懸浮床底底，另庫克6尺懸浮床底，《ZZ新品25》,0.5,0.0,0,https://kaggle.com/dataset/item-KG_26030211849,Kaggle,Kaggle Dataset,False
KG_25439909642,爆款M-5XL 大尺碼牛仔褲女直筒寬松春季秋冬2024年新款高腰顯瘦小個子闊腿拖地褲子,0.5,0.0,0,https://kaggle.com/dataset/item-KG_25439909642,Kaggle,Kaggle Dataset,False
KG_26735828742,✨甄選推薦✨強磁十字批頭電動螺絲批頭起子頭PH2風批頭 工具組 十字起子頭 批頭組 電動起子頭 起子頭組 起子頭135,0.5,0.0,0,https://kaggle.com/dataset/item-KG_26735828742,Kaggle,Kaggle Dataset,False
KG_86077817,【n0900台灣健立最便宜】2019 自行車零配件-手機指環支架 C24-55,0.5,0.0,0,https://kaggle.com/dataset/item-KG_86077817,Kaggle,Kaggle Dataset,False
KG_43258598817,🪭扇子 古風熊貓扇子扭扭棒手工diy材料包親子編制送閨蜜好友創意禮物 全新商品 品質優選,0.5,0.0,0,https://kaggle.com/dataset/item-KG_43258598817,Kaggle,Kaggle Dataset,False
KG_20153550191,磁吸遮陽外擋 汽車前檔遮陽 汽車遮陽檔 前擋遮陽板 汽車前檔遮陽板 汽車遮陽擋 前擋防曬 3秒安裝車型通用 遮陽板 遮陽,0.5,0.0,0,https://kaggle.com/dataset/item-KG_20153550191,Kaggle,Kaggle Dataset,False
KG_49953269497,彈性挺版西裝褲 S-XL 正常版！必買,0.5,0.0,0,https://kaggle.com/dataset/item-KG_49953269497,Kaggle,Kaggle Dataset,False
KG_49459871143,免運費🚀封閉衣服防塵罩防塵袋衣罩掛式家防塵套全封閉大衣罩衣櫃掛衣袋 YDT,0.5,0.0,0,https://kaggle.com/dataset/item-KG_49459871143,Kaggle,Kaggle Dataset,False
KG_43268903715,黑玩MIMI奇怪的朋友系列 潮玩盲盒 玩具手辦擺飾禮物 亞克力收納 場景展示盒,0.5,0.0,0,https://kaggle.com/dataset/item-KG_43268903715,Kaggle,Kaggle Dataset,False
KG_18892759375,🔥 🔥【優品】牛羊用擠奶機不銹鋼吸奶電動脈沖吸奶器10L大容量奶羊牛擠奶神器,0.5,0.0,0,https://kaggle.com/dataset/item-KG_18892759375,Kaggle,Kaggle Dataset,False
KG_20492117029,韓國東大門🇰🇷金髮歐膩家 超顯瘦牛仔高腰長腿喇叭褲 正韓服飾 預購商品 長腿喇叭褲 牛仔 高腰 金髮歐膩,0.5,0.0,0,https://kaggle.com/dataset/item-KG_20492117029,Kaggle,Kaggle Dataset,False
KG_24858285509,#臺灣熱銷#MKA橡膠杠鈴炮筒球 地雷炮筒 配件 下蹲推舉旋轉動作,0.5,0.0,0,https://kaggle.com/dataset/item-KG_24858285509,Kaggle,Kaggle Dataset,False
KG_43969209526,台灣現 🔥貨 萬聖節兒童服裝男童亞歷山大王子吸血鬼披風德古裝扮套裝表演聖誕萬聖節 表演裝扮服飾 萬聖節服飾,0.5,0.0,0,https://kaggle.com/dataset/item-KG_43969209526,Kaggle,Kaggle Dataset,False
KG_49663015488,110v制冰機戶外15KG家用小型宿舍學生智能迷你全自動小功率制冰機[不含運],0.5,0.0,0,https://kaggle.com/dataset/item-KG_49663015488,Kaggle,Kaggle Dataset,False
KG_20184307361,Mm Select.| 現貨 全聯 日本岩谷 咖波 CAPOO 烤肉工具兩件組（附收納袋）,0.5,0.0,0,https://kaggle.com/dataset/item-KG_20184307361,Kaggle,Kaggle Dataset,False
KG_23230100786,Focus mk4.5 Wagon KUGA  鑰匙套 小熊 男 女 鑰匙包 暴力熊,0.5,0.0,0,https://kaggle.com/dataset/item-KG_23230100786,Kaggle,Kaggle Dataset,False
KG_26366337325,【一軍棒球專賣店】MIZUNO 美津濃 男運動厚底襪 25-28 黑綠32TXB00829(220),0.5,0.0,0,https://kaggle.com/dataset/item-KG_26366337325,Kaggle,Kaggle Dataset,False
KG_22888334553,日本東京迪士尼 全新未拆 現貨在台 老虎樂雅/達菲熊的燈塔,0.5,0.0,0,https://kaggle.com/dataset/item-KG_22888334553,Kaggle,Kaggle Dataset,False
KG_24258066294,| PetTa 陪牠 | PURROOM | 小雞羽毛逗貓棒 貓玩具 可伸縮逗貓棒 內含兩顆替換頭,0.5,0.0,0,https://kaggle.com/dataset/item-KG_24258066294,Kaggle,Kaggle Dataset,False
KG_29902965055,洋蔥 onionman onion man 杯墊 吸水杯墊 文創,0.5,0.0,0,https://kaggle.com/dataset/item-KG_29902965055,Kaggle,Kaggle Dataset,False
KG_17081763194,*雲端五金便利店*  AT-02雙色柄塑膠斜口鉗 ALSTRONG,0.5,0.0,0,https://kaggle.com/dataset/item-KG_17081763194,Kaggle,Kaggle Dataset,False
KG_29956829984,簡約小戶型懸空閣樓床懸挂式公主床省空間雙人床宿舍公寓上下鋪床Y20,0.5,0.0,0,https://kaggle.com/dataset/item-KG_29956829984,Kaggle,Kaggle Dataset,False
KG_43432074352,菜板宿舍迷你切菜板水果板分類板比實木抗菌防黴加厚長方形切菜板,0.5,0.0,0,https://kaggle.com/dataset/item-KG_43432074352,Kaggle,Kaggle Dataset,False
KG_49755868325,FaSoLa-台灣總代理 升級款長效保溫泡腳桶 摺疊泡腳桶 泡腳袋 泡腳盆 加高泡腳桶 過膝泡腳桶 足浴桶 足浴袋,0.5,0.0,0,https://kaggle.com/dataset/item-KG_49755868325,Kaggle,Kaggle Dataset,False
KG_28895145271,可開發票紫外線測試儀汽車膜UV紫外線強度檢測儀太陽輻射防曬儀檢測試卡 UVC檢測儀 紫外線測試儀器 太陽光測試儀,0.5,0.0,0,https://kaggle.com/dataset/item-KG_28895145271,Kaggle,Kaggle Dataset,False
KG_20039453347,台灣印花 拼布手做~薄棉布~ 紫葉 拼布,0.5,0.0,0,https://kaggle.com/dataset/item-KG_20039453347,Kaggle,Kaggle Dataset,False
KG_28480710250,🔥質保無憂✨髮球器 髮球機室內高爾夫練習打擊揮桿高爾便攜式打擊籠網棒球網室內室外揮桿網,0.5,0.0,0,https://kaggle.com/dataset/item-KG_28480710250,Kaggle,Kaggle Dataset,False
KG_848969525,女針織毛長版衣帽T,0.5,0.0,0,https://kaggle.com/dataset/item-KG_848969525,Kaggle,Kaggle Dataset,False
KG_1591713293,"{JSL} KING TONY 2518MR 18件式 1/4""DR. 套筒扳手組",0.5,0.0,0,https://kaggle.com/dataset/item-KG_1591713293,Kaggle,Kaggle Dataset,False
KG_43258878303,💯桃園出貨✔吸盤掛鈎 免打孔 門後掛衣鈎 衛生間掛鈎 強承重 無痕浴室中古風掛鈎 衚桃木粘鈎,0.5,0.0,0,https://kaggle.com/dataset/item-KG_43258878303,Kaggle,Kaggle Dataset,False
KG_28143302090,全新  轉售Squarebear 蕾絲拼接花邊細肩上衣,0.5,0.0,0,https://kaggle.com/dataset/item-KG_28143302090,Kaggle,Kaggle Dataset,False
KG_27039551296,新款便攜32件套十字批頭套裝電動螺絲內六角批咀大全梅花磁吸批嘴 WRW4,0.5,0.0,0,https://kaggle.com/dataset/item-KG_27039551296,Kaggle,Kaggle Dataset,False
KG_22764411973,"公司貨 Topeak Mini 6, 6功能工具組,TT2506 Mini 6 公路車 自行車",0.5,0.0,0,https://kaggle.com/dataset/item-KG_22764411973,Kaggle,Kaggle Dataset,False
KG_54562992997,萬用居家百貨🌟臺灣免運✨冰霸杯blackpink水杯巨無霸超大高顏值大容量杯子保溫保冰杯保冷,0.5,0.0,0,https://kaggle.com/dataset/item-KG_54562992997,Kaggle,Kaggle Dataset,False
KG_23900731751,IZ闆娘實拍（正韓標🇰🇷減齡感 假2件超好看）現貨 學院風 韓妞 拼接落肩 條紋 設計 白色 慵懶性感 長版 襯衫 洋裝,0.5,0.0,0,https://kaggle.com/dataset/item-KG_23900731751,Kaggle,Kaggle Dataset,False
KG_14742807380,【大山野營】美國 Barebones LIV-264 LIV-266 LIV-268垂吊營燈 LED燈 防水吊燈,0.5,0.0,0,https://kaggle.com/dataset/item-KG_14742807380,Kaggle,Kaggle Dataset,False
KG_20475850718,慕花坊   屏東鐵線蓮 小盆,0.5,0.0,0,https://kaggle.com/dataset/item-KG_20475850718,Kaggle,Kaggle Dataset,False
KG_41332100571,🔥在臺熱售 臺灣出貨🔥買一送一學生水杯韓式杯子ins高顔值吸管杯男女茶水分離果茶杯子 YJND,0.5,0.0,0,https://kaggle.com/dataset/item-KG_41332100571,Kaggle,Kaggle Dataset,False
KG_56700825412,好物推薦✅蕾絲鏤空白色褲子女夏季薄款時尚百搭花邊休閒直筒褲闊腿九分褲子,0.5,0.0,0,https://kaggle.com/dataset/item-KG_56700825412,Kaggle,Kaggle Dataset,False
KG_20043488684,『海威車品』BMC  高流量濾芯 FB711/20 VELOSTER 1.6,0.5,0.0,0,https://kaggle.com/dataset/item-KG_20043488684,Kaggle,Kaggle Dataset,False
KG_21080694757,🥀旺斯女孩🥀歐美美式辣妹掛脖背心 削肩 收腰 抽繩 無袖,0.5,0.0,0,https://kaggle.com/dataset/item-KG_21080694757,Kaggle,Kaggle Dataset,False
KG_45550225868,【美式復古】L'Étoile 2024早秋 寬鬆 高街 豹紋 牛仔 背帶褲 女 設計感 小眾 直筒 長褲 牛仔吊帶 豹紋,0.5,0.0,0,https://kaggle.com/dataset/item-KG_45550225868,Kaggle,Kaggle Dataset,False
KG_22433938461,全新未穿黑色休閒褲M,0.5,0.0,0,https://kaggle.com/dataset/item-KG_22433938461,Kaggle,Kaggle Dataset,False
KG_16224539378,☆快樂小屋☆ 完美時刻 The Perfect Moment 繁體中文版 正版 台中桌遊,0.5,0.0,0,https://kaggle.com/dataset/item-KG_16224539378,Kaggle,Kaggle Dataset,False
KG_58063000869,全館免運🚚限時下殺鳥玩具牡丹小太陽和尚玄鳳鸚鵡玩具啃咬益智訓練用品防抑鬱咬毛,0.5,0.0,0,https://kaggle.com/dataset/item-KG_58063000869,Kaggle,Kaggle Dataset,False
KG_1339087032,中國 FU50 升級管︽NO:6352 蘇聯 ry-50 (NIB真空管(小 300B ; GU50 ; RY50 一只,0.5,0.0,0,https://kaggle.com/dataset/item-KG_1339087032,Kaggle,Kaggle Dataset,False
KG_53751153864,"愛心短袖T恤男女高級感上衣 不透色 粉線條愛心小標-杏色短袖,L",0.5,0.0,0,https://kaggle.com/dataset/item-KG_53751153864,Kaggle,Kaggle Dataset,False
KG_40527400499,臺灣出貨 免運 皮草女 2025秋冬新款仿貂毛皮草外套女名媛風寬鬆版時尚大衣,0.5,0.0,0,https://kaggle.com/dataset/item-KG_40527400499,Kaggle,Kaggle Dataset,False
KG_43126933827,🔥熱銷免運🔥智能發熱背心 發熱馬甲 三擋調節 USB充電發熱外套 可水洗外套 外套發熱內膽 恆溫防風抗寒發熱服,0.5,0.0,0,https://kaggle.com/dataset/item-KG_43126933827,Kaggle,Kaggle Dataset,False
KG_53112981581,【爆款 熱銷】 銅合金純黃銅媽祖擺件家居辦公室桌面小擺件媽祖海神娘娘黃銅工藝,0.5,0.0,0,https://kaggle.com/dataset/item-KG_53112981581,Kaggle,Kaggle Dataset,False
KG_50205027383,【熱銷】糊漏面糊杯多功能 蛋糕分離器面糊面漿漏斗器手搖式面糊漏杯,0.5,0.0,0,https://kaggle.com/dataset/item-KG_50205027383,Kaggle,Kaggle Dataset,False
KG_7116602978,正廠 三菱 OUTLANDER 08-10年 原廠全新品 黑底 尾燈 下標前先問有沒有貨,0.5,0.0,0,https://kaggle.com/dataset/item-KG_7116602978,Kaggle,Kaggle Dataset,False
KG_8872324286,〖杰立肉品〗智利鮭魚 厚切鮭魚片 350g 進口海鮮 魚排 氣炸 烤肉 家庭美食,0.5,0.0,0,https://kaggle.com/dataset/item-KG_8872324286,Kaggle,Kaggle Dataset,False
KG_23669635969,🎈𝙉𝙚𝙬 𝙖𝙧𝙧𝙞𝙫𝙖 🎈 日系風  正韓款 重工電繡 兔兔款 【S-XL】✅✅,0.5,0.0,0,https://kaggle.com/dataset/item-KG_23669635969,Kaggle,Kaggle Dataset,False
KG_47012973422,NT好物🙅‍♀️空氣炸鍋家用紙盤耐高溫吸油紙墊食物烤箱烘焙矽油紙墊燒烤通用型 ADWM,0.5,0.0,0,https://kaggle.com/dataset/item-KG_47012973422,Kaggle,Kaggle Dataset,False
KG_47162958817,【台灣出貨】彈珠分分樂 十以內數字分成 數字分解玩具 數學啓蒙遊戲 鍛鍊專注力 鍛鍊手眼協調性 親子互動 兒童益智玩具,0.5,0.0,0,https://kaggle.com/dataset/item-KG_47162958817,Kaggle,Kaggle Dataset,False
KG_9322327065,*農大牧場* 普創羊用不銹鋼斷尾無血去勢鉗 仔豬塑料尼龍剪尾鉗,0.5,0.0,0,https://kaggle.com/dataset/item-KG_9322327065,Kaggle,Kaggle Dataset,False
KG_3816698316,【附發票】 家用洗車套裝 9件組 擦車巾 輪胎刷 洗車手套 海绵 超細纖維 擦車布 汽車清潔 打蠟 洗車用品 ~得來速,0.5,0.0,0,https://kaggle.com/dataset/item-KG_3816698316,Kaggle,Kaggle Dataset,False
KG_16800851842,(台灣現貨）韓國 東大門 正韓- 西班牙復古玫瑰系列細緻精品質感雪紡洋裝,0.5,0.0,0,https://kaggle.com/dataset/item-KG_16800851842,Kaggle,Kaggle Dataset,False
KG_23305128638,Nike YOGA Wide Twis 女款寬頭帶 吸濕 快乾 瑜珈 米白色DR5202-115,0.5,0.0,0,https://kaggle.com/dataset/item-KG_23305128638,Kaggle,Kaggle Dataset,False
KG_43262807780,文審禮品機禦龍傳廠家新款禮品遊戲機街機雙人玩禮品櫃投幣互動,0.5,0.0,0,https://kaggle.com/dataset/item-KG_43262807780,Kaggle,Kaggle Dataset,False
KG_4358410516,韓版氣質口袋設計感牛仔褲,0.5,0.0,0,https://kaggle.com/dataset/item-KG_4358410516,Kaggle,Kaggle Dataset,False
KG_52502725545,台灣出貨 溫柔風保暖羊羔毛外套女裝秋冬韓係慵懶風寬鬆休閒黑色毛絨絨上衣,0.5,0.0,0,https://kaggle.com/dataset/item-KG_52502725545,Kaggle,Kaggle Dataset,False
KG_44032090415,可開發票 運動眼鏡 男女戶外跑步登山騎行太陽鏡墨鏡 自動變光 焊接眼鏡 護目鏡 焊工防護 防強光 防飛濺,0.5,0.0,0,https://kaggle.com/dataset/item-KG_44032090415,Kaggle,Kaggle Dataset,False
KG_28232460367,【山海人】山之客拉絲充氣床 翻身靜音露營拉絲充氣床 拉絲充氣床 露營充氣床 露營床墊 充氣床墊 拉絲充氣床墊 露營床,0.5,0.0,0,https://kaggle.com/dataset/item-KG_28232460367,Kaggle,Kaggle Dataset,False
KG_40523845816,全新太空材質背心套裝❤️,0.5,0.0,0,https://kaggle.com/dataset/item-KG_40523845816,Kaggle,Kaggle Dataset,False
KG_23257944967,Sokäch🪑多款！星之卡比浴巾🎀星之卡比 卡比 卡比之星 浴巾 毛巾 美樂蒂 庫洛米 熊抱哥 大耳狗 三麗鷗 帕恰狗,0.5,0.0,0,https://kaggle.com/dataset/item-KG_23257944967,Kaggle,Kaggle Dataset,False
KG_11701135848,✿愛69情趣✿艷情四射！蕾絲鏤空開檔誘惑內褲 女生內褲/開襠褲/蕾絲/鏤空/性感/美體/低腰/情趣/性感丁字褲/內褲,0.5,0.0,0,https://kaggle.com/dataset/item-KG_11701135848,Kaggle,Kaggle Dataset,False
KG_23727128035,SKECHERS ArchFit系列運動鞋,0.5,0.0,0,https://kaggle.com/dataset/item-KG_23727128035,Kaggle,Kaggle Dataset,False
KG_400498823,⚜️Mi 韓系立體花針織背心 原$450優惠💜反饋$330,0.5,0.0,0,https://kaggle.com/dataset/item-KG_400498823,Kaggle,Kaggle Dataset,False
KG_55262999602,全館免運🚚限時下殺壁掛衛生間仿藤編織玄關洗漱臺收納籃垂釣花盆大蒜收納編織收納筐,0.5,0.0,0,https://kaggle.com/dataset/item-KG_55262999602,Kaggle,Kaggle Dataset,False
KG_19515929866,U.S POLO 洋裝- 紫 S吊牌未拆,0.5,0.0,0,https://kaggle.com/dataset/item-KG_19515929866,Kaggle,Kaggle Dataset,False
KG_43361248719,puma輪胎鞋底慢跑鞋原價2380/5折優惠,0.5,0.0,0,https://kaggle.com/dataset/item-KG_43361248719,Kaggle,Kaggle Dataset,False
KG_45362998455,🔥在臺熱售 臺灣出貨🔥指甲刀套裝全套指甲剪指甲鉗修腳趾甲大號鷹嘴鉗修腳工具包修甲刀 RHHN,0.5,0.0,0,https://kaggle.com/dataset/item-KG_45362998455,Kaggle,Kaggle Dataset,False
KG_23284311866,【綠色工場】好野國際 Outthere 雲濶6人帳 黑膠帳 四季帳 速搭帳 露營睡帳 前庭加長延伸 外撐式房廳,0.5,0.0,0,https://kaggle.com/dataset/item-KG_23284311866,Kaggle,Kaggle Dataset,False
KG_27812905405,【熱銷】🔥磁性表座配件表桿連接桿夾頭百分表架夾子千分表座手柄8-10-10-12,0.5,0.0,0,https://kaggle.com/dataset/item-KG_27812905405,Kaggle,Kaggle Dataset,False
KG_43329892320,德國 Catrice 卡翠絲 多效定妝噴霧 50ml,0.5,0.0,0,https://kaggle.com/dataset/item-KG_43329892320,Kaggle,Kaggle Dataset,False
KG_18645647225,Ines&伊內絲 女衣商行 靜致的女人味 微微透視感 薄款 彈力休閒 黑色 V領 POLO領 短袖 針織衫 上衣 T恤,0.5,0.0,0,https://kaggle.com/dataset/item-KG_18645647225,Kaggle,Kaggle Dataset,False
KG_5334859773,桌球孤鷹 桌球拍 729 C-1 5層純木升級版 全面型，品質好！,0.5,0.0,0,https://kaggle.com/dataset/item-KG_5334859773,Kaggle,Kaggle Dataset,False
KG_19078309775,綁帶連身寬褲 無袖連身寬褲 坎肩 包袖 連體褲 連身長褲,0.5,0.0,0,https://kaggle.com/dataset/item-KG_19078309775,Kaggle,Kaggle Dataset,False
KG_47452047939,韓系藏肉遮肚設計感休閒德絨長袖撞色露肩假兩件長袖t恤女2026新款洋氣設計感初秋大尺碼上衣大碼女裝「LuLu」,0.5,0.0,0,https://kaggle.com/dataset/item-KG_47452047939,Kaggle,Kaggle Dataset,False
KG_19480802762,Shidan 長板針織背心（米）全新,0.5,0.0,0,https://kaggle.com/dataset/item-KG_19480802762,Kaggle,Kaggle Dataset,False
KG_28351582255,C2405刺繡電繡臂章-貼紙版臂章-軍警消-Harley-生存遊戲,0.5,0.0,0,https://kaggle.com/dataset/item-KG_28351582255,Kaggle,Kaggle Dataset,False
KG_14795362273,🌟韓國花苞袖雪紡上衣🌟,0.5,0.0,0,https://kaggle.com/dataset/item-KG_14795362273,Kaggle,Kaggle Dataset,False
KG_5418501525,氣質系列小香風千鳥格套装外套,0.5,0.0,0,https://kaggle.com/dataset/item-KG_5418501525,Kaggle,Kaggle Dataset,False
KG_134648581,SLY HOODED CHESTER LONG COAT 灰色長大衣 帽子可拆,0.5,0.0,0,https://kaggle.com/dataset/item-KG_134648581,Kaggle,Kaggle Dataset,False
KG_47253528118,"二十五開衫,白色組合配黑色條紋拉鍊和2個前袋7110",0.5,0.0,0,https://kaggle.com/dataset/item-KG_47253528118,Kaggle,Kaggle Dataset,False
KG_29645159200,🔥🔥錢包女長款手拿包女手機包新款媽媽大容量時尚多功能皮夾多層,0.5,0.0,0,https://kaggle.com/dataset/item-KG_29645159200,Kaggle,Kaggle Dataset,False
KG_46702243377,店家推薦  100套內徑1.2cm氣眼帶安裝工具 索環孔眼 帳篷扣防水布扣供  fish精選,0.5,0.0,0,https://kaggle.com/dataset/item-KG_46702243377,Kaggle,Kaggle Dataset,False
KG_41060916363,[全新] Wedgwood Nantucket Basket 英式編織籃馬克杯 -260年歐洲皇家精緻骨瓷-,0.5,0.0,0,https://kaggle.com/dataset/item-KG_41060916363,Kaggle,Kaggle Dataset,False
KG_52862991976,全館免運🚚限時下殺貓梳子寵物打薄梳高效去浮毛開結梳貓咪專用梳毛清潔貓毛通用排梳,0.5,0.0,0,https://kaggle.com/dataset/item-KG_52862991976,Kaggle,Kaggle Dataset,False
KG_48713017829,全館免運🚚限時下殺鸚鵡昆蟲網籠外出鳥籠蝴蝶網籠青蛙網紗摺疊籠便攜式戶外鳥籠兒童,0.5,0.0,0,https://kaggle.com/dataset/item-KG_48713017829,Kaggle,Kaggle Dataset,False
KG_23947477259,【 Angela ViVi 】韓版 可甜可鹹 清涼湖水綠套裝組合 細肩帶背心+寬鬆防曬外套 S尺寸現貨,0.5,0.0,0,https://kaggle.com/dataset/item-KG_23947477259,Kaggle,Kaggle Dataset,False
KG_43878223439,燙畫機熱轉印壓燙機燙印機服裝印花壓燙機熱轉印燙畫機熱壓機小型,0.5,0.0,0,https://kaggle.com/dataset/item-KG_43878223439,Kaggle,Kaggle Dataset,False
KG_13762279366,🎈造型扭結針織款🎈(S-xL)🎈,0.5,0.0,0,https://kaggle.com/dataset/item-KG_13762279366,Kaggle,Kaggle Dataset,False
KG_29031035849,諾亞6尺雙人床(布)(大台北地區免運費)【阿玉的家2026】加大床台,0.5,0.0,0,https://kaggle.com/dataset/item-KG_29031035849,Kaggle,Kaggle Dataset,False
KG_57862979446,【現貨】李時珍手足脫皮膏脫皮膏手腳乾燥乾裂腳臭腳汗皸裂可WJG1KV,0.5,0.0,0,https://kaggle.com/dataset/item-KG_57862979446,Kaggle,Kaggle Dataset,False
KG_19258558653,Ines&伊內絲 女衣商行 冬季新款🔥復古優雅 學院風氣息 淺灰色 毛呢 翻領 落肩 牛角扣 大口袋 長袖 長款 大衣,0.5,0.0,0,https://kaggle.com/dataset/item-KG_19258558653,Kaggle,Kaggle Dataset,False
KG_61749789,情侶款BF風刺繡火箭迷彩外套  （男女皆可穿）,0.5,0.0,0,https://kaggle.com/dataset/item-KG_61749789,Kaggle,Kaggle Dataset,False
KG_49413020808,萬用居家百貨🌟限時熱賣🔥防曬空頂帽子女夏季新款防紫外線戶外出遊可摺疊大帽檐遮陽帽草帽,0.5,0.0,0,https://kaggle.com/dataset/item-KG_49413020808,Kaggle,Kaggle Dataset,False
KG_47203193087,CLEAR  IMPRESSION  ♥日本品牌♥  黑色素面  白色滾邊  開襟  針織上衣 (日本製),0.5,0.0,0,https://kaggle.com/dataset/item-KG_47203193087,Kaggle,Kaggle Dataset,False
KG_2795341031,韓國嚴選🔛灰色磨毛連帽長版上衣,0.5,0.0,0,https://kaggle.com/dataset/item-KG_2795341031,Kaggle,Kaggle Dataset,False
KG_52662992179,全館免運🚚限時下殺香水底部分裝瓶高檔竹殼直充香水分裝瓶噴霧瓶香水瓶5ml小空瓶,0.5,0.0,0,https://kaggle.com/dataset/item-KG_52662992179,Kaggle,Kaggle Dataset,False
KG_42363469483,可開發票 新款1.6L高溫蒸汽清潔機 220V 110V蒸汽清洗機多功能支持高溫蒸汽清洗機 居家清潔空調廚房油煙機清潔機,0.5,0.0,0,https://kaggle.com/dataset/item-KG_42363469483,Kaggle,Kaggle Dataset,False
KG_28178712073,騎行水壺山地公路 車騎行保溫水杯 便攜 自行車運動健身戶外保冷水壺擠壓式水壺 保溫保冷單車水壺 戶外騎行水壺 運動水壺,0.5,0.0,0,https://kaggle.com/dataset/item-KG_28178712073,Kaggle,Kaggle Dataset,False
KG_48413005512,釀高粱壓扁機玉米片大豆壓片機糧食五穀雜糧擠扁機小型破碎機麥運費咨詢客服6.28,0.5,0.0,0,https://kaggle.com/dataset/item-KG_48413005512,Kaggle,Kaggle Dataset,False
KG_25705572552,Codibook｜韓國 ccomeng 垂褶織紋雙色連帽拉鍊外套［預購］拉鍊外套 運動外套 女裝,0.5,0.0,0,https://kaggle.com/dataset/item-KG_25705572552,Kaggle,Kaggle Dataset,False
KG_43809266177,8000W大功率點焊機 帶腳踏 智慧雙脈衝 可焊手機電池 18650鋰電池 大功率點焊機點焊機 數碼顯示大功率點焊機,0.5,0.0,0,https://kaggle.com/dataset/item-KG_43809266177,Kaggle,Kaggle Dataset,False
KG_13519804231,【英國 RAB】保暖羽絨背心 女 深南瓜黃 Cubit Stretch Down Vest W QDB32,0.5,0.0,0,https://kaggle.com/dataset/item-KG_13519804231,Kaggle,Kaggle Dataset,False
KG_26826720420,【聊聊詢價後下訂】製磚機  24塊水泥製磚機 設備  湖南嶽陽磚機 生産廠家 小型水泥免燒磚機器 X7AE,0.5,0.0,0,https://kaggle.com/dataset/item-KG_26826720420,Kaggle,Kaggle Dataset,False
KG_23464726126,NBA波士頓賽爾提克隊連帽長T黑紅色L號(球衣搭配可參考),0.5,0.0,0,https://kaggle.com/dataset/item-KG_23464726126,Kaggle,Kaggle Dataset,False
KG_50100815733,免運 臺灣出貨 西裝外套女 特大碼300斤春季寬鬆設計感西裝女胖mm原宿bf風韓版顯瘦西服外套,0.5,0.0,0,https://kaggle.com/dataset/item-KG_50100815733,Kaggle,Kaggle Dataset,False
KG_40204650369,可開發票 免運✨環形啞鈴一對女士啞鈴傢用健身器材亞鈴兒童圓壺鈴瑜伽瘦身男鍛鍊,0.5,0.0,0,https://kaggle.com/dataset/item-KG_40204650369,Kaggle,Kaggle Dataset,False
KG_22030564107,[MASCUT宏均] BUCK SLIM RANGER PRO G10 BR CANVAS-折刀.登山刀.露營刀.戶外刀,0.5,0.0,0,https://kaggle.com/dataset/item-KG_22030564107,Kaggle,Kaggle Dataset,False
KG_21387279155,【UNRV環球露營車】車邊帳 FIAMMA F45S 300 DEFENDER 路虎 露營 遮陽棚 三邊圍布 車泊 露營,0.5,0.0,0,https://kaggle.com/dataset/item-KG_21387279155,Kaggle,Kaggle Dataset,False
KG_25797759310,【💖愛選購】寶貝新生嬰兒餵水勺子米糊勺硅膠 擠壓式米粉輔食瓶工具餵養軟勺,0.5,0.0,0,https://kaggle.com/dataset/item-KG_25797759310,Kaggle,Kaggle Dataset,False
KG_47463007907,臺灣速發➕免運英迪冰花炫綵帶蓋飛碟鍋1100ml純鈦鈦鍋戶外 野營旅行露營,0.5,0.0,0,https://kaggle.com/dataset/item-KG_47463007907,Kaggle,Kaggle Dataset,False
KG_1023328948,Queen - 毛衣 針織上衣 螺紋上衣 內搭 打底韓版上衣 圓領套頭純色百搭長袖針織上衣 - T-13,0.5,0.0,0,https://kaggle.com/dataset/item-KG_1023328948,Kaggle,Kaggle Dataset,False
KG_40923044732,出國推薦 抗寒-30度 韓國東大門 代購 爆款90羽絨兩色袖子可拆卸,0.5,0.0,0,https://kaggle.com/dataset/item-KG_40923044732,Kaggle,Kaggle Dataset,False
KG_295349418,💖日本進口 和風厚棉布 1尺,0.5,0.0,0,https://kaggle.com/dataset/item-KG_295349418,Kaggle,Kaggle Dataset,False
KG_43853689569,二手 極新 LOUIS VUITTON LV M30233 黑原花 Outdoor 郵差包 側背包 肩背包,0.5,0.0,0,https://kaggle.com/dataset/item-KG_43853689569,Kaggle,Kaggle Dataset,False
KG_42030680253,（BG）天然藍彼得石愛心小熊熊通體S925銀純銀項鏈項鍊鎖骨鏈,0.5,0.0,0,https://kaggle.com/dataset/item-KG_42030680253,Kaggle,Kaggle Dataset,False
KG_55862953566,茉莉幸福皂咖手作坊-🍄🪻🌺新年快樂及聖誕節快樂🎄包裝盒貼紙可貼於提盒或手作紙盒包裝,0.5,0.0,0,https://kaggle.com/dataset/item-KG_55862953566,Kaggle,Kaggle Dataset,False
KG_22406006270,歐K那瓦 加厚洗碗海綿刷 海綿菜瓜布 百潔布 清潔刷 雙層海綿 刷碗 洗鍋 刷鍋 刷碗海綿 廚房海綿 清潔好物 柔軟不傷,0.5,0.0,0,https://kaggle.com/dataset/item-KG_22406006270,Kaggle,Kaggle Dataset,False
KG_1176135947,全新 氣質款 小香風 格菱紋 公主袖 短袖上衣 Miu Star 素面 素色 百搭,0.5,0.0,0,https://kaggle.com/dataset/item-KG_1176135947,Kaggle,Kaggle Dataset,False
KG_41569000461,雙肩包 背包 女生包包 小紅書懶羊羊同款漢堡背包 雙肩包可愛卡通小背包 大容量校園雙肩背包女 時尚潮流背包女,0.5,0.0,0,https://kaggle.com/dataset/item-KG_41569000461,Kaggle,Kaggle Dataset,False
KG_52262971909,可開發票日本麗克特電動芝麻碎研磨器廚房家用自動陶瓷盤香料調味調料瓶罐 胡椒研磨器 電動研磨器 胡椒研磨罐 研磨器,0.5,0.0,0,https://kaggle.com/dataset/item-KG_52262971909,Kaggle,Kaggle Dataset,False
KG_53855013165,愛迪達adidas女款黑色三線經典休閒外套28862/GM5534,0.5,0.0,0,https://kaggle.com/dataset/item-KG_53855013165,Kaggle,Kaggle Dataset,False
KG_43960281317,「 全新 」 Under Armour 男版運動背心 L號（藍）132,0.5,0.0,0,https://kaggle.com/dataset/item-KG_43960281317,Kaggle,Kaggle Dataset,False
KG_23968684356,轉售korea sister 全新 閃耀的亮色檸檬黃微喇叭長褲 s號,0.5,0.0,0,https://kaggle.com/dataset/item-KG_23968684356,Kaggle,Kaggle Dataset,False
KG_42777128548,*七月* 免運 夾克女 棒球服女 美式複古鉚釘拚接杜賓犬衛衣男秋季潮牌設計感重磅連帽衫短款外套 12/10 ZHCA,0.5,0.0,0,https://kaggle.com/dataset/item-KG_42777128548,Kaggle,Kaggle Dataset,False
KG_15586379216,NICO｜魅力大師輕奢納帕頭層牛皮真皮床，高端義大利隊設計師雙人床，為簡奢而生，細品奢華，慢享生活，恰到好處的精緻!,0.5,0.0,0,https://kaggle.com/dataset/item-KG_15586379216,Kaggle,Kaggle Dataset,False
KG_51000312758,【Eternity】龐克龐克風格設計感後背刺繡短皮衣 秋冬立領圖騰印花亞文化機車服夾克嘻哈外套,0.5,0.0,0,https://kaggle.com/dataset/item-KG_51000312758,Kaggle,Kaggle Dataset,False
KG_44662332629,第一視角🔥掛脖手機支架 磁吸掛脖支架 手機拍攝支架 直播支架 第一人稱vlog支架  頸掛支架 直播 記錄,0.5,0.0,0,https://kaggle.com/dataset/item-KG_44662332629,Kaggle,Kaggle Dataset,False
KG_25630539855,川崎 忍者鑰匙殼 NINJA400/650 Z400 Z650 改裝鑰匙胚裝飾蓋,0.5,0.0,0,https://kaggle.com/dataset/item-KG_25630539855,Kaggle,Kaggle Dataset,False
KG_18789647253,Nike 頭帶 Nike Pro Metallic 頭帶 白 N0003527109OS,0.5,0.0,0,https://kaggle.com/dataset/item-KG_18789647253,Kaggle,Kaggle Dataset,False
KG_20280265933,OH SHOSE👟merrell ANTORA 3 GORE-TEX 防水 輕量 越野 健行鞋 藍色 黃金大底 女,0.5,0.0,0,https://kaggle.com/dataset/item-KG_20280265933,Kaggle,Kaggle Dataset,False
KG_5616070032,【全新現貨】大特價翻領排扣厚磅毛呢大衣外套,0.5,0.0,0,https://kaggle.com/dataset/item-KG_5616070032,Kaggle,Kaggle Dataset,False
KG_21378736992,熱賣免運🌈訓練鞋 舞蹈鞋 教師鞋 拉丁舞鞋 水兵舞鞋 跳舞鞋廣場舞蹈鞋女成人兒童拉丁舞摩登舞鞋軟底交誼舞鞋,0.5,0.0,0,https://kaggle.com/dataset/item-KG_21378736992,Kaggle,Kaggle Dataset,False
KG_20681667064,☆☆＝ 阿 SO 單 車 ＝☆☆FSA 鋁合金 SL-280 座管 31.6x350MM 全新品 優惠價450元,0.5,0.0,0,https://kaggle.com/dataset/item-KG_20681667064,Kaggle,Kaggle Dataset,False
KG_46251125794,💖新品特價💖百搭 秋冬2024年冬季 新款 工裝棉服棉襖寬鬆小個子加厚毛領棉衣 外套,0.5,0.0,0,https://kaggle.com/dataset/item-KG_46251125794,Kaggle,Kaggle Dataset,False
KG_44852954627,超品質毛衣..QCL1..(襯衫長度52cm 像模特一樣彈力向下),0.5,0.0,0,https://kaggle.com/dataset/item-KG_44852954627,Kaggle,Kaggle Dataset,False
KG_11714277791,THEA ONE SET/ tie dye one set fit to L,0.5,0.0,0,https://kaggle.com/dataset/item-KG_11714277791,Kaggle,Kaggle Dataset,False
KG_26361315608,【搬家神器】搬家好幫手 家用重物 移動萬向滑輪 多功能搬運移動工具 移床傢俱移位器 一人也能幫重物 工具 萬向 搬運工具,0.5,0.0,0,https://kaggle.com/dataset/item-KG_26361315608,Kaggle,Kaggle Dataset,False
KG_42178174275,Canson 1557 300gsm 繪圖紙,0.5,0.0,0,https://kaggle.com/dataset/item-KG_42178174275,Kaggle,Kaggle Dataset,False
KG_47100152254,【MR.男先生】臺灣出貨 免運  女皮棉服  PU皮棉服女2025年冬季新款韓版學生棉襖麵包服加厚棉衣外套ins潮 TQ,0.5,0.0,0,https://kaggle.com/dataset/item-KG_47100152254,Kaggle,Kaggle Dataset,False
KG_13649779677,保暖九分褲全新的（內刷毛）,0.5,0.0,0,https://kaggle.com/dataset/item-KG_13649779677,Kaggle,Kaggle Dataset,False
KG_13012824255,【U00614】粉紅色褲管渲染設計牛仔長褲,0.5,0.0,0,https://kaggle.com/dataset/item-KG_13012824255,Kaggle,Kaggle Dataset,False
KG_724097900,正韓QQ蝴蝶結口袋大衣（全新）,0.5,0.0,0,https://kaggle.com/dataset/item-KG_724097900,Kaggle,Kaggle Dataset,False
KG_43678226705,請問今天要來點兔子嗎 1000片拼圖（木棉花出的）,0.5,0.0,0,https://kaggle.com/dataset/item-KG_43678226705,Kaggle,Kaggle Dataset,False
KG_55962993083,萬用居家百貨🌟臺灣免運✨喵喵餅乾模具烘焙不鏽鋼蛋糕治癒水果切模卡通曲奇DIY可愛貓咪,0.5,0.0,0,https://kaggle.com/dataset/item-KG_55962993083,Kaggle,Kaggle Dataset,False
KG_16286690823,ma48 .5 剪花銀絲雪紡 85x140 cm $110。有1份，現貨,0.5,0.0,0,https://kaggle.com/dataset/item-KG_16286690823,Kaggle,Kaggle Dataset,False
KG_27567290348,南🔥2024 11月 NIKE Dri-FIT Prima 運動長褲 九分褲 高腰 錐形褲 女款 黑FB5429-010,0.5,0.0,0,https://kaggle.com/dataset/item-KG_27567290348,Kaggle,Kaggle Dataset,False
KG_45402149572,【mont-bell】送》女 保暖防潑連帽 長版鵝絨外套 650FP HUSKY COAT 羽絨外套 1101569,0.5,0.0,0,https://kaggle.com/dataset/item-KG_45402149572,Kaggle,Kaggle Dataset,False
KG_14650490597,niko and… 大衣 中長版 單釦奶油色 大衣 外套 女裝,0.5,0.0,0,https://kaggle.com/dataset/item-KG_14650490597,Kaggle,Kaggle Dataset,False
KG_47413010513,鋁合金管道手動凸管機、支架、鋁合金管道手動凸管機和支架全套[不含運],0.5,0.0,0,https://kaggle.com/dataset/item-KG_47413010513,Kaggle,Kaggle Dataset,False
KG_52655091805,【廠家直銷】熱賣🛠��️ 零食置物架落地多層收納架高顏值移動小推車家用客廳廚房收納架抽屜式收納箱落地式廚房置物架,0.5,0.0,0,https://kaggle.com/dataset/item-KG_52655091805,Kaggle,Kaggle Dataset,False
KG_49312992963,18h出貨⭐鎂草本護理噴霧 溫和配方呵護清爽皮膚保溼滋潤舒適護理皮膚噴霧,0.5,0.0,0,https://kaggle.com/dataset/item-KG_49312992963,Kaggle,Kaggle Dataset,False
KG_55851175744,W復古高腰側壓摺鬚鬚邊落地牛仔寬褲*2色SMLWINWIN穎原單代購#實拍25冬1111A09,0.5,0.0,0,https://kaggle.com/dataset/item-KG_55851175744,Kaggle,Kaggle Dataset,False
KG_28180917004,【品質推薦】鐵藝收納籃 雜物收納盒 化妝品宿舍桌面整理 收納筐,0.5,0.0,0,https://kaggle.com/dataset/item-KG_28180917004,Kaggle,Kaggle Dataset,False
KG_28660897649,全揚撞球 撞球桿【握把換皮(蜥蜴皮系列)】維修價-隔天取桿,0.5,0.0,0,https://kaggle.com/dataset/item-KG_28660897649,Kaggle,Kaggle Dataset,False
KG_22231641311,•Hello Studio•v領小香背心,0.5,0.0,0,https://kaggle.com/dataset/item-KG_22231641311,Kaggle,Kaggle Dataset,False
KG_25407197847,台灣潛水-GARMIN Descent Mk3i – 43mm,0.5,0.0,0,https://kaggle.com/dataset/item-KG_25407197847,Kaggle,Kaggle Dataset,False
KG_25781526700,台灣現貨🔥木天蓼磨牙棒 巨無霸貓薄荷棒 蟲癭果 木天蓼 貓草 貓咪磨牙木天蓼麻繩棒 拉菲草 逗貓玩具 逗貓棒 貓咪用品,0.5,0.0,0,https://kaggle.com/dataset/item-KG_25781526700,Kaggle,Kaggle Dataset,False
KG_29970042577,熱銷qq 冷卻塔消音毯 噴泉消音棉 圓塔方塔尼龍消音墊 隔音棉,0.5,0.0,0,https://kaggle.com/dataset/item-KG_29970042577,Kaggle,Kaggle Dataset,False
KG_24830770367,韓國XOUL秀吾卸妝膏,0.5,0.0,0,https://kaggle.com/dataset/item-KG_24830770367,Kaggle,Kaggle Dataset,False
KG_28541103598,［idy.select]破壞 微喇 迷彩休閒褲,0.5,0.0,0,https://kaggle.com/dataset/item-KG_28541103598,Kaggle,Kaggle Dataset,False
KG_29993689659,BMW F20 F21 F22 F87 F23 F30 副廠 維修孔蓋 擋泥板蓋 F1234系 51717260397,0.5,0.0,0,https://kaggle.com/dataset/item-KG_29993689659,Kaggle,Kaggle Dataset,False
KG_55554316006,猶太人致富定律[二手書_近全新]11317417147 TAAZE讀冊生活網路書店,0.5,0.0,0,https://kaggle.com/dataset/item-KG_55554316006,Kaggle,Kaggle Dataset,False
KG_41026008807,DOOTA.S 代購 韓國   THE COLDEST MOMENT  長褲  2510,0.5,0.0,0,https://kaggle.com/dataset/item-KG_41026008807,Kaggle,Kaggle Dataset,False
KG_46563002901,【精選五金】變頻輕音豆漿機1.2L大容量智能預約 免濾免煮多功能破壁機 不含運費,0.5,0.0,0,https://kaggle.com/dataset/item-KG_46563002901,Kaggle,Kaggle Dataset,False
KG_15990269870,女款粉黃色連帽薄，時尚休閒防風防潑水，l號肩40胸42長65公分8~9成新左右見圖唯此一件,0.5,0.0,0,https://kaggle.com/dataset/item-KG_15990269870,Kaggle,Kaggle Dataset,False
KG_26879197545,日本武士 2023 WBC 吉田正尚 主場球衣 Samurai Japan 侍JAPAN 世界棒球經典賽 冠軍年 美津濃,0.5,0.0,0,https://kaggle.com/dataset/item-KG_26879197545,Kaggle,Kaggle Dataset,False
KG_29200812466,【日貨代購】日本製 中山式 腳踝加壓固定護套 加壓護套 運動護套 超慢跑,0.5,0.0,0,https://kaggle.com/dataset/item-KG_29200812466,Kaggle,Kaggle Dataset,False
KG_54805028916,可開發票護眼檯燈攝影燈補光燈桌面工作可夾模玩Bjd專用 護眼檯燈 折疊燈 書房燈 桌面燈 伸縮燈,0.5,0.0,0,https://kaggle.com/dataset/item-KG_54805028916,Kaggle,Kaggle Dataset,False
KG_19692684508,ME44 .4 棉布組。如圖全部4片$65。有1份。每片約40×37 cm,0.5,0.0,0,https://kaggle.com/dataset/item-KG_19692684508,Kaggle,Kaggle Dataset,False
KG_18751237872,邵雨薇--致，一直過於努力的妳,0.5,0.0,0,https://kaggle.com/dataset/item-KG_18751237872,Kaggle,Kaggle Dataset,False
KG_29295147632,養魚冰箱商用水冷冰柜放水冷藏式全銅管不銹鋼內膽裝水凍西瓜啤酒（咨詢客服運費）,0.5,0.0,0,https://kaggle.com/dataset/item-KG_29295147632,Kaggle,Kaggle Dataset,False
KG_21817204443,三星 A22 5G A226  後鏡頭玻璃 後鏡片玻璃 鏡頭玻璃 鏡片 外玻璃 鏡頭模糊 維修用,0.5,0.0,0,https://kaggle.com/dataset/item-KG_21817204443,Kaggle,Kaggle Dataset,False
KG_17330523393,情趣內衣 美背 抹胸 百搭小胸聚攏少女文胸內衣性感蕾絲美背裹胸DXH210-C 衣時尚,0.5,0.0,0,https://kaggle.com/dataset/item-KG_17330523393,Kaggle,Kaggle Dataset,False
KG_18772978500,午夜女王👠現貨🔥蕾絲花邊波紋丁字褲  性感丁字褲 低腰三角褲 蕾絲內褲 小丁 透視性感內褲 T褲,0.5,0.0,0,https://kaggle.com/dataset/item-KG_18772978500,Kaggle,Kaggle Dataset,False
KG_27968963415,【現貨快速出🔜】可拆卸連帽😻拼接款毛呢短版外套3880,0.5,0.0,0,https://kaggle.com/dataset/item-KG_27968963415,Kaggle,Kaggle Dataset,False
KG_762829384,正韓吊帶褲,0.5,0.0,0,https://kaggle.com/dataset/item-KG_762829384,Kaggle,Kaggle Dataset,False
KG_57402184387,降落傘布吊床 蚊帳吊床 蚊帳 戶外防蚊吊床 防蚊防蟲 超輕便攜 超強承重紗帳 野營 室外休閒 親子玩耍 遠足旅行 空中帳,0.5,0.0,0,https://kaggle.com/dataset/item-KG_57402184387,Kaggle,Kaggle Dataset,False
KG_55412988835,萬用居家百貨🌟限時熱賣🔥巨無霸304冰霸杯大容量水杯吸管保溫保冰車載便攜送禮情侶水杯,0.5,0.0,0,https://kaggle.com/dataset/item-KG_55412988835,Kaggle,Kaggle Dataset,False
KG_6616780006,亞蕎衣裳~春裝繽紛糖果色-割破大學T(紫色現貨）,0.5,0.0,0,https://kaggle.com/dataset/item-KG_6616780006,Kaggle,Kaggle Dataset,False
KG_56603059703,居家外出睡衣【92碼】刺繡雪紡棉喇叭襯衫大碼長袖/長褲,0.5,0.0,0,https://kaggle.com/dataset/item-KG_56603059703,Kaggle,Kaggle Dataset,False
KG_56512988915,萬用居家百貨🌟🌟臺灣出貨🌟8k/4k加厚速寫板a3夾板美術生素描寫生夾6k便攜式畫板書寫板,0.5,0.0,0,https://kaggle.com/dataset/item-KG_56512988915,Kaggle,Kaggle Dataset,False
KG_21170254752,韓 the lena 大翻領黑色針織洋裝（附腰帶）,0.5,0.0,0,https://kaggle.com/dataset/item-KG_21170254752,Kaggle,Kaggle Dataset,False
KG_28451595187,熱銷💕三匠微型佛珠車床木工打孔機尾座固定佛珠木料鉆孔尾座diy配件,0.5,0.0,0,https://kaggle.com/dataset/item-KG_28451595187,Kaggle,Kaggle Dataset,False
KG_49063005110,鹵肉卷餅餅機商用全自動壓餅薄餅春餅機筋單餅烤鴨機炸串烙餅液壓（廠商直發咨詢運）,0.5,0.0,0,https://kaggle.com/dataset/item-KG_49063005110,Kaggle,Kaggle Dataset,False
KG_26112427766,【🚛宅配免運🚛】多功能單邊飛鳥龍門架 健身器械家庭高位下拉夾胸訓練器材家用 龍門架,0.5,0.0,0,https://kaggle.com/dataset/item-KG_26112427766,Kaggle,Kaggle Dataset,False
KG_29912606654,"【花魚坊】日日櫻,植物",0.5,0.0,0,https://kaggle.com/dataset/item-KG_29912606654,Kaggle,Kaggle Dataset,False
KG_19313737614,現貨 原廠盒裝 Shimano RT-MT900 中央式 油壓 碟煞散熱 碟盤 140/160/180/203mm,0.5,0.0,0,https://kaggle.com/dataset/item-KG_19313737614,Kaggle,Kaggle Dataset,False
KG_46255006596,【新品上架】S-4XL秋冬刷毛闊腿牛仔褲女寬鬆顯瘦直筒彎刀褲微黑灰色拖地褲長褲,0.5,0.0,0,https://kaggle.com/dataset/item-KG_46255006596,Kaggle,Kaggle Dataset,False
KG_46802246091,"新店特惠 ♞,♘,♙,主板 g41 插座 775+proce 核心二重奏",0.5,0.0,0,https://kaggle.com/dataset/item-KG_46802246091,Kaggle,Kaggle Dataset,False
KG_40022320914,Doota.S 代購 韓國 HONO REPORT 外套  2509,0.5,0.0,0,https://kaggle.com/dataset/item-KG_40022320914,Kaggle,Kaggle Dataset,False
KG_5536632161,韓時尚毛尼造型寬擺褲,0.5,0.0,0,https://kaggle.com/dataset/item-KG_5536632161,Kaggle,Kaggle Dataset,False
KG_47708416556,Twinko💗[PH549]貓吉達摩&百福盛典全系列_透明墊片/短掛繩/吊繩/墊片/手機殼墊片/夾片,0.5,0.0,0,https://kaggle.com/dataset/item-KG_47708416556,Kaggle,Kaggle Dataset,False
KG_19522770919,Converse 1970 chuck 70 高筒帆布運動鞋 紫色10號現貨,0.5,0.0,0,https://kaggle.com/dataset/item-KG_19522770919,Kaggle,Kaggle Dataset,False
KG_52962968133,現貨* 小型抽沙機自吸全套吸沙機抽沙泵大馬力強力汽油柴油3寸4寸吸沙泵 -訂金,0.5,0.0,0,https://kaggle.com/dataset/item-KG_52962968133,Kaggle,Kaggle Dataset,False
KG_22810227942,全新 購入於shimadoya 日系風格 咖色 長洋裝,0.5,0.0,0,https://kaggle.com/dataset/item-KG_22810227942,Kaggle,Kaggle Dataset,False
KG_24892809632,🔥免運🔥車載香薰車香氛車內凈化空氣男士專用高檔擺件水杯架香膏持久留香 汽車百貨 香膏 除臭膏 玻璃瓶身有質感 室內香水,0.5,0.0,0,https://kaggle.com/dataset/item-KG_24892809632,Kaggle,Kaggle Dataset,False
KG_11636152004,☆麻料抽拉繩反摺牛仔短褲(有口袋) (活力百分.丹寧單品.夏天必備.好穿搭.雪紡褲也很好穿喔),0.5,0.0,0,https://kaggle.com/dataset/item-KG_11636152004,Kaggle,Kaggle Dataset,False
KG_25106599173,【小農舍】紫羅蘭國王 / 多肉 / 多肉植物 / 盆栽 / 園藝 / 植物,0.5,0.0,0,https://kaggle.com/dataset/item-KG_25106599173,Kaggle,Kaggle Dataset,False
KG_41707597320,【定製咨詢】高透明亞克力展示盒適用於樂高 10228怪物戰士鬼屋 防塵罩明盒透明手辦模型盒 積木收納公仔展示櫃,0.5,0.0,0,https://kaggle.com/dataset/item-KG_41707597320,Kaggle,Kaggle Dataset,False
KG_21281065019,【工具包】磁性手腕帶 電木工 多功能工具 小五金 釘子 螺絲 吸附 撿拾器 磁鐵 護腕帶 木工工具 木工螺絲 水電工具 ,0.5,0.0,0,https://kaggle.com/dataset/item-KG_21281065019,Kaggle,Kaggle Dataset,False
KG_25694978016,【Bonny】波力烏缺系列 2022P 攻擊型羽毛球拍（空拍+拍套+免運）,0.5,0.0,0,https://kaggle.com/dataset/item-KG_25694978016,Kaggle,Kaggle Dataset,False
KG_55802169682,Scarlet Racing 鼓花鼓前後組 PCX 150,0.5,0.0,0,https://kaggle.com/dataset/item-KG_55802169682,Kaggle,Kaggle Dataset,False
KG_28778318050,福特Focus mk4 mk4.5 櫻花粉字標 粉色 粉紅色 覆蓋式字標,0.5,0.0,0,https://kaggle.com/dataset/item-KG_28778318050,Kaggle,Kaggle Dataset,False
KG_40510539180,花枝剪摘果剪 修枝剪 修枝果剪 園林剪 🌳樹剪 果剪 工具剪刀 園藝剪 果樹摘果 摘水果器 多功能樹木摘果剪,0.5,0.0,0,https://kaggle.com/dataset/item-KG_40510539180,Kaggle,Kaggle Dataset,False
KG_25258982828,德力西數顯扭矩表高精度便攜式工業級迷你電子扭力扭矩顯示測量儀,0.5,0.0,0,https://kaggle.com/dataset/item-KG_25258982828,Kaggle,Kaggle Dataset,False
KG_53862877340,補發 漏發 少發 錯發 補稅專拍 非請勿拍,0.5,0.0,0,https://kaggle.com/dataset/item-KG_53862877340,Kaggle,Kaggle Dataset,False
KG_14090730492,沅鈺農場   多肉植物   夢露交種 / 奶油派（露養植物輕微曬傷）,0.5,0.0,0,https://kaggle.com/dataset/item-KG_14090730492,Kaggle,Kaggle Dataset,False
KG_24604647755,Super73 RX電動自行車籃框架,0.5,0.0,0,https://kaggle.com/dataset/item-KG_24604647755,Kaggle,Kaggle Dataset,False
KG_50554988354,Hang Ten格紋羊羔毛+羊毛外套,0.5,0.0,0,https://kaggle.com/dataset/item-KG_50554988354,Kaggle,Kaggle Dataset,False
KG_46651468348,🚀韓國🇰🇷ins x unused破損感解構立體3D壓褶造型牛仔闊腿褲 歐巴穿搭 歐膩穿搭 修飾雙腿線條 超百搭 連線款,0.5,0.0,0,https://kaggle.com/dataset/item-KG_46651468348,Kaggle,Kaggle Dataset,False
KG_43701181898,🎀衣見鐘情🎀優質 正韓上衣 韓系緊身露單肩薄款微透長袖打底T恤 不規則露肩T恤 短板打底衫單肩上衣 辣妹上衣 透視,0.5,0.0,0,https://kaggle.com/dataset/item-KG_43701181898,Kaggle,Kaggle Dataset,False
KG_25526274424,{五金釵工坊} 附發票 麥得多 鐵柄鋼絲鉗8‘’ MC-8N 鋼絲鉗 200mm,0.5,0.0,0,https://kaggle.com/dataset/item-KG_25526274424,Kaggle,Kaggle Dataset,False
KG_46705036730,買不完的韓國貨👋#正韓 貂絨長外套 (Made In Korea 韓國連線)🇰🇷,0.5,0.0,0,https://kaggle.com/dataset/item-KG_46705036730,Kaggle,Kaggle Dataset,False
KG_48563010339,《臺灣出貨》衣架收納神器衣撐收集存放衣架收納筐檯面置物架陽臺整理架晾衣架&-**,0.5,0.0,0,https://kaggle.com/dataset/item-KG_48563010339,Kaggle,Kaggle Dataset,False
KG_46055091813,✨臺灣出貨✨野餐墊戶外防潮墊便攜春遊地墊野餐布ins風露營墊子郊遊野炊用品,0.5,0.0,0,https://kaggle.com/dataset/item-KG_46055091813,Kaggle,Kaggle Dataset,False
KG_23733628476,金黃晶鑽戒指_t-096,0.5,0.0,0,https://kaggle.com/dataset/item-KG_23733628476,Kaggle,Kaggle Dataset,False
KG_55912992959,全館免運🚚限時下殺日本無印良品平替黃麻袋收納袋亞麻女孩購物品奈手提袋學生寶媽用,0.5,0.0,0,https://kaggle.com/dataset/item-KG_55912992959,Kaggle,Kaggle Dataset,False
KG_20169579081,『快速出貨』ASUS-ZS590KS(ZF8)-液晶總成(帶框),0.5,0.0,0,https://kaggle.com/dataset/item-KG_20169579081,Kaggle,Kaggle Dataset,False
KG_43028196079,【臺灣出貨】【新品促銷】2026法式甜美蕾絲時尚女溫柔氣質上衣公主蓬蓬短裙套裝,0.5,0.0,0,https://kaggle.com/dataset/item-KG_43028196079,Kaggle,Kaggle Dataset,False
KG_55401450704,🇰🇷【JOLAN L’essentiel風格選物】 韓國 BRUNI羊羔領短版羽絨外套—— 冬季高級感，一件過冬的溫度。,0.5,0.0,0,https://kaggle.com/dataset/item-KG_55401450704,Kaggle,Kaggle Dataset,False
KG_20277397550,Arnold Palmer - 短夾 Fresh系列 - 綠色,0.5,0.0,0,https://kaggle.com/dataset/item-KG_20277397550,Kaggle,Kaggle Dataset,False
KG_1502702332,柏油清潔劑 溶劑型 專業用500ml 1加侖 瑪卡洗車,0.5,0.0,0,https://kaggle.com/dataset/item-KG_1502702332,Kaggle,Kaggle Dataset,False
KG_23537598872,全新 灰色小外套 精緻蕾絲收邊 日本貨,0.5,0.0,0,https://kaggle.com/dataset/item-KG_23537598872,Kaggle,Kaggle Dataset,False
KG_46913005610,可開發票🧣寶預8014手動切紙機a4裁紙刀小型新款切紙刀辦公室紙張裁切裁剪刀/部分訂金聊聊,0.5,0.0,0,https://kaggle.com/dataset/item-KG_46913005610,Kaggle,Kaggle Dataset,False
KG_22107783707,~靖美眉Jim~正韓  圓領滿版橫條紋胸前英文字下拼接牛仔不對稱長袖棉上衣,0.5,0.0,0,https://kaggle.com/dataset/item-KG_22107783707,Kaggle,Kaggle Dataset,False
KG_45400280710,❤️ 秋冬新款洗水懷舊毛邊牛仔褲女復古設計感闊腿長褲褲子,0.5,0.0,0,https://kaggle.com/dataset/item-KG_45400280710,Kaggle,Kaggle Dataset,False
KG_57662976405,【Changed】鯊尾巴毛絨掛件 furry福瑞 獸化實驗室,0.5,0.0,0,https://kaggle.com/dataset/item-KG_57662976405,Kaggle,Kaggle Dataset,False
KG_43904813712,前海✨新品鑽孔定位器 精準定位器 木工定位儀 開孔定位器 打孔定位器 鑽孔器 鉸鏈開孔定位器 鑽孔定位,0.5,0.0,0,https://kaggle.com/dataset/item-KG_43904813712,Kaggle,Kaggle Dataset,False
KG_22750615747,【ChillMan】MTLCLOTHES男裝|2023春夏款新品寬鬆直筒牛仔褲漸變色個性韓版潮,0.5,0.0,0,https://kaggle.com/dataset/item-KG_22750615747,Kaggle,Kaggle Dataset,False
KG_53012983240,【可開發票】電動五線起線機 壓筋機 電動加強筋卷圓壓筋一體機 不含運費,0.5,0.0,0,https://kaggle.com/dataset/item-KG_53012983240,Kaggle,Kaggle Dataset,False
KG_57452773160,2025春秋季原宿港風工裝牛仔馬甲外套  新款口袋減齡男友風女士馬夾  女裝,0.5,0.0,0,https://kaggle.com/dataset/item-KG_57452773160,Kaggle,Kaggle Dataset,False
KG_4312182066,JEX 起跑架 比賽用起跑架 J-021A 四段高度調整 可調鋁製踏板 比賽專用 田徑 運用會 配合核銷,0.5,0.0,0,https://kaggle.com/dataset/item-KG_4312182066,Kaggle,Kaggle Dataset,False
KG_22929869445,【全新】Slazenger 手腕帶(超長型) 棉質護腕 護腕帶-加長型 吸汗護腕 運動護腕 透氣護腕 1111220,0.5,0.0,0,https://kaggle.com/dataset/item-KG_22929869445,Kaggle,Kaggle Dataset,False
KG_57462953602,一禪種苗園-是台灣特有種植物<金狗毛蕨>蕨類植物-4.5吋盆/ANNY,0.5,0.0,0,https://kaggle.com/dataset/item-KG_57462953602,Kaggle,Kaggle Dataset,False
KG_45162994991,3000W調速水固化注漿機丙烯酸鹽注漿機水固化丙希鹽酸高壓堵漏機,0.5,0.0,0,https://kaggle.com/dataset/item-KG_45162994991,Kaggle,Kaggle Dataset,False
KG_43077601295,【衣隅Yiyu】春秋新款 性感辣妹風后背鏤空蕾絲上衣 拼接U領長袖T恤女 絕美內搭打底衫,0.5,0.0,0,https://kaggle.com/dataset/item-KG_43077601295,Kaggle,Kaggle Dataset,False
KG_18088657785,［三宅］2023秀款摺褲,0.5,0.0,0,https://kaggle.com/dataset/item-KG_18088657785,Kaggle,Kaggle Dataset,False
KG_20990108183,【公司貨附發票】無氣二保焊機 升級全套 一機多用 小型家用 智能數顯 電焊 氬弧焊 氣保焊 電焊面罩 焊機 焊接機 多功,0.5,0.0,0,https://kaggle.com/dataset/item-KG_20990108183,Kaggle,Kaggle Dataset,False
KG_42907446655,【💖愛選購】1一2半嵗嬰幼兒寶寶兒童專用訓練食品級硅膠牙刷牙膠6個月軟毛乳,0.5,0.0,0,https://kaggle.com/dataset/item-KG_42907446655,Kaggle,Kaggle Dataset,False
KG_41332106108,葉雕機樹葉鐳射雕刻機小型全套擺攤雕刻照片不鏽鋼木料打標便捷 不含運費,0.5,0.0,0,https://kaggle.com/dataset/item-KG_41332106108,Kaggle,Kaggle Dataset,False
KG_52105071219,國小3下課堂精華評量.康軒版,0.5,0.0,0,https://kaggle.com/dataset/item-KG_52105071219,Kaggle,Kaggle Dataset,False
KG_9373197151,S.G NIKE NSW 刺繡LOGO 抽繩 熱褲 短褲  休閒 真理褲 運動短褲 女生 粉紫色 CJ3755-516,0.5,0.0,0,https://kaggle.com/dataset/item-KG_9373197151,Kaggle,Kaggle Dataset,False
KG_22262015118,(QOO) MAGPUL RSA QD 快拆 MS4 鋼製 槍背帶 扣環 背帶扣 金屬 黑色,0.5,0.0,0,https://kaggle.com/dataset/item-KG_22262015118,Kaggle,Kaggle Dataset,False
KG_53012980760,可開發票💖 173F178F186F186FA高壓油泵總成柴油微耕機配件帶電磁閥油泵,0.5,0.0,0,https://kaggle.com/dataset/item-KG_53012980760,Kaggle,Kaggle Dataset,False
KG_50563000755,台灣🔥 創意簡約仿真擺件花園擺設卡通人物復古家居景觀歐式擺件裝飾樹脂工藝品園藝庭院戶外佈景擺設tw522,0.5,0.0,0,https://kaggle.com/dataset/item-KG_50563000755,Kaggle,Kaggle Dataset,False
KG_19093003870,現貨天津商圈 ✔️New Arrivals #504 2件式 針織背心+小外套,0.5,0.0,0,https://kaggle.com/dataset/item-KG_19093003870,Kaggle,Kaggle Dataset,False
KG_47313010084,同琛金屬車牀小型工業級高精度不鏽鋼加工多功能小車牀330運費咨詢客服6.28,0.5,0.0,0,https://kaggle.com/dataset/item-KG_47313010084,Kaggle,Kaggle Dataset,False
KG_29235874062,現貨【隔日達🚀】迷你隨身燈 小手電筒 鑰匙燈 多功能手電筒 隨身燈 多功能隨身照明燈 口袋燈 迷你露營燈 臨時移動電源,0.5,0.0,0,https://kaggle.com/dataset/item-KG_29235874062,Kaggle,Kaggle Dataset,False
KG_50112996890,日本 recolte 調理鍋 Carre RPD-4 白色🤍料理小方鍋 電火鍋 蒸 煮 炒 煎 燉 美食鍋,0.5,0.0,0,https://kaggle.com/dataset/item-KG_50112996890,Kaggle,Kaggle Dataset,False
KG_2440869892,稀少真品~~Kenzo 灰色 EYE T-shirt 大眼睛 短袖T恤 (size: xs),0.5,0.0,0,https://kaggle.com/dataset/item-KG_2440869892,Kaggle,Kaggle Dataset,False
KG_28801215157,抽驚竿 ...熱賣款,0.5,0.0,0,https://kaggle.com/dataset/item-KG_28801215157,Kaggle,Kaggle Dataset,False
KG_44369005160,【攝氏21°】勝利女神性感3點透視裝-6001-010060010000,0.5,0.0,0,https://kaggle.com/dataset/item-KG_44369005160,Kaggle,Kaggle Dataset,False
KG_45963022992,萬用居家百貨🌟臺灣免運✨摩托車坐墊踏板機車減震隔熱防水防暴雨軟座墊夏季通用電動車座套,0.5,0.0,0,https://kaggle.com/dataset/item-KG_45963022992,Kaggle,Kaggle Dataset,False
KG_23665692534,<有桶RO用> 美國進口RO逆滲透一年份濾心【水易購淨水-新竹店+竹北店】【單筆訂單未達$199不出貨】,0.5,0.0,0,https://kaggle.com/dataset/item-KG_23665692534,Kaggle,Kaggle Dataset,False
KG_28411438838,【免運】【附贈發票】定製法式蓬西瓜雨篷活動折疊防水梯形雨棚門頭半圓裝飾窗戶遮陽,0.5,0.0,0,https://kaggle.com/dataset/item-KG_28411438838,Kaggle,Kaggle Dataset,False
KG_41212057545,【臺灣發貨】音響支架托盤 35mm管通用環繞投影通用托盤 專業吉他戶外音音箱托架 精選,0.5,0.0,0,https://kaggle.com/dataset/item-KG_41212057545,Kaggle,Kaggle Dataset,False
KG_57663000829,萬用居家百貨🌟臺灣免運✨冰箱雞蛋收納盒家用保鮮神器食品級雞蛋架託自動補位分層整理神器,0.5,0.0,0,https://kaggle.com/dataset/item-KG_57663000829,Kaggle,Kaggle Dataset,False
KG_28259900886,【合法經營】馬達線圈紋身機器套裝 全套 初學者紋身工具 新手練習皮 紋身耗材套裝 紋身機 紋身器材 紋身用品,0.5,0.0,0,https://kaggle.com/dataset/item-KG_28259900886,Kaggle,Kaggle Dataset,False
KG_42332102267,限時下殺 臺式膠水機不鏽鋼白膠機櫃式膠水機熱溶上膠機動調速裱紙機打膠機-詢運費,0.5,0.0,0,https://kaggle.com/dataset/item-KG_42332102267,Kaggle,Kaggle Dataset,False
KG_48713003114,【可開發票】928D 恆溫電烙鐵套裝 家用維修電焊筆 可調溫電烙鐵 電子學校實驗焊接,0.5,0.0,0,https://kaggle.com/dataset/item-KG_48713003114,Kaggle,Kaggle Dataset,False
KG_15222203411,多功能史密斯機器械多功能綜合訓練健身房器材 地墊 啞鈴 槓片 健身器材重訓地墊 重訓手套 半指 轟菌,0.5,0.0,0,https://kaggle.com/dataset/item-KG_15222203411,Kaggle,Kaggle Dataset,False
KG_52061586269,日本 ANTI-SIGNAL 眼霜｜嫩白 / 緊緻系列｜菸鹼醯胺、神經醯胺、保濕滋潤、眼周保養推薦、日本原裝,0.5,0.0,0,https://kaggle.com/dataset/item-KG_52061586269,Kaggle,Kaggle Dataset,False
KG_12491773589,（電子發票/時尚單品長袖毛料大衣）台灣出貨/專人品檢/條紋秋冬經典新款韓版立領長袖單排扣氣質加厚加大碼中長款毛呢大衣外套,0.5,0.0,0,https://kaggle.com/dataset/item-KG_12491773589,Kaggle,Kaggle Dataset,False
KG_47163015499,【可開發票】真空吸盤吊具激光切割上料機氣動板材不銹鋼鋁板懸臂吊機搖臂吊機 不含運費,0.5,0.0,0,https://kaggle.com/dataset/item-KG_47163015499,Kaggle,Kaggle Dataset,False
KG_23437758668,[C.M.平價精品館]M碼現貨特價/設計師女裝專櫃溫婉美麗簡約V領修飾臉型鬱金香花苞裙襬無袖氣質洋裝,0.5,0.0,0,https://kaggle.com/dataset/item-KG_23437758668,Kaggle,Kaggle Dataset,False
KG_55412995246,【可開發票】虎嘯扭剪扳手H22/H24/H30鋼結構用扭剪扳手扭矩扳手 不含運費,0.5,0.0,0,https://kaggle.com/dataset/item-KG_55412995246,Kaggle,Kaggle Dataset,False
KG_27295172162,丹麥皇家哥本哈根Royal Copenhagen大唐草系列瓷製湯匙四入組。,0.5,0.0,0,https://kaggle.com/dataset/item-KG_27295172162,Kaggle,Kaggle Dataset,False
KG_27074128662,*【可多向疊加】可調節拼接組合樹木保護罩塑料植物保護器樹皮防護套樹苗保護罩子,0.5,0.0,0,https://kaggle.com/dataset/item-KG_27074128662,Kaggle,Kaggle Dataset,False
KG_18993444146,Goopimade “GNV-19” Phase Diagram Polo - Iron,0.5,0.0,0,https://kaggle.com/dataset/item-KG_18993444146,Kaggle,Kaggle Dataset,False
KG_27536228306,JY 戶外露營速開帳篷野外野營防蚊蟲單人可摺疊帳篷[6,0.5,0.0,0,https://kaggle.com/dataset/item-KG_27536228306,Kaggle,Kaggle Dataset,False
KG_29616333053,DUOBI-新款頭燈led感應燈戶外強光頭燈長續航cob帽夾燈頭戴式 PFF8,0.5,0.0,0,https://kaggle.com/dataset/item-KG_29616333053,Kaggle,Kaggle Dataset,False
KG_47152213997,四釦彈力短褲1080 秋冬新款修身顯瘦韓系INS氣質高腰熱褲A字褲三分褲黑色短褲 女生短褲女,0.5,0.0,0,https://kaggle.com/dataset/item-KG_47152213997,Kaggle,Kaggle Dataset,False
KG_50513000898,萬用居家百貨🌟臺灣免運✨適配海爾過濾網洗衣機波輪全自動大神童王原配件過濾網線屑耐用,0.5,0.0,0,https://kaggle.com/dataset/item-KG_50513000898,Kaggle,Kaggle Dataset,False
KG_41032096544,【可開發票】離心拋光機光飾機高速研磨機行星式六角滾筒金屬去毛刺鏡面打磨機 不含運費,0.5,0.0,0,https://kaggle.com/dataset/item-KG_41032096544,Kaggle,Kaggle Dataset,False
KG_58112969555,血腥瑪麗彩葉芋🪴一物一拍,0.5,0.0,0,https://kaggle.com/dataset/item-KG_58112969555,Kaggle,Kaggle Dataset,False
KG_18382006845,Relove私密衣物蛋白酵素 去漬抑菌手洗精 旅行包4ml  現貨,0.5,0.0,0,https://kaggle.com/dataset/item-KG_18382006845,Kaggle,Kaggle Dataset,False
KG_24778479309,斯柯達避光墊 Fabia Yeti Superb Kodiaq Rapid kamiq Octavia碳纖維紋 卡夢皮革,0.5,0.0,0,https://kaggle.com/dataset/item-KG_24778479309,Kaggle,Kaggle Dataset,False
KG_26712379880,小男生一定要懂的性教育課 小女生一定要懂的性教育課 寫給滿9歲的青春期 男孩 女孩 心理篇+身體篇【双美】,0.5,0.0,0,https://kaggle.com/dataset/item-KG_26712379880,Kaggle,Kaggle Dataset,False
KG_51303205514,【YIYI】臺灣出貨 免運 馬甲女 韓係高級感藍色格子羽絨棉衣馬甲女冬季加厚外穿麵包棉襖外套上衣 NW9G,0.5,0.0,0,https://kaggle.com/dataset/item-KG_51303205514,Kaggle,Kaggle Dataset,False
KG_26618129279,PAC 德國 FLEECE保暖頭巾 8868453 輕暖玉灰,0.5,0.0,0,https://kaggle.com/dataset/item-KG_26618129279,Kaggle,Kaggle Dataset,False
KG_27032054135,[現貨]美式球隊運動襪 NFL巴爾的摩烏鴉Baltimore Ravens美式足球 中高筒 學生日常休閒 交換禮物,0.5,0.0,0,https://kaggle.com/dataset/item-KG_27032054135,Kaggle,Kaggle Dataset,False
KG_57201242633,2025冬季新款棉麻女裝原創復古夾棉絎縫菱形格加厚保暖燈籠棉褲,0.5,0.0,0,https://kaggle.com/dataset/item-KG_57201242633,Kaggle,Kaggle Dataset,False
KG_28394074833,臺灣出貨 正版宋雨琦属性nagigi20cm棉花娃娃正常体二次元玩偶可爱公仔礼物,0.5,0.0,0,https://kaggle.com/dataset/item-KG_28394074833,Kaggle,Kaggle Dataset,False
KG_26278695109,戶外應急缺氧麵罩 設備 訓練器  活量訓練器 窒息援麵罩 戶外設備 戶外麵罩,0.5,0.0,0,https://kaggle.com/dataset/item-KG_26278695109,Kaggle,Kaggle Dataset,False
KG_43382101812,【精選五金】鋰電無刷電纜剪電工剪銅鋁凱裝線剪電纜剪刀線鉗電動便攜回收專用 不含運費,0.5,0.0,0,https://kaggle.com/dataset/item-KG_43382101812,Kaggle,Kaggle Dataset,False
KG_27363590748,新品✿✿WOSPORT MAWL-C1+魚骨適配 左右雙面快速切換側掛電池盒 尼龍材質,0.5,0.0,0,https://kaggle.com/dataset/item-KG_27363590748,Kaggle,Kaggle Dataset,False
KG_52312995288,可開票🎥滑雪板打蠟固定臺鉗加厚虎頭鉗打蠟夾子修刃打蠟支架立放斜放平放,0.5,0.0,0,https://kaggle.com/dataset/item-KG_52312995288,Kaggle,Kaggle Dataset,False
KG_47512967977,✨臺灣出貨+統編✨草坪4分全銅可調子彈頭噴頭農用噴霧器園藝加溼噴灌降溫噴灑園林,0.5,0.0,0,https://kaggle.com/dataset/item-KG_47512967977,Kaggle,Kaggle Dataset,False
KG_22732820883,【汽車燈泡】汽車尾燈燈泡 大插泡 1881燈泡1891燈泡T20轉向燈剎車燈雙絲大插泡,0.5,0.0,0,https://kaggle.com/dataset/item-KG_22732820883,Kaggle,Kaggle Dataset,False
KG_57712988913,黑葉冷水花 暗黑冷水花 冷水 冷水花 月面冷水花 蝦膜 觀葉植物 室內植物 耐陰植物 造景 喜散光環境 珍奇植物,0.5,0.0,0,https://kaggle.com/dataset/item-KG_57712988913,Kaggle,Kaggle Dataset,False
KG_20672309124,ANGELS TEARS 正韓🇰🇷｜大V領素面長袖T｜上衣 T恤 長袖上衣 長袖T恤 V領上衣 素面長袖 合身上衣 韓國,0.5,0.0,0,https://kaggle.com/dataset/item-KG_20672309124,Kaggle,Kaggle Dataset,False
KG_56101106147,大小姐剁手社√2026 ¶¶【韓國連線🇰🇷VENTI 紅領直絨口袋衍縫棒球厚外套(兩色)】,0.5,0.0,0,https://kaggle.com/dataset/item-KG_56101106147,Kaggle,Kaggle Dataset,False
KG_6315665818,【Taimat】瑜伽練習服 - Extension,0.5,0.0,0,https://kaggle.com/dataset/item-KG_6315665818,Kaggle,Kaggle Dataset,False
KG_7486797561,小熊小背包/背包/側背,0.5,0.0,0,https://kaggle.com/dataset/item-KG_7486797561,Kaggle,Kaggle Dataset,False
KG_26194091750,麥得多🦄新品下殺🦄毛內膽爸爸裝大碼中年男士加絨馬夾中老年坎肩男裝背心加厚棉馬甲,0.5,0.0,0,https://kaggle.com/dataset/item-KG_26194091750,Kaggle,Kaggle Dataset,False
KG_48902257977,【桃園出貨🔥】國潮文創見山茶杯主人杯品茗杯套裝禮盒裝節日禮品送朋友家人禮物,0.5,0.0,0,https://kaggle.com/dataset/item-KG_48902257977,Kaggle,Kaggle Dataset,False
KG_29539843171,妮姬 一番賞 立牌 鑰匙圈 整圖新品一起賣,0.5,0.0,0,https://kaggle.com/dataset/item-KG_29539843171,Kaggle,Kaggle Dataset,False
KG_14799569073,PUMA CAVEN 2.0/392290-03,0.5,0.0,0,https://kaggle.com/dataset/item-KG_14799569073,Kaggle,Kaggle Dataset,False
KG_25784351201,避邪｜防小人｜保平安｜🔥銀曜白水晶🔥手鍊｜天然水晶,0.5,0.0,0,https://kaggle.com/dataset/item-KG_25784351201,Kaggle,Kaggle Dataset,False
KG_55403439931,Oni.Shop_Kitty 方領荷葉邊蕾絲 T 恤,0.5,0.0,0,https://kaggle.com/dataset/item-KG_55403439931,Kaggle,Kaggle Dataset,False
KG_28745141752,《臺灣出貨》新款充電外賣底座手機騎手必備踏板電動車強磁吸固定架壁掛式-*&*,0.5,0.0,0,https://kaggle.com/dataset/item-KG_28745141752,Kaggle,Kaggle Dataset,False
KG_54150799747,韓國東大門Woodsage全新現貨超質感蘇力羊駝毛灰大衣,0.5,0.0,0,https://kaggle.com/dataset/item-KG_54150799747,Kaggle,Kaggle Dataset,False
KG_53354994656,Q妹小舖❤ B5605 U5-225H/16G/16吋 華碩ASUS 文書 商用 商務筆電 支援雙SSD,0.5,0.0,0,https://kaggle.com/dataset/item-KG_53354994656,Kaggle,Kaggle Dataset,False
KG_29361376850,【熱銷🔥兒童凳子】萬向輪 小凳子 家用 亞克力 滑輪 矮凳 客廳 帶娃神器 可移動 坐凳 小板凳 滑輪矮凳 萬向滑輪 小,0.5,0.0,0,https://kaggle.com/dataset/item-KG_29361376850,Kaggle,Kaggle Dataset,False
KG_20090060645,轉售MISSY初夏法式復古-質感珍珠環口袋丹寧直筒褲,0.5,0.0,0,https://kaggle.com/dataset/item-KG_20090060645,Kaggle,Kaggle Dataset,False
KG_14388773072,紗提ɤ台灣賣家 顯瘦繃帶開檔褲襪衣 開襠絲襪 黑絲襪現貨 繩縛式連體衣連身衣 情趣內衣性感睡衣網衣貓裝床上戰服mo680,0.5,0.0,0,https://kaggle.com/dataset/item-KG_14388773072,Kaggle,Kaggle Dataset,False
KG_53203764202,Codibook｜韓國 FROMDAYONE 舒適純棉緊身長褲［預購］長褲 女裝,0.5,0.0,0,https://kaggle.com/dataset/item-KG_53203764202,Kaggle,Kaggle Dataset,False
KG_49513020894,萬用居家百貨🌟🌟臺灣出貨🌟2026年帆布掛鉤式布藝日曆掛曆高顏值復古ins風牆面日曆裝飾擺件,0.5,0.0,0,https://kaggle.com/dataset/item-KG_49513020894,Kaggle,Kaggle Dataset,False
KG_46663021120,🐘大象屋美妝🌟喬治傑生 Georg Jensen 喬治·傑生 Alfredo 麵包籃 21 厘米-GP2,0.5,0.0,0,https://kaggle.com/dataset/item-KG_46663021120,Kaggle,Kaggle Dataset,False
KG_47262997290,6.28手動成型面花燈機器 面燈模具機 壓力機壓面型模具機器llll,0.5,0.0,0,https://kaggle.com/dataset/item-KG_47262997290,Kaggle,Kaggle Dataset,False
KG_28017224646,[unclev1966] 代購 VANS SLIP ON MID B JAPAN 大地色 保暖 絨毛 厚底 增高 靴子,0.5,0.0,0,https://kaggle.com/dataset/item-KG_28017224646,Kaggle,Kaggle Dataset,False
KG_25946129859,📢工廠價📢 2閤1鉸鏈櫃門排孔打孔器 木工工具傢具打孔定位器打孔器工具,0.5,0.0,0,https://kaggle.com/dataset/item-KG_25946129859,Kaggle,Kaggle Dataset,False
KG_42082092403,〔興隆刀剪行〕*日本仙蔵(藏)作 MP系列粉末SG2 削皮刀/主廚牛刀/切付文化-+,0.5,0.0,0,https://kaggle.com/dataset/item-KG_42082092403,Kaggle,Kaggle Dataset,False
KG_22450621342,推薦德國原裝MENNEKES曼奈柯斯63A 400V 4芯4P IP67工業防水插頭3308,0.5,0.0,0,https://kaggle.com/dataset/item-KG_22450621342,Kaggle,Kaggle Dataset,False
KG_56062995071,汽車內飾燃燒試驗機 汽車內飾水平燃燒實驗箱 耐燃材料阻燃測試儀（咨詢客服運費）,0.5,0.0,0,https://kaggle.com/dataset/item-KG_56062995071,Kaggle,Kaggle Dataset,False
KG_45163013227,可開票/NT刀片BD-100小號進口美工刀片注塑貼膜車衣30度裁切9mm美工專用,0.5,0.0,0,https://kaggle.com/dataset/item-KG_45163013227,Kaggle,Kaggle Dataset,False
KG_57712995700,定式舉升提升機凹槽款免挖坑液壓升降平臺地牛托盤推車升高固加厚 不含運費,0.5,0.0,0,https://kaggle.com/dataset/item-KG_57712995700,Kaggle,Kaggle Dataset,False
KG_29705299175,🔺現貨✨7-11 生活有尼真好 限量全新小熊維尼周邊 抱枕桌/二手提籃杯架,0.5,0.0,0,https://kaggle.com/dataset/item-KG_29705299175,Kaggle,Kaggle Dataset,False
KG_29578932767,金屬標靶復位軟彈練習射擊訓練職業射擊彈弓訓練不銹鋼靶子水彈,0.5,0.0,0,https://kaggle.com/dataset/item-KG_29578932767,Kaggle,Kaggle Dataset,False
KG_29174261922,免運可加急🌸 海賊王 奈菲魯塔麗 薇薇cos假髮 波浪長髮 二次元動漫假毛 cosplay 角色扮演,0.5,0.0,0,https://kaggle.com/dataset/item-KG_29174261922,Kaggle,Kaggle Dataset,False
KG_52662983212,免運🔥現24h✨ 自嘲熊可愛10公分廚師鼠鼠娃衣掛件Chiikawa生日禮物,0.5,0.0,0,https://kaggle.com/dataset/item-KG_52662983212,Kaggle,Kaggle Dataset,False
KG_57463002292,全館免運🚚限時下殺黑天鵝套裝水彩筆美術專用胖子松鼠軟毛圓頭繪畫數字油畫diy,0.5,0.0,0,https://kaggle.com/dataset/item-KG_57463002292,Kaggle,Kaggle Dataset,False
KG_27629100314,膳魔師 THERMOS 吸管杯運動型 熱水瓶真空隔熱三通瓶0.56 L 淺粉色三種用途FJW-550TR LP 粉色,0.5,0.0,0,https://kaggle.com/dataset/item-KG_27629100314,Kaggle,Kaggle Dataset,False
KG_53263002560,全館免運🚚限時下殺蜜袋鼯陶瓷碗可固定掛碗花枝鼠龍貓松鼠食盆碗倉鼠食盆飯碗防打翻,0.5,0.0,0,https://kaggle.com/dataset/item-KG_53263002560,Kaggle,Kaggle Dataset,False
KG_51409586429,💯可開統編發票👍零錢包斜挎掛繩適用OPPO蘋果vivo華爲小米耳機收納包硅膠小衆女款,0.5,0.0,0,https://kaggle.com/dataset/item-KG_51409586429,Kaggle,Kaggle Dataset,False
KG_42170658899,美式黑色漸變牛仔褲男春夏季潮流男生垂感寬鬆闊腿直筒休閒長褲子台南出貨 可開發票1,0.5,0.0,0,https://kaggle.com/dataset/item-KG_42170658899,Kaggle,Kaggle Dataset,False
KG_52812985608,金典GD-W1500桌面臺式無線膠裝機A4標書裝訂機熱熔膠裝機 封裝機（不含運6.28,0.5,0.0,0,https://kaggle.com/dataset/item-KG_52812985608,Kaggle,Kaggle Dataset,False
KG_9095665266,🇯🇵日本品牌🇯🇵【錢多多】AIVIL◾防水蛋型計時器 烘焙 染髮 燙髮 磁吸式 可計時可倒時 可立於桌面,0.5,0.0,0,https://kaggle.com/dataset/item-KG_9095665266,Kaggle,Kaggle Dataset,False
KG_48762976851,24H🛸枕頭護腰部支撐腰靠墊睡眠腰託牀上護腰枕頭專用,0.5,0.0,0,https://kaggle.com/dataset/item-KG_48762976851,Kaggle,Kaggle Dataset,False
KG_9793989479,超舒服FENDI品味寬鬆直筒緹花闊腿褲,0.5,0.0,0,https://kaggle.com/dataset/item-KG_9793989479,Kaggle,Kaggle Dataset,False
KG_42332105445,*臺灣出貨*傢俱 支撐 腳重型 調節 鋅合金地腳 浴室 櫃視櫃可調整腳 櫥櫃 防震 固定 韓系,0.5,0.0,0,https://kaggle.com/dataset/item-KG_42332105445,Kaggle,Kaggle Dataset,False
KG_29789292161,YIChu-304食品級不鏽鋼飯盒分格帶蓋2025新款微波爐加熱上班族便當餐盒 YGQQ,0.5,0.0,0,https://kaggle.com/dataset/item-KG_29789292161,Kaggle,Kaggle Dataset,False
KG_22316276151,HydroBlu Collapsible Canteen 登山輕量化 水袋 （2件1組）,0.5,0.0,0,https://kaggle.com/dataset/item-KG_22316276151,Kaggle,Kaggle Dataset,False
KG_29315692568,24AW N.HOOLYWOOD BACK PACK 全新正品,0.5,0.0,0,https://kaggle.com/dataset/item-KG_29315692568,Kaggle,Kaggle Dataset,False
KG_52112990309,乳膠漆油漆電動噴槍揹包鋰電款家裝高壓無氣噴塗機小型DIY噴漆槍（運費咨詢客服628,0.5,0.0,0,https://kaggle.com/dataset/item-KG_52112990309,Kaggle,Kaggle Dataset,False
KG_45813015584,臺灣高檔寺廟大鼓立式牛皮大鼓祠堂道場用鼓加厚鼓架法器椿木戰鼓,0.5,0.0,0,https://kaggle.com/dataset/item-KG_45813015584,Kaggle,Kaggle Dataset,False
KG_54862974053,可開發票切薯條機手壓式切土豆條黃瓜條蘿蔔條立式手動切菜機切條神器商用 刨絲器 切絲器 切菜機 切肉機 切菜神器 切肉器,0.5,0.0,0,https://kaggle.com/dataset/item-KG_54862974053,Kaggle,Kaggle Dataset,False
KG_50312983400,【精選五金】小型灌漿機水泥砂漿輸送泵砂漿噴退水泥塞縫門窗灌漿機密封膠防水 不含運費,0.5,0.0,0,https://kaggle.com/dataset/item-KG_50312983400,Kaggle,Kaggle Dataset,False
KG_26758651127,YUMO家 Nike 大童 上衣短袖 M號 全新公司貨真品/短袖上衣男/女可穿,0.5,0.0,0,https://kaggle.com/dataset/item-KG_26758651127,Kaggle,Kaggle Dataset,False
KG_40032087562,椅子靜音腳墊加厚耐磨餐桌椅腿硅膠保護套防噪音沙發斜腿凳子腳套,0.5,0.0,0,https://kaggle.com/dataset/item-KG_40032087562,Kaggle,Kaggle Dataset,False
KG_10323656689,1019 露出你的鎖骨😍涼感針織背心,0.5,0.0,0,https://kaggle.com/dataset/item-KG_10323656689,Kaggle,Kaggle Dataset,False
KG_48763013288,全館免運🚚限時下殺可摺疊豬鬃毛梳子細齒便攜式旅遊梳子小巧去油女士蓬鬆造型美髮梳,0.5,0.0,0,https://kaggle.com/dataset/item-KG_48763013288,Kaggle,Kaggle Dataset,False
KG_51062988397,110V制冰機中小型商務家用宿舍學生咀嚼冰快速全自動小功率軟冰塊[不含運],0.5,0.0,0,https://kaggle.com/dataset/item-KG_51062988397,Kaggle,Kaggle Dataset,False
KG_24009206358,品質優選/寧波日出97型節能防爆款氧氣表乙炔表丙烷表氬氣體減壓閥減壓器*買多優惠,0.5,0.0,0,https://kaggle.com/dataset/item-KG_24009206358,Kaggle,Kaggle Dataset,False
KG_52412968202,【可開發票t】2L小氧氣瓶 閥門 銅閥體雙旋鈕 2升氧氣表 快速公頭 小氧焊便攜 焊具,0.5,0.0,0,https://kaggle.com/dataset/item-KG_52412968202,Kaggle,Kaggle Dataset,False
KG_45052559455,雙拉鏈翻領毛衣｜長袖上衣 翻領毛衣 雙拉鏈上衣 造型上衣,0.5,0.0,0,https://kaggle.com/dataset/item-KG_45052559455,Kaggle,Kaggle Dataset,False
KG_24578753473,【獨一無二】多功能捲尺 測量捲尺 鋼尺 量尺 鋼卷尺 MIT-ATM5T 伸縮尺 文公尺 5米鐵捲尺 裝潢尺,0.5,0.0,0,https://kaggle.com/dataset/item-KG_24578753473,Kaggle,Kaggle Dataset,False
KG_994136280,保證正品✨ converse Chuck Taylor All Star II 高筒 帆布鞋 男女鞋 Lunarlon,0.5,0.0,0,https://kaggle.com/dataset/item-KG_994136280,Kaggle,Kaggle Dataset,False
KG_53512983328,【桃園發貨】硬化鋼 熱端噴嘴 0.2/0.4/0.6/0.8mm X2D/P2S/H2D用,0.5,0.0,0,https://kaggle.com/dataset/item-KG_53512983328,Kaggle,Kaggle Dataset,False
KG_23523533662,<台灣現貨>557Smoker 皇后 / 編織 / 戒指 / 鈦鋼 / 暗黑 / 復古 / 女友,0.5,0.0,0,https://kaggle.com/dataset/item-KG_23523533662,Kaggle,Kaggle Dataset,False
KG_14598706071,愛依依 上衣 背心 針織衫 新款百搭修身顯瘦打底衫半高領無袖鏤空掛脖針織背心冰爽絲BC1030-3898.,0.5,0.0,0,https://kaggle.com/dataset/item-KG_14598706071,Kaggle,Kaggle Dataset,False
KG_56812981925,【三良】硅膠下水地漏三通衛生間洗衣機麵盆洗碗機排水管三通彎頭接頭配件,0.5,0.0,0,https://kaggle.com/dataset/item-KG_56812981925,Kaggle,Kaggle Dataset,False
KG_29871729708,【全電行】超耐五金 電子接點清潔劑 CH-37 CH-437 去除水器 去除油污 電器效能UP 250ml/600ml,0.5,0.0,0,https://kaggle.com/dataset/item-KG_29871729708,Kaggle,Kaggle Dataset,False
KG_54462972552,【臺灣出貨】 特厚不鏽鋼角碼固定 多功能加厚 三角固定片 90度直角固定器,0.5,0.0,0,https://kaggle.com/dataset/item-KG_54462972552,Kaggle,Kaggle Dataset,False
KG_19860487263,專櫃 銀穗 Ensey全新 企鵝圖案 針織上衣 (灰色 有吊牌 尺寸 40),0.5,0.0,0,https://kaggle.com/dataset/item-KG_19860487263,Kaggle,Kaggle Dataset,False
KG_53812982333,宅配到府🚛120長花架置物架落地簡約現代多層實木網紅層架華夏公主促銷新款,0.5,0.0,0,https://kaggle.com/dataset/item-KG_53812982333,Kaggle,Kaggle Dataset,False
KG_40811007068,傢用滑輪矮凳  美縫兒美甲擦地 帶娃神器 圓凳 兒童學步移動多功能凳子 WSGF,0.5,0.0,0,https://kaggle.com/dataset/item-KG_40811007068,Kaggle,Kaggle Dataset,False
KG_55905002023,【速度公園】超細纖維 擦車布『紫／寶藍』40*40cm，擦拭車架 萬用吸水 超細纖維布/超吸水 抹布，清潔工具 自行車,0.5,0.0,0,https://kaggle.com/dataset/item-KG_55905002023,Kaggle,Kaggle Dataset,False
KG_48959760829,ヾ老鳯祥•‹附鑒定證書›天然緬甸A貨翡翠 烏雞種克羅心十字架 S925銀玉石吊墜 男女時尚項鍊 贈送鈦鋼鏈,0.5,0.0,0,https://kaggle.com/dataset/item-KG_48959760829,Kaggle,Kaggle Dataset,False
KG_49563015037,商用老冰棍機手工雪糕機快速製冷水果酸奶冰棒機連鎖店冰淇淋機器（不含運）,0.5,0.0,0,https://kaggle.com/dataset/item-KG_49563015037,Kaggle,Kaggle Dataset,False
KG_24574991376,【正韓】東大門百搭舒適輕便洞洞透氣男女情侶款拖鞋,0.5,0.0,0,https://kaggle.com/dataset/item-KG_24574991376,Kaggle,Kaggle Dataset,False
KG_56612981878,【三良-PVC】PVC美標80給水管件過橋彎灰色白色建築家裝出口 RZEH,0.5,0.0,0,https://kaggle.com/dataset/item-KG_56612981878,Kaggle,Kaggle Dataset,False
KG_58000810696,【臺中出貨】韓係穿搭鬆馳隨性休閒運動套裝 女 春秋新款 寬鬆休閒韓版連帽拉鏈衛衣+鬆緊高腰闊腿褲 簡約雅緻 溫雅氣質兩件,0.5,0.0,0,https://kaggle.com/dataset/item-KG_58000810696,Kaggle,Kaggle Dataset,False
KG_58061471045,現貨秒出⚡️跪地護膝 登山 籃球護膝 運動護膝 護膝運動護具 排球護膝 騎行登山 加厚緩衝墊 保護膝蓋 跑步加壓,0.5,0.0,0,https://kaggle.com/dataset/item-KG_58061471045,Kaggle,Kaggle Dataset,False
KG_54362986690,雪泥機商用 雪融機冷飲奶昔雪泥全自動製冰機戶外擺攤沙冰機 不含運費,0.5,0.0,0,https://kaggle.com/dataset/item-KG_54362986690,Kaggle,Kaggle Dataset,False
KG_17587609227,現貨特價綿羊毛格紋拼色V領針織毛衣上衣外套,0.5,0.0,0,https://kaggle.com/dataset/item-KG_17587609227,Kaggle,Kaggle Dataset,False
KG_21652910766,ABEL 力大 02019 高級雕刻刀 (7支/盒),0.5,0.0,0,https://kaggle.com/dataset/item-KG_21652910766,Kaggle,Kaggle Dataset,False
KG_6547631294,全新轉賣 Zara 酒紅色 平底鞋 (僅試穿),0.5,0.0,0,https://kaggle.com/dataset/item-KG_6547631294,Kaggle,Kaggle Dataset,False
KG_23317255969,💎魔力方程飾💎日系風格 淺灰色拼接格子蕾絲棉質長袖外套 薄款外套 有口袋 簡約休閒 春秋季外搭女裝,0.5,0.0,0,https://kaggle.com/dataset/item-KG_23317255969,Kaggle,Kaggle Dataset,False
KG_46703208264,"以阿德勒為人生教練的一年：工作、人際、收入都變好的一年_小泉健一, 陳聖怡【T8／心理_S3E】書寶二手書",0.5,0.0,0,https://kaggle.com/dataset/item-KG_46703208264,Kaggle,Kaggle Dataset,False
KG_22656671401,【現貨】氣氛燈條 戶外 旅途 星空露營燈 燈串 LED燈條 戶外照明燈 呼吸燈 戶外燈 帳篷燈 (非納拓星河,0.5,0.0,0,https://kaggle.com/dataset/item-KG_22656671401,Kaggle,Kaggle Dataset,False
KG_46313005092,耙子 大鐵耙 除草耙子 鋤草鋤頭 尖耙 釘耙 鬆土耙 農用釘耙 錳鋼鐵耙九齒螺旋釘耙鬆土焊接農用多功能耙子園藝淬火手工翻,0.5,0.0,0,https://kaggle.com/dataset/item-KG_46313005092,Kaggle,Kaggle Dataset,False
KG_53962988340,【五金 熱銷】強力耐用割草機刀片高品質鋼材專爲效率而生打草刀片安裝割片 優選,0.5,0.0,0,https://kaggle.com/dataset/item-KG_53962988340,Kaggle,Kaggle Dataset,False
KG_22270879425,NEW BALANCE ML2002RC D楦 男女款 休閒鞋 NB 2002R RC 2002 運動鞋,0.5,0.0,0,https://kaggle.com/dataset/item-KG_22270879425,Kaggle,Kaggle Dataset,False
KG_27730595880,✨台灣出貨#【4802人收藏】太陽傘防曬小巧便攜晴雨兩用傘女全自動折疊雨傘學生遮陽傘男卡通,0.5,0.0,0,https://kaggle.com/dataset/item-KG_27730595880,Kaggle,Kaggle Dataset,False
KG_42108664028,台灣現貨｜可愛塗鴉簡筆劃花園森林浮雕薄韌指甲飾品美甲貼紙 to4894 to4925 to4895 to4926,0.5,0.0,0,https://kaggle.com/dataset/item-KG_42108664028,Kaggle,Kaggle Dataset,False
KG_41778788017,The Power力量[二手書_近全新]11318489672 TAAZE讀冊生活網路書店,0.5,0.0,0,https://kaggle.com/dataset/item-KG_41778788017,Kaggle,Kaggle Dataset,False
KG_24634681124,【全電行】ALTIS 電池更換 韓國 GLOBAL 65B24LS 保固一年 不斷電安裝 高啟動能力,0.5,0.0,0,https://kaggle.com/dataset/item-KG_24634681124,Kaggle,Kaggle Dataset,False
KG_26288672145,MAKE UP FOR EVER化妝包 全新,0.5,0.0,0,https://kaggle.com/dataset/item-KG_26288672145,Kaggle,Kaggle Dataset,False
KG_48650156674,【25/10月新款】V領疊穿露肩背心毛衣兩件套  #D,0.5,0.0,0,https://kaggle.com/dataset/item-KG_48650156674,Kaggle,Kaggle Dataset,False
KG_40727320773,聖誕新年紅色毛衣女氣質提花撞色圓領套頭針織打底衫疊穿內搭上衣 本命年紅色喜慶毛衣 聖誕氛圍感毛衣針織上衣 紅色毛衣,0.5,0.0,0,https://kaggle.com/dataset/item-KG_40727320773,Kaggle,Kaggle Dataset,False
KG_40232085718,傾倒式恆溫貓咪飲水機大容量不插電加熱自動餵水器寵物狗狗飲水器 6/27,0.5,0.0,0,https://kaggle.com/dataset/item-KG_40232085718,Kaggle,Kaggle Dataset,False
KG_51353434121,✨美胖穿搭✨羽絨棉外套女  加肥加大300斤特厚連帽羽絨棉服女棉襖女冬季純色百搭時尚外套潮棉質外套*輕薄春棉服,0.5,0.0,0,https://kaggle.com/dataset/item-KG_51353434121,Kaggle,Kaggle Dataset,False
KG_43767923428,佳冠附發票~馬賽克紋圍裙送頭巾，二口袋圍裙  斑馬紋蝴蝶結圍裙 台灣製造，雙層防潑水，餐飲業 保母 幼兒園 廚房制服,0.5,0.0,0,https://kaggle.com/dataset/item-KG_43767923428,Kaggle,Kaggle Dataset,False
KG_23043987538,ANGELS TEARS 正韓🇰🇷｜圓領字母小貓短袖t｜女裝 t恤 夏天 短袖上衣 夏天上衣 韓國代購 東大門,0.5,0.0,0,https://kaggle.com/dataset/item-KG_23043987538,Kaggle,Kaggle Dataset,False
KG_40462373598,𓍯ෆ刺繡大腸圈 髮帶𓍯ෆ,0.5,0.0,0,https://kaggle.com/dataset/item-KG_40462373598,Kaggle,Kaggle Dataset,False
KG_23067821790,三色溫柔綁帶開衫防曬薄外套 罩衫 披肩 蕾絲 針織,0.5,0.0,0,https://kaggle.com/dataset/item-KG_23067821790,Kaggle,Kaggle Dataset,False
KG_43880615284,【限+免】輕便小巧女士手拿包出街必備 柔軟質感歐美時尚高顏值網紅手持三合一零錢包長款純色大容量多卡位錢包高貴優雅復古高級,0.5,0.0,0,https://kaggle.com/dataset/item-KG_43880615284,Kaggle,Kaggle Dataset,False
KG_27123489268,Sun_Plus 台灣現貨 金嘉年A款 雙光邊網手鐲 韓國飾品 雙線網手環 鍍銀時尚手鐲 雙光邊手鐲 手鐲 手環 飾品,0.5,0.0,0,https://kaggle.com/dataset/item-KG_27123489268,Kaggle,Kaggle Dataset,False
KG_50954987524,米妮推薦🩵💛ATORS曖恬雙頭慕斯脣泥啞光霧面素顏顯白裸色輕薄不易沾杯易上色,0.5,0.0,0,https://kaggle.com/dataset/item-KG_50954987524,Kaggle,Kaggle Dataset,False
KG_15930335084,【THE STARRY】韓版仿貂毛針織 三色 35084,0.5,0.0,0,https://kaggle.com/dataset/item-KG_15930335084,Kaggle,Kaggle Dataset,False
KG_53162865250,可開發票🧣電動吸盤泵真空瓷磚吸提器吸盤通用型配件自動抽氣芯電動吸盤芯/部分訂金聊聊,0.5,0.0,0,https://kaggle.com/dataset/item-KG_53162865250,Kaggle,Kaggle Dataset,False
KG_18208352862,渦流管*渦冷渦流管制冷器冷風管旋風冷卻渦流冷風槍WL-LV08E超聲波冷卻可開發票,0.5,0.0,0,https://kaggle.com/dataset/item-KG_18208352862,Kaggle,Kaggle Dataset,False
KG_22260387405,可開發票/神奇動物在哪里2格林德沃之罪哈利波特紐特同款手提箱皮箱行李箱--小JAY家,0.5,0.0,0,https://kaggle.com/dataset/item-KG_22260387405,Kaggle,Kaggle Dataset,False
KG_19991104312,折疊湯勺 火楓 春來尼龍 戶外餐具 鍋剷 折疊鍋剷 湯勺 露營套裝 湯勺 便攜 輕量化廚具 戶外 登山,0.5,0.0,0,https://kaggle.com/dataset/item-KG_19991104312,Kaggle,Kaggle Dataset,False
KG_51305036703,紅色毛線帽新年本命年針織帽女秋冬季保暖大頭圍聖誕帽子,0.5,0.0,0,https://kaggle.com/dataset/item-KG_51305036703,Kaggle,Kaggle Dataset,False
KG_44019703815,全新✨專櫃女裝品牌Jessica 美拉德咖啡色CP值超高 安哥拉羊毛背心、開襟兩件組 P,0.5,0.0,0,https://kaggle.com/dataset/item-KG_44019703815,Kaggle,Kaggle Dataset,False
KG_41654805807,三麗鷗授權帕恰狗保溫袋 帕恰狗防水保冷袋 餐袋 保溫保冷袋 便當袋 美觀又實用,0.5,0.0,0,https://kaggle.com/dataset/item-KG_41654805807,Kaggle,Kaggle Dataset,False
KG_26176274002,△送清洗粉△U-BEADS上級者尿道擴張-8mm,0.5,0.0,0,https://kaggle.com/dataset/item-KG_26176274002,Kaggle,Kaggle Dataset,False
KG_54700326603,lululemon 女士慢跑外套 防水 防曬慢跑外套 熱賣 皮膚衣Mist Over Windbreaker(J1),0.5,0.0,0,https://kaggle.com/dataset/item-KG_54700326603,Kaggle,Kaggle Dataset,False
KG_41409435924,盛百惠貨行#微波爐架 廚房伸縮置物架 氣炸鍋架 電鍋架 烤箱架設計 櫃體抽拉式微波爐置物架廚房電飯煲烤箱空氣炸鍋臺,0.5,0.0,0,https://kaggle.com/dataset/item-KG_41409435924,Kaggle,Kaggle Dataset,False
KG_24909165005,Gulicc 古莉可 小香風鑲鑽珍珠耳環,0.5,0.0,0,https://kaggle.com/dataset/item-KG_24909165005,Kaggle,Kaggle Dataset,False
KG_17100323316,轉賣A.OIAM 可甜可鹹🤍細肩甜美套裝,0.5,0.0,0,https://kaggle.com/dataset/item-KG_17100323316,Kaggle,Kaggle Dataset,False
KG_27970637718,EUGY3D立體紙拼圖虎鯨,0.5,0.0,0,https://kaggle.com/dataset/item-KG_27970637718,Kaggle,Kaggle Dataset,False
KG_48912896535,全新✨ 設計師真皮360度旋轉化妝椅 化妝椅 梳妝 椅子 化妝凳 梳妝凳 臥室家用換鞋凳 梳妝椅,0.5,0.0,0,https://kaggle.com/dataset/item-KG_48912896535,Kaggle,Kaggle Dataset,False
KG_6761650735,A30愛國者 機車行車記錄器,0.5,0.0,0,https://kaggle.com/dataset/item-KG_6761650735,Kaggle,Kaggle Dataset,False
KG_50812967823,💥熱銷💥 制動管拉直彎曲工具 調直工具 汽修手動彎管調直工具 直管器校直,0.5,0.0,0,https://kaggle.com/dataset/item-KG_50812967823,Kaggle,Kaggle Dataset,False
KG_22741321381,韓國批市連線款🇰🇷B07小腹救星🌟中腰無痕收腹褲 兩色 韓國內衣代購 東大門內衣,0.5,0.0,0,https://kaggle.com/dataset/item-KG_22741321381,Kaggle,Kaggle Dataset,False
KG_40582096331,可開發票🧣加硬模具螺旋千斤頂平頭尖頭加工中心可調式模具壓板機床等高墊塊/部分訂金聊聊,0.5,0.0,0,https://kaggle.com/dataset/item-KG_40582096331,Kaggle,Kaggle Dataset,False
KG_684578291,拼接蕾絲長袖薄毛針織衫，實穿百搭氣質款！保留中勿下單-輕薄袖圍較合適合內搭,0.5,0.0,0,https://kaggle.com/dataset/item-KG_684578291,Kaggle,Kaggle Dataset,False
KG_48203430291,ANGELS TEARS 正韓🇰🇷｜ 單邊細肩帶露肩長袖T 長袖上衣 斜肩 露肩 露單肩 細肩帶上衣 韓國代購 東大,0.5,0.0,0,https://kaggle.com/dataset/item-KG_48203430291,Kaggle,Kaggle Dataset,False
KG_54755098559,Gawin Caskey 照片卡套裝演員泰國 8 件印刷 2 面光面層壓,0.5,0.0,0,https://kaggle.com/dataset/item-KG_54755098559,Kaggle,Kaggle Dataset,False
KG_16287408273,【台灣熱賣】洗屁屁神器 超薄 馬桶噴槍 不用電 簡易 潔身器 婦洗潔 洗屁屁 洗屁股 馬桶洗屁屁神器 【野小孩】,0.5,0.0,0,https://kaggle.com/dataset/item-KG_16287408273,Kaggle,Kaggle Dataset,False
KG_24052095294,♠️歐業OUYeh 百草舒喉錠 20錠【美美藥妝】♠️,0.5,0.0,0,https://kaggle.com/dataset/item-KG_24052095294,Kaggle,Kaggle Dataset,False
KG_8015761574,全新正韓🇰🇷Jolie17 溫柔後綁帶v領兩穿上衣 atulip,0.5,0.0,0,https://kaggle.com/dataset/item-KG_8015761574,Kaggle,Kaggle Dataset,False
KG_54563003648,{台灣出貨}穩定輸出 大容量 12v鋰電 池帶電量顯示 組大容量音箱音響戶外洗車機監控太陽能路燈充電電 瓶,0.5,0.0,0,https://kaggle.com/dataset/item-KG_54563003648,Kaggle,Kaggle Dataset,False
KG_23454613071,興農  (小資菜苗助生長除蝸牛組合)   菲利瑪 250g / 700g + 沃樂肥 500g 菜苗助生長 除蝸,0.5,0.0,0,https://kaggle.com/dataset/item-KG_23454613071,Kaggle,Kaggle Dataset,False
KG_57400212029,【🍒櫻桃大尺碼】大尺碼長褲 懷舊牛仔褲女秋冬季2025新款加絨加厚高腰彎刀褲闊腿寬松褲子,0.5,0.0,0,https://kaggle.com/dataset/item-KG_57400212029,Kaggle,Kaggle Dataset,False
KG_42924121724,正韓特價🩷韓系西裝套裝,0.5,0.0,0,https://kaggle.com/dataset/item-KG_42924121724,Kaggle,Kaggle Dataset,False
KG_28208651966,小園丁｜黃鐘花｜支條、開花植物,0.5,0.0,0,https://kaggle.com/dataset/item-KG_28208651966,Kaggle,Kaggle Dataset,False
KG_44612997407,6.28滬工 套絲機板牙頭板頭2寸3寸4寸套絲機板牙牙盤llll,0.5,0.0,0,https://kaggle.com/dataset/item-KG_44612997407,Kaggle,Kaggle Dataset,False
KG_21688423390,愛依依 上衣 針織衫 短袖T卹  新款瘦身百搭翻領女裝休閒短袖針織衫上衣BC1030-3373.,0.5,0.0,0,https://kaggle.com/dataset/item-KG_21688423390,Kaggle,Kaggle Dataset,False
KG_43428210348,新款一字領收腰顯瘦衛衣短裙兩件套,0.5,0.0,0,https://kaggle.com/dataset/item-KG_43428210348,Kaggle,Kaggle Dataset,False
KG_3377558406,（現貨）國標舞服斜肩大喇叭溜蘇不規則流蘇荷葉拉丁舞衣連身洋裝（現貨）,0.5,0.0,0,https://kaggle.com/dataset/item-KG_3377558406,Kaggle,Kaggle Dataset,False
KG_48502966991,【MUE】名媛時尚連衣裙｜一套就完成美式隨性感,0.5,0.0,0,https://kaggle.com/dataset/item-KG_48502966991,Kaggle,Kaggle Dataset,False
KG_28145167071,收納凳 踩腳凳 辦公室踩腳凳 凳子 升降收納凳 調節踩腳凳 防二郎腿腳凳 客廳收納凳 書房踩腳凳 辦公室凳子X,0.5,0.0,0,https://kaggle.com/dataset/item-KG_28145167071,Kaggle,Kaggle Dataset,False
KG_41732092065,爆火精品可愛小平頭爆款擺件小茶幾臥室塑料戶外小戶型邊幾角幾設計感網紅,0.5,0.0,0,https://kaggle.com/dataset/item-KG_41732092065,Kaggle,Kaggle Dataset,False
KG_3815067830,💢正韓🇰🇷 粉紅針織套裝裙,0.5,0.0,0,https://kaggle.com/dataset/item-KG_3815067830,Kaggle,Kaggle Dataset,False
KG_57158463551,🔥桃園出貨-可開發票【1.6萬人收藏】棉花娃娃diy材料包20cm15cm10cm新手工具手作配件琑兒配色蔘考 YA8D,0.5,0.0,0,https://kaggle.com/dataset/item-KG_57158463551,Kaggle,Kaggle Dataset,False
KG_51602424086,Dickies綠色帽t,0.5,0.0,0,https://kaggle.com/dataset/item-KG_51602424086,Kaggle,Kaggle Dataset,False
KG_22522692913,%玉承珠寶%純金圓圈圈設計黃金9999中性金戒指G153,0.5,0.0,0,https://kaggle.com/dataset/item-KG_22522692913,Kaggle,Kaggle Dataset,False
KG_45863010433,可開發票🧣新款USB電烙鐵內熱便攜式電烙鐵無線工具焊接家用維修電焊套裝/部分訂金聊聊,0.5,0.0,0,https://kaggle.com/dataset/item-KG_45863010433,Kaggle,Kaggle Dataset,False
KG_42755505376,C翰林 未使用 國小 英語 Here We Go 8 課本+習作 預習 複習 教學 自學 教甄老師試教,0.5,0.0,0,https://kaggle.com/dataset/item-KG_42755505376,Kaggle,Kaggle Dataset,False
KG_52612974759,頂帥中藥材打粉機超細粉碎機五穀雜糧磨粉機商用調料研磨器-不含運費qunV,0.5,0.0,0,https://kaggle.com/dataset/item-KG_52612974759,Kaggle,Kaggle Dataset,False
KG_21458320724,秋冬小個子繽紛針織短版毛衣外套,0.5,0.0,0,https://kaggle.com/dataset/item-KG_21458320724,Kaggle,Kaggle Dataset,False
KG_20668151108,銅板價大清倉通通100，買五送一，賣場裡還有歡迎看看,0.5,0.0,0,https://kaggle.com/dataset/item-KG_20668151108,Kaggle,Kaggle Dataset,False
KG_47902203133,"Dexta 20mm 白色 PVC 管夾,用於 Paralon 導管電氣安裝電纜尺寸 20mm 質量",0.5,0.0,0,https://kaggle.com/dataset/item-KG_47902203133,Kaggle,Kaggle Dataset,False
KG_48552302653,摩托車手機支架 防水 防雨 防摔 機車手機架 手機支架 自行車手機架機車 電動車 後照鏡手機架 外送手機架 車載手機支架,0.5,0.0,0,https://kaggle.com/dataset/item-KG_48552302653,Kaggle,Kaggle Dataset,False
KG_45053191189,"帶腰帶的長風衣夾克,由 Tutsi 立領設計,側面採用褶襉 - Adele 風衣",0.5,0.0,0,https://kaggle.com/dataset/item-KG_45053191189,Kaggle,Kaggle Dataset,False
KG_49413007913,&795割草機一字刀片錳鋼套裝配件園林895割草修枝套件12V電機鋸片車床/五金,0.5,0.0,0,https://kaggle.com/dataset/item-KG_49413007913,Kaggle,Kaggle Dataset,False
KG_45659671093,【寶媽專屬】首飾盒精緻高級飾品收納簡約皮革手鐲耳環項鍊手錶收納旅行便攜US,0.5,0.0,0,https://kaggle.com/dataset/item-KG_45659671093,Kaggle,Kaggle Dataset,False
KG_51905006077,【台灣出貨】熊貓尺子套裝亞克力套尺四件套文具學生高顏值15cm刻度尺文具尺 學生專用 測量工具 ,0.5,0.0,0,https://kaggle.com/dataset/item-KG_51905006077,Kaggle,Kaggle Dataset,False
KG_55352315301,秋冬費爾島復古緹花保暖圓領長袖針織上衣,0.5,0.0,0,https://kaggle.com/dataset/item-KG_55352315301,Kaggle,Kaggle Dataset,False
KG_41319364003,2025新款美式複古字母麻花毛衣女秋年新款寬鬆慵懶風針織衫長袖,0.5,0.0,0,https://kaggle.com/dataset/item-KG_41319364003,Kaggle,Kaggle Dataset,False
KG_100469689,【單包入賣場】SUNTORY三得利 芝麻明EX[1日份(3顆)隨身包][寶寶小劇場][現貨不必等],0.5,0.0,0,https://kaggle.com/dataset/item-KG_100469689,Kaggle,Kaggle Dataset,False
KG_43082086188,🥁戲曲必備🥁秦腔戲曲勾鑼架 子大 鑼架 加粗加固大鑼架 秦腔鑼架 高品質 多功能 實用款 推薦款 熱銷款,0.5,0.0,0,https://kaggle.com/dataset/item-KG_43082086188,Kaggle,Kaggle Dataset,False
KG_40100931911,定位楔子 止退器 防滑三角 貨車 實木木塊 定位 汽車輪胎擋車 停車防溜 車楔子,0.5,0.0,0,https://kaggle.com/dataset/item-KG_40100931911,Kaggle,Kaggle Dataset,False
KG_20555161468,C FOUR LAB🗿 GHK Coach Jacket G202 黑色 防風外套 防潑水 LOGO 風衣 教練外套,0.5,0.0,0,https://kaggle.com/dataset/item-KG_20555161468,Kaggle,Kaggle Dataset,False
KG_51312979757,熱銷！！ 工業鋁型材封邊密封T型槽6槽8國標歐標雙色膠條 鋁型材綠色防撞膠,0.5,0.0,0,https://kaggle.com/dataset/item-KG_51312979757,Kaggle,Kaggle Dataset,False
KG_11538056468,日本牌子長袖上衣毛毛質感L號,0.5,0.0,0,https://kaggle.com/dataset/item-KG_11538056468,Kaggle,Kaggle Dataset,False
KG_40732092451,A3小型UV打印機圓柱金屬手機殼美甲水晶標金屬皮革亞克力轉印貼機（廠商直發咨詢運）,0.5,0.0,0,https://kaggle.com/dataset/item-KG_40732092451,Kaggle,Kaggle Dataset,False
KG_27581225116,「🏆蝦皮熱銷」YOPENG白色家具清潔劑去汙去黃神器家用木質櫃櫥櫃多功能清洗劑 HF3N,0.5,0.0,0,https://kaggle.com/dataset/item-KG_27581225116,Kaggle,Kaggle Dataset,False
KG_112514073,瑜珈滾筒33cm(舒適款)(33公分瑜伽柱/按摩柱/滾柱/滾棒/瑜珈棒/韻律筒/狼牙棒/美人棒/ROLLER/中空滾筒),0.5,0.0,0,https://kaggle.com/dataset/item-KG_112514073,Kaggle,Kaggle Dataset,False
KG_755659536,Mina.Q~正韓～必備款圓領針織毛線口袋刷破設計上衣,0.5,0.0,0,https://kaggle.com/dataset/item-KG_755659536,Kaggle,Kaggle Dataset,False
KG_45163002411,5噸棘輪放線架液壓式電纜支架放線架子螺旋支架 電纜盤放線架（廠商直發咨詢運）,0.5,0.0,0,https://kaggle.com/dataset/item-KG_45163002411,Kaggle,Kaggle Dataset,False
KG_14993872131,專櫃品牌VK(全新翻領音符毛衣),0.5,0.0,0,https://kaggle.com/dataset/item-KG_14993872131,Kaggle,Kaggle Dataset,False
KG_46312992854,可開發票💖 微耕機配件173F178F186F電門鎖開關連接線柴油發電機啟動鑰匙,0.5,0.0,0,https://kaggle.com/dataset/item-KG_46312992854,Kaggle,Kaggle Dataset,False
KG_47559936695,桃園出貨✨內衣收納包旅行文胸收納袋旅遊內衣內褲襪子三合一貼身衣物整理包,0.5,0.0,0,https://kaggle.com/dataset/item-KG_47559936695,Kaggle,Kaggle Dataset,False
KG_41653281892,(二手）Nike 跑鞋 24cm,0.5,0.0,0,https://kaggle.com/dataset/item-KG_41653281892,Kaggle,Kaggle Dataset,False
KG_213810015,原廠規格 90W 變壓器 A40JP A40JR A40JV A42 = A42DE A42DQ ASUS 華碩,0.5,0.0,0,https://kaggle.com/dataset/item-KG_213810015,Kaggle,Kaggle Dataset,False
KG_24224999491,【全電行】賓士電池更換 GLOBAL EFB L4 12V 80Ah 不斷電更換 高啟動能力,0.5,0.0,0,https://kaggle.com/dataset/item-KG_24224999491,Kaggle,Kaggle Dataset,False
KG_53912984418,ijima田島 美工刀片 大號22mm 工業級 電線電纜 石膏切割刀片 加大加厚壁布專用💎ki_feciop_💎,0.5,0.0,0,https://kaggle.com/dataset/item-KG_53912984418,Kaggle,Kaggle Dataset,False
KG_40224890969,蓬蓬塑形粉/亞洲銷冠,0.5,0.0,0,https://kaggle.com/dataset/item-KG_40224890969,Kaggle,Kaggle Dataset,False
KG_47162915050,⭐可開發票⭐穿帶器 不彎腰PP帶PET帶縴維編織帶打包機 打包帶穿帶器 PET塑鋼帶託盤打包手動工具 PP帶打,0.5,0.0,0,https://kaggle.com/dataset/item-KG_47162915050,Kaggle,Kaggle Dataset,False
KG_53312983821,《臺灣出貨》lamp藍普玻璃層板託4--8mm厚度用玻璃託支撐傢俱玻璃釘粒IT16019-**-,0.5,0.0,0,https://kaggle.com/dataset/item-KG_53312983821,Kaggle,Kaggle Dataset,False
KG_44264454747,[現貨/免運] 天然礦石 麥飯石 黃金麥飯石 海石 特白石 蛇紋石 玫瑰石 彩色石,0.5,0.0,0,https://kaggle.com/dataset/item-KG_44264454747,Kaggle,Kaggle Dataset,False
KG_9756437847,［imagine cattle］日系超舒服休閒棉麻無袖洋裝,0.5,0.0,0,https://kaggle.com/dataset/item-KG_9756437847,Kaggle,Kaggle Dataset,False
KG_40208122976,[unclev1966] VANS PREMIUM OLD SKOOL 136 米白 膠底 俏皮短頭 日系復古 滑板鞋,0.5,0.0,0,https://kaggle.com/dataset/item-KG_40208122976,Kaggle,Kaggle Dataset,False
KG_49763005464,爆款高壓水固化注漿機丙烯酸鹽注漿機防水雙液補漏機器m11注漿機配件咨詢運費S28,0.5,0.0,0,https://kaggle.com/dataset/item-KG_49763005464,Kaggle,Kaggle Dataset,False
KG_29438722777,🔶大聖院 大船 切繪🔶,0.5,0.0,0,https://kaggle.com/dataset/item-KG_29438722777,Kaggle,Kaggle Dataset,False
KG_42710475755,🔥臺灣發貨🔥批髮車靠背踏闆摩託車電瓶車腰靠小牛深遠黑騎士可折疊前後調,0.5,0.0,0,https://kaggle.com/dataset/item-KG_42710475755,Kaggle,Kaggle Dataset,False
KG_48455117988,寶可夢 一番賞 盤子 蛋糕盤 一整組 共六個,0.5,0.0,0,https://kaggle.com/dataset/item-KG_48455117988,Kaggle,Kaggle Dataset,False
KG_48805075819,后Whoo 皇后之吻潤色護唇膏3.5g正貨禮盒（無外盒）附化妝包,0.5,0.0,0,https://kaggle.com/dataset/item-KG_48805075819,Kaggle,Kaggle Dataset,False
KG_27017166374,𝐂𝐎𝐏𝐀𝐈𝐍 | 選貨店 ⛧ 芭蕾🩰緞面球衣 *,0.5,0.0,0,https://kaggle.com/dataset/item-KG_27017166374,Kaggle,Kaggle Dataset,False
KG_13561341701,隱藏款❤️‍🔥可愛雪人の抗條文毛絨針織⛄️,0.5,0.0,0,https://kaggle.com/dataset/item-KG_13561341701,Kaggle,Kaggle Dataset,False
KG_40922105636,菠蘿褶時尚氣質闊腿褲套裝女顯瘦洋氣寬鬆三宅褶皺上衣褲子兩件套,0.5,0.0,0,https://kaggle.com/dataset/item-KG_40922105636,Kaggle,Kaggle Dataset,False
KG_43682074113,【臺灣出貨】派大星花盆多肉專用樹脂盆創意卡通造型桌面擺件肉肉植物種植盆,0.5,0.0,0,https://kaggle.com/dataset/item-KG_43682074113,Kaggle,Kaggle Dataset,False
KG_50755052551,Sumikko Gurashi San-X 立式筆袋筆袋筆袋筆袋,0.5,0.0,0,https://kaggle.com/dataset/item-KG_50755052551,Kaggle,Kaggle Dataset,False
KG_3418654117,無袖白色雪紡背心 細肩帶 雪紡上衣 氣質款 基本款 韓版 歐美,0.5,0.0,0,https://kaggle.com/dataset/item-KG_3418654117,Kaggle,Kaggle Dataset,False
KG_48312842663,【促銷】【杜克】激光測距儀高精度激光尺電子紅外線測量尺手持距離儀器量房儀,0.5,0.0,0,https://kaggle.com/dataset/item-KG_48312842663,Kaggle,Kaggle Dataset,False
KG_26507129027,可愛背包 搞怪背包 背包 搞笑背包 包包 創意背包 明星衕款刺繡迷你包百搭通懃包卡通單肩水桶包時尚女包手機斜挎包 禮物 ,0.5,0.0,0,https://kaggle.com/dataset/item-KG_26507129027,Kaggle,Kaggle Dataset,False
KG_42267788851,限定風衣外套男寬鬆潮流百搭秋季男裝美式衝鋒衣痞帥高級感新款潮嚴選,0.5,0.0,0,https://kaggle.com/dataset/item-KG_42267788851,Kaggle,Kaggle Dataset,False
KG_221387416,預購🔥韓妞必備oversized 拼布牛仔外套,0.5,0.0,0,https://kaggle.com/dataset/item-KG_221387416,Kaggle,Kaggle Dataset,False
KG_46400972713,韓版毛衣 韓國東大門毛衣 複古藏青色圓領提花套頭毛衣女秋冬新款小個子慵懶軟糯針織衫上衣,0.5,0.0,0,https://kaggle.com/dataset/item-KG_46400972713,Kaggle,Kaggle Dataset,False
KG_52054160188,【現貨+免運】短版上衣 高腰闊腿褲 女夏運動休閒套裝 兩件式時尚套組 透氣短袖 顯瘦穿搭  夏日百搭 a0185,0.5,0.0,0,https://kaggle.com/dataset/item-KG_52054160188,Kaggle,Kaggle Dataset,False
KG_41052618114,精美鞋架 鞋架 簡易鞋子收納神器 出租房 家用 多功能 門口窄夾縫 室內多層置物架,0.5,0.0,0,https://kaggle.com/dataset/item-KG_41052618114,Kaggle,Kaggle Dataset,False
KG_12639252550,UR MAN-韓國質感英字草寫長Tee,0.5,0.0,0,https://kaggle.com/dataset/item-KG_12639252550,Kaggle,Kaggle Dataset,False
KG_47451468839,𝑭&𝑺 韓國 GROVE 拚色翻領麻花針織小外套｜溫柔韓系・修身顯瘦D9-005,0.5,0.0,0,https://kaggle.com/dataset/item-KG_47451468839,Kaggle,Kaggle Dataset,False
KG_51154988365,ADUM韓國代購Nothing written復古菱形外套 格紋針織圓領針織衫毛衣 開衫外套 上衣,0.5,0.0,0,https://kaggle.com/dataset/item-KG_51154988365,Kaggle,Kaggle Dataset,False
KG_46505136697,Kala🌈ECHO醃蛋盒茶葉蛋醃製保鮮盒溏心蛋滷蛋漬蛋神器冰箱冷藏收納盒,0.5,0.0,0,https://kaggle.com/dataset/item-KG_46505136697,Kaggle,Kaggle Dataset,False
KG_20951225983,現貨韓版運動灰色套裝,0.5,0.0,0,https://kaggle.com/dataset/item-KG_20951225983,Kaggle,Kaggle Dataset,False
KG_42017759184,💥下殺價💥  亮面 電動扳手 套筒 棘輪扳手汽修工具套裝電扳手加長六角套筒頭,0.5,0.0,0,https://kaggle.com/dataset/item-KG_42017759184,Kaggle,Kaggle Dataset,False
KG_52855075132,【熱銷】愛心水晶高腳杯浪漫情調紅酒杯葡萄酒杯燭光晚餐酒杯圣誕禮物杯子,0.5,0.0,0,https://kaggle.com/dataset/item-KG_52855075132,Kaggle,Kaggle Dataset,False
KG_48262999646,咪咪良品🔥維修佬強磁磁鐵長條收納神器吸鐵石磁條貼MAG25,0.5,0.0,0,https://kaggle.com/dataset/item-KG_48262999646,Kaggle,Kaggle Dataset,False
KG_24674094881,【台灣現貨附發票】創意比特幣火機 金硬幣打火機  硬幣打火機 1個億打火機 明火 不燙手 送男友鑰匙扣高級比心手勢可調火,0.5,0.0,0,https://kaggle.com/dataset/item-KG_24674094881,Kaggle,Kaggle Dataset,False
KG_26742322993,皮草狐狸毛 馬甲王 海軍領背心胸圍S,0.5,0.0,0,https://kaggle.com/dataset/item-KG_26742322993,Kaggle,Kaggle Dataset,False
KG_50162979928,現貨* 全自動真空壓縮打包機服裝商用封口機毛絨玩具海綿坐墊棉被壓縮機 -訂金,0.5,0.0,0,https://kaggle.com/dataset/item-KG_50162979928,Kaggle,Kaggle Dataset,False
KG_22170744367,古著新式女裝壽衣_下單後請身圍尺寸,0.5,0.0,0,https://kaggle.com/dataset/item-KG_22170744367,Kaggle,Kaggle Dataset,False
KG_28920924370,台灣最熱銷免運漂浮魚護懸浮錦鯉養殖箱漂浮網箱小型魚池隔離可折疊暫養家用新款,0.5,0.0,0,https://kaggle.com/dataset/item-KG_28920924370,Kaggle,Kaggle Dataset,False
KG_56555051512,優選免運伸縮式磁性筆拾取器 – 用於家庭和車間使用的多功能吸筆工具78,0.5,0.0,0,https://kaggle.com/dataset/item-KG_56555051512,Kaggle,Kaggle Dataset,False
KG_43272767930,晚宴禮服 高端婚宴裝喜婆婆禮服連衣裙女 夏季洋氣中年媽媽裝收腰顯瘦中長裙【琳黛】,0.5,0.0,0,https://kaggle.com/dataset/item-KG_43272767930,Kaggle,Kaggle Dataset,False
KG_48100054280,🛒限時免運⚡睡衣女秋冬珊瑚絨法蘭絨可外穿睡袍保暖加絨加厚兩件套大碼家居服,0.5,0.0,0,https://kaggle.com/dataset/item-KG_48100054280,Kaggle,Kaggle Dataset,False
KG_55212968081,【夏日大促】防水KCD4船型開關面桶電流和麪機翹板烤箱電源開關帶燈船形,0.5,0.0,0,https://kaggle.com/dataset/item-KG_55212968081,Kaggle,Kaggle Dataset,False
KG_49950663904,布要秋冬 冬日海島毛呢外套甜美溫柔日常通勤百搭少女設計感寬鬆秋冬款大衣,0.5,0.0,0,https://kaggle.com/dataset/item-KG_49950663904,Kaggle,Kaggle Dataset,False
KG_57360110074,純色 鏈條 斜背 小方包 質感 晚宴包 輕奢 名媛 側背包 婚宴 派對包 側背包 斜背包 肩背包 隨身包 輕,0.5,0.0,0,https://kaggle.com/dataset/item-KG_57360110074,Kaggle,Kaggle Dataset,False
KG_25608093038,💛全新現貨💛《康軒》經典文學：動物農莊💖小小孩💖,0.5,0.0,0,https://kaggle.com/dataset/item-KG_25608093038,Kaggle,Kaggle Dataset,False
KG_42002926003, 木工打磨拋光輪 木工打磨片 木頭打磨盤 砂輪機 拋光盤 打磨盤 拋光盤 打磨圓盤 磨塑型 拋光輪 木工磨片,0.5,0.0,0,https://kaggle.com/dataset/item-KG_42002926003,Kaggle,Kaggle Dataset,False
KG_44601249389,水貂毛質感 短版 毛毛 針織外套 外罩 米色 鵝黃色 近全新,0.5,0.0,0,https://kaggle.com/dataset/item-KG_44601249389,Kaggle,Kaggle Dataset,False
KG_51012986015,J*全套壓鉚機自動送料工具模具惠質量保證6.28,0.5,0.0,0,https://kaggle.com/dataset/item-KG_51012986015,Kaggle,Kaggle Dataset,False
KG_40972775598,✨可開發票#2024新款鞦鼕季半邊絨睡衣女紅色軟綿綿珊瑚絨加厚大碼傢居服套裝#免運,0.5,0.0,0,https://kaggle.com/dataset/item-KG_40972775598,Kaggle,Kaggle Dataset,False
KG_5400193651,🎀🎀🎀悅愛♥小桌曆🎀🎀🎀,0.5,0.0,0,https://kaggle.com/dataset/item-KG_5400193651,Kaggle,Kaggle Dataset,False
KG_25908170530,【XH sneaker】Nike Kobe 5 Protro 白小龍us11已售出,0.5,0.0,0,https://kaggle.com/dataset/item-KG_25908170530,Kaggle,Kaggle Dataset,False
KG_27682463700,神秘黑!紐西蘭 Okioki SUN HAT一體式防曬帽 質地舒適 可輕鬆收折 只有這裡有,0.5,0.0,0,https://kaggle.com/dataset/item-KG_27682463700,Kaggle,Kaggle Dataset,False
KG_40675499314,"(READY HCM) 長袖寬鬆牛仔褲套裝,混合粉色袖子",0.5,0.0,0,https://kaggle.com/dataset/item-KG_40675499314,Kaggle,Kaggle Dataset,False
KG_1626356639,[正韓] 轉賣 Sis&Kid 全新 造型釦針織短外罩,0.5,0.0,0,https://kaggle.com/dataset/item-KG_1626356639,Kaggle,Kaggle Dataset,False
KG_49763017215,【小跩賣場】 鐵鋸片 切鐵鋸片 金屬鋸片185mm x48T/60T,0.5,0.0,0,https://kaggle.com/dataset/item-KG_49763017215,Kaggle,Kaggle Dataset,False
KG_3607359050,YOGA-瑜珈伸展帶,0.5,0.0,0,https://kaggle.com/dataset/item-KG_3607359050,Kaggle,Kaggle Dataset,False
KG_4244430312,🏷️🇰🇷✈️韓國預購-🔥人氣🔥樹葉/直條花紋情侶款休閒套裝（襯衫）,0.5,0.0,0,https://kaggle.com/dataset/item-KG_4244430312,Kaggle,Kaggle Dataset,False
KG_4313755654,☆快樂小屋☆ 矮人總動員 繁體中文版 正版 台中桌遊,0.5,0.0,0,https://kaggle.com/dataset/item-KG_4313755654,Kaggle,Kaggle Dataset,False
KG_28743532540,✨ ♬帶胸墊吊帶背心女歐美熱辣性感蕾絲花邊網紗純欲風連體衣透視上衣,0.5,0.0,0,https://kaggle.com/dataset/item-KG_28743532540,Kaggle,Kaggle Dataset,False
KG_40750941514,工具箱 【精工鋁合金】精密儀器箱 收納盒 迷你號 密碼鎖 五金工具箱 手提鋁合金 可加海綿,0.5,0.0,0,https://kaggle.com/dataset/item-KG_40750941514,Kaggle,Kaggle Dataset,False
KG_29120371451,💥公司貨可開票💥 高空 作业 电工 围杆式 安全带 电力施工安全绳爬杆保险带防坠落,0.5,0.0,0,https://kaggle.com/dataset/item-KG_29120371451,Kaggle,Kaggle Dataset,False
KG_43005770782,【Cxin】3色溫多功能照明燈 CX-H059,0.5,0.0,0,https://kaggle.com/dataset/item-KG_43005770782,Kaggle,Kaggle Dataset,False
KG_51705081759,上新*台灣熱銷超輕7075鋁合金折疊凳 戶外迷你收納折疊椅 登山折疊凳 露營椅 釣魚椅 排隊椅 露營 登山,0.5,0.0,0,https://kaggle.com/dataset/item-KG_51705081759,Kaggle,Kaggle Dataset,False
KG_23725686696,Human haus Sport Zip Hoodie yuyu-active,0.5,0.0,0,https://kaggle.com/dataset/item-KG_23725686696,Kaggle,Kaggle Dataset,False
KG_19547061446,便宜布  -- 印花布 迷彩綠 /一呎$20一碼$55,0.5,0.0,0,https://kaggle.com/dataset/item-KG_19547061446,Kaggle,Kaggle Dataset,False
KG_5155545681,【順億化工】德國默克 99% 妝品級 尿囊素 25g 50g 100g DIY保養品添加原料【DDD】,0.5,0.0,0,https://kaggle.com/dataset/item-KG_5155545681,Kaggle,Kaggle Dataset,False
KG_46812959597,YUORA EXCBLLENT 充氣王mini 2S充氣機 打氣機 電動打氣機 電動充氣機 車用打氣機 品質超越各大品牌,0.5,0.0,0,https://kaggle.com/dataset/item-KG_46812959597,Kaggle,Kaggle Dataset,False
KG_40666733106,公司貨 橋架拉線輔助滑輪穿線神器頂棚吊頂綜合布線弱電施工輔助工具,0.5,0.0,0,https://kaggle.com/dataset/item-KG_40666733106,Kaggle,Kaggle Dataset,False
KG_57053368719,🐈 全新 快來帶走我的二手衣 🇯🇵 🐈 日本正品 Kastane 針織綁帶罩衫 2way 長版設計 米白色 日牌,0.5,0.0,0,https://kaggle.com/dataset/item-KG_57053368719,Kaggle,Kaggle Dataset,False
KG_11497447776,7月更新.ᐟ‪‪零碼出清 A字裙 牛仔裙 工裝裙 包臀裙 皮裙S-2XL,0.5,0.0,0,https://kaggle.com/dataset/item-KG_11497447776,Kaggle,Kaggle Dataset,False
KG_25238072892,買不完韓國貨👋#正韓 麻花長版衣 (Made In Korea 韓國連線代購)🇰🇷,0.5,0.0,0,https://kaggle.com/dataset/item-KG_25238072892,Kaggle,Kaggle Dataset,False
KG_24256273469,SOIGNE 全效精華水霧 30ml,0.5,0.0,0,https://kaggle.com/dataset/item-KG_24256273469,Kaggle,Kaggle Dataset,False
KG_2111942726,全新品 斷貨款 a la sha 阿財刺繡滿版家族造型T S號,0.5,0.0,0,https://kaggle.com/dataset/item-KG_2111942726,Kaggle,Kaggle Dataset,False
KG_10179012822,鑽石花 純棉 薄棉 拼布 布料,0.5,0.0,0,https://kaggle.com/dataset/item-KG_10179012822,Kaggle,Kaggle Dataset,False
KG_43082090410,✨特惠好選✨⚡台灣出貨⚡ 黑旋sad00001風霧化打藥噴頭 農用高壓可調節純銅噴頭 防風可調防掉噴霧器m944,0.5,0.0,0,https://kaggle.com/dataset/item-KG_43082090410,Kaggle,Kaggle Dataset,False
KG_49759669262,【台灣出貨】2026森系新款百搭時尚大容量褶皺女包原創爆款小包慵懶風508,0.5,0.0,0,https://kaggle.com/dataset/item-KG_49759669262,Kaggle,Kaggle Dataset,False
KG_140137581,MIS-8 小胸專用3D矽膠水餃墊 特厚柔軟 平胸豐胸墊 隱形集中有乳溝胸型 533806357088,0.5,0.0,0,https://kaggle.com/dataset/item-KG_140137581,Kaggle,Kaggle Dataset,False
KG_29879766345,⭐️優選好貨⭐️電動牙刷除黴斑水龍頭翻新洗衣機水池冰箱除黴大掃除清潔神器家用 BJPB,0.5,0.0,0,https://kaggle.com/dataset/item-KG_29879766345,Kaggle,Kaggle Dataset,False
KG_41302929528,騎士包 硬殼 防水 多功能 騎行包 大容量  滑板車把包  EVA材質,0.5,0.0,0,https://kaggle.com/dataset/item-KG_41302929528,Kaggle,Kaggle Dataset,False
KG_27825276352,UG 訂製西裝精品質感100%羊毛美利諾羅馬暖陽強撚義式巴黎釦高定作工細節工藝復古商務休閒剪裁修身高腰紳士西裝褲/長褲,0.5,0.0,0,https://kaggle.com/dataset/item-KG_27825276352,Kaggle,Kaggle Dataset,False
KG_53250810016,【🔥日本製🔥】CITIZEN FORMA 星辰 鈦金屬鏡框｜全新真品 輕量不過敏｜可刷卡6期,0.5,0.0,0,https://kaggle.com/dataset/item-KG_53250810016,Kaggle,Kaggle Dataset,False
KG_22749156111,售 性感整套 套裝裙子,0.5,0.0,0,https://kaggle.com/dataset/item-KG_22749156111,Kaggle,Kaggle Dataset,False
KG_22712103454,532922 1000片歐洲進口拼圖 Din 迪士尼 公主 小美人魚 貝兒 灰姑娘 白雪公主 茉莉 睡美人 樂佩 梅莉達,0.5,0.0,0,https://kaggle.com/dataset/item-KG_22712103454,Kaggle,Kaggle Dataset,False
KG_12183251815,Planetary Design 真空保溫濾壓隨身瓶 CFP0132【Brushed Steel銀色/32oz】,0.5,0.0,0,https://kaggle.com/dataset/item-KG_12183251815,Kaggle,Kaggle Dataset,False
KG_41700946254,工具箱 【多層收納】 工具箱多功能 翻斗折疊 工具箱19寸 雙層 塑料手提箱 車載收納箱,0.5,0.0,0,https://kaggle.com/dataset/item-KG_41700946254,Kaggle,Kaggle Dataset,False
KG_41201383123,💥公司貨可開票💥 黃油槍 通用濾網式鋼尖嘴牛油嘴黃油嘴尖嘴尖頭注油嘴打黃油專用嘴,0.5,0.0,0,https://kaggle.com/dataset/item-KG_41201383123,Kaggle,Kaggle Dataset,False
KG_24287583558,[董小姐]溫柔風設計感方 領開叉針織衫女秋新款氣質時尚修身顯瘦上衣 織衫女春秋溫柔風甜美,0.5,0.0,0,https://kaggle.com/dataset/item-KG_24287583558,Kaggle,Kaggle Dataset,False
KG_26267727942,中壢紅海釣具【魚の骨】A1 新魚骨 葫蘆型 抗浪浮標 海釣長標 24年新款,0.5,0.0,0,https://kaggle.com/dataset/item-KG_26267727942,Kaggle,Kaggle Dataset,False
KG_12699590595,全新英國品牌Urban Bliss名媛高領假兩件天空藍色襯衫針織毛衣,0.5,0.0,0,https://kaggle.com/dataset/item-KG_12699590595,Kaggle,Kaggle Dataset,False
KG_22565047981,"【飛揚高爾夫】ONOFF Lady Caddie Bag 9吋 #OB5724-07 , 粉紅, 桿袋",0.5,0.0,0,https://kaggle.com/dataset/item-KG_22565047981,Kaggle,Kaggle Dataset,False
KG_40650932088,緩震器平衡桿 【加固底盤】適用汽車改裝 可調李子串 后平衡桿球頭 前穩定 防傾連桿 減震器 小吊桿,0.5,0.0,0,https://kaggle.com/dataset/item-KG_40650932088,Kaggle,Kaggle Dataset,False
KG_29931476016,板橋【uni-baby】Capucci pet 卡普奇 美國 巡弋號 Cruiser 中大型寵物推車-炭灰色,0.5,0.0,0,https://kaggle.com/dataset/item-KG_29931476016,Kaggle,Kaggle Dataset,False
KG_52902077613,uniqlo 女 淺灰 毛料 OL 上班族 長褲 L,0.5,0.0,0,https://kaggle.com/dataset/item-KG_52902077613,Kaggle,Kaggle Dataset,False
KG_17093841542,寬鬆牛仔褲 鐵灰深灰,0.5,0.0,0,https://kaggle.com/dataset/item-KG_17093841542,Kaggle,Kaggle Dataset,False
KG_23266908471,Hello Kitty - Arnold Palmer - 後背包 Lovel系列 - 黑色,0.5,0.0,0,https://kaggle.com/dataset/item-KG_23266908471,Kaggle,Kaggle Dataset,False
KG_20051638654,現貨天津商圈#6330 運動女孩必備單品！絕對舒服棉質套裝❤️,0.5,0.0,0,https://kaggle.com/dataset/item-KG_20051638654,Kaggle,Kaggle Dataset,False
KG_3167050399,【Your Store】美牌 Levi's 511 Slim Fit 修身 刷色牛仔藍 牛仔長褲 零碼折扣款,0.5,0.0,0,https://kaggle.com/dataset/item-KG_3167050399,Kaggle,Kaggle Dataset,False
KG_29377349161,💥公司貨可開票💥曲轴皮带盘拉马风机风叶齿轮方向盘组合杆制动轴承取出器拆卸工具,0.5,0.0,0,https://kaggle.com/dataset/item-KG_29377349161,Kaggle,Kaggle Dataset,False
KG_670754587,*KP軍品*軍風內衣_棉質背心_無袖背心 H7,0.5,0.0,0,https://kaggle.com/dataset/item-KG_670754587,Kaggle,Kaggle Dataset,False
KG_26882688289,【臺灣熱銷】原廠直銷鹿角柄大馬士革鋼刀戶外便攜小刀求生野營廚刀切水果刀,0.5,0.0,0,https://kaggle.com/dataset/item-KG_26882688289,Kaggle,Kaggle Dataset,False
KG_11210153359,【現貨G1-029】肯尼布/防潑水/兔子,0.5,0.0,0,https://kaggle.com/dataset/item-KG_11210153359,Kaggle,Kaggle Dataset,False
KG_50903121485,DaM|免運 保暖外套 外套 防寒大衣 冬天厚外套 新款棉服長款加厚保暖防寒時尚加厚通勤棉衣大口袋毛領冬棉襖 W15,0.5,0.0,0,https://kaggle.com/dataset/item-KG_50903121485,Kaggle,Kaggle Dataset,False
KG_42520069613,鄰家系圓領傘擺洋+單車短褲套裝,0.5,0.0,0,https://kaggle.com/dataset/item-KG_42520069613,Kaggle,Kaggle Dataset,False
KG_55762973457,🔥在臺熱售 臺灣出貨🔥一次性懶人抹布廚房紙巾擦手紙擦腳紙巾百潔布吸油吸水懶人神器,0.5,0.0,0,https://kaggle.com/dataset/item-KG_55762973457,Kaggle,Kaggle Dataset,False
KG_55850581379,【台灣發貨】法式優雅露肩針織上衣 毛衣 長袖上衣 衣服  秋冬女裝 發熱衣 長袖T【W531】,0.5,0.0,0,https://kaggle.com/dataset/item-KG_55850581379,Kaggle,Kaggle Dataset,False
KG_40558356244,derma Angel 痘痘貼巧攜收納盒,0.5,0.0,0,https://kaggle.com/dataset/item-KG_40558356244,Kaggle,Kaggle Dataset,False
KG_44001389753,【熱賣新品】泳衣女網紅款性感比基尼小胸聚攏三點式顯瘦分體三角度假溫泉泳裝,0.5,0.0,0,https://kaggle.com/dataset/item-KG_44001389753,Kaggle,Kaggle Dataset,False
KG_46109919496,🐷臺灣寄出🐷蔥薑蒜收納筐廚房多功能置物架調料架牆掛式菜籃子壁掛式收納籃子,0.5,0.0,0,https://kaggle.com/dataset/item-KG_46109919496,Kaggle,Kaggle Dataset,False
KG_41302929540,騎士包 戶外摩托車護杠包 防水 大容量 騎行包 摩旅收納包 多功能 便攜快拆尾包,0.5,0.0,0,https://kaggle.com/dataset/item-KG_41302929540,Kaggle,Kaggle Dataset,False
KG_23035968461,（現貨）質感厚磅POLO休閒撞色套裝,0.5,0.0,0,https://kaggle.com/dataset/item-KG_23035968461,Kaggle,Kaggle Dataset,False
KG_51750996017,[11月預購]🇯🇵 SNIDEL 2026 新年 福袋 HAPPY BOX 預購中 五件組,0.5,0.0,0,https://kaggle.com/dataset/item-KG_51750996017,Kaggle,Kaggle Dataset,False
KG_29723040609,『💕大尺碼💕』🐸亞比辣妹 b2y✨二次元大碼 甜辣 二次元 條紋 日系 印花 拼接 假兩件 寬鬆 顯瘦 長袖 亞比,0.5,0.0,0,https://kaggle.com/dataset/item-KG_29723040609,Kaggle,Kaggle Dataset,False
KG_40469077772,【Aries.shop】實拍【現貨】訂製款-歐美感網紗斷袖+綁脖背心套裝 女裝,0.5,0.0,0,https://kaggle.com/dataset/item-KG_40469077772,Kaggle,Kaggle Dataset,False
KG_42820554783,armoire✨層次感穿搭📌初秋復古慵懶風韓系v領小口袋設計紋理感寬鬆無袖隨性百搭純色針織背心,0.5,0.0,0,https://kaggle.com/dataset/item-KG_42820554783,Kaggle,Kaggle Dataset,False
KG_6296670466,✨購買多少錢 就下單多少數量唷😚,0.5,0.0,0,https://kaggle.com/dataset/item-KG_6296670466,Kaggle,Kaggle Dataset,False
KG_40110634575,在臺24H🔥2025新款攪蛋杯拉花杯手動半自動攪拌器打蛋器多功能攪奶油打髮杯 2SMX,0.5,0.0,0,https://kaggle.com/dataset/item-KG_40110634575,Kaggle,Kaggle Dataset,False
KG_52162993163,【品质甄选🧺】一次性醫用掃牀刷套 無紡布掃牀刷 清潔刷 含液掃牀刷子套 掃牀刷 掃牀刷套 掃牀刷子 掃牀巾,0.5,0.0,0,https://kaggle.com/dataset/item-KG_52162993163,Kaggle,Kaggle Dataset,False
KG_53362990421,【臺灣出貨/免運】懶人竹節抹布廚房清潔不沾油加厚洗碗巾家用不掉毛10a抗菌洗碗布HNJM,0.5,0.0,0,https://kaggle.com/dataset/item-KG_53362990421,Kaggle,Kaggle Dataset,False
KG_21944858844,賠錢出售 Nike Cortez SP smoke grey DR1413-002 Union x Nike 阿甘 全新,0.5,0.0,0,https://kaggle.com/dataset/item-KG_21944858844,Kaggle,Kaggle Dataset,False
KG_21582364069,🧸全新轉賣DADA娃娃領排釦洋裝外套D02粉,0.5,0.0,0,https://kaggle.com/dataset/item-KG_21582364069,Kaggle,Kaggle Dataset,False
KG_46452055100,除臭祛味🚀壁掛式香薰機 靜音噴香機 自動噴香機 霧化香薰機 定時噴香機 智能香氛機 辦公室噴香機 精油擴香機 廁所擴香機,0.5,0.0,0,https://kaggle.com/dataset/item-KG_46452055100,Kaggle,Kaggle Dataset,False
KG_47413005895,【可開發票】775馬達24V 1600轉主軸1：5減速微型車牀臺鑽套裝旋轉,0.5,0.0,0,https://kaggle.com/dataset/item-KG_47413005895,Kaggle,Kaggle Dataset,False
KG_22916491403,在台現貨🇯🇵現貨出清GRL淺藕粉高領挖肩寬鬆麻花毛衣,0.5,0.0,0,https://kaggle.com/dataset/item-KG_22916491403,Kaggle,Kaggle Dataset,False
KG_28116452250,SHIMANO電動捲線器BEASTMASTER 9000 BM9000,0.5,0.0,0,https://kaggle.com/dataset/item-KG_28116452250,Kaggle,Kaggle Dataset,False
KG_42582106288,【園藝工具】鏟子 鐵鍬 鐵鏟 鐵耙 鬆土工具  園藝工具小鏟子玩具家用多盆栽種植幼兒園種花挖沙趕海,0.5,0.0,0,https://kaggle.com/dataset/item-KG_42582106288,Kaggle,Kaggle Dataset,False
KG_6991215890,▪️現貨全新▪️ginkgo 細緻撞色針織上衣 Fsize,0.5,0.0,0,https://kaggle.com/dataset/item-KG_6991215890,Kaggle,Kaggle Dataset,False
KG_43532100743,【鑫致家居優選】破損包賠.北歐極簡侘寂風日式皮藝沙發組合togo毛毛蟲現代簡約休閒小戶型,0.5,0.0,0,https://kaggle.com/dataset/item-KG_43532100743,Kaggle,Kaggle Dataset,False
KG_57255056921,🌟全新7-11 HELLO KITTY 304不鏽鋼隨行杯 顏色隨機出貨盲盒,0.5,0.0,0,https://kaggle.com/dataset/item-KG_57255056921,Kaggle,Kaggle Dataset,False
KG_58103638415,全新用不到 女 秋冬 長版 背心 拉練 外搭背心 M號黑色,0.5,0.0,0,https://kaggle.com/dataset/item-KG_58103638415,Kaggle,Kaggle Dataset,False
KG_40650936906,挪車神器 多功能 車輛維修移動架 挪車器 移車神器 移位器 車間事故車移車架,0.5,0.0,0,https://kaggle.com/dataset/item-KG_40650936906,Kaggle,Kaggle Dataset,False
KG_57001199422,韓國代購KOREA_90 SHOP 法式優雅網拍CHERRYKOKO 素面圓領短版排釦針織外套,0.5,0.0,0,https://kaggle.com/dataset/item-KG_57001199422,Kaggle,Kaggle Dataset,False
KG_10615057575,【全電行】BYSS.2-18-2P 直流隔離開關 1000V 18A 適用於軌道式與箱外型 (兩用),0.5,0.0,0,https://kaggle.com/dataset/item-KG_10615057575,Kaggle,Kaggle Dataset,False
KG_2263092540,好好布雜貨 限量版權卡通布  小兔子 小松鼠 美樂蒂 厚棉布材質,0.5,0.0,0,https://kaggle.com/dataset/item-KG_2263092540,Kaggle,Kaggle Dataset,False
KG_28223002659,已售出》PAZZO 花花感磨毛針織外套 黑M 全新現貨含吊牌,0.5,0.0,0,https://kaggle.com/dataset/item-KG_28223002659,Kaggle,Kaggle Dataset,False
KG_42580805304,日本進口 ECHO 碳鋼不沾布丁杯(動物) 布丁杯 果凍模 馬芬蛋糕模 布丁模 奶烙模 甜點杯 烤布雷 不沾模 蛋塔模,0.5,0.0,0,https://kaggle.com/dataset/item-KG_42580805304,Kaggle,Kaggle Dataset,False
KG_51555013490,比泰迪犬熊背心小狗狗狗美衣服小型博馬甲保暖毛絨秋冬季寵物,0.5,0.0,0,https://kaggle.com/dataset/item-KG_51555013490,Kaggle,Kaggle Dataset,False
KG_24454329987,511日雜～鐵製半圓花器,0.5,0.0,0,https://kaggle.com/dataset/item-KG_24454329987,Kaggle,Kaggle Dataset,False
KG_18454734089,【全新】littleroom&emmore（D384）闆娘自訂款卡其西裝外套,0.5,0.0,0,https://kaggle.com/dataset/item-KG_18454734089,Kaggle,Kaggle Dataset,False
KG_23605377277,【現貨】CC闆娘韓國代購🇰🇷 慵懶圓領毛衣 莎曼莎款 daily vanity,0.5,0.0,0,https://kaggle.com/dataset/item-KG_23605377277,Kaggle,Kaggle Dataset,False
KG_52402279389,【臺灣熱賣】10排狐係嬰兒直假睫毛10排大容量濃密斜飛眼尾拉長款眼睫毛噁魔女 泳宏商店,0.5,0.0,0,https://kaggle.com/dataset/item-KG_52402279389,Kaggle,Kaggle Dataset,False
KG_24690266100,🧚‍♀️日本GRL 甜美氣質流蘇針織外套🧚‍♀️,0.5,0.0,0,https://kaggle.com/dataset/item-KG_24690266100,Kaggle,Kaggle Dataset,False
KG_41402929385,騎士包 山地自行車 后置馱包 貨架包 車尾包 全防水 駝包 長途旅行 川藏騎行裝備,0.5,0.0,0,https://kaggle.com/dataset/item-KG_41402929385,Kaggle,Kaggle Dataset,False
KG_40982055040,免運出貨🐴2026新款中秋節裝飾掛飾石榴串燈掛件古風禪意小庭院過年裝飾佈置,0.5,0.0,0,https://kaggle.com/dataset/item-KG_40982055040,Kaggle,Kaggle Dataset,False
KG_44427172851,【CLIN】P059「隔日到貨」彎刀剪裁落地褲 高規 彎刀褲 西裝褲 寬褲 落地褲 闊腿褲 長褲男 垂墜感,0.5,0.0,0,https://kaggle.com/dataset/item-KG_44427172851,Kaggle,Kaggle Dataset,False
KG_8541145650,💖日本進口 * 小野美紀老師* 棉布 1尺,0.5,0.0,0,https://kaggle.com/dataset/item-KG_8541145650,Kaggle,Kaggle Dataset,False
KG_50555055870,台灣出貨🚀寵物電剪 多功能寵物電剪 電動LED寵物剃毛器 寵物剃毛機 理毛神器 電剪 貓咪剃毛 狗狗電推剪 寵物美容,0.5,0.0,0,https://kaggle.com/dataset/item-KG_50555055870,Kaggle,Kaggle Dataset,False
KG_48553817023,超奢華棕色 Zara 皮草大衣(帶實拍),0.5,0.0,0,https://kaggle.com/dataset/item-KG_48553817023,Kaggle,Kaggle Dataset,False
KG_23029471682,全新 ZARA 綠色 暗綠色 墨綠 閃亮 金葱 薄 針織 V領 寬鬆版型 罩衫 薄外套 KNIT (S號),0.5,0.0,0,https://kaggle.com/dataset/item-KG_23029471682,Kaggle,Kaggle Dataset,False
KG_17927561460,不三不飾●簡歐美穿孔飾品鈦鋼外牙臍釘捷克鑽閃亮鋯石肚臍扣倒帶肚臍釘臍環【台灣出貨】,0.5,0.0,0,https://kaggle.com/dataset/item-KG_17927561460,Kaggle,Kaggle Dataset,False
KG_47803804959,MO🇰🇷 韓國東大門代購 韓國代購 可拆式毛毛領 羊毛針織罩衫上衣 預購,0.5,0.0,0,https://kaggle.com/dataset/item-KG_47803804959,Kaggle,Kaggle Dataset,False
KG_50952224266,爆款免運-紋繡工具箱手提美容美甲美睫多層大容量化妝箱專業紋眉師專用箱子,0.5,0.0,0,https://kaggle.com/dataset/item-KG_50952224266,Kaggle,Kaggle Dataset,False
KG_46963010840,【可開發票】42步進馬達雕刻機第四軸A軸旋轉軸數控分度頭主軸卡盤,0.5,0.0,0,https://kaggle.com/dataset/item-KG_46963010840,Kaggle,Kaggle Dataset,False
KG_26345167026,現貨* 脈衝雷射焊接機模具補焊機電子元件醫療元件自動光纖QCW點焊機 -訂金,0.5,0.0,0,https://kaggle.com/dataset/item-KG_26345167026,Kaggle,Kaggle Dataset,False
KG_12309017457,HONDA 美規 歐規 CIVIC FK8 TypeR 機油洩油螺絲,0.5,0.0,0,https://kaggle.com/dataset/item-KG_12309017457,Kaggle,Kaggle Dataset,False
KG_46403880630,2026疊色繡花太空棉上衣 108-9371 韓標🇰🇷疊色繡花設計圓領 近看才懂它的細節美 挺度在線、不易皺,0.5,0.0,0,https://kaggle.com/dataset/item-KG_46403880630,Kaggle,Kaggle Dataset,False
KG_50054934909,🔥品質之選🔥【水陸兩用可潛水100米】潛水手電筒強光可充電超亮遠射5000防水//免運,0.5,0.0,0,https://kaggle.com/dataset/item-KG_50054934909,Kaggle,Kaggle Dataset,False
KG_46562903248,臺灣出貨06-✅家用手提式高壓清洗機洗車機泵頭洗車器泵頭總成洗車機配件零件,0.5,0.0,0,https://kaggle.com/dataset/item-KG_46562903248,Kaggle,Kaggle Dataset,False
KG_7001673954,水魚兒之美麗元素～絨毛豹紋耳飾,0.5,0.0,0,https://kaggle.com/dataset/item-KG_7001673954,Kaggle,Kaggle Dataset,False
KG_51703164280,🔊100公斤可穿 長款大學T裙女 過膝 春秋款 韓版 大尺碼女裝 胖mm寬鬆遮肉包臀長袖洋裝 大尺碼上衣【LXT】,0.5,0.0,0,https://kaggle.com/dataset/item-KG_51703164280,Kaggle,Kaggle Dataset,False
KG_50812974588,三輥研磨機實驗室漿料研磨機油漆油墨三輥機小型試驗三輥研磨機運費咨詢客服6.28,0.5,0.0,0,https://kaggle.com/dataset/item-KG_50812974588,Kaggle,Kaggle Dataset,False
KG_48812842494,【促銷】圖拉斯O3Light耳機殼適用蘋果AirPodspro3保護套3代三代降噪版,0.5,0.0,0,https://kaggle.com/dataset/item-KG_48812842494,Kaggle,Kaggle Dataset,False
KG_55600958112,【衣隅Yiyu】 高級感法式名媛氣質性感掛脖百褶綢緞面收腰連衣裙 女主晚禮服 香檳粉洋裝,0.5,0.0,0,https://kaggle.com/dataset/item-KG_55600958112,Kaggle,Kaggle Dataset,False
KG_44763006322,掛脖純欲紫色波點雪紡套裝女性感收腰上衣高腰修身包臀裙辣妹香芋紫復古波點掛脖雪紡上衣+開叉包臀半裙小個子約會顯白氛围感套裝,0.5,0.0,0,https://kaggle.com/dataset/item-KG_44763006322,Kaggle,Kaggle Dataset,False
KG_41124232281,Zeroin 純棉衛衣 薄衛衣長袖上衣 連帽衛衣 oversize 帽t 潮流衣服 秋冬上衣 ins風 字母印花,0.5,0.0,0,https://kaggle.com/dataset/item-KG_41124232281,Kaggle,Kaggle Dataset,False
KG_41082104195,爆款推薦戶外摺疊椅子便攜式釣魚板凳椅凳凳子美術釣椅生畫火車寫生休閒椅,0.5,0.0,0,https://kaggle.com/dataset/item-KG_41082104195,Kaggle,Kaggle Dataset,False
KG_53462968033,【夏日大促】A1055C131/轎門開關/電梯配件,0.5,0.0,0,https://kaggle.com/dataset/item-KG_53462968033,Kaggle,Kaggle Dataset,False
KG_19150692649,女裝 chic秋冬新款套頭圓領慵懶風針織衫豎條紋圓領拼色長袖毛衣女,0.5,0.0,0,https://kaggle.com/dataset/item-KG_19150692649,Kaggle,Kaggle Dataset,False
KG_26045190879,jde41599冷卻液排氣分離器適用路虎衛士1102023款捷豹F-Type QTZC,0.5,0.0,0,https://kaggle.com/dataset/item-KG_26045190879,Kaggle,Kaggle Dataset,False
KG_41164538430,[READY HANOI EXPRESS] ONESOON 2 件套長袖船領露臍上衣配性感喇叭短裙女,0.5,0.0,0,https://kaggle.com/dataset/item-KG_41164538430,Kaggle,Kaggle Dataset,False
KG_26222614705,路亞環 路亞雙圈 壓扁雙圈 顫泳 波扒 鉛魚 米諾 VIB 路亞不銹鋼打扁強力雙圈微物改裝路亞壓扁環小雙圈三本鈎鋼圈連接,0.5,0.0,0,https://kaggle.com/dataset/item-KG_26222614705,Kaggle,Kaggle Dataset,False
KG_56612952137,《臺灣出貨》氣動開關手扳閥4H210-08手拉閥4R手動閥控制閥氣缸閥門3R二位五通*-*&,0.5,0.0,0,https://kaggle.com/dataset/item-KG_56612952137,Kaggle,Kaggle Dataset,False
KG_51762968524,【可開發票】平板散熱 iPad 風冷半導體制冷 散熱器 喫雞 直播 遊戲適用於蘋果 安卓,0.5,0.0,0,https://kaggle.com/dataset/item-KG_51762968524,Kaggle,Kaggle Dataset,False
KG_21465552396,現貨+預購 韓國直送正韓針織短版復古1994上衣,0.5,0.0,0,https://kaggle.com/dataset/item-KG_21465552396,Kaggle,Kaggle Dataset,False
KG_52662948646,性器具圍脖性用品成人玩具用品調教金屬正圓項圈合金SM助,0.5,0.0,0,https://kaggle.com/dataset/item-KG_52662948646,Kaggle,Kaggle Dataset,False
KG_44260375605,臺灣出貨✨防過敏假睫毛膠水5ml雙眼皮液 天然乳膠無過敏✨賣場精選,0.5,0.0,0,https://kaggle.com/dataset/item-KG_44260375605,Kaggle,Kaggle Dataset,False
KG_22670170055,日本品牌 oops 背心,0.5,0.0,0,https://kaggle.com/dataset/item-KG_22670170055,Kaggle,Kaggle Dataset,False
KG_40311726218,台灣出貨👈工廠出貨📣汽車音響超薄箱體6.5寸8寸10寸喇叭空箱木箱車載音箱家用低音炮箱 樂購精選,0.5,0.0,0,https://kaggle.com/dataset/item-KG_40311726218,Kaggle,Kaggle Dataset,False
KG_51262989449,【米沃奇福利社】含稅DIABLO惡魔軍刀鋸片100倍壽命白鐵鋸片8TPI，最強軍刀鋸片之一,0.5,0.0,0,https://kaggle.com/dataset/item-KG_51262989449,Kaggle,Kaggle Dataset,False
KG_51712979657,電焊眼鏡 9檔旋轉可調節亮度減光墨鏡 雙偏光防強光電焊眼鏡 太陽鏡 防強光 防風 防飛濺 气焊 氬焊 電焊 焊接眼鏡,0.5,0.0,0,https://kaggle.com/dataset/item-KG_51712979657,Kaggle,Kaggle Dataset,False
KG_55362663883,【可開發票】【雨虹飛魚】奶油風地漏黃銅拉絲防臭地漏蓋芯衛生間淋浴洗衣機地漏,0.5,0.0,0,https://kaggle.com/dataset/item-KG_55362663883,Kaggle,Kaggle Dataset,False
KG_1270597771,TIGUAN【全電行】12H快速更換 GLOBAL EFB L3 70AH 福斯 福特 免加水 高啟動,0.5,0.0,0,https://kaggle.com/dataset/item-KG_1270597771,Kaggle,Kaggle Dataset,False
KG_53112822624,【促銷】杜克RS2棘輪螺絲刀套裝多功能便攜批頭十字六角批正反轉彎頭工具,0.5,0.0,0,https://kaggle.com/dataset/item-KG_53112822624,Kaggle,Kaggle Dataset,False
KG_18543096752,運動 健身 瑜伽T恤 素面 短袖 有型 短T 修身 顯瘦 短袖 四季可穿 純棉好看好搭 Nike愛迪達Fila可參考,0.5,0.0,0,https://kaggle.com/dataset/item-KG_18543096752,Kaggle,Kaggle Dataset,False
KG_1016683076,轉賣 正韓全新現貨Ju's Closet 韓 荷葉領蕾絲上衣,0.5,0.0,0,https://kaggle.com/dataset/item-KG_1016683076,Kaggle,Kaggle Dataset,False
KG_51462956868,免運德國芝浦正品 12吋鋰電割草機 超強動力汽油級割草機 20節超長續航 電動割草機 可伸缩割草機 充電式農用鋰電除草機,0.5,0.0,0,https://kaggle.com/dataset/item-KG_51462956868,Kaggle,Kaggle Dataset,False
KG_50012996822,🦐新款下殺 免運🦐 電動升降桌 桌子 電競桌 傾斜升降桌 智能升降桌 電腦桌 顯示器支架電腦桌 電競可升降桌子,0.5,0.0,0,https://kaggle.com/dataset/item-KG_50012996822,Kaggle,Kaggle Dataset,False
KG_1848648905,CAMELWILI 簡易式不鏽鋼露營餐具6件（鈺蓁）,0.5,0.0,0,https://kaggle.com/dataset/item-KG_1848648905,Kaggle,Kaggle Dataset,False
KG_51712995309,【可開發票】CNC數控雕刻機數控雕刻機 新款桌面雕刻機切機金屬木工浮雕 不含運費,0.5,0.0,0,https://kaggle.com/dataset/item-KG_51712995309,Kaggle,Kaggle Dataset,False
KG_43126810676,【全新現貨】UV紫光舞台燈光 ► 1w36顆燈珠 LED PAR 螢光燈 紫光染色燈 UV紫外線燈 紫外光固化燈,0.5,0.0,0,https://kaggle.com/dataset/item-KG_43126810676,Kaggle,Kaggle Dataset,False
KG_55412973835,❤️台灣🚛出❤️新款打孔定位器手動中心定點器衝工具高硬度精準樣衝洋衝頭打眼器,0.5,0.0,0,https://kaggle.com/dataset/item-KG_55412973835,Kaggle,Kaggle Dataset,False
KG_56312979169,奧刻老人代步車三輪電動輕便折疊旅游小型助力電瓶車老年便攜代車,0.5,0.0,0,https://kaggle.com/dataset/item-KG_56312979169,Kaggle,Kaggle Dataset,False
KG_44512947501,【台灣爆款】瑞安同款傳家鍋304不鏽鋼鍋無塗層超輕圓底炒鍋燃氣煤氣竈炒菜鍋 7天鑒賞,0.5,0.0,0,https://kaggle.com/dataset/item-KG_44512947501,Kaggle,Kaggle Dataset,False
KG_53755059985,客製化打卡棒 台灣出貨 打卡棒訂製 來圖客製 打卡牌 壓克力打卡棒 應援 合影牌 明星周邊 手持打卡棒 壓克力立牌 立牌,0.5,0.0,0,https://kaggle.com/dataset/item-KG_53755059985,Kaggle,Kaggle Dataset,False
KG_57955058449,CAMVATE 夾線器 固定和整理相機傳輸線 適合3、4、5mm直徑的傳輸線 免工具1/4螺絲 最多可夾緊四根傳輸線,0.5,0.0,0,https://kaggle.com/dataset/item-KG_57955058449,Kaggle,Kaggle Dataset,False
KG_11955862703,【布便宜】粉底點點《MichaelMiller棉布》一碼$150,0.5,0.0,0,https://kaggle.com/dataset/item-KG_11955862703,Kaggle,Kaggle Dataset,False
KG_18882188742,台灣出貨 韓版襯衫短袖夏季新款上衣女學生寬松五分袖港風半袖百搭工裝襯衣,0.5,0.0,0,https://kaggle.com/dataset/item-KG_18882188742,Kaggle,Kaggle Dataset,False
KG_22912653348,❤️日本海渡 Tights Inner 發熱褲 超薄 緊身 內搭 保暖 知名發熱衣品牌,0.5,0.0,0,https://kaggle.com/dataset/item-KG_22912653348,Kaggle,Kaggle Dataset,False
KG_21193775135,甜心公主Meet 👗女裝館 霧松霧語夏新款純欲性感辣妹蕾絲包臀裙子收腰顯瘦連衣裙女,0.5,0.0,0,https://kaggle.com/dataset/item-KG_21193775135,Kaggle,Kaggle Dataset,False
KG_41382100307,小型220V靜音變頻雅馬哈大功率遙控手提汽油發電機野營擺攤急用電運費咨詢客服6.28,0.5,0.0,0,https://kaggle.com/dataset/item-KG_41382100307,Kaggle,Kaggle Dataset,False
KG_40615210517,機車車把柱增高30毫米車把增高墊通用 7/8 英寸 φ22 28 CNC 加工黑色適用川崎Z1000 雅馬哈,0.5,0.0,0,https://kaggle.com/dataset/item-KG_40615210517,Kaggle,Kaggle Dataset,False
KG_50055093828,遊戲機收納包 任天堂 switch 收納箱 硬殼收納包 主機包 手把收納包 澳加獅Switch2收納箱大容量NS2遊戲機,0.5,0.0,0,https://kaggle.com/dataset/item-KG_50055093828,Kaggle,Kaggle Dataset,False
KG_50512883944,【可開發票】水鑽機轉換頭 轉水鑽加水電錘轉秒變水鑽機轉換接杆 方柄圓柄加長杆,0.5,0.0,0,https://kaggle.com/dataset/item-KG_50512883944,Kaggle,Kaggle Dataset,False
KG_52162979810,可開發票🧣防跑220防爆兩級KPT1開關BKPT11230皮帶機裝置拉繩料溜檢測打滑/部分訂金聊聊,0.5,0.0,0,https://kaggle.com/dataset/item-KG_52162979810,Kaggle,Kaggle Dataset,False
KG_17352163519,Skoda superb斯柯達專用真皮原廠樣式排檔頭,0.5,0.0,0,https://kaggle.com/dataset/item-KG_17352163519,Kaggle,Kaggle Dataset,False
KG_54655070838,【熱銷】高檔奢華紅領結勃艮第紅酒杯醒酒器套裝大號水晶葡萄酒高腳杯酒具,0.5,0.0,0,https://kaggle.com/dataset/item-KG_54655070838,Kaggle,Kaggle Dataset,False
KG_52712985461,咪咪良品🔥維修佬中層補點焊片蘋果安卓主板無痕修復快速補點磷銅高效修復,0.5,0.0,0,https://kaggle.com/dataset/item-KG_52712985461,Kaggle,Kaggle Dataset,False
KG_51912644378,【四季沐歌】家用廚房面盆水龍頭通用型冷熱水龍頭銀色洗菜盆旋轉龍頭,0.5,0.0,0,https://kaggle.com/dataset/item-KG_51912644378,Kaggle,Kaggle Dataset,False
KG_26937227254,「Frenzie」美式復古潮牌花卉滿印提花設計長袖襯衫男女寬鬆休閒港風情侶襯衣外套休閒百搭上衣,0.5,0.0,0,https://kaggle.com/dataset/item-KG_26937227254,Kaggle,Kaggle Dataset,False
KG_21637411929,【水車殼】山葉 新勁戰三代 H殼 消光黑+側蓋組 消光黑 1組2入+飛鏢組 亮黑色 1組2入+後蓋板 消光黑 3代戰,0.5,0.0,0,https://kaggle.com/dataset/item-KG_21637411929,Kaggle,Kaggle Dataset,False
KG_888531901,全新big train 超輕量羽絨外套,0.5,0.0,0,https://kaggle.com/dataset/item-KG_888531901,Kaggle,Kaggle Dataset,False
KG_6863392391,韓 全新品 米白色/杏色 大V領 胸前交叉 坑條合身微透針織上衣,0.5,0.0,0,https://kaggle.com/dataset/item-KG_6863392391,Kaggle,Kaggle Dataset,False
KG_53762974171,【三良打磨砂纸】超軟型海綿砂紙 3MM厚柔軟型 曲面打磨 水洗復活 研磨,0.5,0.0,0,https://kaggle.com/dataset/item-KG_53762974171,Kaggle,Kaggle Dataset,False
KG_51612956752,德國艾銳盾 鋰電磨鏈機 便攜式磨鏈條機器 油鋸鏈條打磨 鋰電打磨機 mini打磨機 電動磨鏈機 鏈條打磨機 油鋸磨鏈機,0.5,0.0,0,https://kaggle.com/dataset/item-KG_51612956752,Kaggle,Kaggle Dataset,False
KG_1079863825,個性風休閒3件式套裝,0.5,0.0,0,https://kaggle.com/dataset/item-KG_1079863825,Kaggle,Kaggle Dataset,False
KG_52512970866,鳴豫P12/12K直流圓形吸盤電磁鐵吸力1.5kg自帶磁力通電消磁強磁,0.5,0.0,0,https://kaggle.com/dataset/item-KG_52512970866,Kaggle,Kaggle Dataset,False
KG_54362996295,限時下殺 110V美規水泥砂漿攪拌機調速電動混凝土飼料長桿手持抹灰機鬆土機-詢運費,0.5,0.0,0,https://kaggle.com/dataset/item-KG_54362996295,Kaggle,Kaggle Dataset,False
KG_52932853,又敗家KIWIFOTOS LA-52RX100轉接環Sony索尼RX100 M2 M3 M4 M5 IV裝52mm濾鏡V,0.5,0.0,0,https://kaggle.com/dataset/item-KG_52932853,Kaggle,Kaggle Dataset,False
KG_46455098163,節日美甲貼紙 🔥 春節 喜慶中國結 美甲輔助貼紙 美甲貼紙 爆款 新中式 精緻 指甲貼,0.5,0.0,0,https://kaggle.com/dataset/item-KG_46455098163,Kaggle,Kaggle Dataset,False
KG_40182098620,法蘭接頭 方變圓法蘭介面 風機通風口 管道轉接口 方轉圓 方形風口 管道接頭 ABS塑料方變圓管道通風口法蘭接頭新風系統,0.5,0.0,0,https://kaggle.com/dataset/item-KG_40182098620,Kaggle,Kaggle Dataset,False
KG_25412571033,幸運草晶鑽戒指_t-135,0.5,0.0,0,https://kaggle.com/dataset/item-KG_25412571033,Kaggle,Kaggle Dataset,False
KG_55962974608,可開發票 ZIGO新款玫瑰金木柄勺304不銹鋼咖啡勺廚房調料勺胡桃木咖啡豆勺,0.5,0.0,0,https://kaggle.com/dataset/item-KG_55962974608,Kaggle,Kaggle Dataset,False
KG_43372408335,DREAM COLOR KR 一件免運 韓國代購 正韓女裝 浪漫情調側肩開衩修身針織上衣 0930,0.5,0.0,0,https://kaggle.com/dataset/item-KG_43372408335,Kaggle,Kaggle Dataset,False
KG_57301684998,2025【冬季質感】VENUSY｜正韓🇰🇷 - 韓國東大門空運直送台灣｜人字紋格紋大衣,0.5,0.0,0,https://kaggle.com/dataset/item-KG_57301684998,Kaggle,Kaggle Dataset,False
KG_1034802262,日本知名品牌針織上衣,0.5,0.0,0,https://kaggle.com/dataset/item-KG_1034802262,Kaggle,Kaggle Dataset,False
KG_49712949375,🔥在臺熱售 臺灣出貨🔥兒童防滑腳踏凳—浴室洗腳凳 小板凳寶寶墊腳凳 加厚穩固馬桶凳 洗手台踩腳凳 家用簡約防滑椅 幼,0.5,0.0,0,https://kaggle.com/dataset/item-KG_49712949375,Kaggle,Kaggle Dataset,False
KG_40469090347,【日本正版】迪士尼 米妮小屋球池遊戲帳篷🎀 附50顆球＋角色扮演配件組【限量款】生日禮物 / 新年禮物 / 聖誕禮物,0.5,0.0,0,https://kaggle.com/dataset/item-KG_40469090347,Kaggle,Kaggle Dataset,False
KG_51812973500,專拍------鎢鋼焊條 CHR322(D322),0.5,0.0,0,https://kaggle.com/dataset/item-KG_51812973500,Kaggle,Kaggle Dataset,False
KG_56712986126,可開票🎥靠背車座代駕車三輪車自行車山地車電動車用鞍座座椅護腰電瓶車,0.5,0.0,0,https://kaggle.com/dataset/item-KG_56712986126,Kaggle,Kaggle Dataset,False
KG_5053278070,【布便宜】小清新《10N帆布》一碼$110,0.5,0.0,0,https://kaggle.com/dataset/item-KG_5053278070,Kaggle,Kaggle Dataset,False
KG_54212999775,🌹限時折扣🌹日本款強力吸錫器 GS-100手動吸錫槍 防靜電吸錫泵 吸咀可替換 電子維修除錫工具 吸錫筆 吸錫除錫器,0.5,0.0,0,https://kaggle.com/dataset/item-KG_54212999775,Kaggle,Kaggle Dataset,False
KG_17655624619,全新大V領毛毛滾邊長版針織上衣,0.5,0.0,0,https://kaggle.com/dataset/item-KG_17655624619,Kaggle,Kaggle Dataset,False
KG_41982091769,玥己 ☁ 明媚薔薇 浪漫氛圍感 印花連身裙 歐美夏季新款女裝優雅休閒沙灘度假吊帶民族風印花連衣裙 S 0628,0.5,0.0,0,https://kaggle.com/dataset/item-KG_41982091769,Kaggle,Kaggle Dataset,False
KG_1248004019,CR-V【全電行】12H快速更換 GLOBAL 韓國SEBANG廠 不斷電更換 一級棒,0.5,0.0,0,https://kaggle.com/dataset/item-KG_1248004019,Kaggle,Kaggle Dataset,False
KG_45905086732,三利毛巾單層強力成人搓澡巾家用洗澡巾澡堂沐浴手套搓泥搓背神器,0.5,0.0,0,https://kaggle.com/dataset/item-KG_45905086732,Kaggle,Kaggle Dataset,False
KG_48812962489,✨精選✨DIY手工皮革皮具家用打磨棒檀木圓扁棒檀木打磨封邊全套拋光工具,0.5,0.0,0,https://kaggle.com/dataset/item-KG_48812962489,Kaggle,Kaggle Dataset,False
KG_46112987475,熱賣 衣服布料膠 水專用膠黏logo的膠補衣沾衣物印花標誌褲子鞋墊牛仔褲破洞膠布藝軟膠防水軟性沙發座椅黏接 /可開發票,0.5,0.0,0,https://kaggle.com/dataset/item-KG_46112987475,Kaggle,Kaggle Dataset,False
KG_51462983361,漢堡店專用 鏈式漢堡機 商用加熱雞肉卷皮加熱漢堡 無限量續包 不含運費,0.5,0.0,0,https://kaggle.com/dataset/item-KG_51462983361,Kaggle,Kaggle Dataset,False
KG_56662979679,【可開發票】微型迷你車牀主軸尾座頂針電鑽臺鑽車珠子雕刻機,0.5,0.0,0,https://kaggle.com/dataset/item-KG_56662979679,Kaggle,Kaggle Dataset,False
KG_50762961937,【免費試用七天】德國芝浦 噴壺 氣壓式噴水壺 超高壓細霧噴霧器水壺 泡沫噴霧器 高壓噴壺 加壓噴壺 泡沫噴壺 氣壓噴壺,0.5,0.0,0,https://kaggle.com/dataset/item-KG_50762961937,Kaggle,Kaggle Dataset,False
KG_54362974691,可開發票 新款木工斜孔定位器DIY打孔開孔工具鉆頭斜眼機衣柜連接沃一工具,0.5,0.0,0,https://kaggle.com/dataset/item-KG_54362974691,Kaggle,Kaggle Dataset,False
KG_45463015876,世工清潔刮刀金屬刀片防滑握把油清潔刀片玻璃表面手持刮刀雙色握把可更換刀片汽車貼膜工具車膜修整,0.5,0.0,0,https://kaggle.com/dataset/item-KG_45463015876,Kaggle,Kaggle Dataset,False
KG_49312941998,✨桃園出貨/精品優選✨割草機揹帶揹負式側掛式帶子雙肩背架加寬加厚割灌機園林通用配件,0.5,0.0,0,https://kaggle.com/dataset/item-KG_49312941998,Kaggle,Kaggle Dataset,False
KG_56350196776,泰熙·韓國代購/韓系 韓系柔粉針織 氣質針織 溫柔杏粉 韓系氣質日常,0.5,0.0,0,https://kaggle.com/dataset/item-KG_56350196776,Kaggle,Kaggle Dataset,False
KG_9564980376,🎉 外出超方便Set 現貨供應 當天寄出 🎊 質感修身夏季兩件式套裝 兩件式休閒套裝 糖果色百搭休閒套裝 外套短褲兩件式,0.5,0.0,0,https://kaggle.com/dataset/item-KG_9564980376,Kaggle,Kaggle Dataset,False
KG_21668822,viNvi Lady 亞麻輕薄休閒西裝外套,0.5,0.0,0,https://kaggle.com/dataset/item-KG_21668822,Kaggle,Kaggle Dataset,False
KG_50251786689,正韓氣質甜美簡約百搭V領針織造型上衣（毛衣）,0.5,0.0,0,https://kaggle.com/dataset/item-KG_50251786689,Kaggle,Kaggle Dataset,False
KG_49463005083,【夏日大促】電梯漲緊緊輪250*19*6005裝置輪子奧的斯限速器斷繩輪配件,0.5,0.0,0,https://kaggle.com/dataset/item-KG_49463005083,Kaggle,Kaggle Dataset,False
KG_46762871336,"NICOLOO電鑽板刀,合金鋼高效切割電鑽切割附件,板刀改裝工具手持設計手持電鑽改裝",0.5,0.0,0,https://kaggle.com/dataset/item-KG_46762871336,Kaggle,Kaggle Dataset,False
KG_16193838364,【震撼精品百貨】可愛巧虎島_しまの しまじろう~日本 巧虎單人用野餐墊 共兩款,0.5,0.0,0,https://kaggle.com/dataset/item-KG_16193838364,Kaggle,Kaggle Dataset,False
KG_46113015673,雪融機家用小型全自動冰沙機 飲料機快速冰淇淋機商用雪糕機 不含運費,0.5,0.0,0,https://kaggle.com/dataset/item-KG_46113015673,Kaggle,Kaggle Dataset,False
KG_50763002469,【iMOVER專業汽修】2片組 陶瓷刀片 19*38*0.25mm 替換刀片 切削工具 汽修工具,0.5,0.0,0,https://kaggle.com/dataset/item-KG_50763002469,Kaggle,Kaggle Dataset,False
KG_46113015205,幹農活防水防潮勞保護膝工裝園林汽修跪地工作耐磨防滑無殼護膝 膝蓋保護套 跪地護膝 護膝跪墊 護膝墊 跪拜護膝 運動護膝 ,0.5,0.0,0,https://kaggle.com/dataset/item-KG_46113015205,Kaggle,Kaggle Dataset,False
KG_55802890504,台灣免運💕 朱志鑫明星同款鞋子 2025新款 女 帆布鞋 厚底 增高 休閑鞋 潮牌 滑板鞋,0.5,0.0,0,https://kaggle.com/dataset/item-KG_55802890504,Kaggle,Kaggle Dataset,False
KG_46255102648,蔬菜瓜果省力獨輪手推車農田運輸神器懶漢工具農用工具大全小推車,0.5,0.0,0,https://kaggle.com/dataset/item-KG_46255102648,Kaggle,Kaggle Dataset,False
KG_48505071376,名稱：白藍色夾棉羊羔毛外套,0.5,0.0,0,https://kaggle.com/dataset/item-KG_48505071376,Kaggle,Kaggle Dataset,False
KG_53902769283,韓版休閒減齡披肩衛衣大學t兩件式套裝女秋季大尺碼胖mm高級感工裝半身裙A字長裙傘裙兩件式套裝,0.5,0.0,0,https://kaggle.com/dataset/item-KG_53902769283,Kaggle,Kaggle Dataset,False
KG_18791315210,【小花園】園藝工具 種植多肉工具套裝 迷你三件套鐵鏟家用,0.5,0.0,0,https://kaggle.com/dataset/item-KG_18791315210,Kaggle,Kaggle Dataset,False
KG_50005031899,《TWICE》迷十四專『Strategy』預售禮方卡、貼紙、特典,0.5,0.0,0,https://kaggle.com/dataset/item-KG_50005031899,Kaggle,Kaggle Dataset,False
KG_41660417759,臥室學習桌 現代簡約桌子 家用辦公桌 書桌書架一體桌 多用途寫字桌 分層收納桌子 成人電腦桌子 大容量儲物書櫃 極簡書櫥,0.5,0.0,0,https://kaggle.com/dataset/item-KG_41660417759,Kaggle,Kaggle Dataset,False
KG_55112980864,⚡組裝模型工具⚡鋼彈模型GK刻線刀 推刀 雕刻刀 模型制作工具 軍模細節改造工具 模型拼裝工具,0.5,0.0,0,https://kaggle.com/dataset/item-KG_55112980864,Kaggle,Kaggle Dataset,False
KG_44073400415,D + AF鞋子，全新25號,0.5,0.0,0,https://kaggle.com/dataset/item-KG_44073400415,Kaggle,Kaggle Dataset,False
KG_6324240403,➶大桃園汽車材料➶ 福特 FOCUS 05 IMAX I-MAX 火車頭 愛車冷 廢氣閥 提速器 EGR 電磁閥 增冷,0.5,0.0,0,https://kaggle.com/dataset/item-KG_6324240403,Kaggle,Kaggle Dataset,False
KG_11319744805,豬豬日本拼布 限量版權卡通布 Splatoon漆彈大作戰 斯普拉遁 遊戲 B款 厚棉布料材質,0.5,0.0,0,https://kaggle.com/dataset/item-KG_11319744805,Kaggle,Kaggle Dataset,False
KG_46312970775,優選♥可開票//可樂分身術可樂瓶分裂移位分割可樂瓶才藝表演魔術道具擺地攤,0.5,0.0,0,https://kaggle.com/dataset/item-KG_46312970775,Kaggle,Kaggle Dataset,False
KG_27273414988,掌上型噴砂槍 氣動小型高壓噴砂機 除鏽除雜質噴沙槍 除油沖沙工具 噴砂槍 噴霧槍 便攜噴砂機 小型移動式噴砂槍,0.5,0.0,0,https://kaggle.com/dataset/item-KG_27273414988,Kaggle,Kaggle Dataset,False
KG_56762968074,🛍 割草機鋼絲打草頭扭絲打草輪打草機除草頭 加厚鋼絲除鏽除草盤配件 加厚耐用 透氣,0.5,0.0,0,https://kaggle.com/dataset/item-KG_56762968074,Kaggle,Kaggle Dataset,False
KG_47405119377,🔥台灣出貨🔥 尼康Z 16-50遮光罩 微單Z30 Z50 ZFC相機1650套機配件46mm替HN-40,0.5,0.0,0,https://kaggle.com/dataset/item-KG_47405119377,Kaggle,Kaggle Dataset,False
KG_24846194072,廠商 秒殺#5CM特斯拉線圈 超迷你人工閃電發生器 高轉化效率 科學實驗設備 特斯拉線圈 閃電發生器 實驗設備,0.5,0.0,0,https://kaggle.com/dataset/item-KG_24846194072,Kaggle,Kaggle Dataset,False
KG_44613035884,臺灣出貨家用馬卡龍捲尺三圍測量尺量身高神器標準隨身米尺便攜式捲尺宿舍,0.5,0.0,0,https://kaggle.com/dataset/item-KG_44613035884,Kaggle,Kaggle Dataset,False
KG_54962985727,咪咪良品🔥維修佬圓筒長柄鬢毛刷 鋼毛刷 手機維修芯片主板清潔毛刷不易脫毛,0.5,0.0,0,https://kaggle.com/dataset/item-KG_54962985727,Kaggle,Kaggle Dataset,False
KG_17198376350,【ChillMan】王嘉爾ST男女衕款樹枝落葉印花複古寬鬆直筒粉色休閒工裝牛仔長褲,0.5,0.0,0,https://kaggle.com/dataset/item-KG_17198376350,Kaggle,Kaggle Dataset,False
KG_45512968101,制作腰帶配件牙齒膠條卡齒自動扣牙扣皮帶卡槽牙條手工皮具皮帶扣,0.5,0.0,0,https://kaggle.com/dataset/item-KG_45512968101,Kaggle,Kaggle Dataset,False
KG_47412962142,可開發票🧣摩托車重機車起胎架起車架舉升機輪胎輪轂軸維修工具輔助拆裝工具/部分訂金聊聊,0.5,0.0,0,https://kaggle.com/dataset/item-KG_47412962142,Kaggle,Kaggle Dataset,False
KG_42273186954,時尚洗衣房配件衣架小空間節省空間不銹鋼螺旋晾衣架洗衣被子毯子室內戶外衣架,0.5,0.0,0,https://kaggle.com/dataset/item-KG_42273186954,Kaggle,Kaggle Dataset,False
KG_53362961007,熱賣、ZS118系列多路換向閥液壓分配器手動控制一至油缸液壓閥,0.5,0.0,0,https://kaggle.com/dataset/item-KG_53362961007,Kaggle,Kaggle Dataset,False
KG_44218994833,遮肚子套裝 裙套裝 套裝 緬甸傣族時尚成品服裝套裝衣服上衣扣子裙子民族傣族服裝女,0.5,0.0,0,https://kaggle.com/dataset/item-KG_44218994833,Kaggle,Kaggle Dataset,False
KG_55813006066,{台灣出貨}適用於牧田威克士米沃奇得偉款電*/池 取電座轉換器鏈 接頭燈DC5521線 取電座,0.5,0.0,0,https://kaggle.com/dataset/item-KG_55813006066,Kaggle,Kaggle Dataset,False
KG_50612966927,富士濾光片ND-LCD檢測用nd卡日本原裝ndfilter1%2%3%4%5%6%8%10*10.10 9X8Z,0.5,0.0,0,https://kaggle.com/dataset/item-KG_50612966927,Kaggle,Kaggle Dataset,False
KG_16654794806,黑色現貨特價！原價1380！韓國代購Korea 正韓 兩件式套裝～休閒短款設計感收腰綁帶上衣+顯瘦垂感長裙 實拍,0.5,0.0,0,https://kaggle.com/dataset/item-KG_16654794806,Kaggle,Kaggle Dataset,False
