ma_san_pham,ten_san_pham,gia,danh_gia,luot_ban,url,nen_tang,nganh_hang,da_kiem_tra_gia_ao
279325148,Bút bi Claro ARROW 0.5mm Mực Xanh (Giao Màu Ngẫu Nhiên),3750.0,0.0,499,https://tiki.vn/but-bi-claro-arrow-0-5mm-muc-xanh-p279325148.html?spid=279325149,Tiki,Sách tiếng Việt,False
279218500,Ship of Theseus - NXB Trẻ,46000.0,5.0,307,https://tiki.vn/ship-of-theseus-01-nxb-tre-p279218500.html?spid=279493243,Tiki,Truyện tranh/Manga,False
279157961,Sách Hikaru - Kì Thủ Cờ Vây - Ultimate Edition ( Chọn Tập),72200.0,5.0,400,https://tiki.vn/hikaru-ki-thu-co-vay-ultimate-edition-tap-1-p279157961.html?spid=279277884,Tiki,Truyện tranh/Manga,False
279112904,Thám Tử Lừng Danh Conan - Tập 107,23750.0,5.0,269,https://tiki.vn/tham-tu-lung-danh-conan-tap-107-p279112904.html?spid=279112916,Tiki,Truyện tranh/Manga,False
278997061,Sách Tô Màu Phát Triển Trí Não Bộ Cho Bé 1-5 Tuổi - [Từ Tập 11 - Tập 20] - Chọn Tập Lẻ,10971.0,5.0,199,https://tiki.vn/sach-to-mau-phat-trien-tri-nao-bo-cho-be-1-5-tuoi-tu-tap-11-tap-20-chon-tap-le-p278997061.html?spid=278997091,Tiki,Sách ngoại văn,False
278968251,Hàng Xóm Của Tôi TOTORO (Truyện tranh màu) - [Chọn Tập Lẻ,71250.0,5.0,171,https://tiki.vn/hang-xom-cua-toi-totoro-truyen-tranh-mau-chon-tap-le-p278968251.html?spid=278968553,Tiki,Truyện tranh/Manga,False
278967562,Monster - Deluxe Edition –  [Chọn Tập Lẻ,118750.0,5.0,496,https://tiki.vn/monster-deluxe-edition-chon-tap-le-p278967562.html?spid=279445409,Tiki,Truyện tranh/Manga,False
278879928,Sách Nếu Như Không Thể Nói Nếu Như & Có Ai Giữ Giùm Những Lãng Quên & Thức Dậy Anh Vẫn Là Mơ - Tái Bản 2025,79350.0,5.0,315,https://tiki.vn/sach-neu-nhu-khong-the-noi-neu-nhu-co-ai-giu-gium-nhung-lang-quen-thuc-day-anh-van-la-mo-tai-ban-2025-p278879928.html?spid=278879978,Tiki,Sách ngoại văn,False
278856619,Sách Cô Bé Hàng Xóm Và Bốn Viên Kẹo (Nguyễn Nhật Ánh) - 2 phiên bản & quà tặng kèm,86000.0,5.0,883,https://tiki.vn/sach-co-be-hang-xom-va-bon-vien-keo-p278856619.html?spid=278856627,Tiki,Sách ngoại văn,False
278790552,Bộ Truyện One Piece [Chọn Tập Lẻ,22800.0,5.0,346,https://tiki.vn/bo-truyen-one-piece-chon-tap-le-p278790552.html?spid=278790687,Tiki,Truyện tranh/Manga,False
278785576,Sách Dragon Ball - 7 Viên Ngọc Rồng [Chọn Tập Lẻ,28500.0,4.8,270,https://tiki.vn/sach-dragon-ball-7-vien-ngoc-rong-chon-tap-le-p278785576.html?spid=278785631,Tiki,Truyện tranh/Manga,False
278777861,Bộ Sách Quiz! Khoa Học Kì Thú [Chọn Tập Lẻ,55200.0,5.0,987,https://tiki.vn/bo-sach-quiz-khoa-hoc-ki-thu-p278777861.html?spid=278826444,Tiki,Vitamin & Thực phẩm bổ sung,False
278777851,Sách Ma Đạo Tổ Sư - Tái Bản,132300.0,5.0,170,https://tiki.vn/sach-ma-dao-to-su-tai-ban-2025-p278777851.html?spid=278777816,Tiki,Sách thiếu nhi,False
278715265,Sách Hà Thanh Hải Yến - Ngang Qua Ngõ Nhỏ Bình An,143700.0,5.0,73,https://tiki.vn/sach-ha-thanh-hai-yen-ngang-qua-ngo-nho-binh-an-p278715265.html?spid=278715267,Tiki,Sách ngoại văn,False
278710197,Rắc Rối Đáng Yêu - Love☆Com,45000.0,5.0,235,https://tiki.vn/rac-roi-dang-yeu-love-com-p278710197.html?spid=279394160,Tiki,Truyện tranh/Manga,False
278706881,Itto - Sóng Gió Cầu Trường - [Tái Bản 2025,23750.0,5.0,225,https://tiki.vn/itto-song-gio-cau-truong-tai-ban-2025-p278706881.html?spid=278706948,Tiki,Truyện tranh/Manga,False
278523761,Siêu Quậy Teppei Tập 1 – Tập 31,22500.0,5.0,310,https://tiki.vn/sieu-quay-teppei-tap-1-tap-31-p278523761.html?spid=278523800,Tiki,Truyện tranh/Manga,False
278496130,Thanh Gươm Diệt Quỷ,28500.0,5.0,4525,https://tiki.vn/thanh-guom-diet-quy-tap-1-tan-khoc-p278496130.html?spid=48035298,Tiki,Truyện tranh/Manga,False
278463126,Komi - Nữ Thần Sợ Giao Tiếp ( Chọn Tập Lẻ),27000.0,4.8,975,https://tiki.vn/komi-nu-than-so-giao-tiep-chon-tap-le-p278463126.html?spid=144779881,Tiki,Truyện tranh/Manga,False
278275166,Hoa Thơm Kiêu Hãnh (Chọn tập lẻ),50000.0,5.0,641,https://tiki.vn/hoa-thom-kieu-hanh-p278275166.html?spid=278626624,Tiki,Truyện tranh/Manga,False
277962612,Sách Thiên Quan Tứ Phúc,107600.0,4.8,490,https://tiki.vn/sach-thien-quan-tu-phuc-p277962612.html?spid=277962709,Tiki,Sách thiếu nhi,False
277591013,Bộ Truyện - Itto - Cơn lốc sân cỏ,166250.0,5.0,205,https://tiki.vn/bo-truyen-itto-con-loc-san-co-p277591013.html?spid=277591041,Tiki,Truyện tranh/Manga,False
277228103,Sách Husky Và Sư Tôn Mèo Trắng Của Hắn,112800.0,5.0,282,https://tiki.vn/sach-husky-va-su-ton-meo-trang-cua-han-p277228103.html?spid=278093885,Tiki,Sách thiếu nhi,False
276933744,Combo Giáo Trình Chuẩn HSK 1 - Sách Bài Học và Bài tập (Bộ 2 cuốn),296000.0,4.7,868,https://tiki.vn/combo-giao-trinh-chuan-hsk-1-sach-bai-hoc-va-bai-tap-bo-2-cuon-p276933744.html?spid=276949257,Tiki,Sách ngoại văn,True
276659602,Series các tập Claymore,35000.0,5.0,864,https://tiki.vn/claymore-01-sat-thu-mat-bac-p276659602.html?spid=277815806,Tiki,Truyện tranh/Manga,False
276657645,Sách Hệ Thống Tự Cứu Của Nhân Vật Phản Diện (Tái bản),109800.0,4.6,163,https://tiki.vn/sach-he-thong-tu-cuu-cua-nhan-vat-phan-dien-tai-ban-p276657645.html?spid=276657705,Tiki,Sách thiếu nhi,False
274363543,Sách Con Đường Chẳng Mấy Ai Đi,115000.0,5.0,6349,https://tiki.vn/sach-con-duong-chang-may-ai-di-p274363543.html?spid=274363544,Tiki,Tô màu - Luyện chữ,False
273819808,Sách Tâm Lý Học Về Tiền,150600.0,4.8,28885,https://tiki.vn/sach-tam-ly-hoc-ve-tien-p273819808.html?spid=75953558,Tiki,Sách ngoại văn,False
272188850,Soul Eater,86000.0,5.0,308,https://tiki.vn/soul-eater-p272188850.html?spid=274972079,Tiki,Truyện tranh/Manga,False
262664014,Combo Doraemon Truyện Ngắn,222300.0,5.0,476,https://tiki.vn/combo-doraemon-truyen-ngan-p262664014.html?spid=262664018,Tiki,Truyện tranh/Manga,False
249876840,"Sách Beartown - Thị trấn nhỏ, giấc mơ lớn",172000.0,5.0,2279,https://tiki.vn/sach-beartown-thi-tran-nho-giac-mo-lon-p249876840.html?spid=249876841,Tiki,Sách ngoại văn,False
202879294,Sách Người Đàn Ông Mang Tên Ove (Tái Bản 2022),128000.0,5.0,6739,https://tiki.vn/sach-nguoi-dan-ong-mang-ten-ove-tai-ban-2022-p202879294.html?spid=202879295,Tiki,Sách ngoại văn,False
190335975,Combo 2 cuốn Truyện Dành Cho Thiếu Nhi : Tuổi Thơ Dữ Dội - Tập 1 + 2 (Tái Bản),120000.0,5.0,1818,https://tiki.vn/combo-2-cuon-truyen-danh-cho-thieu-nhi-tuoi-tho-du-doi-tap-1-2-tai-ban-p190335975.html?spid=273817532,Tiki,Máy massage,False
165030729,Sách Những Kẻ Âu Lo,149000.0,5.0,2308,https://tiki.vn/sach-nhung-ke-au-lo-p165030729.html?spid=165030730,Tiki,Sách ngoại văn,False
115078652,Sách Huấn Luyện Cảm Xúc Để Con Trẻ Phát Triển Toàn Diện,142560.0,5.0,1186,https://tiki.vn/sach-huan-luyen-cam-xuc-de-con-tre-phat-trien-toan-dien-p115078652.html?spid=115078654,Tiki,Tô màu - Luyện chữ,False
91947689,Sách 7 Thói Quen Hiệu Quả (The 7 Habits Of Highly Effective People) - Stephen R. Covey - PACE Books,169200.0,5.0,9903,https://tiki.vn/sach-7-thoi-quen-hieu-qua-the-7-habits-of-highly-effective-people-stephen-r-covey-pace-books-p91947689.html?spid=91947690,Tiki,Tô màu - Luyện chữ,False
13920941,Combo Doraemon - Truyện Dài (Trọn Bộ 24 Cuốn) - Tái Bản,529200.0,5.0,4942,https://tiki.vn/combo-doraemon-truyen-dai-tron-bo-24-cuon-tai-ban-p13920941.html?spid=13920942,Tiki,Truyện tranh/Manga,True
2987219,Sách Giáo Trình Chuẩn YCT 1 (Kèm file MP3),115000.0,4.8,2996,https://tiki.vn/sach-giao-trinh-chuan-yct-1-kem-file-mp3-p2987219.html?spid=2987563,Tiki,Sách ngoại văn,False
1080002,Sách Boxset Harry Potter - Tiếng Việt (Trọn Bộ 7 Tập),1473000.0,4.7,10882,https://tiki.vn/sach-boxset-harry-potter-tieng-viet-tron-bo-7-tap-p1080002.html?spid=1080024,Tiki,Sách ngoại văn,True
540039,Sách Giáo Trình Chuẩn HSK 1 - Bài Học (Kèm file MP3),165000.0,4.8,8593,https://tiki.vn/sach-giao-trinh-chuan-hsk-1-bai-hoc-kem-file-mp3-p540039.html?spid=262528,Tiki,Sách ngoại văn,False
279394165,Thám tử thừa kế,50000.0,0.0,96,https://tiki.vn/tham-tu-thua-ke-p279394165.html?spid=279493247,Tiki,Truyện tranh/Manga,False
279374424,Sách Chú Thuật Hồi Chiến - Tập 27,28500.0,5.0,38,https://tiki.vn/chu-thuat-hoi-chien-tap-27-p279374424.html?spid=279375119,Tiki,Truyện tranh/Manga,False
279313607,Bộ Sách Tô Màu 6 Cuốn Họa Sĩ Nhí Vẽ Thế Giới,15000.0,0.0,0,https://tiki.vn/bo-sach-to-mau-6-cuon-hoa-si-nhi-ve-the-gioi-p279313607.html?spid=279313712,Tiki,Vitamin & Thực phẩm bổ sung,False
279292568,Song Mệnh Cõi Hoàng Tuyền,31500.0,4.8,134,https://tiki.vn/song-menh-coi-hoang-tuyen-p279292568.html?spid=279580424,Tiki,Truyện tranh/Manga,False
279236031,"Điệu múa chim công, có ai thấy không",52000.0,5.0,120,https://tiki.vn/dieu-mua-chim-cong-co-ai-thay-khong-p279236031.html?spid=279236035,Tiki,Truyện tranh/Manga,False
279235202,Sách Khúc Hát Đêm Thâu [Chọn Tập,31500.0,4.2,251,https://tiki.vn/sach-khuc-hat-dem-thau-chon-tap-p279235202.html?spid=279558959,Tiki,Truyện tranh/Manga,False
278788044,Sách BEASTARS [Chọn Tập Lẻ,28350.0,5.0,285,https://tiki.vn/sach-beastars-chon-tap-le-p278788044.html?spid=279409079,Tiki,Truyện tranh/Manga,False
278756674,Sách Nisekoi - Cặp Đôi Giả Tạo,36000.0,5.0,258,https://tiki.vn/sach-nisekoi-cap-doi-gia-tao-p278756674.html?spid=279558986,Tiki,Truyện tranh/Manga,False
278749523,Ngũ Hành Của Tôi Thiếu Em,131200.0,5.0,243,https://tiki.vn/ngu-hanh-cua-toi-thieu-em-p278749523.html?spid=278749686,Tiki,Sách thiếu nhi,False
278729052,Doraemon Movie Story Màu - Phiên Bản Mới: Nobita Và Binh Đoàn Người Sắt - Đôi Cánh Thiên Thần,34300.0,5.0,44,https://tiki.vn/doraemon-movie-story-mau-phien-ban-moi-nobita-va-binh-doan-nguoi-sat-doi-canh-thien-than-p278729052.html?spid=278729053,Tiki,Truyện tranh/Manga,False
278684154,Nữ Binh Thần Tốc,41800.0,5.0,242,https://tiki.vn/nu-binh-than-toc-p278684154.html?spid=278863077,Tiki,Truyện tranh/Manga,False
278423155,"Sách Hồi Ức, Giấc Mơ, Suy Ngẫm - Hành Trình Vào Nội Tâm Của Carl Jung – Nơi Ký Ức, Giấc Mơ Và Triết Lý Giao Thoa",229200.0,5.0,1606,https://tiki.vn/sach-hoi-uc-giac-mo-suy-ngam-hanh-trinh-vao-noi-tam-cua-carl-jung-noi-ky-uc-giac-mo-va-triet-ly-giao-thoa-p278423155.html?spid=278423156,Tiki,Sách ngoại văn,False
278123405,Sobotei Dinh Thự Ma Ám (Chọn tập lẻ),42000.0,5.0,584,https://tiki.vn/sobotei-dinh-thu-ma-am-p278123405.html?spid=279428694,Tiki,Truyện tranh/Manga,False
277397107,Sách Phía Đông Vườn Địa Đàng,279000.0,4.5,645,https://tiki.vn/sach-phia-dong-vuon-dia-dang-p277397107.html?spid=277397109,Tiki,Sách ngoại văn,False
276948798,"Sách Lên Đỉnh Núi Mở Tiệm Bánh Mì - Triết lí Wazawaza: Những con người hạnh phúc, 2 loại bánh mì, và doanh thu thường niên 300 triệu Yên",108000.0,4.8,2814,https://tiki.vn/sach-len-dinh-nui-mo-tiem-banh-mi-triet-li-wazawaza-nhung-con-nguoi-hanh-phuc-2-loai-banh-mi-va-doanh-thu-thuong-nien-300-trieu-yen-p276948798.html?spid=276948799,Tiki,Sách ngoại văn,False
276933755,Combo Giáo Trình Chuẩn HSK 4 Tập 1 - Sách Bài Học và Bài tập (Bộ 2 cuốn),311000.0,5.0,865,https://tiki.vn/combo-giao-trinh-chuan-hsk-4-tap-1-sach-bai-hoc-va-bai-tap-bo-2-cuon-p276933755.html?spid=276949260,Tiki,Sách ngoại văn,True
276933752,Combo Giáo Trình Chuẩn HSK 3 - Sách Bài Học và Bài tập (Bộ 2 cuốn),395000.0,5.0,862,https://tiki.vn/combo-giao-trinh-chuan-hsk-3-sach-bai-hoc-va-bai-tap-bo-2-cuon-p276933752.html?spid=276949259,Tiki,Sách ngoại văn,True
276883579,Sống Sáng - Phan Việt - Sáng Books,200000.0,5.0,1246,https://tiki.vn/song-sang-dong-sach-sang-phan-viet-sang-books-p276883579.html?spid=276886802,Tiki,Tô màu - Luyện chữ,False
276425570,Thám Tử Lừng Danh Conan (Bản Nâng Cấp) - [Chọn Tập Lẻ,32300.0,5.0,312,https://tiki.vn/tham-tu-lung-danh-conan-ban-nang-cap-p276425570.html?spid=276428296,Tiki,Truyện tranh/Manga,False
276078455,Series các tập Gachiakuta,39900.0,5.0,397,https://tiki.vn/series-cac-tap-gachiakuta-p276078455.html?spid=276285591,Tiki,Truyện tranh/Manga,False
276019606,Sách Không Gia Đình (Tái Bản),120000.0,5.0,502,https://tiki.vn/sach-khong-gia-dinh-tai-ban-p276019606.html?spid=278938671,Tiki,Sách ngoại văn,False
273746688,Sách Địa Cầu Online,129400.0,4.8,91,https://tiki.vn/sach-dia-cau-online-p273746688.html?spid=273204606,Tiki,Sách thiếu nhi,False
273691914,Sách Trăm năm cô đơn,176250.0,4.7,520,https://tiki.vn/sach-tram-nam-co-don-p273691914.html?spid=273691915,Tiki,Sách ngoại văn,False
272447731,Sách Xông vào lối âm dương,118400.0,5.0,283,https://tiki.vn/sach-xong-vao-loi-am-duong-p272447731.html?spid=275705489,Tiki,Sách thiếu nhi,False
263035841,Sách Vòng Quanh Thế Giới,9440.0,4.8,694,https://tiki.vn/sach-vong-quanh-the-gioi-p263035841.html?spid=277926130,Tiki,Vitamin & Thực phẩm bổ sung,False
194960730,Sách Nỗi buồn chiến tranh,99000.0,5.0,4726,https://tiki.vn/sach-noi-buon-chien-tranh-p194960730.html?spid=194960731,Tiki,Sách ngoại văn,False
192909292,Sách Án Mạng Trên Chuyến Tàu Tốc Hành Phương Đông,98000.0,5.0,978,https://tiki.vn/sach-an-mang-tren-chuyen-tau-toc-hanh-phuong-dong-p192909292.html?spid=192909295,Tiki,Chăm sóc da,False
176831144,Combo 23 Tập Thanh Gươm Diệt Quỷ (Tập 1-23),662400.0,5.0,342,https://tiki.vn/combo-23-tap-thanh-guom-diet-quy-tap-1-23-p176831144.html?spid=176831145,Tiki,Truyện tranh/Manga,True
170708233,Sách Thay Đổi Tí Hon - Hiệu Quả Bất Ngờ Atomic Habits (Tái Bản Lần 4),142000.0,4.8,12328,https://tiki.vn/sach-thay-doi-ti-hon-hieu-qua-bat-ngo-atomic-habits-tai-ban-lan-4-p170708233.html?spid=170708234,Tiki,Tô màu - Luyện chữ,False
140416370,Sách Flow - Dòng Chảy,175560.0,5.0,9389,https://tiki.vn/sach-flow-dong-chay-p140416370.html?spid=140416372,Tiki,Sách ngoại văn,False
109017985,"Sách Thiên Tài Bên Trái, Kẻ Điên Bên Phải (Tái Bản)",128880.0,4.8,27264,https://tiki.vn/sach-thien-tai-ben-trai-ke-dien-ben-phai-tai-ban-p109017985.html?spid=109017987,Tiki,Sách ngoại văn,False
95289208,Sách Người Bà Tài Giỏi Vùng Saga,96000.0,5.0,5582,https://tiki.vn/sach-nguoi-ba-tai-gioi-vung-saga-p95289208.html?spid=95289212,Tiki,Sách ngoại văn,False
76013378,Sách Storytelling With Data - Kể Chuyện Thông Qua Dữ Liệu (Cuốn Cẩm Nang Hướng Dẫn Trực Quan Hóa Dữ Liệu),219300.0,5.0,12890,https://tiki.vn/sach-storytelling-with-data-ke-chuyen-thong-qua-du-lieu-cuon-cam-nang-huong-dan-truc-quan-hoa-du-lieu-p76013378.html?spid=76013379,Tiki,Mỹ phẩm,False
59511811,Sách Dấu Chân Trên Cát - Nguyên Phong (Tái Bản 2020),111000.0,4.8,5512,https://tiki.vn/sach-dau-chan-tren-cat-nguyen-phong-tai-ban-2020-p59511811.html?spid=59511812,Tiki,Sách ngoại văn,False
56609155,Sách Trường Ca Achilles (Quà Tặng Kèm: 01 Bookmark + 01 Phụ Lục),124800.0,5.0,4228,https://tiki.vn/sach-truong-ca-achilles-qua-tang-kem-01-bookmark-01-phu-luc-p56609155.html?spid=56609156,Tiki,Sách ngoại văn,False
52789367,Sách Nhà Giả Kim (Tái Bản),78000.0,5.0,40465,https://tiki.vn/sach-nha-gia-kim-tai-ban-2020-p52789367.html?spid=52789368,Tiki,Sách ngoại văn,False
17493916,Sách Luyện Nói Tiếng Trung Quốc Cấp Tốc Cho Người Bắt Đầu - Tập 1 (Kèm file MP3) (Tái Bản),140000.0,5.0,1030,https://tiki.vn/sach-luyen-noi-tieng-trung-quoc-cap-toc-cho-nguoi-bat-dau-tap-1-kem-file-mp3-tai-ban-p17493916.html?spid=17493917,Tiki,Sách ngoại văn,False
7953305,"Combo Tổng Hợp Chuyên Đề Trọng Tâm Thi Vào 10 Chuyên
Và Học Sinh Giỏi Toán 9",234000.0,4.8,2078,https://tiki.vn/combo-tong-hop-chuyen-de-trong-tam-thi-vao-10-chuyen-va-hoc-sinh-gioi-toan-9-p7953305.html?spid=7953306,Tiki,Sách ngoại văn,False
7833728,Sách Dạy Con Làm Giàu (Tập 1) - Để Không Có Tiền Vẫn Tạo Ra Tiền - Cha Giàu Cha Nghèo (Tái Bản),63000.0,4.8,38578,https://tiki.vn/sach-day-con-lam-giau-tap-1-de-khong-co-tien-van-tao-ra-tien-cha-giau-cha-ngheo-tai-ban-p7833728.html?spid=7833729,Tiki,Sách ngoại văn,False
4780917,Sách Người Đua Diều (Tái Bản 2018),99330.0,4.8,23228,https://tiki.vn/sach-nguoi-dua-dieu-tai-ban-2018-p4780917.html?spid=4781791,Tiki,Sách ngoại văn,False
279437167,"Sách Hẹn Gặp Lại, Quốc Vương Của Tôi - Tập 7",137830.0,4.5,52,https://tiki.vn/sach-hen-gap-lai-quoc-vuong-cua-toi-tap-7-p279437167.html?spid=279437172,Tiki,Sách ngoại văn,False
279414086,Sách Viết Cũng Là Học - Writing to learn,135200.0,5.0,105,https://tiki.vn/sach-viet-cung-la-hoc-writing-to-learn-p279414086.html?spid=279414087,Tiki,Tô màu - Luyện chữ,False
279321804,Sách Chờ Ngày Bình Yên,89250.0,4.5,64,https://tiki.vn/sach-cho-ngay-binh-yen-p279321804.html?spid=279321805,Tiki,Sách ngoại văn,False
278966679,Sách - Phương Pháp Đặt Câu Hỏi Của Socrates - Khai Mở Tư Duy Phản Biện Và Hiểu Biết Sâu Sắc,93500.0,4.6,400,https://tiki.vn/sach-phuong-phap-dat-cau-hoi-cua-socrates-khai-mo-tu-duy-phan-bien-va-hieu-biet-sau-sac-p278966679.html?spid=278966681,Tiki,Tô màu - Luyện chữ,False
278949619,Quý tộc nhà nông,61000.0,5.0,182,https://tiki.vn/quy-toc-nha-nong-01-tang-kem-the-bai-quy-toc-p278949619.html?spid=278949622,Tiki,Truyện tranh/Manga,False
278892527,Sách Tokyo Aliens - [Chọn Tập Lẻ,37900.0,4.5,181,https://tiki.vn/sach-tokyo-aliens-chon-tap-le-p278892527.html?spid=279059329,Tiki,Truyện tranh/Manga,False
278860289,Sách Nguyễn Nhật Ánh - Cô Bé Hàng Xóm Và Bốn Viên Kẹo - Bìa Cứng - Tặng Kèm Random 1 Trong 4 Mẫu Bookmark + Sticker + Sổ Vẽ,184000.0,5.0,222,https://tiki.vn/sach-co-be-hang-xom-va-bon-vien-keo-bia-cung-tang-kem-random-1-trong-4-mau-bookmark-sticker-so-ve-p278860289.html?spid=278860290,Tiki,Sách ngoại văn,False
278838097,Sách Tính Bản Ác (M. Scott Peck) - Tuệ Tri,133000.0,4.7,518,https://tiki.vn/sach-tinh-ban-ac-p278838097.html?spid=278838098,Tiki,Tô màu - Luyện chữ,False
278724728,Sách Giải Mã Tâm Lý Hành Vi Về Tiền,156400.0,4.8,865,https://tiki.vn/sach-giai-ma-tam-ly-hanh-vi-ve-tien-p278724728.html?spid=278724729,Tiki,Sách ngoại văn,False
278572376,Combo Perman - Cậu Bé Siêu Nhân,166250.0,5.0,186,https://tiki.vn/combo-perman-cau-be-sieu-nhan-p278572376.html?spid=278572844,Tiki,Truyện tranh/Manga,False
277827033,Sách Lần Đầu Làm Mẹ - Tổng Hợp Những Kiến Thức Mới Nhất Về Mang Thai Và Sinh Nở,216700.0,4.8,268,https://tiki.vn/sach-lan-dau-lam-me-tong-hop-nhung-kien-thuc-moi-nhat-ve-mang-thai-va-sinh-no-p277827033.html?spid=277827036,Tiki,Sách ngoại văn,False
277728224,"Sách Nói Chuyện Là Bản Năng, Giữ Miệng Là Tu Dưỡng, Im Lặng Là Trí Tuệ",119100.0,4.8,7980,https://tiki.vn/sach-noi-chuyen-la-ban-nang-giu-mieng-la-tu-duong-im-lang-la-tri-tue-p277728224.html?spid=212356653,Tiki,Sách ngoại văn,False
277622005,Sách Boxset Cá Voi Đêm Bão Và Những Câu Chuyện Khác (5 Cuốn),195000.0,5.0,162,https://tiki.vn/sach-boxset-ca-voi-dem-bao-va-nhung-cau-chuyen-khac-5-cuon-p277622005.html?spid=277622008,Tiki,Sách ngoại văn,False
277599506,Sách Đôi mắt của Mona,260260.0,4.7,518,https://tiki.vn/sach-doi-mat-cua-mona-p277599506.html?spid=277599509,Tiki,Sách ngoại văn,False
276960030,Sách Khi Mọi Điều Không Như Ý,83930.0,5.0,3024,https://tiki.vn/sach-khi-moi-dieu-khong-nhu-y-p276960030.html?spid=276960033,Tiki,Sách ngoại văn,False
276944781,Sách Công Cụ Của Những Người Khổng Lồ,310000.0,5.0,200,https://tiki.vn/sach-cong-cu-cua-nhung-nguoi-khong-lo-p276944781.html?spid=277347896,Tiki,Sách ngoại văn,True
276933759,Combo Giáo Trình Chuẩn HSK 5 Tập 1 - Sách Bài Học và Bài tập (Bộ 2 cuốn),387000.0,5.0,850,https://tiki.vn/combo-giao-trinh-chuan-hsk-5-tap-1-sach-bai-hoc-va-bai-tap-bo-2-cuon-p276933759.html?spid=276949262,Tiki,Sách ngoại văn,True
276471716,Sách Cách Sống,71500.0,4.8,878,https://tiki.vn/sach-cach-song-p276471716.html?spid=276471719,Tiki,Sách ngoại văn,False
276285600,Phù thủy và dã thú,49000.0,5.0,100,https://tiki.vn/phu-thuy-va-da-thu-p276285600.html?spid=276885653,Tiki,Truyện tranh/Manga,False
275034810,Sách Thánh Kinh Marketing,187600.0,5.0,90,https://tiki.vn/sach-thanh-kinh-marketing-p275034810.html?spid=275034812,Tiki,Sách ngoại văn,False
273349964,Cecilia & Lawrence ( Chọn Tập Lẻ),38000.0,5.0,84,https://tiki.vn/combo-cecilia-lawrence-p273349964.html?spid=278690548,Tiki,Truyện tranh/Manga,False
273219497,Series các tập Moriarty the patriot,40000.0,5.0,763,https://tiki.vn/series-cac-tap-moriarty-the-patriot-p273219497.html?spid=274971985,Tiki,Truyện tranh/Manga,False
272367381,Sách Trốn Lên Mái Nhà Để Khóc,73150.0,5.0,2863,https://tiki.vn/sach-tron-len-mai-nha-de-khoc-p272367381.html?spid=272367383,Tiki,Sách ngoại văn,False
271916321,"	 Sách Mùa hè không tên (Nguyễn Nhật Ánh) - Tặng kèm Bookmark, Tranh màu",103500.0,5.0,5566,https://tiki.vn/sach-mua-he-khong-ten-nguyen-nhat-anh-tang-kem-bookmark-tranh-mau-cho-ca-2-phien-ban-tang-them-ngau-nhien-1-trong-2-lot-ly-cho-ban-bia-cung-p271916321.html?spid=271916323,Tiki,Sách ngoại văn,False
251255482,Doraemon - Chú Mèo Máy Đến Từ Tương Lai Tập 26 (Tái Bản),23750.0,5.0,31,https://tiki.vn/doraemon-chu-meo-may-den-tu-tuong-lai-tap-26-tai-ban-2023-p251255482.html?spid=251255484,Tiki,Truyện tranh/Manga,False
220665663,Sách 30 Tuổi - Mọi Thứ Chỉ Mới Bắt Đầu,103950.0,4.8,2759,https://tiki.vn/sach-30-tuoi-moi-thu-chi-moi-bat-dau-p220665663.html?spid=220665664,Tiki,Tô màu - Luyện chữ,False
205942263,Sách Tận Hưởng Hành Trình Nuôi Con Sữa Mẹ,116250.0,4.8,2610,https://tiki.vn/sach-tan-huong-hanh-trinh-nuoi-con-sua-me-p205942263.html?spid=205942266,Tiki,Sách ngoại văn,False
202450677,Chú Thuật Hồi Chiến Tập 8,28000.0,5.0,2629,https://tiki.vn/chu-thuat-hoi-chien-tap-8-p202450677.html?spid=202450681,Tiki,Truyện tranh/Manga,False
186290796,Sách Còn chút gì để nhớ (Tái Bản 2022),38950.0,5.0,1207,https://tiki.vn/sach-con-chut-gi-de-nho-tai-ban-2022-p186290796.html?spid=186290799,Tiki,Sách ngoại văn,False
186286190,Sách Mắt Biếc (Tái Bản 2022),40850.0,5.0,690,https://tiki.vn/sach-mat-biec-tai-ban-2022-p186286190.html?spid=186286191,Tiki,Sách ngoại văn,False
168662171,Sách Vừa Nhắm Mắt Vừa Mở Cửa Số,63000.0,5.0,2975,https://tiki.vn/sach-vua-nham-mat-vua-mo-cua-so-p168662171.html?spid=168662172,Tiki,Máy massage,False
82996522,Sách Tư Bản Thế Kỷ 21,231000.0,4.8,1415,https://tiki.vn/sach-tu-ban-the-ky-21-p82996522.html?spid=82996523,Tiki,Sách ngoại văn,False
50322710,Sách 48 Nguyên Tắc Chủ Chốt Của Quyền Lực (Tái Bản 2020),167000.0,5.0,9463,https://tiki.vn/sach-48-nguyen-tac-chu-chot-cua-quyen-luc-tai-ban-2020-p50322710.html?spid=51830751,Tiki,Tô màu - Luyện chữ,False
50263061,Combo Thám Tử Lừng Danh Conan Tập 21 - 30 (Bộ 10 cuốn),237500.0,5.0,826,https://tiki.vn/combo-tham-tu-lung-danh-conan-tap-21-30-bo-10-cuon-p50263061.html?spid=58806027,Tiki,Truyện tranh/Manga,False
8886007,Sách Ngàn Mặt Trời Rực Rỡ (Tái Bản),123200.0,4.8,10952,https://tiki.vn/sach-ngan-mat-troi-ruc-ro-tai-ban-p8886007.html?spid=8886008,Tiki,Sách ngoại văn,False
7369223,Sách Cho Tôi Xin Một Vé Đi Tuổi Thơ,68400.0,4.8,21459,https://tiki.vn/sach-cho-toi-xin-mot-ve-di-tuoi-tho-bia-mem-tai-ban-p7369223.html?spid=7369225,Tiki,Sách ngoại văn,False
3304875,Sách Điều Kỳ Diệu Của Tiệm Tạp Hóa NAMIYA (Tái Bản),107030.0,5.0,35112,https://tiki.vn/sach-dieu-ky-dieu-cua-tiem-tap-hoa-namiya-tai-ban-p3304875.html?spid=3304877,Tiki,Sách ngoại văn,False
1215677,Sách Từ Những Hạt Mầm: Hột Điều Của Sóc,11500.0,5.0,910,https://tiki.vn/sach-tu-nhung-hat-mam-hot-dieu-cua-soc-p1215677.html?spid=1215947,Tiki,Vitamin & Thực phẩm bổ sung,False
997535,Sách Gọi Em Bằng Tên Anh - Call Me By Your Name,92000.0,4.8,9260,https://tiki.vn/sach-goi-em-bang-ten-anh-call-me-by-your-name-p997535.html?spid=1002143,Tiki,Sách ngoại văn,False
633125,Sách Lĩnh Nam Chích Quái,266000.0,4.8,5827,https://tiki.vn/sach-linh-nam-chich-quai-p633125.html?spid=633134,Tiki,Sách ngoại văn,False
279358057,Sách Làm Dâu Nhà Giáo,158010.0,5.0,33,https://tiki.vn/sach-lam-dau-nha-giao-p279358057.html?spid=279359159,Tiki,Truyện tranh/Manga,False
279334959,Sách Tiếng Lòng Khó Giấu (Tập 2),126750.0,4.8,118,https://tiki.vn/sach-tieng-long-kho-giau-tap-2-p279334959.html?spid=279334936,Tiki,Sách thiếu nhi,False
279308786,Sách Người Trong Mộng Của Nam Chính Phải Lòng Tôi (Tập 1),183200.0,5.0,0,https://tiki.vn/sach-nguoi-trong-mong-cua-nam-chinh-phai-long-toi-tap-1-p279308786.html?spid=279308793,Tiki,Sách thiếu nhi,False
279292547,Sách Dan Da Dan - Tập 7 + Special Cover,40500.0,5.0,199,https://tiki.vn/sach-dan-da-dan-p279292547.html?spid=279557394,Tiki,Truyện tranh/Manga,False
279236017,Hồn Oda Da Shiba,48900.0,5.0,44,https://tiki.vn/hon-oda-da-shiba-p279236017.html?spid=279307513,Tiki,Truyện tranh/Manga,False
278963850,Kính Vạn Hoa Bộ Kỉ Niệm 30 Năm - Tặng Kèm 01 Sổ Tay Kính Vạn Hoa,172800.0,5.0,118,https://tiki.vn/kinh-van-hoa-bo-ki-niem-30-nam-tang-kem-p278963850.html?spid=278963990,Tiki,Máy massage,False
278948458,Sách Vòng Lặp Thứ 7 Của Tiểu Thư Phản Diện - Cuộc Sống Hôn Nhân Tự Tại Giữa Lòng Địch Quốc (Chọn Tập Lẻ),42750.0,5.0,67,https://tiki.vn/sach-vong-lap-thu-7-cua-tieu-thu-phan-dien-cuoc-song-hon-nhan-tu-tai-giua-long-dich-quoc-9-chon-tap-le-p278948458.html?spid=279185693,Tiki,Truyện tranh/Manga,False
278901566,Sách Đời Gió Bụi,180000.0,4.6,330,https://tiki.vn/sach-doi-gio-bui-p278901566.html?spid=278901596,Tiki,Sách ngoại văn,False
278856940,Agatha Christie. Bí Mật Dinh Thự Chimneys,126000.0,5.0,189,https://tiki.vn/agatha-christie-bi-mat-dinh-thu-chimneys-p278856940.html?spid=278856944,Tiki,Chăm sóc da,False
278800709,Điểm Kỳ Dị Đã Cận Kề - Khi Con Người Hợp Nhất Với AI,166500.0,4.0,208,https://tiki.vn/diem-ky-di-da-can-ke-khi-con-nguoi-hop-nhat-voi-ai-p278800709.html?spid=278814823,Tiki,Sách ngoại văn,False
278500643,Sách Động Từ Bất Quy Tắc & Ngữ Pháp Tiếng Anh Căn Bản,13860.0,5.0,36,https://tiki.vn/sach-dong-tu-bat-quy-tac-ngu-phap-tieng-anh-can-ban-p278500643.html?spid=278500647,Tiki,Sách ngoại văn,False
278492587,Sách Kính Vạn Hoa - Bộ 18 Tập [ Phiên Bản Mới,63200.0,5.0,246,https://tiki.vn/sach-kinh-van-hoa-bo-18-tap-phien-ban-moi-p278492587.html?spid=278492612,Tiki,Máy massage,False
278489414,Sách Tư Duy Hệ Thống,107300.0,5.0,637,https://tiki.vn/sach-tu-duy-he-thong-p278489414.html?spid=278489416,Tiki,Tô màu - Luyện chữ,False
278275295,Sách Chiến Binh Cầu Vồng (Tái Bản),103950.0,4.6,794,https://tiki.vn/sach-chien-binh-cau-vong-tai-ban-p278275295.html?spid=278275298,Tiki,Sách ngoại văn,False
278159678,Truyện tranh tâm lý học đường - Khai mở tư duy sáng tạo (Sách bản quyền),38900.0,0.0,38,https://tiki.vn/truyen-tranh-tam-ly-hoc-duong-sach-ban-quyen-p278159678.html?spid=278159686,Tiki,Sách ngoại văn,False
277384364,Hồ Sơ Mật The Top Secret Season 0,49900.0,5.0,398,https://tiki.vn/ho-so-mat-the-top-secret-season-0-p277384364.html?spid=277690619,Tiki,Truyện tranh/Manga,False
276922183,Thám Tử Lừng Danh Conan Tập 105,24500.0,5.0,388,https://tiki.vn/tham-tu-lung-danh-conan-tap-105-p276922183.html?spid=276922189,Tiki,Truyện tranh/Manga,False
276305454,Sách Trường Tương Tư,143600.0,5.0,122,https://tiki.vn/sach-truong-tuong-tu-p276305454.html?spid=276305547,Tiki,Sách ngoại văn,False
275212810,Sách MBA CƠ BẢN - Khóa Học Quản Trị Kinh Doanh Cấp Tốc Cho Người Bận Rộn - Tom Gorman (bìa mềm),208000.0,5.0,320,https://tiki.vn/sach-mba-co-ban-khoa-hoc-quan-tri-kinh-doanh-cap-toc-cho-nguoi-ban-ron-tom-gorman-bia-mem-p275212810.html?spid=275860915,Tiki,Mỹ phẩm,False
273200683,Series các tập Chu Du Ẩm Thực Tại Dị Giới Với Kĩ Năng Không Tưởng,38000.0,5.0,227,https://tiki.vn/chu-du-am-thuc-tai-di-gioi-voi-ki-nang-khong-tuong-p273200683.html?spid=274150466,Tiki,Truyện tranh/Manga,False
272854044,Sách Tiếng Anh Giao Tiếp Bệnh Viện dành cho người mới bắt đầu - Tác giả BS. Đỗ Trung Kiên,169000.0,5.0,1710,https://tiki.vn/sach-tieng-anh-giao-tiep-benh-vien-danh-cho-nguoi-moi-bat-dau-tac-gia-bs-do-trung-kien-p272854044.html?spid=272854045,Tiki,Sách ngoại văn,False
272447903,Sách Đừng nhặt bạn trai trong thùng rác,118400.0,5.0,312,https://tiki.vn/sach-dung-nhat-ban-trai-trong-thung-rac-p272447903.html?spid=274323810,Tiki,Sách thiếu nhi,False
271380890,Sách Đúng Việc,90000.0,5.0,4788,https://tiki.vn/sach-dung-viec-p271380890.html?spid=271380893,Tiki,Tô màu - Luyện chữ,False
270790324,Doraemon Plus Tập 5,23750.0,5.0,32,https://tiki.vn/doraemon-plus-tap-5-p270790324.html?spid=270790327,Tiki,Truyện tranh/Manga,False
263070154,Sách Giải mã Hoóc-môn Dopamine,152460.0,4.8,5435,https://tiki.vn/sach-giai-ma-hooc-mon-dopamine-p263070154.html?spid=263070155,Tiki,Tô màu - Luyện chữ,False
262304692,Doraemon - Chú Mèo Máy Đến Từ Tương Lai Tập 37,21120.0,5.0,55,https://tiki.vn/doraemon-chu-meo-may-den-tu-tuong-lai-tap-37-p262304692.html?spid=262304695,Tiki,Truyện tranh/Manga,False
242085691,Doraemon Tập 6: Nobita Và Cuộc Chiến Vũ Trụ [Tái Bản 2023],20900.0,0.0,27,https://tiki.vn/doraemon-tap-6-nobita-va-cuoc-chien-vu-tru-tai-ban-2023-p242085691.html?spid=242085692,Tiki,Truyện tranh/Manga,False
195291930,Sách Bốn Thỏa Ước,100100.0,5.0,4958,https://tiki.vn/sach-bon-thoa-uoc-p195291930.html?spid=195291931,Tiki,Sách ngoại văn,False
190861557,Sách Yêu Những Ngày Nắng Chẳng Ghét Những Ngày Mưa,117000.0,5.0,6062,https://tiki.vn/sach-yeu-nhung-ngay-nang-chang-ghet-nhung-ngay-mua-p190861557.html?spid=190861559,Tiki,Sách ngoại văn,False
139303869,Sách Nghệ Thuật Tinh Tế Của Việc Đếch Quan Tâm (Tái Bản),96000.0,5.0,6215,https://tiki.vn/sach-nghe-thuat-tinh-te-cua-viec-dech-quan-tam-tai-ban-p139303869.html?spid=139303870,Tiki,Tô màu - Luyện chữ,False
87391039,Sách Thuật Yêu Đương (Tái Bản),98000.0,5.0,1995,https://tiki.vn/sach-thuat-yeu-duong-tai-ban-p87391039.html?spid=87391040,Tiki,Sách ngoại văn,False
74021317,Sách Cây Cam Ngọt Của Tôi,93750.0,5.0,77201,https://tiki.vn/sach-cay-cam-ngot-cua-toi-p74021317.html?spid=74021318,Tiki,Sách ngoại văn,False
57325187,Sách Người Giàu Có Nhất Thành Babylon (Tái Bản 2020),75460.0,5.0,18215,https://tiki.vn/sach-nguoi-giau-co-nhat-thanh-babylon-tai-ban-2020-p57325187.html?spid=57325188,Tiki,Sách ngoại văn,False
48629535,Sách Ngày Xưa Có Một Chuyện Tình (Tái Bản),106875.0,5.0,5869,https://tiki.vn/sach-ngay-xua-co-mot-chuyen-tinh-tai-ban-p48629535.html?spid=48629536,Tiki,Sách ngoại văn,False
14643411,Sách Điều Kỳ Diệu (Tái Bản),148000.0,4.8,3965,https://tiki.vn/sach-dieu-ky-dieu-tai-ban-p14643411.html?spid=14643412,Tiki,Sách ngoại văn,False
10866305,Sách Tư Duy Pháp Lý Của Luật Sư (Tái Bản),205000.0,5.0,2429,https://tiki.vn/sach-tu-duy-phap-ly-cua-luat-su-tai-ban-p10866305.html?spid=10866306,Tiki,Tô màu - Luyện chữ,False
10866303,Sách Agatha Christie - Vụ Ám Sát Ông Roger Ackroyd (Tái Bản),124000.0,4.8,2552,https://tiki.vn/sach-agatha-christie-vu-am-sat-ong-roger-ackroyd-tai-ban-p10866303.html?spid=10866304,Tiki,Sách ngoại văn,False
10738198,Combo Danh Nhân Thế Giới (10 cuốn) - Tái Bản,225000.0,4.8,6951,https://tiki.vn/combo-danh-nhan-the-gioi-10-cuon-tai-ban-p10738198.html?spid=10738199,Tiki,Vitamin & Thực phẩm bổ sung,False
7982628,Sách Suối Nguồn (Tái Bản),303000.0,4.8,13511,https://tiki.vn/sach-suoi-nguon-tai-ban-p7982628.html?spid=7982629,Tiki,Sách ngoại văn,True
3954355,Sách Yêu Những Điều Không Hoàn Hảo,130130.0,5.0,43437,https://tiki.vn/sach-yeu-nhung-dieu-khong-hoan-hao-p3954355.html?spid=3955615,Tiki,Sách ngoại văn,False
278841848,Doraemon Movie Story Màu: Nobita Và Những Hiệp Sĩ Không Gian,34300.0,0.0,20,https://tiki.vn/doraemon-movie-story-mau-nobita-va-nhung-hiep-si-khong-gian-p278841848.html?spid=278841849,Tiki,Truyện tranh/Manga,False
278810625,Sách Lịch Sử Thế Giới Vô Hình,369600.0,4.6,150,https://tiki.vn/sach-lich-su-the-gioi-vo-hinh-p278810625.html?spid=278810627,Tiki,Sách ngoại văn,True
278668649,Sách Sống Đời Giản Dị,56000.0,5.0,145,https://tiki.vn/sach-song-doi-gian-di-p278668649.html?spid=278668650,Tiki,Tô màu - Luyện chữ,False
278572380,Perman - Cậu Bé Siêu Nhân,23750.0,0.0,35,https://tiki.vn/perman-cau-be-sieu-nhan-p278572380.html?spid=278572687,Tiki,Truyện tranh/Manga,False
278492655,Sách Kính Vạn Hoa - Bộ 9 Tập,96800.0,4.8,73,https://tiki.vn/sach-kinh-van-hoa-bo-9-tap-p278492655.html?spid=278492668,Tiki,Máy massage,False
278035545,Sách Tư Duy Đầu Tư - Tiền Đẻ Ra Tiền,156400.0,4.7,428,https://tiki.vn/sach-tu-duy-dau-tu-tien-de-ra-tien-p278035545.html?spid=278035546,Tiki,Sách ngoại văn,False
277938216,Sách Sống cuộc đời giàu có nhất của bạn (Robin Sharma),164000.0,5.0,939,https://tiki.vn/sach-song-cuoc-doi-giau-co-nhat-cua-ban-robin-sharma-p277938216.html?spid=277938219,Tiki,Sách ngoại văn,False
277914851,Bộ 3 Sách Song Ngữ: Lời thì thầm trong tổ ấm + Lời thì thầm với cha + Lời thì thầm với mẹ - Đầy Đủ File Nghe,397980.0,4.7,319,https://tiki.vn/bo-3-sach-song-ngu-loi-thi-tham-trong-to-am-loi-thi-tham-voi-cha-loi-thi-tham-voi-me-day-du-file-nghe-p277914851.html?spid=277914852,Tiki,Sách ngoại văn,True
277809376,Sách Tư duy dã tràng - Tim trí giao tranh,135000.0,5.0,880,https://tiki.vn/sach-tu-duy-da-trang-tim-tri-giao-tranh-p277809376.html?spid=277809378,Tiki,Sách ngoại văn,False
277671463,Tình Yêu Nhân Vật Phụ,40000.0,5.0,112,https://tiki.vn/tinh-yeu-nhan-vat-phu-p277671463.html?spid=278710796,Tiki,Truyện tranh/Manga,False
276823777,Sách Tại sao các quốc gia thất bại,248000.0,5.0,1010,https://tiki.vn/sach-tai-sao-cac-quoc-gia-that-bai-p276823777.html?spid=276823778,Tiki,Sách ngoại văn,False
275925573,Bộ Truyện Tranh Dấu Ấn Hoàng Gia [ Nữ Hoàng Ai Cập ] - (Chọn Tập Lẻ),29400.0,5.0,564,https://tiki.vn/bo-truyen-tranh-dau-an-hoang-gia-p275925573.html?spid=278860209,Tiki,Truyện tranh/Manga,False
275362670,Sakamoto Days Sát thủ huyền thoại [Chọn Tập Lẻ,41750.0,5.0,1632,https://tiki.vn/sakamoto-days-01_sat-thu-huyen-thoai-tap-1-p275362670.html?spid=278791433,Tiki,Truyện tranh/Manga,False
273355903,"Sách Làm Cha Mẹ Tỉnh Thức - Chuyển Hóa Bản Thân, Trao Quyền Cho Con Cái",138400.0,5.0,914,https://tiki.vn/sach-lam-cha-me-tinh-thuc-chuyen-hoa-ban-than-trao-quyen-cho-con-cai-p273355903.html?spid=273355906,Tiki,Sách ngoại văn,False
272404892,Sách Phụ nữ tỳ hư rất mau già,121000.0,5.0,381,https://tiki.vn/sach-phu-nu-ty-hu-rat-mau-gia-p272404892.html?spid=272404893,Tiki,Sách ngoại văn,False
271518926,Sách Dám bị ghét,102240.0,5.0,1857,https://tiki.vn/sach-dam-bi-ghet-p271518926.html?spid=271518929,Tiki,Tô màu - Luyện chữ,False
267208813,Sách Tuổi Thơ Dữ Dội - Tập 2,52800.0,5.0,1419,https://tiki.vn/sach-tuoi-tho-du-doi-tap-2-p267208813.html?spid=267208816,Tiki,Sách ngoại văn,False
252456572,Sách Cẩm nang chăm sóc bé yêu (Tái bản đổi tên),118200.0,5.0,383,https://tiki.vn/sach-cam-nang-cham-soc-be-yeu-tai-ban-doi-ten-p252456572.html?spid=252456573,Tiki,Sách ngoại văn,False
249875170,Sách Hai số phận (bìa cứng),202000.0,5.0,2964,https://tiki.vn/sach-hai-so-phan-bia-cung-p249875170.html?spid=249875171,Tiki,Sách ngoại văn,False
249875150,Sách Hai số phận (bìa mềm),179000.0,5.0,2197,https://tiki.vn/sach-hai-so-phan-bia-mem-p249875150.html?spid=249875152,Tiki,Sách ngoại văn,False
246073880,Combo Thám Tử Lừng Danh Conan Hoạt Hình Màu: Kẻ Hành Pháp Zero (Tập 1 + Tập 2) (2 Cuốn),114000.0,5.0,32,https://tiki.vn/combo-tham-tu-lung-danh-conan-hoat-hinh-mau-ke-hanh-phap-zero-tap-1-tap-2-2-cuon-tai-ban-2023-p246073880.html?spid=246073881,Tiki,Truyện tranh/Manga,False
210277880,Sách Con người và Biểu tượng - Man and his symbols,378000.0,4.8,2791,https://tiki.vn/sach-con-nguoi-va-bieu-tuong-man-and-his-symbols-p210277880.html?spid=210277882,Tiki,Sách ngoại văn,True
195545304,Sách Khéo Ăn Nói Sẽ Có Được Thiên Hạ,99400.0,4.8,5023,https://tiki.vn/sach-kheo-an-noi-se-co-duoc-thien-ha-p195545304.html?spid=195545306,Tiki,Sách ngoại văn,False
187600387,Sách Giải Thích Bộ Đề Thi Vào 10 Chuyên - Khối Chuyên Anh,110000.0,4.8,349,https://tiki.vn/sach-giai-thich-bo-de-thi-vao-10-chuyen-khoi-chuyen-anh-p187600387.html?spid=187600388,Tiki,Sách ngoại văn,False
173481363,Sách Bách Khoa Tri Thức Cho Trẻ Em,201600.0,5.0,385,https://tiki.vn/sach-bach-khoa-tri-thuc-cho-tre-em-p173481363.html?spid=173481364,Tiki,Vitamin & Thực phẩm bổ sung,False
107802183,Sách Sức Mạnh Tiềm Thức (Tái Bản) (Bìa Mềm),98560.0,5.0,10207,https://tiki.vn/sach-suc-manh-tiem-thuc-tai-ban-bia-mem-p107802183.html?spid=107802184,Tiki,Tô màu - Luyện chữ,False
104314401,Sách Bí Mật Của May Mắn (Khổ Lớn) (Tái Bản),52360.0,4.8,5789,https://tiki.vn/sach-bi-mat-cua-may-man-kho-lon-tai-ban-p104314401.html?spid=104314402,Tiki,Sách ngoại văn,False
101782486,"Sách Deep Work - Làm Ra Làm, Chơi Ra Chơi (Tái Bản)",107300.0,4.7,4627,https://tiki.vn/sach-deep-work-lam-ra-lam-choi-ra-choi-tai-ban-p101782486.html?spid=101782488,Tiki,Tô màu - Luyện chữ,False
90056907,Sách Khởi Nghiệp Tinh Gọn (The Lean Startup) (Tái Bản),118500.0,5.0,5316,https://tiki.vn/sach-khoi-nghiep-tinh-gon-the-lean-startup-tai-ban-p90056907.html?spid=90056908,Tiki,Sách ngoại văn,False
89402951,Sách Giáo Trình Chuẩn HSK 4 - Tập 1 Bài Học (Quét Mã QR Để Nghe File MP3)(Tái Bản),189000.0,4.6,492,https://tiki.vn/sach-giao-trinh-chuan-hsk-4-tap-1-bai-hoc-quet-ma-qr-de-nghe-file-mp3-tai-ban-p89402951.html?spid=89402952,Tiki,Sách ngoại văn,False
77982982,Sách Trí Tuệ Xúc Cảm,131400.0,4.8,3833,https://tiki.vn/sach-tri-tue-xuc-cam-p77982982.html?spid=77982983,Tiki,Tô màu - Luyện chữ,False
73207098,Sách Làm Chủ - Mastery,166000.0,4.8,3446,https://tiki.vn/sach-lam-chu-mastery-p73207098.html?spid=73549953,Tiki,Tô màu - Luyện chữ,False
45663008,Sách Ngày Xưa Có Một Con Bò…(Tái Bản),59000.0,4.8,11440,https://tiki.vn/sach-ngay-xua-co-mot-con-bo-tai-ban-p45663008.html?spid=45663009,Tiki,Tô màu - Luyện chữ,False
32490132,Sách Một Đời Như Kẻ Tìm Đường,141000.0,4.8,9433,https://tiki.vn/sach-mot-doi-nhu-ke-tim-duong-p32490132.html?spid=32490133,Tiki,Tô màu - Luyện chữ,False
19824204,Combo Doraemon Truyện Ngắn (45 Tập) - Tái Bản,982800.0,4.8,3071,https://tiki.vn/combo-doraemon-truyen-ngan-45-tap-tai-ban-p19824204.html?spid=19824205,Tiki,Truyện tranh/Manga,True
13443886,Sách Giáo Trình Chuẩn HSK 3 Bài Học (Kèm file MP3) - Tái Bản,239000.0,4.8,2219,https://tiki.vn/sach-giao-trinh-chuan-hsk-3-bai-hoc-kem-file-mp3-tai-ban-p13443886.html?spid=13443887,Tiki,Sách ngoại văn,False
13419678,Sách Đi Tìm Lẽ Sống (Tái Bản ),67760.0,4.8,24443,https://tiki.vn/sach-di-tim-le-song-tai-ban-p13419678.html?spid=13419679,Tiki,Tô màu - Luyện chữ,False
8885999,Sách Totto - Chan Bên Cửa Sổ (Tái Bản),92400.0,5.0,22733,https://tiki.vn/sach-totto-chan-ben-cua-so-tai-ban-p8885999.html?spid=8886000,Tiki,Sách ngoại văn,False
2619499,Sách ​Liễu Phàm Tứ Huấn (Tái Bản),58000.0,4.8,5681,https://tiki.vn/sach-lieu-pham-tu-huan-tai-ban-2018-p2619499.html?spid=2629575,Tiki,Tô màu - Luyện chữ,False
1647103,Sách Bà Ngoại Tôi Gửi Lời Xin Lỗi,151500.0,4.8,1784,https://tiki.vn/sach-ba-ngoai-toi-gui-loi-xin-loi-p1647103.html?spid=1647211,Tiki,Sách ngoại văn,False
279402825,Sách Mùa Nắng Ươm Mùi Bánh Thơm,95460.0,5.0,8,https://tiki.vn/sach-mua-nang-uom-mui-banh-thom-p279402825.html?spid=279402826,Tiki,Sách ngoại văn,False
279398053,"Sách Khi Tóc Mai Đã Bạc, Người Có Còn Bên Ta",130410.0,4.0,13,https://tiki.vn/sach-khi-toc-mai-da-bac-nguoi-co-con-ben-ta-p279398053.html?spid=279398068,Tiki,Sách thiếu nhi,False
279149139,Làm Dâu Nhà Sói (Tập 1),63200.0,5.0,32,https://tiki.vn/lam-dau-nha-soi-tap-1-p279149139.html?spid=279149140,Tiki,Truyện tranh/Manga,False
279106083,Sách Thám tử ẩm thực Kamogawa,83000.0,5.0,186,https://tiki.vn/sach-tham-tu-am-thuc-kamogawa-p279106083.html?spid=279106227,Tiki,Sách ngoại văn,False
278842696,Dị Văn Lục,136700.0,5.0,69,https://tiki.vn/di-van-luc-p278842696.html?spid=278842697,Tiki,Tô màu - Luyện chữ,False
278817070,Sách Đâu Đó Ngoài Khơi Xa - Phần Tiếp Theo Của Ngôi Nhà Bên Bờ Biển Xanh Thẳm,176330.0,5.0,179,https://tiki.vn/sach-dau-do-ngoai-khoi-xa-phan-tiep-theo-cua-ngoi-nha-ben-bo-bien-xanh-tham-p278817070.html?spid=278817072,Tiki,Sách ngoại văn,False
278691939,Sách Khi Đàn Sếu Bay Về Phương Nam,130130.0,4.8,346,https://tiki.vn/sach-khi-dan-seu-bay-ve-phuong-nam-p278691939.html?spid=278691940,Tiki,Sách ngoại văn,False
278690049,"Sách Giáo Trình Destination Grammar & Vocabulary B1, B2, C1&C2 (Phân Loại Lẻ)",143000.0,4.8,409,https://tiki.vn/sach-giao-trinh-destination-grammar-vocabulary-b1-b2-c1-c2-kem-dap-an-phan-loai-le-p278690049.html?spid=278746460,Tiki,Sách ngoại văn,False
278445298,Slam Dunk - Deluxe Edition ( Các Tập Lẻ),57000.0,5.0,280,https://tiki.vn/slam-dunk-deluxe-edition-cac-tap-le-p278445298.html?spid=278445305,Tiki,Truyện tranh/Manga,False
278445062,Sách Thuyết Mặc Kệ Họ,131600.0,5.0,481,https://tiki.vn/sach-thuyet-mac-ke-ho-p278445062.html?spid=278445063,Tiki,Tô màu - Luyện chữ,False
278280386,Sách Chuyển Động Thông Minh Đa Ngữ Việt - Anh - Pháp (Giúp Trẻ Nhận Biết Thế Giới Xung Quanh Thật Trực Quan Và Sinh Động),83800.0,5.0,29,https://tiki.vn/sach-chuyen-dong-thong-minh-da-ngu-viet-anh-phap-giup-tre-nhan-biet-the-gioi-xung-quanh-that-truc-quan-va-sinh-dong-p278280386.html?spid=278292245,Tiki,Vitamin & Thực phẩm bổ sung,False
278275160,Sách Agatha Christie. Tấm gương nứt vỡ: Một vụ án của Jane Marple,99000.0,5.0,248,https://tiki.vn/sach-agatha-christie-tam-guong-nut-vo-mot-vu-an-cua-jane-marple-p278275160.html?spid=278275162,Tiki,Chăm sóc da,False
278229522,Boxset Nguyên Tội Của Takopi (2 Tập),95000.0,4.7,106,https://tiki.vn/boxset-nguyen-toi-cua-takopi-2-tap-tang-kem-standee-giay-boi-p278229522.html?spid=278229523,Tiki,Truyện tranh/Manga,False
278123404,Vùng Đất Xa Xăm,85400.0,4.6,311,https://tiki.vn/vung-dat-xa-xam-p278123404.html?spid=278316948,Tiki,Truyện tranh/Manga,False
278110636,Sách Kẻ Trộm Cà Chua,73800.0,4.7,561,https://tiki.vn/sach-ke-trom-ca-chua-p278110636.html?spid=278110639,Tiki,Máy massage,False
277812999,Sách Hồ Sơ Máu- Vén Màn 13 Vụ Án Rúng Động Mọi Thời Đại,95910.0,4.5,131,https://tiki.vn/sach-ho-so-mau-ven-man-13-vu-an-rung-dong-moi-thoi-dai-p277812999.html?spid=277813000,Tiki,Chăm sóc da,False
277499422,Sách 5 Bài Học Của Ben Hogan: Những Nguyên Tắc Cơ Bản Hiện Đại Của Golf,257800.0,5.0,71,https://tiki.vn/sach-5-bai-hoc-cua-ben-hogan-nhung-nguyen-tac-co-ban-hien-dai-cua-golf-p277499422.html?spid=278094039,Tiki,Sách ngoại văn,False
276860230,Doraemon Plus Tập 7 (Bản Bìa Gập),21600.0,4.2,54,https://tiki.vn/doraemon-plus-tap-7-ban-bia-gap-p276860230.html?spid=276860232,Tiki,Truyện tranh/Manga,False
276833162,Sách Chuyện Con Mèo Dạy Hải Âu Bay,50400.0,5.0,1039,https://tiki.vn/sach-chuyen-con-meo-day-hai-au-bay-p276833162.html?spid=276833165,Tiki,Máy massage,False
276649996,Sách Sức Mạnh Của Niềm Tin,150000.0,5.0,171,https://tiki.vn/sach-suc-manh-cua-niem-tin-p276649996.html?spid=276649997,Tiki,Tô màu - Luyện chữ,False
276159943,Sách NEXUS - Lược Sử Của Những Mạng Lưới Thông Tin Từ Thời Đại Đồ Đá Đến Trí Tuệ Nhân Tạo,220300.0,5.0,2787,https://tiki.vn/sach-nexus-luoc-su-cua-nhung-mang-luoi-thong-tin-tu-thoi-dai-do-da-den-tri-tue-nhan-tao-p276159943.html?spid=276160116,Tiki,Sách ngoại văn,False
274928291,Historie,40850.0,5.0,492,https://tiki.vn/historie-p274928291.html?spid=276285287,Tiki,Truyện tranh/Manga,False
274844704,Sách Trong Đầu Có Giấu Con Voi,150000.0,4.8,916,https://tiki.vn/sach-trong-dau-co-giau-con-voi-p274844704.html?spid=274844705,Tiki,Tô màu - Luyện chữ,False
271535830,Shin - Cậu Bé Bút Chì - Tập 45,23750.0,5.0,45,https://tiki.vn/shin-cau-be-but-chi-tap-45-p271535830.html?spid=271535833,Tiki,Truyện tranh/Manga,False
270234757,Sách Xứ Sở Miên Man,176000.0,5.0,2407,https://tiki.vn/sach-xu-so-mien-man-p270234757.html?spid=270234760,Tiki,Máy massage,False
262590428,Sách Búp Sen Xanh,52800.0,5.0,4257,https://tiki.vn/sach-bup-sen-xanh-p262590428.html?spid=262590431,Tiki,Sách ngoại văn,False
205581885,Sách Ba người thầy vĩ đại (Tái bản),83000.0,5.0,4533,https://tiki.vn/sach-ba-nguoi-thay-vi-dai-tai-ban-p205581885.html?spid=205581886,Tiki,Tô màu - Luyện chữ,False
192475873,Sách Để Con Được Ốm,108750.0,5.0,4482,https://tiki.vn/sach-de-con-duoc-om-p192475873.html?spid=192475880,Tiki,Sách ngoại văn,False
189940673,Sách Học Cách Học (Tái bản),106300.0,4.8,1052,https://tiki.vn/sach-hoc-cach-hoc-tai-ban-p189940673.html?spid=189940674,Tiki,Tô màu - Luyện chữ,False
187827445,Sách Lược Sử Thời Gian,92000.0,5.0,1399,https://tiki.vn/sach-luoc-su-thoi-gian-p187827445.html?spid=187827446,Tiki,Sách ngoại văn,False
185097189,Combo Nhà Có 5 Nàng Dâu ( 14 Tập) [Tái Bản 2025],394250.0,0.0,3,https://tiki.vn/nha-co-5-nang-dau-combo-12-tap-tap-1-den-tap-12-p185097189.html?spid=185097190,Tiki,Truyện tranh/Manga,True
179063564,Sách Tôi Tự Học,83500.0,5.0,3969,https://tiki.vn/sach-toi-tu-hoc-p179063564.html?spid=179063565,Tiki,Tô màu - Luyện chữ,False
177637709,Sách Làm Chủ Bình Minh - Sống Đời Xuất Chúng - CLB 5 Giờ Sáng (Robin Sharma),151000.0,5.0,6722,https://tiki.vn/sach-lam-chu-binh-minh-song-doi-xuat-chung-clb-5-gio-sang-robin-sharma-p177637709.html?spid=58444775,Tiki,Tô màu - Luyện chữ,False
177487151,Sách Nếu Biết Trăm Năm Là Hữu Hạn,122000.0,5.0,2129,https://tiki.vn/sach-neu-biet-tram-nam-la-huu-han-p177487151.html?spid=177487152,Tiki,Sách ngoại văn,False
158641027,Sách Kẻ Nhắc Tuồng (Tái Bản),153100.0,5.0,1008,https://tiki.vn/sach-ke-nhac-tuong-tai-ban-p158641027.html?spid=158641030,Tiki,Chăm sóc da,False
127649070,Sách Thay Đổi Câu Hỏi Thay Đổi Cuộc Đời,61400.0,5.0,1376,https://tiki.vn/sach-thay-doi-cau-hoi-thay-doi-cuoc-doi-p127649070.html?spid=127649073,Tiki,Tô màu - Luyện chữ,False
117238177,Sách Thư Viện Nửa Đêm,126000.0,5.0,11464,https://tiki.vn/sach-thu-vien-nua-dem-p117238177.html?spid=117238178,Tiki,Sách ngoại văn,False
114937969,Sách Rừng Nauy (Tái Bản),138600.0,5.0,7186,https://tiki.vn/sach-rung-nauy-tai-ban-p114937969.html?spid=114937971,Tiki,Sách ngoại văn,False
106362865,Sách - Lão tử đạo đức kinh,67600.0,4.8,1098,https://tiki.vn/sach-lao-tu-dao-duc-kinh-p106362865.html?spid=127524527,Tiki,Tô màu - Luyện chữ,False
12377498,Sách Bố Con Cá Gai (Tái Bản),103500.0,5.0,9663,https://tiki.vn/sach-bo-con-ca-gai-tai-ban-p12377498.html?spid=12377499,Tiki,Sách ngoại văn,False
279419505,Sách Tiếng Anh Muôn Màu - Chọn Đúng Từ Dùng Đúng Lúc - Tác giả BS. Đỗ Trung Kiên,119000.0,5.0,60,https://tiki.vn/sach-tieng-anh-muon-mau-tac-gia-bs-do-trung-kien-p279419505.html?spid=279419506,Tiki,Sách ngoại văn,False
279395889,Sách One Piece - Tập 110,23750.0,5.0,40,https://tiki.vn/sach-one-piece-tap-110-p279395889.html?spid=279395899,Tiki,Truyện tranh/Manga,False
279376736,Sách Vị Hôn Thê Giản Dị Của Tôi Rất Dễ Thương Lúc Ở Nhà (Tập 2),104250.0,0.0,10,https://tiki.vn/sach-vi-hon-the-gian-di-cua-toi-rat-de-thuong-luc-o-nha-tap-2-p279376736.html?spid=279365361,Tiki,Sách ngoại văn,False
279375972,Sách Trái Dấu Hút Nhau (Chọn lẻ),55000.0,4.8,82,https://tiki.vn/sach-trai-dau-hut-nhau-chon-le-p279375972.html?spid=279533752,Tiki,Truyện tranh/Manga,False
279312656,Sách Hà Ô Lôi,125300.0,4.5,130,https://tiki.vn/sach-ha-o-loi-p279312656.html?spid=279312659,Tiki,Sách ngoại văn,False
279300720,Sách Agatha Christie. Kẻ thù giấu mặt,116000.0,4.8,83,https://tiki.vn/sach-agatha-christie-ke-thu-giau-mat-p279300720.html?spid=279300721,Tiki,Chăm sóc da,False
279258106,Takenote IELTS Từ vựng theo chủ đề (Band 5.5 - 7.5),59000.0,5.0,3,https://tiki.vn/takenote-ielts-tu-vung-theo-chu-de-band-5-5-7-5-p279258106.html?spid=279258109,Tiki,Sách ngoại văn,False
279187927,Văn phòng thám tử quái vật,28000.0,5.0,153,https://tiki.vn/van-phong-tham-tu-quai-vat-p279187927.html?spid=253366607,Tiki,Truyện tranh/Manga,False
278809843,Sách Án Mạng Trong Tháp Thủy Tinh,150480.0,5.0,179,https://tiki.vn/sach-an-mang-trong-thap-thuy-tinh-p278809843.html?spid=278809844,Tiki,Chăm sóc da,False
278663242,Sách Sự Thịnh Vượng Của Các Quốc Gia,441700.0,4.7,511,https://tiki.vn/sach-su-thinh-vuong-cua-cac-quoc-gia-p278663242.html?spid=278663243,Tiki,Sách ngoại văn,True
278516481,Sách Kiêu Hãnh Và Định Kiến,164000.0,5.0,182,https://tiki.vn/sach-kieu-hanh-va-dinh-kien-p278516481.html?spid=278516482,Tiki,Sách ngoại văn,False
278491336,Sách Ngồi Khóc Trên Cây (Khổ Nhỏ),64000.0,5.0,31,https://tiki.vn/sach-ngoi-khoc-tren-cay-kho-nho-p278491336.html?spid=278491340,Tiki,Sách ngoại văn,False
278451455,Sách Hoàng Đế Xứ Gladness - Ocean Vuong,187500.0,4.8,261,https://tiki.vn/sach-hoang-de-xu-gladness-ocean-vuong-p278451455.html?spid=278451456,Tiki,Sách ngoại văn,False
278242178,Tủ sách vui để học - Sách tô màu - Dòng sách cầm tay,91000.0,0.0,6,https://tiki.vn/tu-sach-vui-de-hoc-sach-to-mau-dong-sach-cam-tay-p278242178.html?spid=278253062,Tiki,Sách ngoại văn,False
278119757,Sách Mossad: Chiến Dịch Tình Báo Huyền Thoại - Những Điệp Vụ Kinh Điển Làm Rúng Động Thế Giới,159700.0,4.6,225,https://tiki.vn/sach-mossad-chien-dich-tinh-bao-huyen-thoai-nhung-diep-vu-kinh-dien-lam-rung-dong-the-gioi-p278119757.html?spid=278119758,Tiki,Sách ngoại văn,False
276886071,Sách Kiếp Nào Ta Cũng Tìm Thấy Nhau: Câu Chuyện Về Những Linh Hồn Tri Kỷ Vĩnh Viễn Không Chia Lìa,87800.0,5.0,251,https://tiki.vn/sach-kiep-nao-ta-cung-tim-thay-nhau-cau-chuyen-ve-nhung-linh-hon-tri-ky-vinh-vien-khong-chia-lia-p276886071.html?spid=276886074,Tiki,Sách ngoại văn,False
276652110,Sách Thôi miên bằng ngôn từ -  Sách Nghệ Thuật Bán Hàng Và Thuyết Phục Đỉnh Cao TB,138900.0,4.5,79,https://tiki.vn/sach-thoi-mien-bang-ngon-tu-tai-ban-p276652110.html?spid=276652112,Tiki,Sách ngoại văn,False
276641698,Tiệm sách của nàng (Nguyễn Nhật Ánh),96000.0,5.0,1680,https://tiki.vn/tiem-sach-cua-nang-nguyen-nhat-anh-p276641698.html?spid=276641700,Tiki,Sách ngoại văn,False
276477770,Sách Storytelling - Lay Động Lòng Người Bằng Chuyện Kể,164820.0,4.7,390,https://tiki.vn/sach-storytelling-lay-dong-long-nguoi-bang-chuyen-ke-p276477770.html?spid=276477772,Tiki,Tô màu - Luyện chữ,False
274599269,"Sách Nơi Nào Có Mẹ, Nơi Ấy Là Nhà",67500.0,5.0,533,https://tiki.vn/sach-noi-nao-co-me-noi-ay-la-nha-p274599269.html?spid=274599608,Tiki,Sách ngoại văn,False
274175475,Frieren - Pháp Sư Tiễn Táng,40500.0,5.0,365,https://tiki.vn/frieren-phap-su-tien-tang-p274175475.html?spid=274810147,Tiki,Truyện tranh/Manga,False
273664288,Sách BẢY NGƯỜI CHỒNG CỦA EVELYN HUGO - Taylor Jenkins Reid - San Hô Book,244800.0,4.8,154,https://tiki.vn/sach-bay-nguoi-chong-cua-evelyn-hugo-taylor-jenkins-reid-san-ho-book-p273664288.html?spid=273664289,Tiki,Sách ngoại văn,False
272879984,Sách Nghệ Thuật Việt Nam,150000.0,5.0,57,https://tiki.vn/sach-nghe-thuat-viet-nam-p272879984.html?spid=272879985,Tiki,Sách ngoại văn,False
271379451,Sách Lý Thuyết Trò Chơi,116200.0,4.7,10045,https://tiki.vn/sach-ly-thuyet-tro-choi-p271379451.html?spid=271379452,Tiki,Tô màu - Luyện chữ,False
270663112,Combo Thám Tử Lừng Danh Conan - Học Viện Cảnh Sát - Wild Police Story [Tập 1+2] (2 Cuốn),57000.0,4.8,70,https://tiki.vn/combo-tham-tu-lung-danh-conan-hoc-vien-canh-sat-wild-police-story-tap-1-2-2-cuon-p270663112.html?spid=270663115,Tiki,Truyện tranh/Manga,False
263514100,Sách Liệu Pháp Chữa Bệnh - Khu Phản Xạ,105100.0,5.0,581,https://tiki.vn/sach-lieu-phap-chua-benh-khu-phan-xa-p263514100.html?spid=263514101,Tiki,Sách ngoại văn,False
263052837,Dragon Ball Super Tập 14: Tuần Tra Viên Ngân Hà Son Goku,28500.0,5.0,14,https://tiki.vn/dragon-ball-super-tap-14-tuan-tra-vien-ngan-ha-son-goku-p263052837.html?spid=263052840,Tiki,Truyện tranh/Manga,False
262800037,Tác Giả Kinh Điển Nhật Bản_Truyện Hay Cho Tuổi Học Đường,42750.0,3.0,60,https://tiki.vn/tac-gia-kinh-dien-nhat-ban_truyen-hay-cho-tuoi-hoc-duong-p262800037.html?spid=262800039,Tiki,Sách ngoại văn,False
249866918,Sách WHO? Chuyện kể về danh nhân thế giới: Lionel Messi (Tái Bản),48750.0,5.0,166,https://tiki.vn/sach-who-chuyen-ke-ve-danh-nhan-the-gioi-lionel-messi-tai-ban-p249866918.html?spid=249866922,Tiki,Vitamin & Thực phẩm bổ sung,False
248541389,"Sách Sư Phạm Khai Phóng - Thế Giới, Việt Nam & Tôi",167100.0,5.0,2205,https://tiki.vn/sach-su-pham-khai-phong-the-gioi-viet-nam-toi-p248541389.html?spid=248541390,Tiki,Tô màu - Luyện chữ,False
214186191,Sách Những Kẻ Xuất Chúng (Tái Bản),107300.0,4.7,2000,https://tiki.vn/sach-nhung-ke-xuat-chung-tai-ban-p214186191.html?spid=214186193,Tiki,Sách ngoại văn,False
195969664,Tokyo Revengers - Tập 4,94700.0,5.0,962,https://tiki.vn/tokyo-revengers-tap-4-p195969664.html?spid=195969673,Tiki,Truyện tranh/Manga,False
195801321,Sách The One Thing - Điều Ý Nghĩa Nhất (Tái Bản 2022),78400.0,4.8,2801,https://tiki.vn/sach-the-one-thing-dieu-y-nghia-nhat-tai-ban-2022-p195801321.html?spid=195801322,Tiki,Tô màu - Luyện chữ,False
77105730,Sách Tàn Ngày Để Lại (Bìa Cứng),142560.0,4.8,4342,https://tiki.vn/sach-tan-ngay-de-lai-bia-cung-p77105730.html?spid=77105731,Tiki,Sách ngoại văn,False
57233240,Combo 5 Cuốn: Doraemon Thế Giới Khoa Học,213750.0,4.8,270,https://tiki.vn/combo-5-cuon-doraemon-the-gioi-khoa-hoc-p57233240.html?spid=57233241,Tiki,Truyện tranh/Manga,False
17493918,Sách Luyện Nói Tiếng Trung Quốc Cấp Tốc Cho Người Bắt Đầu - Tập 2 (Kèm file MP3) (Tái Bản),156000.0,5.0,821,https://tiki.vn/sach-luyen-noi-tieng-trung-quoc-cap-toc-cho-nguoi-bat-dau-tap-2-kem-file-mp3-tai-ban-p17493918.html?spid=17493919,Tiki,Sách ngoại văn,False
10581200,Sách Dế Mèn Phiêu Lưu Ký (Tái Bản),39200.0,5.0,14225,https://tiki.vn/sach-de-men-phieu-luu-ky-tai-ban-p10581200.html?spid=10581201,Tiki,Máy massage,False
10005245,Sách Đàn Ông Sao Hỏa Đàn Bà Sao Kim,139000.0,4.8,53527,https://tiki.vn/sach-dan-ong-sao-hoa-dan-ba-sao-kim-p10005245.html?spid=10005246,Tiki,Tô màu - Luyện chữ,False
7718737,Sách Nghệ Thuật Tư Duy Rành Mạch (Tái Bản),113960.0,4.8,12067,https://tiki.vn/sach-nghe-thuat-tu-duy-ranh-mach-tai-ban-p7718737.html?spid=7718738,Tiki,Tô màu - Luyện chữ,False
544731,Sách Giáo Trình Chuẩn HSK 2 - Bài Học (Kèm file MP3),164000.0,5.0,3987,https://tiki.vn/sach-giao-trinh-chuan-hsk-2-bai-hoc-kem-file-mp3-p544731.html?spid=268145,Tiki,Sách ngoại văn,False
279368485,Sách Đừng Động Vào Cún Con - Tập 3,161100.0,5.0,45,https://tiki.vn/sach-dung-dong-vao-cun-con-tap-3-p279368485.html?spid=279368603,Tiki,Sách thiếu nhi,False
279342169,Sách Tâm Lý Học Đọc Vị,75210.0,0.0,22,https://tiki.vn/sach-tam-ly-hoc-doc-vi-p279342169.html?spid=279342170,Tiki,Tô màu - Luyện chữ,False
279236314,"Sách Giáo Trình Chuẩn HSK - Bài học và Bài Tập: HSK 1, HSK 2, HSK 3",125800.0,5.0,7,https://tiki.vn/sach-bo-giao-trinh-chuan-hsk-bai-hoc-va-bai-tap-hsk-1-hsk-2-hsk-3-p279236314.html?spid=279236320,Tiki,Sách ngoại văn,False
279019397,Khoa học khám phá. Nguồn gốc thời gian: Lý thuyết cuối cùng của Stephen Hawking,161000.0,5.0,48,https://tiki.vn/khoa-hoc-kham-pha-nguon-goc-thoi-gian-ly-thuyet-cuoi-cung-cua-stephen-hawking-p279019397.html?spid=279019399,Tiki,Sách ngoại văn,False
278859517,Sách Thương Tiến Tửu,113300.0,5.0,128,https://tiki.vn/sach-thuong-tien-tuu-tap-7-p278859517.html?spid=278859612,Tiki,Sách thiếu nhi,False
278694957,Sách Thành Phố Và Những Bức Tường Bất Định,238700.0,5.0,338,https://tiki.vn/sach-thanh-pho-va-nhung-buc-tuong-bat-dinh-p278694957.html?spid=278694959,Tiki,Sách ngoại văn,False
278638861,Sách IELTS Writing: Viết Luận “Chất Như Nước Cất”,149000.0,4.8,148,https://tiki.vn/sach-ielts-writing-viet-luan-chat-nhu-nuoc-cat-p278638861.html?spid=278638863,Tiki,Sách ngoại văn,False
278602011,Sách Thứ Kình - Về Bên Anh,140400.0,5.0,28,https://tiki.vn/sach-thu-kinh-ve-ben-anh-p278602011.html?spid=278601992,Tiki,Sách ngoại văn,False
278495084,Sách Kỹ Năng Phòng Tránh Bắt Nạt Và Bạo Lực Học Đường,30100.0,5.0,94,https://tiki.vn/sach-ky-nang-phong-tranh-bat-nat-va-bao-luc-hoc-duong-p278495084.html?spid=278495095,Tiki,Sách ngoại văn,False
278279383,Sách Trong Gia Đình,87000.0,0.0,38,https://tiki.vn/sach-trong-gia-dinh-p278279383.html?spid=278279384,Tiki,Sách ngoại văn,False
278159185,Sách Em học cách quản lí cảm xúc của mình: Cậu bé,18200.0,0.0,28,https://tiki.vn/sach-em-hoc-cach-quan-li-cam-xuc-cua-minh-p278159185.html?spid=278159208,Tiki,Sách ngoại văn,False
278128712,Sách Bồi Dưỡng Tính Cách Tự Tin Và Mạnh Mẽ Cho Trẻ,23400.0,0.0,13,https://tiki.vn/sach-boi-duong-tinh-cach-tu-tin-va-manh-me-cho-tre-p278128712.html?spid=278128885,Tiki,Vitamin & Thực phẩm bổ sung,False
277165432,"Sách Hành Lang Hẹp - Nhà Nước, Xã Hội Và Vận Mệnh Của Tự Do",313000.0,5.0,598,https://tiki.vn/sach-hanh-lang-hep-nha-nuoc-xa-hoi-va-van-menh-cua-tu-do-p277165432.html?spid=277174313,Tiki,Sách ngoại văn,True
276933751,Combo Giáo Trình Chuẩn YCT 2 - Sách Bài Học và Bài tập (Bộ 2 cuốn),180000.0,0.0,235,https://tiki.vn/combo-giao-trinh-chuan-yct-2-sach-bai-hoc-va-bai-tap-bo-2-cuon-p276933751.html?spid=276949266,Tiki,Sách ngoại văn,False
276928994,Bộ Sách Móng Vuốt Quạ Đen,78400.0,5.0,222,https://tiki.vn/bo-sach-mong-vuot-qua-den-p276928994.html?spid=276930831,Tiki,Sách ngoại văn,False
276718105,Sách Ngữ Pháp Tiếng Anh Tối Giản dành cho người mới bắt đầu - Tác giả BS. Đỗ Trung Kiên,99000.0,5.0,605,https://tiki.vn/sach-ngu-phap-tieng-anh-toi-gian-danh-cho-nguoi-moi-bat-dau-tac-gia-bs-do-trung-kien-p276718105.html?spid=276718106,Tiki,Sách ngoại văn,False
276388548,Sách Tư Duy Nhanh Và Chậm (Tái Bản),208000.0,4.7,3897,https://tiki.vn/sach-tu-duy-nhanh-va-cham-tai-ban-p276388548.html?spid=214186190,Tiki,Tô màu - Luyện chữ,False
275928713,Sách Đọc Vị Mọi Vấn Đề Của Trẻ - Giải Mã Mọi Vấn Đề Về Nuôi Con Nhỏ: Ăn - Ngủ - Kỷ Luật Hành Vi,182900.0,5.0,690,https://tiki.vn/sach-doc-vi-moi-van-de-cua-tre-giai-ma-moi-van-de-ve-nuoi-con-nho-an-ngu-ky-luat-hanh-vi-p275928713.html?spid=275928716,Tiki,Sách ngoại văn,False
275043092,Sách Đầu Tư Vào Vàng - Khoản Đầu Tư Tuyệt Đối An Toàn Thiết Yếu Cho Mỗi Danh Mục Đầu Tư (Jonathan Spall),108000.0,4.6,311,https://tiki.vn/sach-dau-tu-vao-vang-khoan-dau-tu-tuyet-doi-an-toan-thiet-yeu-cho-moi-danh-muc-dau-tu-jonathan-spall-p275043092.html?spid=275303053,Tiki,Sách ngoại văn,False
273844978,Sách Thao Túng Tâm Lý,110600.0,4.7,16088,https://tiki.vn/sach-thao-tung-tam-ly-p273844978.html?spid=167940011,Tiki,Tô màu - Luyện chữ,False
272058579,Sách Basic Ielts Listening (Quét Mã QR Để Nghe File MP3),206000.0,4.5,252,https://tiki.vn/sach-basic-ielts-listening-quet-ma-qr-de-nghe-file-mp3-p272058579.html?spid=272058580,Tiki,Sách ngoại văn,False
272003238,Nụ hôn tinh nghịch,84000.0,5.0,279,https://tiki.vn/nu-hon-tinh-nghich-p272003238.html?spid=275363421,Tiki,Truyện tranh/Manga,False
271219230,Sách Chiến tranh không có một khuôn mặt phụ nữ (Tái bản),132000.0,4.7,1299,https://tiki.vn/sach-chien-tranh-khong-co-mot-khuon-mat-phu-nu-tai-ban-p271219230.html?spid=271219231,Tiki,Sách ngoại văn,False
271162836,Sách Beartown 2: Chúng tôi đấu với các bạn,179000.0,5.0,1350,https://tiki.vn/sach-beartown-2-chung-toi-dau-voi-cac-ban-p271162836.html?spid=271162837,Tiki,Sách ngoại văn,False
205148094,Sách Cánh Cửa Mở Rộng -Thần Thoại Sisyphus,78000.0,5.0,846,https://tiki.vn/sach-canh-cua-mo-rong-than-thoai-sisyphus-p205148094.html?spid=205148095,Tiki,Sách ngoại văn,False
186286187,Sách Nhà Lãnh Đạo Không Chức Danh,83500.0,5.0,4904,https://tiki.vn/sach-nha-lanh-dao-khong-chuc-danh-p186286187.html?spid=186286189,Tiki,Sách ngoại văn,False
184419723,Sách Sapiens Lược Sử Loài Người (Tái Bản 2022),197400.0,5.0,5269,https://tiki.vn/sach-sapiens-luoc-su-loai-nguoi-tai-ban-2022-p184419723.html?spid=184419726,Tiki,Sách ngoại văn,False
176909246,Sách Bí Quyết Bấm Huyệt Chữa Bệnh,137060.0,4.8,1219,https://tiki.vn/sach-bi-quyet-bam-huyet-chua-benh-p176909246.html?spid=176909247,Tiki,Sách ngoại văn,False
176909221,Sách Ngôi Nhà Bên Bờ Biển Xanh Thẳm,153230.0,5.0,3888,https://tiki.vn/sach-ngoi-nha-ben-bo-bien-xanh-tham-p176909221.html?spid=176909223,Tiki,Sách ngoại văn,False
160585832,Sách Veil – Sắc Trắng Yêu Kiều - Tập 3 (Tặng Kèm Postcard),88000.0,5.0,1010,https://tiki.vn/sach-veil-sac-trang-yeu-kieu-tap-3-tang-kem-postcard-p160585832.html?spid=160585833,Tiki,Sách thiếu nhi,False
76175345,Sách Ăn Theo Nhóm Máu,133000.0,4.8,938,https://tiki.vn/sach-an-theo-nhom-mau-p76175345.html?spid=76175346,Tiki,Sách ngoại văn,False
56750844,Sách Tiểu Sử Steve Jobs (Tái Bản 2020),291850.0,4.8,1902,https://tiki.vn/sach-tieu-su-steve-jobs-tai-ban-2020-p56750844.html?spid=56750845,Tiki,Sách ngoại văn,True
54266567,Sách Nghĩ Giàu Và Làm Giàu (Bìa Mềm),84700.0,5.0,14561,https://tiki.vn/sach-nghi-giau-va-lam-giau-bia-mem-p54266567.html?spid=54266568,Tiki,Sách ngoại văn,False
32219488,Sách Doanh Nghiệp Của Thế Kỷ 21 (Tái Bản 2019),84000.0,4.8,5569,https://tiki.vn/sach-doanh-nghiep-cua-the-ky-21-tai-ban-2019-p32219488.html?spid=33095730,Tiki,Sách ngoại văn,False
24490036,Sách Tại Sao Phương Tây Vượt Trội,311100.0,4.7,4147,https://tiki.vn/sach-tai-sao-phuong-tay-vuot-troi-p24490036.html?spid=24490037,Tiki,Sách ngoại văn,True
20611171,Combo Tý Quậy ( 10 tập ),300000.0,4.7,254,https://tiki.vn/combo-ty-quay-10-tap-p20611171.html?spid=20611172,Tiki,Truyện tranh/Manga,True
15267827,Sách Hoàng Tử Bé (Tái Bản),74000.0,5.0,27108,https://tiki.vn/sach-hoang-tu-be-tai-ban-2019-p15267827.html?spid=15267828,Tiki,Sách ngoại văn,False
7496289,Sách Sơn Nam - Lịch Sử Khẩn Hoang Miền Nam (Tái Bản),91950.0,4.8,1002,https://tiki.vn/sach-son-nam-lich-su-khan-hoang-mien-nam-tai-ban-p7496289.html?spid=7496291,Tiki,Sách ngoại văn,False
3102749,Sách Bất Động Sản Căn Bản (Tái Bản 2018),124300.0,4.7,2718,https://tiki.vn/sach-bat-dong-san-can-ban-tai-ban-2018-p3102749.html?spid=3147817,Tiki,Mỹ phẩm,False
638185,Sách Tự Học Đột Phá - Kĩ Năng Viết Lại Câu Tiếng Anh,102000.0,4.8,4047,https://tiki.vn/sach-tu-hoc-dot-pha-ki-nang-viet-lai-cau-tieng-anh-p638185.html?spid=638186,Tiki,Sách ngoại văn,False
279325501,Sách Chân Cứng Đá Mềm - Hồi ký Xuân Phượng,119000.0,5.0,46,https://tiki.vn/sach-chan-cung-da-mem-p279325501.html?spid=279378597,Tiki,Sách ngoại văn,False
279323586,Sách Dấu Ấn Hoàng Gia - Tập 51 [Tặng Kèm Postcard],28500.0,0.0,120,https://tiki.vn/sach-dau-an-hoang-gia-tap-51-tang-kem-postcard-p279323586.html?spid=279323587,Tiki,Truyện tranh/Manga,False
279292563,Truyện Tranh - Nơi Dãy Núi Điên Dại,38000.0,5.0,51,https://tiki.vn/truyen-tranh-noi-day-nui-dien-dai-p279292563.html?spid=279534174,Tiki,Truyện tranh/Manga,False
278894059,"Sách Mình Chia Tay Rồi, Có Nhớ Không?",63480.0,5.0,59,https://tiki.vn/sach-minh-chia-tay-roi-co-nho-khong-p278894059.html?spid=278894060,Tiki,Sách ngoại văn,False
278874643,Sách Đại Pháp Sư Của Thư Viện [Chọn Tập Lẻ,42750.0,5.0,190,https://tiki.vn/sach-dai-phap-su-cua-thu-vien-chon-tap-le-p278874643.html?spid=279157932,Tiki,Truyện tranh/Manga,False
278836816,Lời Thì Thầm Tinh Tú – Star Whispers (Bộ Bài Và Sách Hướng Dẫn),240000.0,5.0,35,https://tiki.vn/loi-thi-tham-tinh-tu-star-whispers-bo-bai-va-sach-huong-dan-p278836816.html?spid=278836817,Tiki,Sách ngoại văn,False
278814503,Sách Bảng Xếp Hạng Quân Vương [Chọn Tập Lẻ,43650.0,5.0,18,https://tiki.vn/sach-bang-xep-hang-quan-vuong-chon-tap-le-p278814503.html?spid=278756490,Tiki,Truyện tranh/Manga,False
278723591,Sách Continental Saigon – Từ Hào Quang Đế Quốc Đến Giấc Mộng Đông Dương Tan Vỡ,255000.0,5.0,53,https://tiki.vn/sach-continental-saigon-tu-hao-quang-de-quoc-den-giac-mong-dong-duong-tan-vo-p278723591.html?spid=278723595,Tiki,Sách ngoại văn,False
278692091,Sách Giải Mã Kiểu Gắn Bó Của Bạn,119350.0,5.0,126,https://tiki.vn/sach-giai-ma-kieu-gan-bo-cua-ban-p278692091.html?spid=278692092,Tiki,Tô màu - Luyện chữ,False
278684752,Giáo Trình Tiếng Hàn Tổng Hợp Dành Cho Người Việt Nam - Giáo Trình + Sách Bài Tập,213000.0,5.0,0,https://tiki.vn/giao-trinh-tieng-han-tong-hop-danh-cho-nguoi-viet-nam-giao-trinh-sach-bai-tap-phan-loai-le-p278684752.html?spid=278686582,Tiki,Sách ngoại văn,False
278590521,Sách Agatha Christie - Kỳ Án Bảy Mặt Đồng Hồ,103000.0,4.8,233,https://tiki.vn/sach-agatha-christie-ky-an-bay-mat-dong-ho-p278590521.html?spid=278590524,Tiki,Chăm sóc da,False
278518858,Thị Trấn Mèo - Tập 10 [Tặng Kèm Postcard],64500.0,5.0,82,https://tiki.vn/thi-tran-meo-tap-10-tang-kem-postcard-p278518858.html?spid=278518859,Tiki,Truyện tranh/Manga,False
278377639,Sách Sứ Mệnh Hail Mary – Project Hail Mary,160930.0,4.8,774,https://tiki.vn/sach-su-menh-hail-mary-project-hail-mary-p278377639.html?spid=278377641,Tiki,Sách ngoại văn,False
277963698,"Sách Huyễn Tưởng Về Bình Thường - Sang Chấn Tâm Lý, Bệnh Tật Và Chữa Lành Trong Một Nền Văn Hóa Độc Hại",265650.0,5.0,255,https://tiki.vn/sach-huyen-tuong-ve-binh-thuong-sang-chan-tam-ly-benh-tat-va-chua-lanh-trong-mot-nen-van-hoa-doc-hai-p277963698.html?spid=277963703,Tiki,Sách ngoại văn,False
277923352,Sách Hỏi đáp nhanh trí,51000.0,0.0,49,https://tiki.vn/sach-hoi-dap-nhanh-tri-p277923352.html?spid=277923445,Tiki,Sách ngoại văn,False
277543284,Kotaro sống một mình,44000.0,5.0,252,https://tiki.vn/kotaro-song-mot-minh-p277543284.html?spid=277670266,Tiki,Truyện tranh/Manga,False
277499663,Sách NVIDIA Cỗ Máy Tư Duy Vĩ Đại,162900.0,5.0,270,https://tiki.vn/sach-nvidia-co-may-tu-duy-vi-dai-p277499663.html?spid=277499664,Tiki,Tô màu - Luyện chữ,False
276653136,Sách Hồ Điệp Và Kình Ngư,118500.0,4.7,94,https://tiki.vn/sach-ho-diep-va-kinh-ngu-p276653136.html?spid=276653137,Tiki,Sách ngoại văn,False
276526058,Sách Jane Eyre,163000.0,4.8,219,https://tiki.vn/sach-jane-eyre-p276526058.html?spid=275185547,Tiki,Sách ngoại văn,False
276377311,Sách Ông trăm tuổi tái xuất và giải cứu thế giới (Jonas Jonasson),158000.0,4.8,553,https://tiki.vn/sach-ong-tram-tuoi-tai-xuat-va-giai-cuu-the-gioi-jonas-jonasson-p276377311.html?spid=276377312,Tiki,Sách ngoại văn,False
276289473,Sách Triết lý của Inamori Kazuo Chúng ta sống vì điều gì?,87000.0,5.0,246,https://tiki.vn/sach-triet-ly-cua-inamori-kazuo-chung-ta-song-vi-dieu-gi-p276289473.html?spid=276289475,Tiki,Tô màu - Luyện chữ,False
272449818,Sách MANIFEST – 7 Bước Để Thay Đổi Cuộc Đời Bạn Mãi Mãi,83930.0,5.0,2805,https://tiki.vn/sach-manifest-7-buoc-de-thay-doi-cuoc-doi-ban-mai-mai-p272449818.html?spid=272449819,Tiki,Tô màu - Luyện chữ,False
270790349,Shin - Cậu Bé Bút Chì Tập 16,23500.0,4.8,38,https://tiki.vn/shin-cau-be-but-chi-tap-16-p270790349.html?spid=270790352,Tiki,Truyện tranh/Manga,False
263500714,Sách Dạy Con Làm Giàu (Tập 2) - Sử Dụng Đồng Vốn,122000.0,5.0,709,https://tiki.vn/sach-day-con-lam-giau-tap-2-su-dung-dong-von-p263500714.html?spid=263500717,Tiki,Sách ngoại văn,False
261982682,Sách Cuộc cách mạng Glucose,114000.0,5.0,2612,https://tiki.vn/sach-cuoc-cach-mang-glucose-p261982682.html?spid=261982684,Tiki,Sách ngoại văn,False
247442507,Doraemon Tranh Truyện Màu - Nobita Tây Du Kí Tập 2 (Tái Bản 2023),28500.0,5.0,44,https://tiki.vn/doraemon-tranh-truyen-mau-nobita-tay-du-ki-tap-2-tai-ban-2023-p247442507.html?spid=247442508,Tiki,Truyện tranh/Manga,False
207256575,Sách Định luật Murphy – Mọi bí mật tâm lý thao túng cuộc đời bạn,91630.0,4.8,8561,https://tiki.vn/sach-dinh-luat-murphy-moi-bi-mat-tam-ly-thao-tung-cuoc-doi-ban-p207256575.html?spid=207256576,Tiki,Sách ngoại văn,False
195801641,Sách Tâm Lý Học Trẻ Em,164000.0,5.0,301,https://tiki.vn/sach-tam-ly-hoc-tre-em-p195801641.html?spid=195801650,Tiki,Sách ngoại văn,False
190238356,Sách Kỷ Luật Bản Thân,156400.0,4.7,3965,https://tiki.vn/sach-ky-luat-ban-than-p190238356.html?spid=190238357,Tiki,Tô màu - Luyện chữ,False
157240665,"Ra Bờ Suối Ngắm Hoa Kèn Hồng (Truyện Dài-Nguyễn Nhật Ánh)- Bìa Cứng (Màu Trắng)[Tặng Kèm: Bookmark Bồi Hai Mặt, Thiệp Trái Tim In Bài Thơ Của Tác Giả, Đặc Biệt Tặng Kèm Phiên Bản Khổ Nhỏ Tựa Sách Út Quyên Và Tôi (Cùng Tác Giả)]",213000.0,5.0,11834,https://tiki.vn/ra-bo-suoi-ngam-hoa-ken-hong-truyen-dai-nguyen-nhat-anh-p157240665.html?spid=157240671,Tiki,Sách ngoại văn,False
143226165,Sách Cẩm Nang Khám Phá Cơ Thể Người (Tặng Kèm Bookmark),76230.0,4.8,1197,https://tiki.vn/sach-cam-nang-kham-pha-co-the-nguoi-tang-kem-bookmark-p143226165.html?spid=143226167,Tiki,Sách ngoại văn,False
111285062,Sách Đắc Nhân Tâm (Bìa Mềm)(Tái Bản),66220.0,4.8,11883,https://tiki.vn/sach-dac-nhan-tam-bia-mem-tai-ban-p111285062.html?spid=111285063,Tiki,Sách ngoại văn,False
104769768,Máy Tính CASIO FX580VN X-PK (Màu,744000.0,5.0,5130,https://tiki.vn/may-tinh-casio-fx580vn-x-p104769768.html?spid=104769772,Tiki,Sách tiếng Việt,True
58533769,Combo 2 Cuốn: Tớ Muốn Ăn Tụy Của Cậu - Tập 1 + Tập 2 (Tái Bản),68400.0,4.5,127,https://tiki.vn/combo-2-cuon-to-muon-an-tuy-cua-cau-tap-1-tap-2-tai-ban-2020-p58533769.html?spid=58533771,Tiki,Sách ngoại văn,False
49910019,Sách Bác Sĩ Riêng Của Bé Yêu - Chào Con! Ba Mẹ Đã Sẵn Sàng (Tái Bản),77000.0,5.0,8600,https://tiki.vn/sach-bac-si-rieng-cua-be-yeu-chao-con-ba-me-da-san-sang-tai-ban-p49910019.html?spid=49910020,Tiki,Sách ngoại văn,False
34956336,Doraemon Plus Tập 6 (Tái Bản),21600.0,5.0,37,https://tiki.vn/doraemon-plus-tap-6-tai-ban-2019-p34956336.html?spid=34956337,Tiki,Truyện tranh/Manga,False
30757177,Sách Bản Chất Của Người,99330.0,4.7,1888,https://tiki.vn/sach-ban-chat-cua-nguoi-p30757177.html?spid=30757179,Tiki,Tô màu - Luyện chữ,False
24951095,Sách Mắt Biếc (Tái Bản 2019),90000.0,5.0,35174,https://tiki.vn/sach-mat-biec-tai-ban-2019-p24951095.html?spid=24951097,Tiki,Sách ngoại văn,False
10392851,Sách Tôi Thấy Hoa Vàng Trên Cỏ Xanh,124000.0,5.0,7636,https://tiki.vn/sach-toi-thay-hoa-vang-tren-co-xanh-p10392851.html?spid=39152601,Tiki,Sách ngoại văn,False
3639597,Sách Bước Chậm Lại Giữa Thế Gian Vội Vã (Tái Bản),77000.0,4.8,49256,https://tiki.vn/sach-buoc-cham-lai-giua-the-gian-voi-va-tai-ban-p3639597.html?spid=3718337,Tiki,Sách ngoại văn,False
279322222,Sách Lam Sơn Thực Lục,60000.0,4.5,31,https://tiki.vn/lam-son-thuc-luc-p279322222.html?spid=279322223,Tiki,Sách ngoại văn,False
279322060,Bộ Sách Tham Khảo Trí Tuệ Nhân Tạo - Lớp 1-12 (Trọn Bộ/Lẻ),36000.0,5.0,14,https://tiki.vn/sach-bo-sach-tri-tue-nhan-tao-lop-1-12-tron-bo-le-p279322060.html?spid=279322078,Tiki,Sách ngoại văn,False
279298520,"Sách Tớ, Cậu và Những Điều Lấp Lánh",101250.0,5.0,32,https://tiki.vn/sach-to-cau-va-nhung-dieu-lap-lanh-p279298520.html?spid=279299007,Tiki,Sách ngoại văn,False
279120672,Sách Codename Anastasia (Tập 2),166500.0,4.7,83,https://tiki.vn/sach-codename-anastasia-tap-2-p279120672.html?spid=279120970,Tiki,Sách ngoại văn,False
279082305,Spy X Family - Tập 14,27000.0,5.0,67,https://tiki.vn/spy-x-family-tap-14-tang-kem-standee-pvc-p279082305.html?spid=279082306,Tiki,Truyện tranh/Manga,False
278896961,Sách Một Người Rừng Thông Thái,80600.0,0.0,11,https://tiki.vn/sach-mot-nguoi-rung-thong-thai-p278896961.html?spid=278896962,Tiki,Sách ngoại văn,False
278788075,Sách Những Ngày Thường Bất Ổn Của Yano [Chọn Tập Lẻ,42750.0,4.1,80,https://tiki.vn/sach-nhung-ngay-thuong-bat-on-cua-yano-chon-tap-le-p278788075.html?spid=279559060,Tiki,Truyện tranh/Manga,False
278690058,"Combo 3 Cuốn Destination Grammar & Vocabulary B1, B2, C1&C2 (Kèm Đáp Án)",492000.0,5.0,88,https://tiki.vn/combo-3-cuo-n-destination-grammar-vocabulary-b1-b2-c1-c2-kem-dap-an-p278690058.html?spid=278690059,Tiki,Sách ngoại văn,True
278602020,Sách Kẹo Dâu Tây Và Tiểu Tiên Nữ Của Anh – Tập 2,147000.0,5.0,115,https://tiki.vn/sach-keo-dau-tay-va-tieu-tien-nu-cua-anh-tap-2-p278602020.html?spid=278603623,Tiki,Sách ngoại văn,False
278489406,Sách Tôi Thấy Hoa Vàng Trên Cỏ Xanh (Khổ Nhỏ),66300.0,5.0,42,https://tiki.vn/sach-toi-thay-hoa-vang-tren-co-xanh-kho-nho-p278489406.html?spid=278489409,Tiki,Sách ngoại văn,False
278094949,Sách Giải Thích Ngữ Pháp Tiếng Anh (Ấn Phẩm Mới),146300.0,5.0,351,https://tiki.vn/sach-giai-thich-ngu-phap-tieng-anh-an-pham-moi-p278094949.html?spid=278094950,Tiki,Sách ngoại văn,False
278070702,Sách Anh Em Bình Thường,50300.0,0.0,71,https://tiki.vn/sach-anh-em-binh-thuong-p278070702.html?spid=278070863,Tiki,Sách ngoại văn,False
277447120,[5 REAMS] Thùng 5 Ream Giấy A4 Deli Giấy In Photo Copy 70gsm Chính Hãng Loại Dày 2500 Tờ Chống Lóa Giấy Mắt,621000.0,5.0,112,https://tiki.vn/thung-5-ream-giay-a4-deli-giay-in-photo-copy-70gsm-chinh-hang-loai-day-ream-500-to-chong-loa-giay-mat-p277447120.html?spid=277447121,Tiki,Sách tiếng Việt,True
276859727,Spy X Family Tập 11 (Bản Thường),28500.0,5.0,91,https://tiki.vn/spy-x-family-tap-11-ban-thuong-tang-kem-standee-pvc-p276859727.html?spid=276859728,Tiki,Truyện tranh/Manga,False
276613280,Sách Tục Ngữ Phong Dao (Theo bản in của Mặc Lâm năm 1967),102200.0,5.0,28,https://tiki.vn/sach-tuc-ngu-phong-dao-theo-ban-in-cua-mac-lam-nam-1967-p276613280.html?spid=276613282,Tiki,Sách ngoại văn,False
275406600,Sách Dẫn Dắt Một Bầy Sói Hay Chăn Một Đàn Cừu,126300.0,4.7,3130,https://tiki.vn/sach-dan-dat-mot-bay-soi-hay-chan-mot-dan-cuu-p275406600.html?spid=275406603,Tiki,Sách ngoại văn,False
274728364,Sách Đại Việt Sử Ký Toàn Thư,188800.0,4.8,697,https://tiki.vn/sach-dai-viet-su-ky-toan-thu-p274728364.html?spid=274728367,Tiki,Sách ngoại văn,False
273383957,Sách TIỂU SỬ ELON MUSK - Bản thường: Bìa cứng áo ôm,332200.0,4.8,953,https://tiki.vn/sach-tieu-su-elon-musk-p273383957.html?spid=273384043,Tiki,Sách ngoại văn,True
271411085,"Sách Nói Sao Cho Trẻ Chịu Nghe, Nghe Sao Cho Trẻ Chịu Nói (TB)",169000.0,5.0,214,https://tiki.vn/sach-noi-sao-cho-tre-chiu-nghe-nghe-sao-cho-tre-chiu-noi-tb-p271411085.html?spid=271411086,Tiki,Sách ngoại văn,False
271118010,Sách Giao Tiếp Bất Bạo Động (Nonviolent Communication),105000.0,5.0,2378,https://tiki.vn/sach-giao-tiep-bat-bao-dong-nonviolent-communication-p271118010.html?spid=271118013,Tiki,Mỹ phẩm,False
243006533,Sách Britt-Marie Đã Ở Đây (Fredrid Backman),139000.0,5.0,940,https://tiki.vn/sach-britt-marie-da-o-day-fredrid-backman-p243006533.html?spid=243006534,Tiki,Sách ngoại văn,False
242425015,Sách Không Bao Giờ Là Thất Bại! Tất Cả Là Thử Thách (Bìa Mềm),160160.0,4.8,704,https://tiki.vn/sach-khong-bao-gio-la-that-bai-tat-ca-la-thu-thach-bia-mem-p242425015.html?spid=242425016,Tiki,Sách ngoại văn,False
204000450,Combo Sách Giáo Trình Chuẩn HSK 1 - Sách Bài Học Và Bài Tập (Bộ 2 Cuốn),299000.0,5.0,1939,https://tiki.vn/combo-sach-giao-trinh-chuan-hsk-1-sach-bai-hoc-va-bai-tap-bo-2-cuon-p204000450.html?spid=204000451,Tiki,Sách ngoại văn,True
200851515,"Sách Dọn đường tâm lý, thuyết phục chắc thắng",133000.0,5.0,124,https://tiki.vn/sach-don-duong-tam-ly-thuyet-phuc-chac-thang-p200851515.html?spid=200851516,Tiki,Mỹ phẩm,False
191782162,Sách Trên Đường Băng (Tony Buổi Sáng),80000.0,5.0,2500,https://tiki.vn/sach-tren-duong-bang-tony-buoi-sang-p191782162.html?spid=191782164,Tiki,Tô màu - Luyện chữ,False
190707619,Sách Của Chuột Và Người,66000.0,4.8,729,https://tiki.vn/sach-cua-chuot-va-nguoi-p190707619.html?spid=190707623,Tiki,Sách ngoại văn,False
173515978,My Hero Academia - Học Viện Siêu Anh Hùng Tập 8: Yaoyorozu: Trỗi Dậy (Tái Bản 2022),28500.0,5.0,26,https://tiki.vn/my-hero-academia-hoc-vien-sieu-anh-hung-tap-8-yaoyorozu-troi-day-tai-ban-2022-p173515978.html?spid=173515980,Tiki,Truyện tranh/Manga,False
161008715,Sách Power Vs Force - Trường Năng Lượng Và Những Nhân Tố Quyết Định Hành Vi Của Con Người (Tái Bản),160600.0,5.0,7243,https://tiki.vn/sach-power-vs-force-truong-nang-luong-va-nhung-nhan-to-quyet-dinh-hanh-vi-cua-con-nguoi-tai-ban-p161008715.html?spid=161008716,Tiki,Sách ngoại văn,False
132366458,Sách Hướng Dẫn Chẩn Đoán Tâm Lý Tâm Thần Theo DSM-5,182400.0,5.0,315,https://tiki.vn/sach-huong-dan-chan-doan-tam-ly-tam-than-theo-dsm-5-p132366458.html?spid=132366459,Tiki,Sách ngoại văn,False
124767704,Sách Bạn Đắt Giá Bao Nhiêu? (Tái Bản),107030.0,5.0,3844,https://tiki.vn/sach-ban-dat-gia-bao-nhieu-tai-ban-p124767704.html?spid=124767705,Tiki,Tô màu - Luyện chữ,False
113530805,Sách Tuổi Trẻ Đáng Giá Bao Nhiêu (Tái Bản),83160.0,4.8,12433,https://tiki.vn/sach-tuoi-tre-dang-gia-bao-nhieu-tai-ban-p113530805.html?spid=113530807,Tiki,Tô màu - Luyện chữ,False
110883359,Sách Lũ Người Quỷ Ám,337500.0,4.5,690,https://tiki.vn/sach-lu-nguoi-quy-am-p110883359.html?spid=110883360,Tiki,Sách ngoại văn,True
82912488,Sách Từ Tốt Đến Vĩ Đại (Tái bản),109000.0,5.0,11700,https://tiki.vn/sach-tu-tot-den-vi-dai-tai-ban-2021-p82912488.html?spid=88911710,Tiki,Sách ngoại văn,False
75307228,Sách OSHO Yêu - Being In Love - Yêu Trong Tỉnh Thức,117600.0,5.0,14922,https://tiki.vn/sach-osho-yeu-being-in-love-yeu-trong-tinh-thuc-p75307228.html?spid=75307229,Tiki,Sách ngoại văn,False
72459686,Sách How Psychology Works - Hiểu Hết Về Tâm Lý Học,273350.0,4.8,16504,https://tiki.vn/sach-how-psychology-works-hieu-het-ve-tam-ly-hoc-p72459686.html?spid=72459687,Tiki,Tô màu - Luyện chữ,False
49002497,Sách Tâm Bệnh Học,122000.0,5.0,1635,https://tiki.vn/sach-tam-benh-hoc-p49002497.html?spid=49002498,Tiki,Sách ngoại văn,False
17336364,Sách Phía Sau Nghi Can X (Tái Bản 2019),99330.0,4.8,19464,https://tiki.vn/sach-phia-sau-nghi-can-x-tai-ban-2019-p17336364.html?spid=17336365,Tiki,Chăm sóc da,False
8234989,Sách Ticket To Childhood,80000.0,4.8,740,https://tiki.vn/sach-ticket-to-childhood-p8234989.html?spid=8234990,Tiki,Sách ngoại văn,False
595726,Sách Giáo Trình Chuẩn HSK 4 Bài Học (Tập 2),197000.0,5.0,2407,https://tiki.vn/sach-giao-trinh-chuan-hsk-4-bai-hoc-tap-2-p595726.html?spid=595744,Tiki,Sách ngoại văn,False
347334,Sách Có Hai Con Mèo Ngồi Bên Cửa Sổ,80000.0,4.7,24606,https://tiki.vn/sach-co-hai-con-meo-ngoi-ben-cua-so-p347334.html?spid=39001,Tiki,Sách ngoại văn,False
279391329,Sách Trị Liệu Cảm Xúc Bằng Hương Thơm,117100.0,0.0,14,https://tiki.vn/sach-tri-lieu-cam-xuc-bang-huong-thom-p279391329.html?spid=279391330,Tiki,Tô màu - Luyện chữ,False
279366196,Sách Plants Vs Zombies Trái Cây Đại Chiến Zombie – Hỏi Đáp Khoa Học,71000.0,0.0,21,https://tiki.vn/sach-plants-vs-zombies-trai-cay-dai-chien-zombie-hoi-dap-khoa-hoc-p279366196.html?spid=279366203,Tiki,Vitamin & Thực phẩm bổ sung,False
279259349,Sách Trí Tuệ Quỷ Cốc Tử (Nghệ Thuật Đối Nhân Xử Thế),70500.0,4.8,28,https://tiki.vn/sach-tri-tue-quy-coc-tu-nghe-thuat-doi-nhan-xu-the-p279259349.html?spid=279259352,Tiki,Tô màu - Luyện chữ,False
279259095,Sách Dạ Khúc Hồi Tưởng,119250.0,4.8,143,https://tiki.vn/sach-da-khuc-hoi-tuong-p279259095.html?spid=279259096,Tiki,Sách ngoại văn,False
279132071,Sách - Trúc Mã Của Tôi Thật Nham Hiểm,183846.0,5.0,6,https://tiki.vn/sach-truc-ma-cua-toi-that-nham-hiem-tap-1-tang-kem-bookmark-boi-cung-p279132071.html?spid=279132074,Tiki,Sách ngoại văn,False
279063977,Sách Người Bố Cá Gai Của Tôi (Bố con cá gai Phần 2),120000.0,5.0,555,https://tiki.vn/sach-nguoi-bo-ca-gai-cua-toi-p279063977.html?spid=279063978,Tiki,Sách ngoại văn,False
278948895,Tuyển Tập Kiệt Tác Fujiko F Fujio - F The Best,190000.0,5.0,234,https://tiki.vn/tuyen-tap-kiet-tac-fujiko-f-fujio-f-the-best-tang-kem-set-sticker-kho-lon-p278948895.html?spid=278948896,Tiki,Truyện tranh/Manga,False
278881187,Sách Nông Trường Kỳ Ảo,126200.0,5.0,94,https://tiki.vn/sach-nong-truong-ky-ao-tap-1-p278881187.html?spid=278881190,Tiki,Sách thiếu nhi,False
278809847,Sách Là Họa Không Thể Tránh (Tập 1 + Tập 2),252000.0,4.7,52,https://tiki.vn/sach-la-hoa-khong-the-tranh-tap-1-tap-2-p278809847.html?spid=278810374,Tiki,Sách ngoại văn,False
277045427,Sách The Daily Drucker: Kim Chỉ Nam Mỗi Ngày Về Quản Trị Kinh Doanh,208800.0,5.0,148,https://tiki.vn/sach-the-daily-drucker-kim-chi-nam-moi-ngay-ve-quan-tri-kinh-doanh-p277045427.html?spid=277045428,Tiki,Sách ngoại văn,False
276933741,Sách Trà hoa nữ,62000.0,4.8,97,https://tiki.vn/sach-tra-hoa-nu-p276933741.html?spid=276933743,Tiki,Sách ngoại văn,False
276835583,Sách Hot Search Trời Giáng,119600.0,5.0,99,https://tiki.vn/sach-hot-search-troi-giang-p276835583.html?spid=279330235,Tiki,Sách thiếu nhi,False
276833106,Sách Khúc Ca Chuộc Tội,117660.0,4.8,266,https://tiki.vn/sach-khuc-ca-chuoc-toi-p276833106.html?spid=276833110,Tiki,Chăm sóc da,False
276109497,Spy X Family Tập 10,28500.0,5.0,163,https://tiki.vn/spy-x-family-tap-10-tang-kem-standee-p276109497.html?spid=276109499,Tiki,Truyện tranh/Manga,False
275793457,Sách Méthode Rose - Phương pháp hồng năm thứ nhất với đàn piano - Giáo trình dạy piano nổi tiếng của Pháp - File Audio đánh mẫu tặng kèm trên website,133950.0,5.0,391,https://tiki.vn/sach-methode-rose-phuong-phap-hong-1-nam-thu-nhat-voi-dan-piano-giao-trinh-day-piano-noi-tieng-cua-phap-p275793457.html?spid=275515021,Tiki,Sách ngoại văn,False
275622230,Sách giáo khoa Hóa Học 12- Kết Nối Tri Thức Với Cuộc Sống (Kèm Nilon bọc Sách),36000.0,4.8,75,https://tiki.vn/sach-giao-khoa-hoa-hoc-12-ket-noi-tri-thuc-voi-cuoc-song-p275622230.html?spid=275622231,Tiki,Sách ngoại văn,False
274318142,Sách Sơn Hà Bất Dạ Thiên,124000.0,5.0,156,https://tiki.vn/sach-son-ha-bat-da-thien-p274318142.html?spid=274318425,Tiki,Sách thiếu nhi,False
273219000,Shin - Cậu Bé Bút Chì Tập 34,23750.0,5.0,5,https://tiki.vn/shin-cau-be-but-chi-tap-34-p273219000.html?spid=273219003,Tiki,Truyện tranh/Manga,False
270546273,Combo Tư Duy Ngược + Tư Duy Mở (Nguyễn Anh Dũng) SBOOKS ,144000.0,4.7,3758,https://tiki.vn/combo-tu-duy-nguoc-tu-duy-mo-nguyen-anh-dung-sbooks-p270546273.html?spid=270546274,Tiki,Tô màu - Luyện chữ,False
245787187,Gã nghiện giày - Tự truyện của nhà sáng lập Nike,157000.0,4.7,457,https://tiki.vn/ga-nghien-giay-tu-truyen-cua-nha-sang-lap-nike-p245787187.html?spid=245787188,Tiki,Sách ngoại văn,False
216090603,"Sách Lỗ Ban Kinh toàn thư (Tác phẩm kinh điển về thuật chọn ngày tốt, phong thuỷ kiến trúc Trung Hoa cổ đại)(bìa cứng)",186900.0,4.6,239,https://tiki.vn/sach-lo-ban-kinh-toan-thu-tac-pham-kinh-dien-ve-thuat-chon-ngay-tot-phong-thuy-kien-truc-trung-hoa-co-dai-bia-cung-p216090603.html?spid=216090606,Tiki,Sách ngoại văn,False
215983686,Combo Shin - Cậu Bé Bút Chì - Đặc Biệt  (8 Tập),195000.0,4.8,89,https://tiki.vn/combo-shin-cau-be-but-chi-dac-biet-8-tap-p215983686.html?spid=215983687,Tiki,Truyện tranh/Manga,False
194960744,Sách Đừng bao giờ đi ăn một mình,122000.0,5.0,1332,https://tiki.vn/sach-dung-bao-gio-di-an-mot-minh-p194960744.html?spid=194960745,Tiki,Sách ngoại văn,False
189643105,Sách Không Phải Sói Nhưng Cũng Đừng Là Cừu -Tặng kèm bookmark 2 mặt,99840.0,4.8,13961,https://tiki.vn/sach-khong-phai-soi-nhung-cung-dung-la-cuu-tang-kem-bookmark-2-mat-p189643105.html?spid=189643110,Tiki,Tô màu - Luyện chữ,False
187824773,Tướng Về Hưu Và Những Truyện Khác (Bản Đặc Biệt),269000.0,5.0,477,https://tiki.vn/tuong-ve-huu-va-nhung-truyen-khac-ban-dac-biet-p187824773.html?spid=187824774,Tiki,Sách ngoại văn,False
184774173,Sách Những Người Nhật Tử Tế,101000.0,5.0,1375,https://tiki.vn/sach-nhung-nguoi-nhat-tu-te-p184774173.html?spid=184774174,Tiki,Sách ngoại văn,False
103379147,Sách Bạch Dạ Hành (Tái Bản),201600.0,4.8,6069,https://tiki.vn/sach-bach-da-hanh-tai-ban-p103379147.html?spid=103379149,Tiki,Chăm sóc da,False
92492870,Combo 6 Cuốn Ehon Nhật Bản : Ai Ở Sau Lưng Bạn Thế (Tái Bản),166200.0,5.0,2528,https://tiki.vn/combo-6-cuon-ehon-nhat-ban-ai-o-sau-lung-ban-the-tai-ban-p92492870.html?spid=92492871,Tiki,Sách ngoại văn,False
79672197,Sách Bí Mật Của May Mắn (Khổ Nhỏ)(Tái Bản),34650.0,5.0,12849,https://tiki.vn/sach-bi-mat-cua-may-man-kho-nho-tai-ban-p79672197.html?spid=79672198,Tiki,Sách ngoại văn,False
75813211,Sách TS Thu Giang - Lão Tử Đạo Đức Kinh (Tái Bản),103000.0,5.0,733,https://tiki.vn/sach-ts-thu-giang-lao-tu-dao-duc-kinh-tai-ban-p75813211.html?spid=75813212,Tiki,Sách ngoại văn,False
75813201,Sách Không Đến Một (Tái Bản - Bìa Cam),91000.0,5.0,3057,https://tiki.vn/sach-khong-den-mot-tai-ban-bia-cam-p75813201.html?spid=75813202,Tiki,Sách ngoại văn,False
71072209,Sách Nhân Gian Đáng Giá,94000.0,5.0,1277,https://tiki.vn/sach-nhan-gian-dang-gia-p71072209.html?spid=71072210,Tiki,Sách ngoại văn,False
68059466,Sách Tư Duy Đặt Cược: Quyết Định Sáng Suốt Hơn Khi Không Có Đủ Thông Tin,103000.0,4.8,748,https://tiki.vn/sach-tu-duy-dat-cuoc-quyet-dinh-sang-suot-hon-khi-khong-co-du-thong-tin-p68059466.html?spid=68059467,Tiki,Tô màu - Luyện chữ,False
67991602,Sách Đừng Làm Việc Chăm Chỉ Hãy Làm Việc Thông Minh,139000.0,4.8,11035,https://tiki.vn/sach-dung-lam-viec-cham-chi-hay-lam-viec-thong-minh-p67991602.html?spid=67991603,Tiki,Mỹ phẩm,False
62373313,Sách Những Đòn Tâm Lý Trong Thuyết Phục,156750.0,4.8,1149,https://tiki.vn/sach-nhung-don-tam-ly-trong-thuyet-phuc-p62373313.html?spid=62373314,Tiki,Sách ngoại văn,False
37887031,Sách Hiểu Nghèo Thoát Nghèo (Tái Bản),120000.0,4.8,1981,https://tiki.vn/sach-hieu-ngheo-thoat-ngheo-tai-ban-p37887031.html?spid=37887032,Tiki,Sách ngoại văn,False
22383811,Sách Becoming - Chất Michelle,231000.0,4.8,19940,https://tiki.vn/sach-becoming-chat-michelle-p22383811.html?spid=22383812,Tiki,Sách ngoại văn,False
19274773,Sách Di Sản Hồ Chí Minh - Những Mẩu Chuyện Về Đời Hoạt Động Của Chủ Tịch Hồ Chí Minh (Tái Bản),65000.0,4.7,202,https://tiki.vn/sach-di-san-ho-chi-minh-nhung-mau-chuyen-ve-doi-hoat-dong-cua-chu-tich-ho-chi-minh-tai-ban-p19274773.html?spid=19274776,Tiki,Sách ngoại văn,False
13105192,Doraemon - Chú Mèo Máy Đến Từ Tương Lai Tập 43 (Tái Bản),20900.0,5.0,469,https://tiki.vn/doraemon-chu-meo-may-den-tu-tuong-lai-tap-43-tai-ban-p13105192.html?spid=13105193,Tiki,Truyện tranh/Manga,False
9810500,Sách Từ Câu Sai Đến Câu Hay,115000.0,5.0,1182,https://tiki.vn/sach-tu-cau-sai-den-cau-hay-p9810500.html?spid=9810501,Tiki,Sách ngoại văn,False
279444186,OpenClaw : Ứng Dụng AI Tự Động Hóa Trong Công Việc,169500.0,4.7,71,https://tiki.vn/openclaw-ung-dung-ai-tu-dong-hoa-trong-cong-viec-p279444186.html?spid=279447217,Tiki,Mỹ phẩm,False
279321796,Sách Thế Hệ Burnout – Vì Sao Chúng Ta Kiệt Sức?,97500.0,0.0,11,https://tiki.vn/sach-the-he-burnout-vi-sao-chung-ta-kiet-suc-p279321796.html?spid=279321797,Tiki,Sách ngoại văn,False
279269138,Sách - Quy Tắc Mehrabian,108800.0,5.0,109,https://tiki.vn/sach-quy-tac-mehrabian-p279269138.html?spid=279269139,Tiki,Sách ngoại văn,False
279267003,Sách Tiếng Lòng Khó Giấu (Tập 1),126750.0,4.8,214,https://tiki.vn/sach-tieng-long-kho-giau-tap-1-p279267003.html?spid=279267492,Tiki,Sách thiếu nhi,False
279237463,Sách - Sách Lớp Học Mật Ngữ - Phiên Bản Mới - Tập 1-9 (Tái Bản 2025) - Tặng Kèm Quà Tặng Ngẫu Nhiên,30000.0,0.0,31,https://tiki.vn/sach-sach-lop-hoc-mat-ngu-phien-ban-moi-tap-1-9-tai-ban-2025-tang-kem-qua-tang-ngau-nhien-p279237463.html?spid=279237481,Tiki,Sách ngoại văn,False
278948837,Boxset Orange - Lá Thư Từ Tương Lai [Tặng Kèm Set 8 Postcard],299250.0,4.3,23,https://tiki.vn/boxset-orange-la-thu-tu-tuong-lai-tang-kem-set-8-postcard-p278948837.html?spid=278948840,Tiki,Truyện tranh/Manga,True
278159167,"Vui Đọc Truyện, Khéo Tay Tô - Truyện Cổ Tích Về Các Nàng Công Chúa",14600.0,0.0,15,https://tiki.vn/vui-doc-truyen-kheo-tay-to-truyen-co-tich-ve-cac-nang-cong-chua-p278159167.html?spid=278159182,Tiki,Sách ngoại văn,False
278138889,Sách Khoa Học Diệu Kì: Đá Và Khoáng Vật - Sự Thật Cứng Ngắc Về Những Thứ Dưới Chân Ta,27000.0,0.0,31,https://tiki.vn/sach-khoa-hoc-dieu-ki-10-cuon-p278138889.html?spid=278138899,Tiki,Vitamin & Thực phẩm bổ sung,False
278100335,Sách Ánh Sao Bên Tôi,140000.0,5.0,253,https://tiki.vn/anh-sao-ben-toi-tap-1-p278100335.html?spid=279182055,Tiki,Truyện tranh/Manga,False
278029748,Sách Ăn Dặm Không Phải Là Cuộc Chiến,250900.0,4.8,131,https://tiki.vn/sach-an-dam-khong-phai-la-cuoc-chien-p278029748.html?spid=278029751,Tiki,Sách ngoại văn,False
277922893,Sách Cửa Tiệm Chỉ Mở Vào Ngày Mưa,112420.0,4.8,175,https://tiki.vn/sach-cua-tiem-chi-mo-vao-ngay-mua-p277922893.html?spid=277922894,Tiki,Sách ngoại văn,False
277402962,ReLIFE,59400.0,5.0,139,https://tiki.vn/relife-p277402962.html?spid=277402983,Tiki,Truyện tranh/Manga,False
277164014,Sách Lưu Thông Máu Tốt Hóa Giải Bách Bệnh,85900.0,5.0,276,https://tiki.vn/sach-luu-thong-mau-tot-hoa-giai-bach-benh-p277164014.html?spid=277164017,Tiki,Sách ngoại văn,False
276641306,Tiệm Sách Của Nàng - Tặng Kèm Bookmark Photostrip + Sổ Tay Màu Ngẫu Nhiên,116200.0,5.0,167,https://tiki.vn/tiem-sach-cua-nang-tang-kem-bookmark-photostrip-so-tay-mau-ngau-nhien-p276641306.html?spid=276641307,Tiki,Sách ngoại văn,False
275926326,Sách Gã hề Chicot,234000.0,5.0,293,https://tiki.vn/sach-ga-he-chicot-p275926326.html?spid=275926328,Tiki,Sách ngoại văn,False
274807853,Sách Building A Second Brain - Thiết Lập Bộ Não Thứ 2,118100.0,5.0,345,https://tiki.vn/sach-building-a-second-brain-thiet-lap-bo-nao-thu-2-p274807853.html?spid=274807856,Tiki,Tô màu - Luyện chữ,False
274031577,Series các tập ATTACK ON TITAN - Combo tập 1-2-3,133820.0,5.0,1857,https://tiki.vn/series-cac-tap-attack-on-titan-combo-tap-1-2-3-p274031577.html?spid=274031703,Tiki,Truyện tranh/Manga,False
273691882,Sách Bốn nghìn tuần - Quản lý thời gian khi cuộc đời là hữu hạn,121660.0,5.0,238,https://tiki.vn/sach-bon-nghin-tuan-quan-ly-thoi-gian-khi-cuoc-doi-la-huu-han-p273691882.html?spid=273691884,Tiki,Tô màu - Luyện chữ,False
272122637,Chú Thuật Hồi Chiến Tập 17: Ngậm Ngọn Cỏ Lau,28500.0,5.0,442,https://tiki.vn/chu-thuat-hoi-chien-tap-17-ngam-ngon-co-lau-p272122637.html?spid=272122641,Tiki,Truyện tranh/Manga,False
270463602,Shin - Cậu Bé Bút Chì Tập 1,23750.0,5.0,64,https://tiki.vn/shin-cau-be-but-chi-tap-1-p270463602.html?spid=270463605,Tiki,Truyện tranh/Manga,False
267178870,Doraemon Tuyển Tập Tranh Truyện Màu - Tập 1,47500.0,5.0,111,https://tiki.vn/doraemon-tuyen-tap-tranh-truyen-mau-tap-1-p267178870.html?spid=267178873,Tiki,Truyện tranh/Manga,False
179063980,Sách Tại Sao Đàn Ông Thích Tình Dục Và Phụ Nữ Cần Tình Yêu (Tái Bản 2022),206000.0,4.8,503,https://tiki.vn/sach-tai-sao-dan-ong-thich-tinh-duc-va-phu-nu-can-tinh-yeu-tai-ban-2022-p179063980.html?spid=179063981,Tiki,Sách ngoại văn,False
158972052,Sách Cẩm Nang Con Trai,52360.0,5.0,757,https://tiki.vn/sach-cam-nang-con-trai-p158972052.html?spid=158972053,Tiki,Sách ngoại văn,False
147920907,Combo Bộ 6 Cuốn: Thư Viện Song Ngữ Đầu Tiên Cho Bé (0-3 Tuổi),105600.0,5.0,695,https://tiki.vn/combo-bo-6-cuon-thu-vien-song-ngu-dau-tien-cho-be-0-3-tuoi-p147920907.html?spid=147920908,Tiki,Vitamin & Thực phẩm bổ sung,False
147058065,Sách Phi Lý Trí - Khám Phá Những Động Lực Vô Hình Ẩn Sau Những Quyết Định Của Con Người ( Tái Bản),114500.0,4.8,2536,https://tiki.vn/sach-phi-ly-tri-kham-pha-nhung-dong-luc-vo-hinh-an-sau-nhung-quyet-dinh-cua-con-nguoi-tai-ban-p147058065.html?spid=147058066,Tiki,Tô màu - Luyện chữ,False
100347901,Sách Tam Thể 1 (Tái Bản),132000.0,5.0,2254,https://tiki.vn/sach-tam-the-1-tai-ban-p100347901.html?spid=100347902,Tiki,Sách ngoại văn,False
87941401,Lối Tắt Khởi Nghiệp - Con Đường Ngắn Từ Tay Trắng Đến Thành Công Bền Vững,129000.0,4.8,2686,https://tiki.vn/loi-tat-khoi-nghiep-con-duong-ngan-tu-tay-trang-den-thanh-cong-ben-vung-p87941401.html?spid=87941402,Tiki,Sách ngoại văn,False
82936273,Sách Óc Sáng Suốt (Tái Bản 2021),50000.0,4.8,2040,https://tiki.vn/sach-oc-sang-suot-tai-ban-2021-p82936273.html?spid=87835938,Tiki,Tô màu - Luyện chữ,False
80417215,Sách Việt Nam Sử Lược (Bìa Mềm) (Tái Bản),106000.0,5.0,214,https://tiki.vn/sach-viet-nam-su-luoc-bia-mem-tai-ban-p80417215.html?spid=80417216,Tiki,Sách ngoại văn,False
77105707,Ngọn Đèn Không Tắt - Tập Truyện Ngắn (Nguyễn Ngọc Tư),54000.0,4.8,296,https://tiki.vn/ngon-den-khong-tat-tap-truyen-ngan-nguyen-ngoc-tu-p77105707.html?spid=77105708,Tiki,Sách ngoại văn,False
76228337,Sách Thất Lạc Cõi Người (Bìa Mềm),90000.0,4.8,1235,https://tiki.vn/sach-that-lac-coi-nguoi-bia-mem-p76228337.html?spid=76228346,Tiki,Sách ngoại văn,False
72667834,Sách Ehon - Combo 3 Cuốn Âm Thanh Quanh Bé - Dành Cho Trẻ Từ 0 - 6 Tuổi,87750.0,5.0,3427,https://tiki.vn/sach-ehon-combo-3-cuon-am-thanh-quanh-be-danh-cho-tre-tu-0-6-tuoi-p72667834.html?spid=73921340,Tiki,Sách ngoại văn,False
31509726,Sách Làm Bạn Với Bầu Trời (Bìa Mềm) (Tặng Kèm Khung Ảnh Số Lượng Có Hạn),81700.0,5.0,28290,https://tiki.vn/sach-lam-ban-voi-bau-troi-bia-mem-tang-kem-khung-anh-so-luong-co-han-p31509726.html?spid=31509727,Tiki,Sách ngoại văn,False
24403748,Sách Đêm Vô Tận,84000.0,5.0,1921,https://tiki.vn/sach-dem-vo-tan-p24403748.html?spid=24403749,Tiki,Sách ngoại văn,False
16284286,Sách Tuổi Thơ Dữ Dội - Tập 1 (Tái Bản),56800.0,5.0,3125,https://tiki.vn/sach-tuoi-tho-du-doi-tap-1-tai-ban-p16284286.html?spid=16284287,Tiki,Sách ngoại văn,False
10737029,Combo Thế Giới Xe Công Trình (6 Cuốn),117000.0,4.8,2267,https://tiki.vn/combo-the-gioi-xe-cong-trinh-6-cuon-p10737029.html?spid=10737030,Tiki,Sách ngoại văn,False
10678954,"Sách Full bộ Ehon Nhật Bản cho bé 0-6 tuổi thông minh, sáng tạo",292500.0,4.8,7177,https://tiki.vn/sach-full-bo-ehon-nhat-ban-cho-be-0-6-tuoi-thong-minh-sang-tao-p10678954.html?spid=35226140,Tiki,Sách ngoại văn,True
3640421,Sách Đắc Nhân Tâm - Bản Dịch Gốc Từ Nguyễn Hiến Lê (Tặng Kèm Audio Book),68000.0,4.7,14774,https://tiki.vn/sach-dac-nhan-tam-ban-dich-goc-tu-nguyen-hien-le-tang-kem-audio-book-p3640421.html?spid=3643135,Tiki,Tô màu - Luyện chữ,False
3082815,Tự Truyện Benjamin Franklin (Tái Bản),71600.0,4.8,4286,https://tiki.vn/tu-truyen-benjamin-franklin-tai-ban-p3082815.html?spid=3083073,Tiki,Sách ngoại văn,False
464132,Truyện Kiều,23900.0,5.0,1916,https://tiki.vn/truyen-kieu-p464132.html?spid=172950,Tiki,Sách ngoại văn,False
279402018,Sách Quán Cơm Tỳ Hưu - Chỉ Có Vào Không Có Ra (Tập 4),160200.0,5.0,30,https://tiki.vn/quan-com-ty-huu-chi-co-vao-khong-co-ra-tap-4-p279402018.html?spid=279402367,Tiki,Truyện tranh/Manga,False
279395884,Sách Dấu Ấn Hoàng Gia - Tập 57,27000.0,5.0,135,https://tiki.vn/sach-dau-an-hoang-gia-tap-57-p279395884.html?spid=279395887,Tiki,Truyện tranh/Manga,False
279298882,Sách Toán Học Của Thịnh Vượng - Phép Tính Đơn Giản Để Đạt Được An Toàn Tài Chính,186000.0,5.0,55,https://tiki.vn/sach-toan-hoc-cua-thinh-vuong-phep-tinh-don-gian-de-dat-duoc-an-toan-tai-chinh-p279298882.html?spid=279298883,Tiki,Tô màu - Luyện chữ,False
279267466,Sách Tự Chống Lưng,75210.0,0.0,39,https://tiki.vn/sach-tu-chong-lung-p279267466.html?spid=279267467,Tiki,Tô màu - Luyện chữ,False
278904275,Việt Nam - Những Tiếng Vọng Từ Quá Khứ,105300.0,4.8,61,https://tiki.vn/viet-nam-nhung-tieng-vong-tu-qua-khu-p278904275.html?spid=278917099,Tiki,Sách ngoại văn,False
278893208,Xây Dựng Câu Chuyện Thương Hiệu,143300.0,0.0,81,https://tiki.vn/xay-dung-cau-chuyen-thuong-hieu-p278893208.html?spid=278893211,Tiki,Sách ngoại văn,False
278814932,Flashcard Tư Duy Lãnh Đạo - Rèn Tư Duy Dẫn Dắt & Hành Động Hiệu Quả,121600.0,5.0,11,https://tiki.vn/alpha-cards-tu-duy-lanh-dao-p278814932.html?spid=278814933,Tiki,Sách ngoại văn,False
278159875,Sách Người Ăn Chay,115500.0,4.8,569,https://tiki.vn/sach-nguoi-an-chay-p278159875.html?spid=278159878,Tiki,Sách ngoại văn,False
276659735,Series các tập Saiyuki,49000.0,5.0,118,https://tiki.vn/series-cac-tap-saiyuki-p276659735.html?spid=276824700,Tiki,Truyện tranh/Manga,False
276586971,Giáo trình tiếng Hoa đương đại - sách bài học (1-1),170000.0,5.0,31,https://tiki.vn/giao-trinh-tieng-hoa-duong-dai-sach-bai-hoc-1-1-p276586971.html?spid=276586973,Tiki,Sách ngoại văn,False
275905148,Sách Nâng Cao Tần Số Năng Lượng Cá Nhân,117100.0,5.0,626,https://tiki.vn/sach-nang-cao-tan-so-nang-luong-ca-nhan-p275905148.html?spid=275905152,Tiki,Tô màu - Luyện chữ,False
275604151,Sách giáo khoa Toán 9- Tập một- Kết Nối Tri Thức Với Cuộc Sống (Kèm Nilon bọc Sách),36000.0,5.0,133,https://tiki.vn/sach-giao-khoa-toan-9-tap-mot-ket-noi-tri-thuc-voi-cuoc-song-p275604151.html?spid=275604152,Tiki,Sách ngoại văn,False
275243836,Bộ sách Thám tử Sherlock Nhí,32000.0,5.0,30,https://tiki.vn/bo-sach-tham-tu-sherlock-nhi-p275243836.html?spid=275244201,Tiki,Vitamin & Thực phẩm bổ sung,False
275243138,Sách Rèn Luyện Tư Duy Phản Biện,88000.0,4.8,1405,https://tiki.vn/sach-ren-luyen-tu-duy-phan-bien-p275243138.html?spid=275243141,Tiki,Tô màu - Luyện chữ,False
275210710,Sách Ngày Xửa Ngày Xưa Có Một Trái Tim Vụn Vỡ,117660.0,4.6,341,https://tiki.vn/sach-ngay-xua-ngay-xua-co-mot-trai-tim-vun-vo-p275210710.html?spid=275219972,Tiki,Sách ngoại văn,False
275041762,Bộ sách Harry Potter - Tiếng Việt - Khổ nhỏ - Tập 3 - Harry Potter và tên tù nhân ngục Azkaban (set 3 cuốn),173000.0,5.0,608,https://tiki.vn/bo-sach-harry-potter-tieng-viet-kho-nho-p275041762.html?spid=275041946,Tiki,Sách ngoại văn,False
274728129,Vũ điệu rực lửa - Welcome to the Ballroom,36000.0,5.0,297,https://tiki.vn/vu-dieu-ruc-lua-welcome-to-the-ballroom-p274728129.html?spid=274928242,Tiki,Truyện tranh/Manga,False
274069251,Sách Sổ tay ăn dặm của mẹ,104250.0,5.0,460,https://tiki.vn/sach-so-tay-an-dam-cua-me-p274069251.html?spid=274069256,Tiki,Sách ngoại văn,False
273621275,Sách Agatha Christie. Bi kịch ba hồi,99000.0,5.0,542,https://tiki.vn/sach-agatha-christie-bi-kich-ba-hoi-p273621275.html?spid=273621277,Tiki,Chăm sóc da,False
273464121,Sách Lũ Trẻ Đường Tàu,76900.0,4.8,730,https://tiki.vn/sach-lu-tre-duong-tau-p273464121.html?spid=273464122,Tiki,Máy massage,False
270790402,Shin - Cậu Bé Bút Chì - Tập 50,23750.0,5.0,44,https://tiki.vn/shin-cau-be-but-chi-tap-50-p270790402.html?spid=270790405,Tiki,Truyện tranh/Manga,False
225911485,Combo 5-10-20 Bút Bi Viêt Bi Bấm Văn Phòng Học Sinh 0.7mm Deli - Đầu Bấm Thiết Kế Chống Trượt Tiện Dụng - 6546S,4000.0,4.8,104,https://tiki.vn/but-bi-viet-bi-bam-van-phong-hoc-sinh-0-7mm-deli-dau-bam-thiet-ke-chong-truot-tien-dung-6546s-p225911485.html?spid=225911192,Tiki,Sách tiếng Việt,False
207398360,Sách Hãng Luật,167000.0,5.0,351,https://tiki.vn/sach-hang-luat-p207398360.html?spid=207398361,Tiki,Chăm sóc da,False
200938543,Sách Bán Khống (Tái bản 2022),121700.0,5.0,144,https://tiki.vn/sach-ban-khong-tai-ban-2022-p200938543.html?spid=200938544,Tiki,Sách ngoại văn,False
195623864,Truyện tranh tuổi thần tiên - Chú thỏ tinh khôn,11500.0,5.0,118,https://tiki.vn/truyen-tranh-tuoi-than-tien-chu-tho-tinh-khon-p195623864.html?spid=195623869,Tiki,Sách ngoại văn,False
187827438,Sách Vọng Lâu Tử Thần,100000.0,5.0,618,https://tiki.vn/sach-vong-lau-tu-than-p187827438.html?spid=187827440,Tiki,Chăm sóc da,False
126474205,Làm giàu từ chứng khoán bằng phương pháp VSA chính gốc: Nghiên cứu chuyên sâu về cách giao dịch của Wyckoff,499000.0,4.8,4211,https://tiki.vn/lam-giau-tu-chung-khoan-bang-phuong-phap-vsa-chinh-goc-nghien-cuu-chuyen-sau-ve-cach-giao-dich-cua-wyckoff-p126474205.html?spid=126474206,Tiki,Sách ngoại văn,True
91120169,Sách Homecoming - Hồi Sinh Đứa Trẻ Bên Trong Bạn,141300.0,5.0,1586,https://tiki.vn/sach-homecoming-hoi-sinh-dua-tre-ben-trong-ban-p91120169.html?spid=91120170,Tiki,Sách ngoại văn,False
90480255,Sách - Lão Tử Đạo Đức kinh - Nguyễn Hiến Lê ( Tuyển Tập Bách Gia Tranh Minh),136000.0,5.0,800,https://tiki.vn/sach-lao-tu-dao-duc-kinh-nguyen-hien-le-tuyen-tap-bach-gia-tranh-minh-p90480255.html?spid=127524852,Tiki,Sách ngoại văn,False
66955380,Sách Tác Phẩm Bảo Vật Quốc Gia - Hồ Chí Minh (Hộp 5 Cuốn),147000.0,4.8,327,https://tiki.vn/sach-tac-pham-bao-vat-quoc-gia-ho-chi-minh-hop-5-cuon-p66955380.html?spid=66955381,Tiki,Sách ngoại văn,False
53532186,Tuyệt kỹ Giao dịch bằng đồ thị nến Nhật – Japanese Candlestick Charting Techniques,499000.0,4.8,13092,https://tiki.vn/tuyet-ky-giao-dich-bang-do-thi-nen-nhat-japanese-candlestick-charting-techniques-p53532186.html?spid=53532187,Tiki,Sách ngoại văn,True
48481763,Sách Thiên Nga Đen (Tái Bản 2020),201300.0,4.8,5557,https://tiki.vn/sach-thien-nga-den-tai-ban-2020-p48481763.html?spid=48481764,Tiki,Tô màu - Luyện chữ,False
48266434,Sách Hạt Giống Tâm Hồn 1 (Tái Bản),63000.0,4.5,334,https://tiki.vn/sach-hat-giong-tam-hon-1-tai-ban-p48266434.html?spid=48266435,Tiki,Sách ngoại văn,False
21508579,Doraemon Plus Tập 4 (Tái Bản),20900.0,5.0,463,https://tiki.vn/doraemon-plus-tap-4-tai-ban-p21508579.html?spid=21508580,Tiki,Truyện tranh/Manga,False
12053550,Sách Feynman Chuyện Thật Như Đùa (Tái Bản),177000.0,4.8,1487,https://tiki.vn/sach-feynman-chuyen-that-nhu-dua-tai-ban-p12053550.html?spid=12053551,Tiki,Sách ngoại văn,False
10866297,Sách Các Cuộc Chiến Tranh Tiền Tệ (Tái Bản),123000.0,4.8,2640,https://tiki.vn/sach-cac-cuoc-chien-tranh-tien-te-tai-ban-p10866297.html?spid=10866298,Tiki,Mỹ phẩm,False
7982626,Sách Thế Giới Phẳng (Tái Bản),260000.0,4.7,10186,https://tiki.vn/sach-the-gioi-phang-tai-ban-p7982626.html?spid=7982627,Tiki,Tô màu - Luyện chữ,False
7435679,Sách Tư Duy Tích Cực (Tái Bản),40600.0,4.8,403,https://tiki.vn/sach-tu-duy-tich-cuc-tai-ban-p7435679.html?spid=7496027,Tiki,Tô màu - Luyện chữ,False
750578,Sách Khi Hơi Thở Hóa Thinh Không,71600.0,4.7,62700,https://tiki.vn/sach-khi-hoi-tho-hoa-thinh-khong-p750578.html?spid=750581,Tiki,Sách ngoại văn,False
509618,Combo Dragon Ball (Trọn Bộ 42 Tập),1192250.0,4.8,3094,https://tiki.vn/combo-dragon-ball-tron-bo-42-tap-p509618.html?spid=226387,Tiki,Truyện tranh/Manga,True
279287463,Nguồn Gốc Dân Tộc Việt Nam - Đào Duy Anh,53700.0,5.0,27,https://tiki.vn/nguon-goc-dan-toc-viet-nam-dao-duy-anh-p279287463.html?spid=279291246,Tiki,Sách ngoại văn,False
278756955,Sách Nơi Trú Ẩn Bình Yên,62100.0,5.0,20,https://tiki.vn/noi-tru-an-binh-yen-p278756955.html?spid=278756956,Tiki,Sách ngoại văn,False
278747062,Liệu Hoa Có Nở,88000.0,5.0,47,https://tiki.vn/lieu-hoa-co-no-p278747062.html?spid=279330224,Tiki,Truyện tranh/Manga,False
278567955,Sách Rồng Ngầm Trường An,140400.0,5.0,76,https://tiki.vn/sach-rong-ngam-truong-an-p278567955.html?spid=278567956,Tiki,Sách ngoại văn,False
278567361,Bút Gel 0.5 mm - Thiên Long Gel-068 - Mực Tím,6000.0,5.0,17,https://tiki.vn/but-gel-0-5-mm-thien-long-gel-068-muc-tim-p278567361.html?spid=278567362,Tiki,Sách tiếng Việt,False
278316450,Sách Em Bé Và Tôi ( Chọn Tập Lẻ),69100.0,5.0,200,https://tiki.vn/em-be-va-toi-tap-1-tang-kem-special-jacket-p278316450.html?spid=278860198,Tiki,Truyện tranh/Manga,False
277568841,Kingdom,40000.0,5.0,74,https://tiki.vn/kingdom-p277568841.html?spid=277690334,Tiki,Truyện tranh/Manga,False
276841065,Combo Chinh phục đề thi vào lớp 6 trường THCS Chất lượng cao môn Toán - Anh - Tiếng Việt,266000.0,5.0,169,https://tiki.vn/combo-chinh-phuc-de-thi-vao-lop-6-truong-thcs-chat-luong-cao-mon-toan-anh-tieng-viet-p276841065.html?spid=276841068,Tiki,Sách ngoại văn,False
276415841,Sách - Tính không của Vạn vật - Quán chiếu khoa học hiện đại bằng các nguyên lí của phật giáo,177600.0,4.8,30,https://tiki.vn/sach-tinh-khong-cua-van-vat-quan-chieu-khoa-hoc-hien-dai-bang-cac-nguyen-li-cua-phat-giao-p276415841.html?spid=279057274,Tiki,Sách ngoại văn,False
276231113,Sách Lộ Trình Học Tiếng Anh Cho Người Mất Gốc - The English Journey,152460.0,5.0,185,https://tiki.vn/sach-lo-trinh-hoc-tieng-anh-cho-nguoi-mat-goc-the-english-journey-p276231113.html?spid=276231115,Tiki,Sách ngoại văn,False
275881767,Series các tập Thiên hà cạnh bên,45000.0,5.0,78,https://tiki.vn/thien-ha-canh-ben-01-tang-kem-postcard-giay-p275881767.html?spid=276285615,Tiki,Truyện tranh/Manga,False
275300116,Sách WHO? Chuyện Kể Về Danh Nhân Thế Giới,45600.0,4.8,239,https://tiki.vn/sach-who-chuyen-ke-ve-danh-nhan-the-gioi-p275300116.html?spid=275306612,Tiki,Vitamin & Thực phẩm bổ sung,False
275259876,Middlemarch - Trọn bộ 2 tập,389000.0,4.0,51,https://tiki.vn/middlemarch-tron-bo-2-tap-p275259876.html?spid=275259886,Tiki,Sách ngoại văn,True
275178313,Sách Lười - Một lần Lười bằng Mười than thuốc bổ,115000.0,4.8,619,https://tiki.vn/sach-luoi-mot-lan-luoi-bang-muoi-than-thuoc-bo-p275178313.html?spid=275178315,Tiki,Tô màu - Luyện chữ,False
273596551,Sách Trắc ẩn với chính mình,121660.0,5.0,331,https://tiki.vn/sach-trac-an-voi-chinh-minh-p273596551.html?spid=273596552,Tiki,Sách ngoại văn,False
273457566,Sách Thép đã tôi thế đấy (Bản dịch đầy đủ nhất) - Bìa mềm,95600.0,4.7,1026,https://tiki.vn/sach-thep-da-toi-the-day-ban-dich-day-du-nhat-bia-mem-p273457566.html?spid=273457569,Tiki,Sách ngoại văn,False
273119803,Sách Cha Con Giáo Hoàng (Mario Puzo),146000.0,4.7,47,https://tiki.vn/sach-cha-con-giao-hoang-mario-puzo-p273119803.html?spid=273119806,Tiki,Sách ngoại văn,False
273079628,Sách Phép Lạ Của Sự Tỉnh Thức ,60000.0,5.0,814,https://tiki.vn/sach-phep-la-cua-su-tinh-thuc-p273079628.html?spid=273079631,Tiki,Sách ngoại văn,False
272349567,Sách Kẻ thua cuộc giỏi nhất sẽ giành chiến thắng,169000.0,5.0,170,https://tiki.vn/sach-ke-thua-cuoc-gioi-nhat-se-gianh-chien-thang-p272349567.html?spid=272349568,Tiki,Sách ngoại văn,False
271005406,Sách Thuốc Tránh Thai – Lợi Ít Hại Nhiều,95480.0,5.0,37,https://tiki.vn/sach-thuoc-tranh-thai-loi-it-hai-nhieu-p271005406.html?spid=271005409,Tiki,Sách ngoại văn,False
247442497,Combo Doraemon Tranh Truyện Màu - Nobita Tây Du Kí (2 cuốn) [Tái Bản 2023],57000.0,5.0,107,https://tiki.vn/combo-doraemon-tranh-truyen-mau-nobita-tay-du-ki-2-cuon-tai-ban-2023-p247442497.html?spid=247442498,Tiki,Truyện tranh/Manga,False
220663057,Sách Basic IELTS Reading,148000.0,4.8,434,https://tiki.vn/sach-basic-ielts-reading-p220663057.html?spid=220663058,Tiki,Sách ngoại văn,False
214598586,Sách Mậu Thân 1968 - Một Thiên Hùng Ca,184000.0,5.0,80,https://tiki.vn/sach-mau-than-1968-mot-thien-hung-ca-p214598586.html?spid=214598589,Tiki,Sách ngoại văn,False
208560326,Sách Ước Mơ Của Bạn Nhất Định Thành Hiện Thực,66000.0,5.0,817,https://tiki.vn/sach-uoc-mo-cua-ban-nhat-dinh-thanh-hien-thuc-p208560326.html?spid=208560331,Tiki,Tô màu - Luyện chữ,False
203093928,Sách Việt Nam Phong Tục (Bìa Mềm) - Tái Bản,74000.0,5.0,219,https://tiki.vn/sach-viet-nam-phong-tuc-bia-mem-tai-ban-p203093928.html?spid=203093929,Tiki,Sách ngoại văn,False
187827003,Sách Không Diệt Không Sinh Đừng Sợ Hãi (TB5),84700.0,5.0,30016,https://tiki.vn/sach-khong-diet-khong-sinh-dung-so-hai-tb5-p187827003.html?spid=187827005,Tiki,Tô màu - Luyện chữ,False
174444163,"Sách Dear, Darling",66000.0,4.8,6309,https://tiki.vn/sach-dear-darling-p174444163.html?spid=174444165,Tiki,Sách ngoại văn,False
173420792,Sách Người Hạt Dẻ,152100.0,5.0,414,https://tiki.vn/sach-nguoi-hat-de-p173420792.html?spid=173420793,Tiki,Chăm sóc da,False
171549946,Sách Ngồi Khóc Trên Cây,112000.0,5.0,1021,https://tiki.vn/sach-ngoi-khoc-tren-cay-p171549946.html?spid=171549948,Tiki,Sách ngoại văn,False
106863963,Sách Tâm Lý Học - Phác Họa Chân Dung Kẻ Phạm Tội,108750.0,4.8,23538,https://tiki.vn/sach-tam-ly-hoc-phac-hoa-chan-dung-ke-pham-toi-p106863963.html?spid=106863965,Tiki,Tô màu - Luyện chữ,False
73795265,Sách Hợp Nhất Với Vũ Trụ (Bìa Mềm) (Tái Bản 2020),67760.0,5.0,1199,https://tiki.vn/sach-hop-nhat-voi-vu-tru-bia-mem-tai-ban-2020-p73795265.html?spid=73795266,Tiki,Sách ngoại văn,False
72290296,Sách Bí Quyết Đầu Tư & Kinh Doanh Chứng Khoán Của Tỷ Phú Warren Buffett Và George Soros (Tái Bản),133500.0,5.0,721,https://tiki.vn/sach-bi-quyet-dau-tu-kinh-doanh-chung-khoan-cua-ty-phu-warren-buffett-va-george-soros-tai-ban-2020-p72290296.html?spid=72290297,Tiki,Sách ngoại văn,False
53545654,Sách Titan – Gia Tộc Rockefeller,339400.0,4.7,1742,https://tiki.vn/sach-titan-gia-toc-rockefeller-p53545654.html?spid=53545655,Tiki,Sách ngoại văn,True
36363381,Sách Sao Chúng Ta Lại Ngủ,186750.0,4.8,4131,https://tiki.vn/sach-sao-chung-ta-lai-ngu-p36363381.html?spid=36363382,Tiki,Tô màu - Luyện chữ,False
10920495,Sách Dế Mèn Phiêu Lưu Ký,114000.0,5.0,7585,https://tiki.vn/sach-de-men-phieu-luu-ky-p10920495.html?spid=10920496,Tiki,Máy massage,False
10277496,Sách Những Người Thích Đùa (Tái Bản),60325.0,5.0,448,https://tiki.vn/sach-nhung-nguoi-thich-dua-tai-ban-p10277496.html?spid=10277497,Tiki,Sách ngoại văn,False
8021467,"Combo 4 cuốn: Chuyện con mèo dạy hải âu bay, Chuyện con mèo con chuột và bạn thân của nó, Chuyện con ốc sên, Chuyện chú chó tên là trung thành",167760.0,5.0,1198,https://tiki.vn/combo-4-cuon-chuyen-con-meo-day-hai-au-bay-chuyen-con-meo-con-chuot-va-ban-than-cua-no-chuyen-con-oc-sen-chuyen-chu-cho-ten-la-trung-thanh-p8021467.html?spid=127539209,Tiki,Sách ngoại văn,False
6807847,Sách Cảm Ơn Người Lớn (Bìa Mềm) - Bản Tặng Kèm Thiệp + Phong Bì Thiệp + Bookmark (Số Lượng Có Hạn),85000.0,4.8,32393,https://tiki.vn/sach-cam-on-nguoi-lon-bia-mem-p6807847.html?spid=6807851,Tiki,Sách ngoại văn,False
1215673,Sách Từ Những Hạt Mầm: Kiến Đen Tìm Mè,11250.0,5.0,1080,https://tiki.vn/sach-tu-nhung-hat-mam-kien-den-tim-me-p1215673.html?spid=1215943,Tiki,Vitamin & Thực phẩm bổ sung,False
405634,Sách Collins - Listening for IELTS (Quét Mã QR Để Nghe File Mp3),120000.0,4.7,2388,https://tiki.vn/sach-collins-listening-for-ielts-quet-ma-qr-de-nghe-file-mp3-p405634.html?spid=107975,Tiki,Sách ngoại văn,False
279319890,Sách - Monster - Deluxe Edition - Tập 4 - Tặng Kèm Bookmark,122500.0,4.7,99,https://tiki.vn/sach-monster-deluxe-edition-tap-4-tang-kem-bookmark-p279319890.html?spid=279319891,Tiki,Truyện tranh/Manga,False
279259031,"Sách Hiệp Định Paris - Thắng Lợi Của Ý Chí Độc Lập, Tự Chủ Và Chính Nghĩa Việt Nam - Nguyễn Thị Bình",122300.0,5.0,25,https://tiki.vn/sach-hiep-dinh-paris-thang-loi-cua-y-chi-doc-lap-tu-chu-va-chinh-nghia-viet-nam-nguyen-thi-binh-p279259031.html?spid=279259019,Tiki,Sách ngoại văn,False
279236048,Sách - Chuyện xứ Lang Biang - Boxset 12 cuốn - Nguyễn Nhật Ánh khổ nhỏ,140000.0,3.0,22,https://tiki.vn/sach-chuyen-xu-lang-biang-boxset-12-cuon-nguyen-nhat-anh-kho-nho-p279236048.html?spid=279236051,Tiki,Sách ngoại văn,False
278998906,"Sách Hỏi Bằng Tarot, Trả Lời Bằng Tâm Lý Học",104250.0,5.0,44,https://tiki.vn/sach-hoi-bang-tarot-tra-loi-bang-tam-ly-hoc-p278998906.html?spid=278998908,Tiki,Sách ngoại văn,False
278959496,KHI TÁCH CÀ PHÊ CÒN CHƯA NGUỘI - Toshikazu Kawaguchi – Bảo Chương dịch – NXB Trẻ,118000.0,4.8,221,https://tiki.vn/khi-tach-ca-phe-con-chua-nguoi-toshikazu-kawaguchi-bao-chuong-dich-nxb-tre-p278959496.html?spid=278964950,Tiki,Sách ngoại văn,False
278857834,Sách Nhà Có Bé Ngoan,180000.0,4.6,108,https://tiki.vn/sach-nha-co-be-ngoan-p278857834.html?spid=278856943,Tiki,Sách thiếu nhi,False
278756947,Sách Mỗi Tháng Tặng Cậu Một Bài Thơ,59200.0,0.0,12,https://tiki.vn/moi-thang-tang-cau-mot-bai-tho-p278756947.html?spid=278756948,Tiki,Sách ngoại văn,False
278703579,Sách Giáo Trình Hán Ngữ Phiên Bản 3 (Phân Loại Lẻ),117900.0,5.0,45,https://tiki.vn/sach-giao-trinh-han-ngu-phien-ban-3-phan-loai-le-p278703579.html?spid=278703595,Tiki,Sách ngoại văn,False
278679862,Sách Lift-The-Flap - Lật Mở Khám Phá - Những Kiến Thức Đầu Đời,128500.0,0.0,7,https://tiki.vn/sach-lift-the-flap-lat-mo-kham-pha-nhung-kien-thuc-dau-doi-p278679862.html?spid=278679865,Tiki,Vitamin & Thực phẩm bổ sung,False
278611999,Truyện Cổ Nga - Những Cuộc Phiêu Lưu Và Những Phép Màu,157000.0,5.0,35,https://tiki.vn/truyen-co-nga-nhung-cuoc-phieu-luu-va-nhung-phep-mau-p278611999.html?spid=278612000,Tiki,Sách ngoại văn,False
278090753,"Sách Rich habits, poor habits: Sự khác biệt giữa người giàu và người nghèo",173000.0,4.8,496,https://tiki.vn/sach-rich-habits-poor-habits-su-khac-biet-giua-nguoi-giau-va-nguoi-ngheo-p278090753.html?spid=58935257,Tiki,Tô màu - Luyện chữ,False
277409853,Sách Bí Ẩn Thảm Án Ở Styles (Agatha Christie) (NXB Trẻ),95000.0,5.0,315,https://tiki.vn/sach-bi-an-tham-an-o-styles-agatha-christie-nxb-tre-p277409853.html?spid=277554848,Tiki,Chăm sóc da,False
276922193,Shin Cậu Bé Bút Chì - Truyện Dài Tập 21: Bốn Chàng Hiệp Sĩ Của Vương Quốc Vẽ Vời,24500.0,5.0,16,https://tiki.vn/shin-cau-be-but-chi-truyen-dai-tap-21-bon-chang-hiep-si-cua-vuong-quoc-ve-voi-p276922193.html?spid=276922195,Tiki,Truyện tranh/Manga,False
275948804,Sách Quản Trị Sự Thay Đổi,134300.0,5.0,69,https://tiki.vn/sach-quan-tri-su-thay-doi-p275948804.html?spid=275948806,Tiki,Sách ngoại văn,False
275903864,"Sách Nên Nói Gì, Làm Gì Với Người Trầm Cảm",116250.0,4.6,31,https://tiki.vn/sach-nen-noi-gi-lam-gi-voi-nguoi-tram-cam-p275903864.html?spid=275903866,Tiki,Tô màu - Luyện chữ,False
275617268,Shin Cậu Bé Bút Chì - Truyện Dài Tập 15: Câu Chuyện Xuất Ngoại Và Trận Chiến Xương Rồng,23750.0,5.0,23,https://tiki.vn/shin-cau-be-but-chi-truyen-dai-tap-15-cau-chuyen-xuat-ngoai-va-tran-chien-xuong-rong-p275617268.html?spid=275617271,Tiki,Truyện tranh/Manga,False
274952050,Chúc mừng năm mới - Sách tranh ehon Gấu con Kuma - Những chuyện nhỏ hàng ngày,42000.0,5.0,18,https://tiki.vn/chuc-mung-nam-moi-sach-tranh-ehon-gau-con-kuma-nhung-chuyen-nho-hang-ngay-p274952050.html?spid=274952053,Tiki,Sách ngoại văn,False
274545381,Sách Số Đỏ,43900.0,5.0,113,https://tiki.vn/sach-so-do-p274545381.html?spid=274545384,Tiki,Sách ngoại văn,False
273745122,Sách Những Cuộc Phiêu Lưu Kì Thú,30000.0,5.0,50,https://tiki.vn/sach-nhung-cuoc-phieu-luu-ki-thu-p273745122.html?spid=273745238,Tiki,Sách ngoại văn,False
273587157,Luật Hôn nhân và gia đình (hiện hành),32000.0,5.0,99,https://tiki.vn/luat-hon-nhan-va-gia-dinh-hien-hanh-va-van-ban-huong-dan-thi-hanh-p273587157.html?spid=273587158,Tiki,Sách ngoại văn,False
270466779,Sách Chị Sáu Ở Côn Đảo,16000.0,5.0,36,https://tiki.vn/sach-chi-sau-o-con-dao-p270466779.html?spid=270466784,Tiki,Máy massage,False
270466655,Shin - Cậu Bé Bút Chì Tập 13,24500.0,4.6,24,https://tiki.vn/shin-cau-be-but-chi-tap-13-p270466655.html?spid=270466658,Tiki,Truyện tranh/Manga,False
263698219,Bluelock Tập 10,33250.0,5.0,102,https://tiki.vn/bluelock-tap-10-tang-kem-pvc-card-va-standee-nhan-vat-p263698219.html?spid=263698220,Tiki,Truyện tranh/Manga,False
263697797,Sách Siêu Nhí Khám Phá Toán Tư Duy (Dành Cho Bé Từ 4-5 Tuổi),64700.0,5.0,45,https://tiki.vn/sach-sieu-nhi-kham-pha-toan-tu-duy-danh-cho-be-tu-4-5-tuoi-p263697797.html?spid=263697801,Tiki,Vitamin & Thực phẩm bổ sung,False
262517040,Combo Many Lives Many Times - Muôn Kiếp Nhân Sinh - Tập 1 + 2 + 3 (3 Cuốn - Bìa Mềm) - FN,555900.0,0.0,3,https://tiki.vn/combo-many-lives-many-times-muon-kiep-nhan-sinh-tap-1-2-3-3-cuon-bia-mem-fn-p262517040.html?spid=270257180,Tiki,Sách ngoại văn,True
253391262,Kính Vạn Hoa - Tập 4 (Tái Bản 2023),121500.0,5.0,31,https://tiki.vn/kinh-van-hoa-tap-4-tai-ban-2023-p253391262.html?spid=253391263,Tiki,Máy massage,False
249875142,Sách Piano cho thiếu nhi - Tuyển tập 220 tiểu phẩm nổi tiếng (Phần 1) - File audio đàn mẫu tất cả các tiểu phẩm - Có thể luyện tập trên đàn organ - File audio tặng kèm trên website,105000.0,5.0,184,https://tiki.vn/sach-piano-cho-thieu-nhi-tuyen-tap-220-tieu-pham-noi-tieng-phan-1-file-audio-dan-mau-tat-ca-cac-tieu-pham-co-the-luyen-tap-tren-dan-organ-file-audio-tang-kem-tren-website-p249875142.html?spid=249875143,Tiki,Sách ngoại văn,False
202007364,Sách Tiếng Việt Giàu Đẹp - Vẻ Đẹp Ngôn Ngữ Vẻ Đẹp Văn Chương,69000.0,4.6,143,https://tiki.vn/sach-tieng-viet-giau-dep-ve-dep-ngon-ngu-ve-dep-van-chuong-p202007364.html?spid=202007365,Tiki,Sách ngoại văn,False
196411135,Sách Nghệ Thuật Phòng The – Để Cuộc Yêu Thăng Hoa,174000.0,5.0,90,https://tiki.vn/sach-nghe-thua-t-pho-ng-the-de-cuo-c-yeu-thang-hoa-p196411135.html?spid=196411139,Tiki,Tô màu - Luyện chữ,False
195801643,Sách Cà Phê Cùng Tony (Tái Bản 2022),82000.0,5.0,770,https://tiki.vn/sach-ca-phe-cung-tony-tai-ban-2022-p195801643.html?spid=195801649,Tiki,Sách ngoại văn,False
120219394,Sách Tôi Nói Gì Khi Nói Về Chạy Bộ,70840.0,5.0,6341,https://tiki.vn/sach-toi-noi-gi-khi-noi-ve-chay-bo-p120219394.html?spid=120219395,Tiki,Sách ngoại văn,False
116835635,Sách Tớ Học Lập Trình - Làm Quen Với Python,97200.0,5.0,1361,https://tiki.vn/sach-to-hoc-lap-trinh-lam-quen-voi-python-p116835635.html?spid=116835636,Tiki,Vitamin & Thực phẩm bổ sung,False
107802188,Sách Bí Mật Tư Duy Triệu Phú (Tái Bản),83160.0,5.0,3129,https://tiki.vn/sach-bi-mat-tu-duy-trieu-phu-tai-ban-p107802188.html?spid=107802190,Tiki,Tô màu - Luyện chữ,False
90985722,Sách Thương (Thơ) - Bản Thường (Tặng Kèm Bookmark),57750.0,4.7,2537,https://tiki.vn/sach-thuong-tho-p90985722.html?spid=90985724,Tiki,Sách ngoại văn,False
68585576,"Sách Càng Kỷ Luật, Càng Tự Do",103000.0,4.8,21658,https://tiki.vn/sach-cang-ky-luat-cang-tu-do-p68585576.html?spid=68585577,Tiki,Tô màu - Luyện chữ,False
55605172,Sách Tắt Đèn (Tái Bản 2020),36000.0,5.0,1269,https://tiki.vn/sach-tat-den-tai-ban-2020-p55605172.html?spid=55605173,Tiki,Sách ngoại văn,False
51320541,Combo Thám Tử Lừng Danh Conan Tập 61 - 70 (Bộ 10 cuốn),240000.0,5.0,628,https://tiki.vn/combo-tham-tu-lung-danh-conan-tap-61-70-bo-10-cuon-p51320541.html?spid=58806032,Tiki,Truyện tranh/Manga,False
42230121,Sách Hiểu Về Trái Tim (Tái Bản 2019) - Minh Niệm,142200.0,5.0,37337,https://tiki.vn/sach-hieu-ve-trai-tim-tai-ban-2019-minh-niem-p42230121.html?spid=42230122,Tiki,Tô màu - Luyện chữ,False
40933971,Sách Một Đời Thương Thuyết (Tái Bản),105000.0,5.0,3780,https://tiki.vn/sach-mot-doi-thuong-thuyet-tai-ban-p40933971.html?spid=40933972,Tiki,Tô màu - Luyện chữ,False
552393,Sách Hiểu Về Trái Tim,158000.0,5.0,19,https://tiki.vn/sach-hieu-ve-trai-tim-p552393.html?spid=253128147,Tiki,Tô màu - Luyện chữ,False
276933748,Combo Giáo Trình Chuẩn HSK 2 - Sách Bài Học và Bài tập (Bộ 2 cuốn),320000.0,5.0,867,https://tiki.vn/combo-giao-trinh-chuan-hsk-2-sach-bai-hoc-va-bai-tap-bo-2-cuon-p276933748.html?spid=276949258,Tiki,Sách ngoại văn,True
263970133,Thám tử lừng danh Conan Tập 28,23750.0,5.0,30,https://tiki.vn/tham-tu-lung-danh-conan-tap-28-p263970133.html?spid=263970135,Tiki,Truyện tranh/Manga,False
171876692,Dragon Ball Super - Tập 7: Giải Đấu Sức Mạnh - Cuộc Đua Tranh Sống Còn (Tái Bản),28800.0,5.0,116,https://tiki.vn/dragon-ball-super-tap-7-giai-dau-suc-manh-cuoc-dua-tranh-song-con-tai-ban-2022-p171876692.html?spid=171876693,Tiki,Truyện tranh/Manga,False
152464652,Sách 100 Bí Ẩn Đáng Kinh Ngạc Về Giải Cứu Trái Đất - 100 Things To Know About Saving The Planet,89000.0,5.0,202,https://tiki.vn/sach-100-bi-an-dang-kinh-ngac-ve-giai-cuu-trai-dat-100-things-to-know-about-saving-the-planet-p152464652.html?spid=152464653,Tiki,Vitamin & Thực phẩm bổ sung,False
86270920,Sách Trang Tử Tinh Hoa (Thu Giang Nguyễn Duy Cần )(Tái Bản),59000.0,4.8,683,https://tiki.vn/sach-trang-tu-tinh-hoa-thu-giang-nguyen-duy-can-tai-ban-p86270920.html?spid=86270921,Tiki,Sách ngoại văn,False
279408699,Sách Dấu Ấn Hoàng Gia - Tập 60 ,28500.0,5.0,126,https://tiki.vn/sach-dau-an-hoang-gia-tap-60-p279408699.html?spid=279408701,Tiki,Truyện tranh/Manga,False
279396019,Sách Official Character Book - My Hero Academia - Học Viện Siêu Anh Hùng: Ultra Archive [Tặng Kèm Set Bookmark PVC + Bảng Sticker],42750.0,0.0,4,https://tiki.vn/sach-official-character-book-my-hero-academia-hoc-vien-sieu-anh-hung-ultra-archive-tang-kem-set-bookmark-pvc-bang-sticker-p279396019.html?spid=279396022,Tiki,Truyện tranh/Manga,False
279395932,Sách Vivre Card - Thẻ Dữ Liệu Nhân Vật One Piece Booster Pack - Băng Hải Tặc Của “Tứ Hoàng” Big Mom!! ,23750.0,5.0,7,https://tiki.vn/sach-vivre-card-the-du-lieu-nhan-vat-one-piece-booster-pack-bang-hai-tac-cua-tu-hoang-big-mom-p279395932.html?spid=279395934,Tiki,Truyện tranh/Manga,False
279349883,Sách Dấu Ấn Hoàng Gia - Tập 54 ,28500.0,5.0,268,https://tiki.vn/sach-dau-an-hoang-gia-tap-54-p279349883.html?spid=279349885,Tiki,Truyện tranh/Manga,False
279349882,Sách Dấu Ấn Hoàng Gia - Tập 53 ,28500.0,5.0,270,https://tiki.vn/sach-dau-an-hoang-gia-tap-53-p279349882.html?spid=279349884,Tiki,Truyện tranh/Manga,False
279329126,Sách Ngôi Nhà Mặt Trời Mọc (Tập 2),143000.0,5.0,12,https://tiki.vn/sach-ngoi-nha-mat-troi-moc-tap-2-p279329126.html?spid=279330001,Tiki,Truyện tranh/Manga,False
279305766,Dấu Ấn Hoàng Gia - Tập 50 ,28500.0,5.0,263,https://tiki.vn/dau-an-hoang-gia-tap-50-p279305766.html?spid=279305768,Tiki,Truyện tranh/Manga,False
279305764,Sách Dịch Vụ Giao Hàng Của Phù Thủy Kiki (Truyện Tranh Màu) - (Chọn Tập Lẻ),67500.0,5.0,49,https://tiki.vn/dich-vu-giao-hang-cua-phu-thuy-kiki-truyen-tranh-mau-chon-tap-le-p279305764.html?spid=279395400,Tiki,Truyện tranh/Manga,False
279292554,Chung Một Mái Nhà - Tập 5,84000.0,5.0,10,https://tiki.vn/chung-mot-mai-nha-tap-5-p279292554.html?spid=279293803,Tiki,Truyện tranh/Manga,False
279291900,Dấu Ấn Hoàng Gia - Tập 47,28500.0,5.0,259,https://tiki.vn/dau-an-hoang-gia-tap-47-p279291900.html?spid=279291901,Tiki,Truyện tranh/Manga,False
279272462,Sách Vitamin Mèo Và Những Câu Chuyện Bất Tận - Nhiều Phiên Bản,103200.0,5.0,15,https://tiki.vn/sach-sach-vitamin-meo-va-nhung-cau-chuyen-bat-tan-nhieu-phien-ban-p279272462.html?spid=279272468,Tiki,Truyện tranh/Manga,False
279001755,Sách Thủy Cung Đáy Biển Magmell [ Chọn Tập Lẻ,36000.0,5.0,91,https://tiki.vn/sach-thuy-cung-day-bien-magmell-chon-tap-le-p279001755.html?spid=279557373,Tiki,Truyện tranh/Manga,False
278916774,Doraemon Movie Story Màu - Phiên Bản Mới: Nobita Thám Hiểm Vùng Đất Mới,33250.0,0.0,19,https://tiki.vn/doraemon-movie-story-mau-phien-ban-moi-nobita-tham-hiem-vung-dat-moi-p278916774.html?spid=278916775,Tiki,Truyện tranh/Manga,False
278892518,Sách Chàng Đầu Gấu Và Cô Nàng Khiếm Thị [Chọn Tập Lẻ,42750.0,0.0,26,https://tiki.vn/sach-chang-dau-gau-va-co-nang-khiem-thi-tap-1-tang-kem-standee-bap-benh-p278892518.html?spid=279185689,Tiki,Truyện tranh/Manga,False
278870038,Sách - Wild Cats - Tặng Kèm Mini Poster + Card PVC,132300.0,0.0,4,https://tiki.vn/sach-wild-cats-tang-kem-mini-poster-card-pvc-p278870038.html?spid=278870039,Tiki,Truyện tranh/Manga,False
278831291,Sách - Boxset Nguyên Tội Của Takopi - Tập 1 + Tập 2 (Hộp 2 Tập) - Tặng Kèm Standee Giấy Bồi,98000.0,5.0,18,https://tiki.vn/sach-boxset-nguyen-toi-cua-takopi-tap-1-tap-2-hop-2-tap-tang-kem-standee-giay-boi-p278831291.html?spid=278831292,Tiki,Truyện tranh/Manga,False
278788244,Sách Dragon Quest - Cuộc Phiêu Lưu Của Dũng Sĩ Dai [Chọn Tập Lẻ,65550.0,5.0,348,https://tiki.vn/sach-dragon-quest-cuoc-phieu-luu-cua-dung-si-dai-chon-tap-le-p278788244.html?spid=279306660,Tiki,Truyện tranh/Manga,False
278603968,Rồng & Tắc Kè Hoa,52000.0,5.0,66,https://tiki.vn/rong-tac-ke-hoa-p278603968.html?spid=279130813,Tiki,Truyện tranh/Manga,False
278469816,Cú Đấm Phúc Âm,52000.0,5.0,315,https://tiki.vn/cu-dam-phuc-am-p278469816.html?spid=278747151,Tiki,Truyện tranh/Manga,False
278315209,Thám Tử Lừng Danh Conan Vs. Tổ Chức Áo Đen - Tập 1,33250.0,4.8,637,https://tiki.vn/tham-tu-lung-danh-conan-vs-to-chuc-ao-den-p278315209.html?spid=2610741,Tiki,Truyện tranh/Manga,False
275955976,Nhóc Maruko Tập 11 [Tặng Kèm Set Postcard Polaroid],39200.0,5.0,126,https://tiki.vn/nhoc-maruko-tap-11-tang-kem-set-postcard-polaroid-p275955976.html?spid=275955979,Tiki,Truyện tranh/Manga,False
275606968,Thám Tử Lừng Danh Conan - Hanzawa Chàng Hung Thủ Số Nhọ - Tập 7,25000.0,0.0,1,https://tiki.vn/tham-tu-lung-danh-conan-hanzawa-chang-hung-thu-so-nho-tap-7-p275606968.html?spid=275606969,Tiki,Truyện tranh/Manga,False
275490886,Asari - Cô Bé Tinh Nghịch Tập 21 – Tập 30 [Tái Bản 2024,23750.0,4.5,38,https://tiki.vn/asari-co-be-tinh-nghich-tap-21-tap-30-tai-ban-2024-p275490886.html?spid=275491509,Tiki,Truyện tranh/Manga,False
273787649,Nina Ở Thị Trấn Cao Nguyên,34000.0,5.0,58,https://tiki.vn/nina-o-thi-tran-cao-nguyen-p273787649.html?spid=274850762,Tiki,Truyện tranh/Manga,False
271516431,Nhóc Miko! Cô Bé Nhí Nhảnh - Tập 16,23000.0,5.0,38,https://tiki.vn/nhoc-miko-co-be-nhi-nhanh-tap-16-p271516431.html?spid=271516434,Tiki,Truyện tranh/Manga,False
271478393,Thám tử Kindaichi phần đặc biệt: Thanh tra Akechi và chuyên án hào nhoáng,44900.0,5.0,160,https://tiki.vn/tham-tu-kindaichi-phan-dac-biet-thanh-tra-akechi-va-chuyen-an-hao-nhoang-p271478393.html?spid=271478396,Tiki,Truyện tranh/Manga,False
270463575,Shin - Cậu Bé Bút Chì - Tập 37,23750.0,4.8,21,https://tiki.vn/shin-cau-be-but-chi-tap-37-p270463575.html?spid=270463578,Tiki,Truyện tranh/Manga,False
262304766,Thám Tử Lừng Danh Conan Tập 6,23275.0,4.7,70,https://tiki.vn/tham-tu-lung-danh-conan-tap-6-p262304766.html?spid=262304769,Tiki,Truyện tranh/Manga,False
262303861,Thám Tử Lừng Danh Conan - Tập 8,24500.0,5.0,72,https://tiki.vn/tham-tu-lung-danh-conan-tap-8-p262303861.html?spid=262303864,Tiki,Truyện tranh/Manga,False
253366263,Doraemon - Chú Mèo Máy Đến Từ Tương Lai Tập 9 (Tái Bản),23750.0,5.0,47,https://tiki.vn/doraemon-chu-meo-may-den-tu-tuong-lai-tap-9-tai-ban-2023-p253366263.html?spid=253366265,Tiki,Truyện tranh/Manga,False
249025946,"Doraemon - Phiên Bản Điện Ảnh Màu - Ấn Bản Đầy Đủ Ngoại Truyện: Đêm Trước Đám Cưới Nobita, Kỉ Niệm Về Bà [Tái Bản 2023]",58000.0,5.0,19,https://tiki.vn/doraemon-phien-ban-dien-anh-mau-an-ban-day-du-ngoai-truyen-dem-truoc-dam-cuoi-nobita-ki-niem-ve-ba-tai-ban-2023-p249025946.html?spid=249025949,Tiki,Truyện tranh/Manga,False
243023702,Doraemon - Chú Mèo Máy Đến Từ Tương Lai Tập 33 (Tái Bản),23750.0,5.0,26,https://tiki.vn/doraemon-chu-meo-may-den-tu-tuong-lai-tap-33-tai-ban-2023-p243023702.html?spid=243023707,Tiki,Truyện tranh/Manga,False
197214004,Combo Magic Kaito (5 Cuốn) (Tái Bản 2022),168000.0,5.0,141,https://tiki.vn/combo-magic-kaito-5-cuon-tai-ban-2022-p197214004.html?spid=197214006,Tiki,Truyện tranh/Manga,False
197212989,Magic Kaito Tập 1 (Tái Bản 2022),33250.0,5.0,51,https://tiki.vn/magic-kaito-tap-1-tai-ban-2022-p197212989.html?spid=197212990,Tiki,Truyện tranh/Manga,False
186267247,Shaman King 11,35000.0,5.0,298,https://tiki.vn/shaman-king-11-p186267247.html?spid=186267249,Tiki,Truyện tranh/Manga,False
63554358,Combo Thám Tử Lừng Danh Conan: Hoa Hướng Dương Trong Biển Lửa (2 Tập),117000.0,4.7,139,https://tiki.vn/combo-tham-tu-lung-danh-conan-hoa-huong-duong-trong-bien-lua-2-tap-p63554358.html?spid=63554359,Tiki,Truyện tranh/Manga,False
63554343,Combo Thám Tử Lừng Danh Conan: Cuộc Điều Tra Giữa Biển Khơi (2 Tập),114000.0,5.0,102,https://tiki.vn/combo-tham-tu-lung-danh-conan-cuoc-dieu-tra-giua-bien-khoi-2-tap-p63554343.html?spid=63554346,Tiki,Truyện tranh/Manga,False
50477553,Combo Thám Tử Lừng Danh Conan Tập 31 - 40 (Bộ 10 cuốn),240000.0,5.0,958,https://tiki.vn/combo-tham-tu-lung-danh-conan-tap-31-40-bo-10-cuon-p50477553.html?spid=58806028,Tiki,Truyện tranh/Manga,False
49884647,Combo Thám Tử Lừng Danh Conan Tập 11 - 20 (Bộ 10 cuốn),240000.0,5.0,986,https://tiki.vn/combo-tham-tu-lung-danh-conan-tap-11-20-bo-10-cuon-p49884647.html?spid=58806026,Tiki,Truyện tranh/Manga,False
48963465,Fullmetal Alchemist - Cang Giả Kim Thuật Sư - Fullmetal Edition Tập 3,71250.0,5.0,1356,https://tiki.vn/llmetal-alchemist-cang-gia-kim-thuat-su-fullmetal-edition-tap-3-p48963465.html?spid=48963466,Tiki,Truyện tranh/Manga,False
279414864,Sách - Xưởng Phép Thuật - Atelier Of Witch Hat - Tập 3 (Tái Bản 2026),58200.0,5.0,6,https://tiki.vn/sach-xuong-phep-thuat-atelier-of-witch-hat-tap-3-tai-ban-2026-p279414864.html?spid=279414865,Tiki,Truyện tranh/Manga,False
279374423,Sách Dấu Ấn Hoàng Gia - Tập 56 [Tặng Kèm Postcard] ,27000.0,5.0,156,https://tiki.vn/dau-an-hoang-gia-tap-56-tang-kem-postcard-p279374423.html?spid=279374425,Tiki,Truyện tranh/Manga,False
279374419,Sách Nhiệm Vụ Tối Thượng Nhà Yozakura - Tập 26: Taiyo Và Asa ,28500.0,0.0,19,https://tiki.vn/nhiem-vu-toi-thuong-nha-yozakura-tap-26-taiyo-va-asa-p279374419.html?spid=279374420,Tiki,Truyện tranh/Manga,False
279286655,Sách - Hikaru - Kì Thủ Cờ Vây - Ultimate Edition - Tập 3 - Tặng Kèm Character Card,78400.0,5.0,23,https://tiki.vn/sach-hikaru-ki-thu-co-vay-ultimate-edition-tap-3-tang-kem-character-card-p279286655.html?spid=279286656,Tiki,Truyện tranh/Manga,False
279258707,Sách Dấu Ấn Hoàng Gia – Tập 44,28500.0,5.0,263,https://tiki.vn/sach-dau-an-hoang-gia-tap-44-p279258707.html?spid=279258710,Tiki,Truyện tranh/Manga,False
279235206,Sách Thiên Sứ Nhà Bên ~ After The Rain (Truyện Tranh) [Chọn Tập,42750.0,0.0,12,https://tiki.vn/sach-thien-su-nha-ben-after-the-rain-truyen-tranh-chon-tap-p279235206.html?spid=279235318,Tiki,Truyện tranh/Manga,False
279226139,Combo Truyện Card Captor Sakura - Thẻ Bài Pha Lê ( Trọn Bộ 16 Tập),504000.0,5.0,23,https://tiki.vn/combo-truyen-card-captor-sakura-the-bai-pha-le-tron-bo-18-tap-p279226139.html?spid=279226140,Tiki,Truyện tranh/Manga,True
279185704,Sách Cuốn Từ Điển Kì Bí,23750.0,5.0,121,https://tiki.vn/sach-cuon-tu-dien-ki-bi-p279185704.html?spid=279185715,Tiki,Truyện tranh/Manga,False
279149141,"Nagahama To Be, or Not To Be - Nagahama To Be, or Not To Be - TẬP 2",79000.0,4.8,180,https://tiki.vn/nagahama-to-be-or-not-to-be-nagahama-to-be-or-not-to-be-tap-2-ban-dac-biet-p279149141.html?spid=279149148,Tiki,Truyện tranh/Manga,False
279112898,One Piece Magazine - Tập 5 [Tặng Kèm Tờ Truy Nã Zoro],123500.0,5.0,20,https://tiki.vn/one-piece-magazine-tap-5-tang-kem-to-truy-na-zoro-p279112898.html?spid=279112900,Tiki,Truyện tranh/Manga,False
279022301,Frieren - Pháp Sư Tiễn Táng Trọn Bộ 13 Tập,555750.0,5.0,5,https://tiki.vn/frieren-phap-su-tien-tang-tron-bo-12-tap-p279022301.html?spid=279022302,Tiki,Truyện tranh/Manga,True
278706972,Combo Itto – Sóng Gió Cầu Trường (26 Tập),617500.0,5.0,59,https://tiki.vn/combo-itto-song-gio-cau-truong-26-tap-p278706972.html?spid=278706973,Tiki,Truyện tranh/Manga,True
278602027,Mùa Xuân Của Cô Nàng Sắt Đá,76500.0,5.0,16,https://tiki.vn/mua-xuan-cua-co-nang-sat-da-p278602027.html?spid=278603273,Tiki,Truyện tranh/Manga,False
278520724,Hell Mode (Manga) - Triệu Hồi Sư Khởi Nguyên,39600.0,5.0,27,https://tiki.vn/hell-mode-manga-trieu-hoi-su-khoi-nguyen-p278520724.html?spid=279165349,Tiki,Truyện tranh/Manga,False
277485817,Hội Những Người Thích Ở Nhà,76000.0,5.0,74,https://tiki.vn/hoi-nhung-nguoi-thich-o-nha-tang-bookmark-khung-anh-p277485817.html?spid=277485819,Tiki,Truyện tranh/Manga,False
276968644,Truyện - Doraemon Truyện Ngắn - Chọn Lẻ Tập 1 Tới 24 - Fujiko Fujio - Kim Đồng,34000.0,5.0,103,https://tiki.vn/truyen-doraemon-truyen-ngan-chon-le-tap-1-toi-24-fujiko-fujio-kim-dong-p276968644.html?spid=276968672,Tiki,Truyện tranh/Manga,False
276379811,Series các tập WIND BREAKER,42000.0,5.0,402,https://tiki.vn/series-cac-tap-wind-breaker-p276379811.html?spid=276379814,Tiki,Truyện tranh/Manga,False
275023297,My Hero Academia - Học Viện Siêu Anh Hùng Tập 38: Hi Vọng,28500.0,5.0,55,https://tiki.vn/my-hero-academia-hoc-vien-sieu-anh-hung-tap-38-hi-vong-tang-kem-bookmark-p275023297.html?spid=275023298,Tiki,Truyện tranh/Manga,False
274919299,Shin - Cậu Bé Bút Chì - Đặc Biệt Tập 7 [Tái Bản 2024],24500.0,0.0,7,https://tiki.vn/shin-cau-be-but-chi-dac-biet-tap-7-tai-ban-2024-p274919299.html?spid=274919301,Tiki,Truyện tranh/Manga,False
273612689,"Có Chó Có Mèo, Ngày Nào Cũng Vui",33000.0,4.8,64,https://tiki.vn/co-cho-co-meo-ngay-nao-cung-vui-p273612689.html?spid=273847914,Tiki,Truyện tranh/Manga,False
273219140,Series các tập  Banana Fish,43000.0,5.0,85,https://tiki.vn/banana-fish-p273219140.html?spid=262875314,Tiki,Truyện tranh/Manga,False
271782878,Hananoi và Triệu chứng tình yêu,37000.0,5.0,459,https://tiki.vn/hananoi-va-trieu-chung-tinh-yeu-p271782878.html?spid=272214684,Tiki,Truyện tranh/Manga,False
271537839,Series các tập Nhóc Maruko,38000.0,5.0,1201,https://tiki.vn/series-cac-tap-nhoc-maruko-p271537839.html?spid=274802355,Tiki,Truyện tranh/Manga,False
270790427,Shin - Cậu Bé Bút Chì - Tập 12,24250.0,4.8,21,https://tiki.vn/shin-cau-be-but-chi-tap-12-p270790427.html?spid=270790430,Tiki,Truyện tranh/Manga,False
270789906,Shin - Cậu Bé Bút Chì - Tập 29,23750.0,5.0,23,https://tiki.vn/shin-cau-be-but-chi-tap-29-p270789906.html?spid=270789909,Tiki,Truyện tranh/Manga,False
270788995,Shin - Cậu Bé Bút Chì Truyện Dài Tập 1: Cuộc Giao Tranh Thời Chiến Quốc,23750.0,4.8,32,https://tiki.vn/shin-cau-be-but-chi-truyen-dai-tap-1-cuoc-giao-tranh-thoi-chien-quoc-p270788995.html?spid=270788998,Tiki,Truyện tranh/Manga,False
270465777,Shin - Cậu Bé Bút Chì - Tập 27,23750.0,5.0,30,https://tiki.vn/shin-cau-be-but-chi-tap-27-p270465777.html?spid=270465780,Tiki,Truyện tranh/Manga,False
252044267,Spy X Family Tập 8,28500.0,5.0,731,https://tiki.vn/spy-x-family-tap-8-p252044267.html?spid=252044268,Tiki,Truyện tranh/Manga,False
251256145,Shin - Cậu Bé Bút Chì Tập 15 (Tái Bản 2023),24500.0,0.0,12,https://tiki.vn/shin-cau-be-but-chi-tap-15-tai-ban-2023-p251256145.html?spid=251256147,Tiki,Truyện tranh/Manga,False
251255487,Doraemon - Chú Mèo Máy Đến Từ Tương Lai Tập 45 [Tái Bản 2023],23750.0,5.0,33,https://tiki.vn/doraemon-chu-meo-may-den-tu-tuong-lai-tap-45-tai-ban-2023-p251255487.html?spid=251255492,Tiki,Truyện tranh/Manga,False
249025732,My Hero Academia - Học Viện Siêu Anh Hùng Tập 33: Từ Lớp A Đến Ofa,23750.0,5.0,238,https://tiki.vn/my-hero-academia-hoc-vien-sieu-anh-hung-tap-33-tu-lop-a-den-ofa-tang-kem-bookmark-nhan-vat-p249025732.html?spid=249025733,Tiki,Truyện tranh/Manga,False
247444634,Doraemon Tập 2: Nobita Và Lịch Sử Khai Phá Vũ Trụ (Tái Bản),20900.0,0.0,35,https://tiki.vn/doraemon-tap-2-nobita-va-lich-su-khai-pha-vu-tru-tai-ban-2023-p247444634.html?spid=247444635,Tiki,Truyện tranh/Manga,False
215983672,Combo Doraemon Tuyển Tập Tranh Truyện Màu (6 Tập),285000.0,4.8,157,https://tiki.vn/combo-doraemon-tuyen-tap-tranh-truyen-mau-6-tap-p215983672.html?spid=215983673,Tiki,Truyện tranh/Manga,False
205336471,Dr.Slump Ultimate Edition - Tập 13,59000.0,5.0,417,https://tiki.vn/dr-slump-ultimate-edition-tap-13-p205336471.html?spid=205336472,Tiki,Truyện tranh/Manga,False
205299813,"Tashiro, Cậu Đúng Thật Là! - Tập 2",86400.0,5.0,338,https://tiki.vn/tashiro-cau-dung-that-la-tap-2-p205299813.html?spid=205299814,Tiki,Truyện tranh/Manga,False
171876684,Dragon Ball Super - Tập 9: Tàn Cuộc (Tái Bản 2022),28500.0,5.0,130,https://tiki.vn/dragon-ball-super-tap-9-tan-cuoc-tai-ban-2022-p171876684.html?spid=171876685,Tiki,Truyện tranh/Manga,False
130230756,Combo Trọn Bộ 31 Tập: Siêu Quậy Teppei,736250.0,5.0,337,https://tiki.vn/combo-tron-bo-31-tap-sieu-quay-teppei-p130230756.html?spid=130230757,Tiki,Truyện tranh/Manga,True
22169380,Doraemon Plus Tập 3 (Tái Bản),20900.0,5.0,459,https://tiki.vn/doraemon-plus-tap-3-tai-ban-p22169380.html?spid=22169381,Tiki,Truyện tranh/Manga,False
11806673,Combo Doraemon Tuyển Tập Theo Chủ Đề (10 Cuốn),340000.0,5.0,248,https://tiki.vn/combo-doraemon-tuyen-tap-theo-chu-de-10-cuon-p11806673.html?spid=11806674,Tiki,Truyện tranh/Manga,True
11713424,Doraemon - Chú Mèo Máy Đến Từ Tương Lai Tập 8 (Tái Bản 2019),23750.0,5.0,841,https://tiki.vn/doraemon-chu-meo-may-den-tu-tuong-lai-tap-8-tai-ban-2019-p11713424.html?spid=11713425,Tiki,Truyện tranh/Manga,False
279423160,Sách - Komi - Nữ Thần Sợ Giao Tiếp - Tập 33,30000.0,5.0,14,https://tiki.vn/sach-komi-nu-than-so-giao-tiep-tap-33-p279423160.html?spid=279423161,Tiki,Truyện tranh/Manga,False
279414862,Sách - Chú Thuật Hồi Chiến - Tập 25 - Quyết Chiến Tại Tử Địa Shinjuku,30000.0,5.0,30,https://tiki.vn/sach-chu-thuat-hoi-chien-tap-25-quyet-chien-tai-tu-dia-shinjuku-p279414862.html?spid=279414863,Tiki,Truyện tranh/Manga,False
279414813,Sách - Dấu Ấn Hoàng Gia - Tập 60,30000.0,5.0,12,https://tiki.vn/sach-dau-an-hoang-gia-tap-60-p279414813.html?spid=279414814,Tiki,Truyện tranh/Manga,False
279414801,Sách - Dấu Ấn Hoàng Gia - Tập 59,30000.0,5.0,16,https://tiki.vn/sach-dau-an-hoang-gia-tap-59-p279414801.html?spid=279414802,Tiki,Truyện tranh/Manga,False
279408708,Sách Thám Tử Lừng Danh Conan - Tập 67 (Bản Nâng Cấp) [Tặng Kèm Bookmark] ,33250.0,0.0,14,https://tiki.vn/sach-tham-tu-lung-danh-conan-tap-67-ban-nang-cap-tang-kem-bookmark-p279408708.html?spid=279408709,Tiki,Truyện tranh/Manga,False
279407562,Sách - One Piece - Tập 110 - “Làn Sóng Thời Đại” - Bản Bìa Áo,30000.0,0.0,12,https://tiki.vn/sach-one-piece-tap-110-lan-song-thoi-dai-ban-bia-ao-p279407562.html?spid=279407564,Tiki,Truyện tranh/Manga,False
279392876,Sách - Beastars - Tập 14,34600.0,0.0,15,https://tiki.vn/sach-beastars-tap-14-p279392876.html?spid=279392877,Tiki,Truyện tranh/Manga,False
279389049,Sách - Dấu Ấn Hoàng Gia - Tập 56 - Tặng Kèm Postcard,29700.0,5.0,15,https://tiki.vn/sach-dau-an-hoang-gia-tap-56-tang-kem-postcard-p279389049.html?spid=279389050,Tiki,Truyện tranh/Manga,False
279346821,Sách Combo Flying Witch (Tập 8+9),104000.0,0.0,17,https://tiki.vn/sach-combo-flying-witch-tap-8-9-p279346821.html?spid=279346929,Tiki,Truyện tranh/Manga,False
279292559,Song Mệnh Cõi Hoàng Tuyền - Tập 1 (Bản Thường + Bản Đặc Biệt),109250.0,0.0,7,https://tiki.vn/song-menh-coi-hoang-tuyen-tap-1-ban-thuong-ban-dac-biet-p279292559.html?spid=279292560,Tiki,Truyện tranh/Manga,False
279160705,Sách - Series Ẩm thực qua tranh (Nhã Nam Official),144000.0,0.0,8,https://tiki.vn/sach-series-am-thuc-qua-tranh-nha-nam-official-p279160705.html?spid=279160717,Tiki,Truyện tranh/Manga,False
278870046,Sách - Dấu Ấn Hoàng Gia - Tập 36 - Tặng Kèm Postcard,30000.0,0.0,58,https://tiki.vn/sach-dau-an-hoang-gia-tap-36-tang-kem-postcard-p278870046.html?spid=278870047,Tiki,Truyện tranh/Manga,False
278841852,Chúa Tể Bóng Tối - Tập 5 (Bản Giới Hạn) [Tặng Kèm Thẻ Nhân Vật + Khung Tranh],115200.0,4.3,50,https://tiki.vn/chua-te-bong-toi-tap-5-ban-gioi-han-tang-kem-the-nhan-vat-khung-tranh-p278841852.html?spid=278841853,Tiki,Truyện tranh/Manga,False
278598025,Dấu Ấn Hoàng Gia - Tập 31,29400.0,5.0,200,https://tiki.vn/dau-an-hoang-gia-tap-31-tang-kem-postcard-p278598025.html?spid=278598028,Tiki,Truyện tranh/Manga,False
278571212,Sách - One Piece - Tập 109 - “Đứng Về Phía Cháu” - Bản Bìa Áo,30000.0,0.0,17,https://tiki.vn/sach-one-piece-tap-109-dung-ve-phia-chau-ban-bia-ao-p278571212.html?spid=278571213,Tiki,Truyện tranh/Manga,False
278520574,Dấu Ấn Hoàng Gia - Tập 30,29400.0,5.0,107,https://tiki.vn/dau-an-hoang-gia-tap-30-p278520574.html?spid=278520577,Tiki,Truyện tranh/Manga,False
278462369,Dấu Ấn Hoàng Gia - Tập 29,29400.0,5.0,96,https://tiki.vn/dau-an-hoang-gia-tap-29-p278462369.html?spid=278462370,Tiki,Truyện tranh/Manga,False
278377762,Thám Tử Lừng Danh Conan - Tập 106,23750.0,4.8,610,https://tiki.vn/tham-tu-lung-danh-conan-tap-106-p278377762.html?spid=278377806,Tiki,Truyện tranh/Manga,False
278314458,Thám Tử Lừng Danh Conan - Tuyển Tập Đặc Biệt: Những Câu Chuyện Lãng Mạn - Tập 1,40925.0,4.8,4692,https://tiki.vn/tham-tu-lung-danh-conan-tuyen-tap-dac-biet-nhung-cau-chuyen-lang-man-p278314458.html?spid=310039,Tiki,Truyện tranh/Manga,False
276944166,Truyện - Chú Thuật Hồi Chiến - Chọn Lẻ 0 Tới 28 - Gege Akutami - Kim Đồng,40000.0,5.0,12,https://tiki.vn/truyen-chu-thuat-hoi-chien-chon-le-0-toi-23-gege-akutami-kim-dong-p276944166.html?spid=276944202,Tiki,Truyện tranh/Manga,False
276755695,Dấu Ấn Hoàng Gia Tập 13,29400.0,5.0,360,https://tiki.vn/dau-an-hoang-gia-tap-13-p276755695.html?spid=276755696,Tiki,Truyện tranh/Manga,False
276563039,Thám Tử Lừng Danh Conan Tập 104 (Bản Thường),24500.0,5.0,364,https://tiki.vn/tham-tu-lung-danh-conan-tap-104-ban-thuong-p276563039.html?spid=276563043,Tiki,Truyện tranh/Manga,False
276168127,One Piece Tập 103 - Bản Bìa Áo: “Chiến Binh Giải Phóng”,28500.0,3.9,159,https://tiki.vn/one-piece-tap-103-p276168127.html?spid=276168220,Tiki,Truyện tranh/Manga,False
274537220,Cang Giả Kim Thuật Sư - Fullmetal Alchemist - Tuyển Tập Truyện 4 Khung [Tặng Kèm Bookmark],28500.0,5.0,31,https://tiki.vn/cang-gia-kim-thuat-su-fullmetal-alchemist-tuyen-tap-truyen-4-khung-tang-kem-bookmark-p274537220.html?spid=274537221,Tiki,Truyện tranh/Manga,False
272002880,Thị Trấn Mèo Tập 3,64600.0,5.0,366,https://tiki.vn/thi-tran-meo-tap-3-p272002880.html?spid=33543702,Tiki,Truyện tranh/Manga,False
270790360,Shin - Cậu Bé Bút Chì Tập 24,23500.0,5.0,31,https://tiki.vn/shin-cau-be-but-chi-tap-24-p270790360.html?spid=270790363,Tiki,Truyện tranh/Manga,False
270789003,Shin - Cậu Bé Bút Chì Truyện Dài Tập 2: Đế Quốc Người Lớn Phản Công,24000.0,5.0,37,https://tiki.vn/shin-cau-be-but-chi-truyen-dai-tap-2-de-quoc-nguoi-lon-phan-cong-p270789003.html?spid=270789006,Tiki,Truyện tranh/Manga,False
270106592,Doraemon Movie Story Màu: Nobita Và Vùng Đất Lý Tưởng Trên Bầu Trời,34300.0,4.8,127,https://tiki.vn/doraemon-movie-story-mau-nobita-va-vung-dat-ly-tuong-tren-bau-troi-p270106592.html?spid=270106593,Tiki,Truyện tranh/Manga,False
261028263,Chú Thuật Hồi Chiến Tập 13: Biến Cố Shibuya – Sấm Rền,28500.0,4.7,1123,https://tiki.vn/chu-thuat-hoi-chien-tap-13-bien-co-shibuya-sam-ren-p261028263.html?spid=261028265,Tiki,Truyện tranh/Manga,False
252994461,Shin - Cậu Bé Bút Chì Tập 34 (Tái Bản 2023),23750.0,0.0,7,https://tiki.vn/shin-cau-be-but-chi-tap-34-tai-ban-2023-p252994461.html?spid=252994464,Tiki,Truyện tranh/Manga,False
251255481,Doraemon - Chú Mèo Máy Đến Từ Tương Lai Tập 25 (Tái Bản),23750.0,5.0,36,https://tiki.vn/doraemon-chu-meo-may-den-tu-tuong-lai-tap-25-tai-ban-2023-p251255481.html?spid=251255483,Tiki,Truyện tranh/Manga,False
247442494,Doraemon Tập 18: Nobita Du Hành Biển Phương Nam [Tái Bản 2023],23750.0,5.0,32,https://tiki.vn/doraemon-tap-18-nobita-du-hanh-bien-phuong-nam-tai-ban-2023-p247442494.html?spid=247442496,Tiki,Truyện tranh/Manga,False
243023699,Doraemon - Chú Mèo Máy Đến Từ Tương Lai Tập 2 [Tái Bản 2023],22500.0,0.0,22,https://tiki.vn/doraemon-chu-meo-may-den-tu-tuong-lai-tap-2-tai-ban-2023-p243023699.html?spid=243023701,Tiki,Truyện tranh/Manga,False
200705632,Doraemon Movie Story: Nobita Và Người Khổng Lồ Xanh (Tái Bản 2022),27000.0,5.0,210,https://tiki.vn/doraemon-movie-story-nobita-va-nguoi-khong-lo-xanh-tai-ban-2022-p200705632.html?spid=200705633,Tiki,Truyện tranh/Manga,False
186265452,My Hero Academia - Học Viện Siêu Anh Hùng Tập 29: Bakugo Katsuki: Trỗi Dậy,28500.0,4.8,1771,https://tiki.vn/my-hero-academia-hoc-vien-sieu-anh-hung-tap-29-bakugo-katsuki-troi-day-tang-kem-bookmark-pro-hero-p186265452.html?spid=186265456,Tiki,Truyện tranh/Manga,False
182551495,Black Jack 10 (Bìa Cứng),120000.0,4.8,527,https://tiki.vn/black-jack-10-bia-cung-p182551495.html?spid=182551497,Tiki,Truyện tranh/Manga,False
173515979,My Hero Academia - Học Viện Siêu Anh Hùng Tập 16: Red Riot (Tái Bản 2022),28200.0,5.0,20,https://tiki.vn/my-hero-academia-hoc-vien-sieu-anh-hung-tap-16-red-riot-tai-ban-2022-p173515979.html?spid=173515981,Tiki,Truyện tranh/Manga,False
163297419,My Hero Academia - Học Viện Siêu Anh Hùng Tập 1: Midoriya Izuku: Khởi Đầu (Tái Bản),28500.0,5.0,197,https://tiki.vn/my-hero-academia-hoc-vien-sieu-anh-hung-tap-1-midoriya-izuku-khoi-dau-tai-ban-2022-p163297419.html?spid=163297421,Tiki,Truyện tranh/Manga,False
163297418,My Hero Academia - Học Viện Siêu Anh Hùng Tập 9: Người Hùng Của Tôi (Tái Bản),28500.0,5.0,115,https://tiki.vn/my-hero-academia-hoc-vien-sieu-anh-hung-tap-9-nguoi-hung-cua-toi-tai-ban-2022-p163297418.html?spid=163297420,Tiki,Truyện tranh/Manga,False
46829123,Dragon Ball Ngoại Truyện: Tỉnh Giấc Hoá Yamcha,23750.0,4.7,576,https://tiki.vn/dragon-ball-ngoai-truyen-tinh-giac-hoa-yamcha-p46829123.html?spid=46829125,Tiki,Truyện tranh/Manga,False
279439216,Sách - Chú Thuật Hồi Chiến - Tập 28 - Quyết Chiến Tại Tử Địa Shinjuku - Chấp 9 Quân - Tặng Kèm Card PVC,29400.0,5.0,31,https://tiki.vn/sach-chu-thuat-hoi-chien-tap-28-quyet-chien-tai-tu-dia-shinjuku-chap-9-quan-tang-kem-card-pvc-p279439216.html?spid=279439217,Tiki,Truyện tranh/Manga,False
279404048,Sách - Dan Da Dan - Tập 3 - Tặng Kèm Special Cover,44500.0,5.0,18,https://tiki.vn/sach-dan-da-dan-tap-3-tang-kem-special-cover-p279404048.html?spid=279404049,Tiki,Truyện tranh/Manga,False
279392864,Sách - Chú Thuật Hồi Chiến - Tập 27 - Kẻ Sống Còn Ngốc Nghếch - Tặng Kèm Card Nhựa,29700.0,5.0,36,https://tiki.vn/sach-chu-thuat-hoi-chien-tap-27-ke-song-con-ngoc-nghech-tang-kem-card-nhua-p279392864.html?spid=279392865,Tiki,Truyện tranh/Manga,False
279312657,Sách Chuyện Asuka Và Chàng Yêu Quái,68530.0,5.0,43,https://tiki.vn/sach-chuyen-asuka-va-chang-yeu-quai-p279312657.html?spid=279312944,Tiki,Truyện tranh/Manga,False
279303307,Sách - Host Club Trường Ouran - Tập 3 - Tặng Kèm Bookmark,34300.0,5.0,63,https://tiki.vn/sach-host-club-truong-ouran-tap-3-tang-kem-bookmark-p279303307.html?spid=279303308,Tiki,Truyện tranh/Manga,False
279258712,Sách Host Club Trường Ouran,28350.0,5.0,128,https://tiki.vn/sach-host-club-truong-ouran-p279258712.html?spid=279374918,Tiki,Truyện tranh/Manga,False
279201693,Solo Leveling - Tôi Thăng Cấp Một Mình - Tập 23,83500.0,5.0,27,https://tiki.vn/solo-leveling-toi-thang-cap-mot-minh-tap-23-p279201693.html?spid=279201694,Tiki,Truyện tranh/Manga,False
279199164,Sách - Monster - Deluxe Edition - Tập 3 - Tặng Kèm Bookmark,122500.0,5.0,46,https://tiki.vn/sach-monster-deluxe-edition-tap-3-tang-kem-bookmark-p279199164.html?spid=279199165,Tiki,Truyện tranh/Manga,False
279124245,Sách - Thám Tử Lừng Danh Conan - Tập 107,25000.0,4.5,64,https://tiki.vn/sach-tham-tu-lung-danh-conan-tap-107-p279124245.html?spid=279124246,Tiki,Truyện tranh/Manga,False
278968288,Spy X Family – Tập 13,28500.0,5.0,56,https://tiki.vn/spy-x-family-tap-13-tang-kem-standee-pvc-p278968288.html?spid=278968289,Tiki,Truyện tranh/Manga,False
278949629,Vương quốc thất tịch,55000.0,5.0,99,https://tiki.vn/vuong-quoc-that-tich-p278949629.html?spid=279064908,Tiki,Truyện tranh/Manga,False
278917023,Sách Nhật Kí Nơi Xứ Lạ (Tập 6),66000.0,5.0,17,https://tiki.vn/sach-nhat-ki-noi-xu-la-tap-6-p278917023.html?spid=278917024,Tiki,Truyện tranh/Manga,False
278729078,Masamune Báo Thù [Chọn Tập Lẻ,36100.0,5.0,125,https://tiki.vn/masamune-bao-thu-chon-tap-le-p278729078.html?spid=279134906,Tiki,Truyện tranh/Manga,False
278682879,Tớ Là Mèo Pusheen - Tập 3 – Cẩm Nang Tất Tần Tật Của Pusheen [Tặng Kèm Bảng Sticker + Mini Clearfile],60000.0,5.0,15,https://tiki.vn/to-la-meo-pusheen-tap-3-cam-nang-tat-tan-tat-cua-pusheen-tang-kem-bang-sticker-mini-clearfile-p278682879.html?spid=278682882,Tiki,Truyện tranh/Manga,False
278638435,Điện Hạ Umeboshi,23750.0,5.0,23,https://tiki.vn/dien-ha-umeboshi-p278638435.html?spid=278638819,Tiki,Truyện tranh/Manga,False
278520579,Bluelock - Tập 27,33250.0,5.0,45,https://tiki.vn/bluelock-tap-27-p278520579.html?spid=278520607,Tiki,Truyện tranh/Manga,False
278160056,One Piece - Tập 107 (Bản Bìa Áo): “Anh Hùng Huyền Thoại”,29100.0,5.0,87,https://tiki.vn/one-piece-tap-107-ban-bia-ao-anh-hung-huyen-thoai-p278160056.html?spid=278160061,Tiki,Truyện tranh/Manga,False
278103698,Thánh Địa Khủng Long,49000.0,4.0,106,https://tiki.vn/thanh-dia-khung-long-p278103698.html?spid=278103716,Tiki,Truyện tranh/Manga,False
276944652,Truyện - Giờ Trà Của Zero - Thám Tử Lừng Danh Conan - Chọn Lẻ 6 Tập - Kim Đồng,40000.0,4.8,16,https://tiki.vn/truyen-gio-tra-cua-zero-tham-tu-lung-danh-conan-chon-le-5-tap-kim-dong-p276944652.html?spid=276944660,Tiki,Truyện tranh/Manga,False
276922197,Dragon Ball Super Tập 23: Son Gohan- Siêu Tiềm Lực Khai Mở!,29400.0,5.0,99,https://tiki.vn/dragon-ball-super-tap-23-son-gohan-sieu-tiem-luc-khai-mo-tang-kem-postcard-p276922197.html?spid=276922201,Tiki,Truyện tranh/Manga,False
276699166,"Shin Cậu Bé Bút Chì - Truyện Dài Tập 20: Cơn Bão Tuần Trăng Mật Đã Cuốn Anh

Hiroshi Mất Tích",24500.0,5.0,12,https://tiki.vn/shin-cau-be-but-chi-truyen-dai-tap-20-con-bao-tuan-trang-mat-da-cuon-anh-hiroshi-mat-tich-p276699166.html?spid=276699168,Tiki,Truyện tranh/Manga,False
276609088,Shin Cậu Bé Bút Chì - Truyện Dài Tập 19: Những Cậu Bé Kung Fu - Mì Ramen Đại Chiến,24000.0,5.0,19,https://tiki.vn/shin-cau-be-but-chi-truyen-dai-tap-19-nhung-cau-be-kung-fu-mi-ramen-dai-chien-p276609088.html?spid=276609090,Tiki,Truyện tranh/Manga,False
276558783,Truyện tranh Cecilia & Lawrence - Chang Book,46800.0,0.0,4,https://tiki.vn/truyen-tranh-cecilia-lawrence-chang-book-p276558783.html?spid=277215226,Tiki,Truyện tranh/Manga,False
276242875,Boxset Tokyo Babylon (7 Tập) [Tặng Kèm Set 03 Postcard + Phong Bì],340000.0,5.0,53,https://tiki.vn/boxset-tokyo-babylon-7-tap-tang-kem-set-03-postcard-phong-bi-p276242875.html?spid=276242876,Tiki,Truyện tranh/Manga,True
274390298,My Hero Academia - Học Viện Siêu Anh Hùng Tập 36: Hai Nguồn Lửa Sáng,28500.0,5.0,39,https://tiki.vn/my-hero-academia-hoc-vien-sieu-anh-hung-tap-36-hai-nguon-lua-sang-tang-kem-bookmark-p274390298.html?spid=274390302,Tiki,Truyện tranh/Manga,False
274145959,Combo Truyện - Haikyu,570000.0,4.5,141,https://tiki.vn/haikyu-premium-boxset-p274145959.html?spid=277931542,Tiki,Truyện tranh/Manga,True
273192589,Tiểu Thuyết Naruto - Mộc Diệp Bí Truyền: Chúc Ngôn Nhật Hòa,49500.0,5.0,59,https://tiki.vn/tieu-thuyet-naruto-p273192589.html?spid=273196665,Tiki,Truyện tranh/Manga,False
270790446,Shin - Cậu Bé Bút Chì - Tập 25,23750.0,4.8,27,https://tiki.vn/shin-cau-be-but-chi-tap-25-p270790446.html?spid=270790449,Tiki,Truyện tranh/Manga,False
270790125,BLUELOCK Tập 2,33250.0,5.0,3,https://tiki.vn/bluelock-tap-2-p270790125.html?spid=270790128,Tiki,Truyện tranh/Manga,False
270789216,Shin Cậu Bé Bút Chì Tập 3 - Bản Đặc Biệt,23750.0,4.8,38,https://tiki.vn/shin-cau-be-but-chi-tap-3-ban-dac-biet-p270789216.html?spid=270789219,Tiki,Truyện tranh/Manga,False
270463613,Shin - Cậu Bé Bút Chì - Tập 2,23275.0,4.8,56,https://tiki.vn/shin-cau-be-but-chi-tap-2-p270463613.html?spid=270463616,Tiki,Truyện tranh/Manga,False
267178878,Doraemon Tuyển Tập Tranh Truyện Màu - Tập 3,47500.0,4.8,107,https://tiki.vn/doraemon-tuyen-tap-tranh-truyen-mau-tap-3-p267178878.html?spid=267178881,Tiki,Truyện tranh/Manga,False
263698297,Dragon Ball Super Tập 8: Dấu Hiệu Thức Tỉnh Của Son Goku,28800.0,5.0,44,https://tiki.vn/dragon-ball-super-tap-8-dau-hieu-thuc-tinh-cua-son-goku-p263698297.html?spid=263698300,Tiki,Truyện tranh/Manga,False
252648900,Chainsaw man - Tập  11,41325.0,5.0,287,https://tiki.vn/chainsaw-man-tap-11-p252648900.html?spid=252648901,Tiki,Truyện tranh/Manga,False
250074901,Thám Tử Lừng Danh Conan Tập 9 (Tái Bản),23750.0,5.0,78,https://tiki.vn/tham-tu-lung-danh-conan-tap-9-tai-ban-2023-p250074901.html?spid=250074911,Tiki,Truyện tranh/Manga,False
190605360,Người Bà Tài Giỏi Vùng Saga – Tập 1 (Tái Bản),40000.0,5.0,1012,https://tiki.vn/nguoi-ba-tai-gioi-vung-saga-tap-1-tai-ban-p190605360.html?spid=190605361,Tiki,Truyện tranh/Manga,False
178483672,Văn Phòng Thám Tử Quái Vật 04,27000.0,5.0,673,https://tiki.vn/van-phong-tham-tu-quai-vat-04-p178483672.html?spid=178483677,Tiki,Truyện tranh/Manga,False
77621607,Spy X Family Tập 3,28500.0,4.8,2883,https://tiki.vn/spy-x-family-tap-3-p77621607.html?spid=77621608,Tiki,Truyện tranh/Manga,False
21767618,Combo One Piece (101 Tập) (Tái Bản),2695500.0,4.6,124,https://tiki.vn/combo-one-piece-90-tap-tai-ban-p21767618.html?spid=21767619,Tiki,Truyện tranh/Manga,True
11478941,Combo Đội Quân Doraemon (6 Tập) - Tái Bản 2019,131100.0,5.0,972,https://tiki.vn/combo-doi-quan-doraemon-6-tap-tai-ban-2019-p11478941.html?spid=11478942,Tiki,Truyện tranh/Manga,False
279369126,Sách - Dấu Ấn Hoàng Gia - Tập 54,29700.0,5.0,12,https://tiki.vn/sach-dau-an-hoang-gia-tap-54-p279369126.html?spid=279369127,Tiki,Truyện tranh/Manga,False
279365551,Sách - Dấu Ấn Hoàng Gia - Tập 53,29700.0,0.0,11,https://tiki.vn/sach-dau-an-hoang-gia-tap-53-p279365551.html?spid=279365552,Tiki,Truyện tranh/Manga,False
279358459,Anh Em Nhà Motohashi (Tập 5),63200.0,5.0,13,https://tiki.vn/anh-em-nha-motohashi-tap-5-p279358459.html?spid=279358464,Tiki,Truyện tranh/Manga,False
279193585,Sách Rinko và Chàng Lang Thang (Tập 3+4),128000.0,5.0,24,https://tiki.vn/sach-rinko-va-chang-lang-thang-tap-3-4-p279193585.html?spid=279193696,Tiki,Truyện tranh/Manga,False
279185702,Sách - Dấu Ấn Hoàng Gia - Tập 42,28500.0,5.0,110,https://tiki.vn/sach-dau-an-hoang-gia-tap-42-p279185702.html?spid=279185703,Tiki,Truyện tranh/Manga,False
279134973,Hội Chứng Tuổi Thanh Xuân - Tập 12: Cô Nàng Học Sinh Của Tôi,84000.0,5.0,25,https://tiki.vn/hoi-chung-tuoi-thanh-xuan-tap-12-co-nang-hoc-sinh-cua-toi-p279134973.html?spid=279134988,Tiki,Truyện tranh/Manga,False
279134887,Sách Ác Nữ Nửa Vời - Truyền Kì Hoán Hồn Đổi Xác  - [Chọn Tập Lẻ,92000.0,5.0,25,https://tiki.vn/sach-ac-nu-nua-voi-truyen-ki-hoan-hon-doi-xac-tap-1-light-novel-chon-tap-le-p279134887.html?spid=279445513,Tiki,Truyện tranh/Manga,False
278996248,Sách - Spy X Family - Tập 13 - Tặng Kèm Standee PVC,30000.0,5.0,45,https://tiki.vn/sach-spy-x-family-tap-13-tang-kem-standee-pvc-p278996248.html?spid=278996249,Tiki,Truyện tranh/Manga,False
278949599,Nhóc Miko! Cô bé nhí nhảnh - Tập 39 (Tặng kèm bookmark giấy),32500.0,5.0,54,https://tiki.vn/nhoc-miko-co-be-nhi-nhanh-38-p278949599.html?spid=278949604,Tiki,Truyện tranh/Manga,False
278874703,Sách Thám Tử Lừng Danh Conan Hoạt Hình Màu: Nàng Dâu Halloween,57000.0,0.0,36,https://tiki.vn/sach-tham-tu-lung-danh-conan-hoat-hinh-mau-nang-dau-halloween-p278874703.html?spid=278874747,Tiki,Truyện tranh/Manga,False
278729097,Premium Boxset Thanh Gươm Diệt Quỷ - Kimetsu No Yaiba (Hộp 23 Tập),892000.0,4.8,37,https://tiki.vn/premium-boxset-thanh-guom-diet-quy-kimetsu-no-yaiba-hop-23-tap-p278729097.html?spid=278729100,Tiki,Truyện tranh/Manga,True
278705942,Bảng Xếp Hạng Quân Vương – Tập 15 [Tặng Kèm Bookmark],42750.0,5.0,18,https://tiki.vn/bang-xep-hang-quan-vuong-tap-15-tang-kem-bookmark-p278705942.html?spid=278705943,Tiki,Truyện tranh/Manga,False
278690012,One Piece 500 Quiz Book,33900.0,4.8,8,https://tiki.vn/one-piece-500-quiz-book-p278690012.html?spid=278690015,Tiki,Truyện tranh/Manga,False
278682889,Thám Tử Lừng Danh Conan Hoạt Hình Màu: Viên Đạn Đỏ,57600.0,5.0,23,https://tiki.vn/tham-tu-lung-danh-conan-hoat-hinh-mau-vien-dan-do-p278682889.html?spid=278682929,Tiki,Truyện tranh/Manga,False
278438165,Em Đến Cùng Mưa - With You And The Rain (Các Tập Lẻ),36100.0,5.0,68,https://tiki.vn/truyen-tranh-em-den-cung-mua-with-you-and-the-rain-cac-tap-le-p278438165.html?spid=279427930,Tiki,Truyện tranh/Manga,False
278123145,Nhóc Maruko - Tập 18,38400.0,5.0,133,https://tiki.vn/nhoc-maruko-tap-18-tang-kem-set-postcard-poladroid-p278123145.html?spid=278123147,Tiki,Truyện tranh/Manga,False
277978062,"Sách - Thanh Gươm Diệt Quỷ - Kimetsu No Yaiba - Tập 23 - Vượt Qua Tháng Năm, Sinh Mệnh Tỏa Rạng (Tái Bản 2025)",30000.0,5.0,74,https://tiki.vn/sach-thanh-guom-diet-quy-kimetsu-no-yaiba-tap-23-vuot-qua-thang-nam-sinh-menh-toa-rang-tai-ban-2025-p277978062.html?spid=277978064,Tiki,Truyện tranh/Manga,False
277808321,Chậm Rãi Động Lòng (Tập 2),147260.0,5.0,35,https://tiki.vn/cham-rai-dong-long-tap-2-p277808321.html?spid=277808333,Tiki,Truyện tranh/Manga,False
277357375,Xóm trọ yêu quái,46000.0,5.0,7,https://tiki.vn/xom-tro-yeu-quai-p277357375.html?spid=277357378,Tiki,Truyện tranh/Manga,False
276957509,Dấu Ấn Hoàng Gia Tập 15,29400.0,5.0,246,https://tiki.vn/dau-an-hoang-gia-tap-15-p276957509.html?spid=276957513,Tiki,Truyện tranh/Manga,False
276655588,Nhóc Maruko Tập 14,38000.0,5.0,113,https://tiki.vn/nhoc-maruko-tap-14-tang-set-postcard-polaroid-p276655588.html?spid=276655590,Tiki,Truyện tranh/Manga,False
276425600,Nhóc Maruko Tập 13,38400.0,5.0,131,https://tiki.vn/nhoc-maruko-tap-13-tang-kem-set-postcard-polaroid-p276425600.html?spid=276425601,Tiki,Truyện tranh/Manga,False
276380224,Dấu Ấn Hoàng Gia Tập 9,29400.0,5.0,224,https://tiki.vn/dau-an-hoang-gia-tap-9-p276380224.html?spid=276380226,Tiki,Truyện tranh/Manga,False
275346395,Ông Chú Siêu Nhân Saenai,31500.0,5.0,30,https://tiki.vn/ong-chu-sieu-nhan-saenai-p275346395.html?spid=275346398,Tiki,Truyện tranh/Manga,False
275256352,Thị Trấn Mèo – Tập 9,62560.0,5.0,146,https://tiki.vn/thi-tran-meo-tap-9-p275256352.html?spid=275256353,Tiki,Truyện tranh/Manga,False
274742895,"My Hero Academia - Học Viện Siêu Anh Hùng Tập 37: Người Bảo Hộ, Kẻ Xâm Lăng",28500.0,5.0,68,https://tiki.vn/my-hero-academia-hoc-vien-sieu-anh-hung-tap-37-nguoi-bao-ho-ke-xam-lang-tang-kem-bookmark-p274742895.html?spid=274742896,Tiki,Truyện tranh/Manga,False
272457463, Trọn Bộ 42 tập Dragon Ball - 7 Viên Ngọc Rồng,1450000.0,0.0,10,https://tiki.vn/tron-bo-42-tap-dragon-ball-7-vien-ngoc-rong-p272457463.html?spid=272457464,Tiki,Truyện tranh/Manga,True
272002892,Thị Trấn Mèo Tập 7,64600.0,5.0,1150,https://tiki.vn/thi-tran-meo-tap-7-p272002892.html?spid=141333749,Tiki,Truyện tranh/Manga,False
270106655,Fire Force 09,40000.0,5.0,73,https://tiki.vn/fire-force-09-p270106655.html?spid=270106657,Tiki,Truyện tranh/Manga,False
267178874,Doraemon Tuyển Tập Tranh Truyện Màu - Tập 2,47000.0,4.8,107,https://tiki.vn/doraemon-tuyen-tap-tranh-truyen-mau-tap-2-p267178874.html?spid=267178877,Tiki,Truyện tranh/Manga,False
253227581,Bluelock Tập 6,33250.0,4.6,168,https://tiki.vn/bluelock-tap-6-tang-kem-pvc-card-p253227581.html?spid=253227582,Tiki,Truyện tranh/Manga,False
252664500,Chú Thuật Hồi Chiến - Tập 12: Biến Cố Shibuya - Giáng Linh - Tặng Kèm Obi Và Thẻ Bo Góc Nhựa,30000.0,5.0,75,https://tiki.vn/chu-thuat-hoi-chien-tap-12-bien-co-shibuya-giang-linh-tang-kem-obi-va-the-bo-goc-nhua-p252664500.html?spid=252664501,Tiki,Truyện tranh/Manga,False
252044264,Dragon Ball Super Tập 16: Chiến Binh Mạnh Nhất Vũ Trụ,28500.0,4.7,445,https://tiki.vn/dragon-ball-super-tap-16-chien-binh-manh-nhat-vu-tru-p252044264.html?spid=252044265,Tiki,Truyện tranh/Manga,False
189572564,Dragon Ball Super Tập 12: Thân Phận Thực Sự Của Merus (Tái Bản 2022),28500.0,4.7,176,https://tiki.vn/dragon-ball-super-tap-12-than-phan-thuc-su-cua-merus-tai-ban-2022-p189572564.html?spid=189572566,Tiki,Truyện tranh/Manga,False
188930494,Người Bà Tài Giỏi Vùng Saga – Tập 4,46800.0,4.8,948,https://tiki.vn/nguoi-ba-tai-gioi-vung-saga-tap-4-p188930494.html?spid=188930495,Tiki,Truyện tranh/Manga,False
163297416,My Hero Academia - Học Viện Siêu Anh Hùng Tập 3: All Might (Tái Bản),28500.0,5.0,138,https://tiki.vn/my-hero-academia-hoc-vien-sieu-anh-hung-tap-3-all-might-tai-ban-2022-p163297416.html?spid=163297417,Tiki,Truyện tranh/Manga,False
76658407,Thám Tử Lừng Danh Conan - Hanzawa - Chàng Hung Thủ Số Nhọ - Tập 3,23750.0,5.0,642,https://tiki.vn/tham-tu-lung-danh-conan-hanzawa-chang-hung-thu-so-nho-tap-3-tang-kem-postcard-p76658407.html?spid=76658410,Tiki,Truyện tranh/Manga,False
51322400,Combo Thám Tử Lừng Danh Conan Tập 71 - 80 (Bộ 10 cuốn),240000.0,5.0,524,https://tiki.vn/combo-tham-tu-lung-danh-conan-tap-71-80-bo-10-cuon-p51322400.html?spid=58806033,Tiki,Truyện tranh/Manga,False
43262261,Thám Tử Lừng Danh Conan - Giờ Trà Của Zero Tập 1,33250.0,5.0,1707,https://tiki.vn/tham-tu-lung-danh-conan-gio-tra-cua-zero-tap-1-p43262261.html?spid=43262262,Tiki,Truyện tranh/Manga,False
12081414,Doraemon - Chú Mèo Máy Đến Từ Tương Lai Tập 21 (Tái Bản),20900.0,5.0,370,https://tiki.vn/doraemon-chu-meo-may-den-tu-tuong-lai-tap-21-tai-ban-2019-p12081414.html?spid=12081415,Tiki,Truyện tranh/Manga,False
279278206,Sách Solo Leveling - Tôi Thăng Cấp Một Mình - Tập 24 [Tặng Kèm 02 Card PVC],83600.0,5.0,23,https://tiki.vn/sach-solo-leveling-toi-thang-cap-mot-minh-tap-24-tang-kem-02-card-pvc-p279278206.html?spid=279278207,Tiki,Truyện tranh/Manga,False
279260064,Sách - Nisekoi - Cặp Đôi Giả Tạo - Tập 12 - Lễ Hội,39200.0,5.0,10,https://tiki.vn/sach-nisekoi-cap-doi-gia-tao-tap-12-le-hoi-p279260064.html?spid=279260066,Tiki,Truyện tranh/Manga,False
279259806,Nhóc Miko - Cô bé nhí nhảnh trọn bộ 36 tập,12500.0,5.0,10,https://tiki.vn/nhoc-miko-co-be-nhi-nhanh-tron-bo-36-tap-p279259806.html?spid=279259814,Tiki,Truyện tranh/Manga,False
279229250,Sách Tây Du Hí (Tập 8),95200.0,5.0,18,https://tiki.vn/sach-tay-du-hi-tap-8-p279229250.html?spid=279229279,Tiki,Truyện tranh/Manga,False
279199148,Sách - Frieren - Pháp Sư Tiễn Táng - Tập 11,44100.0,5.0,24,https://tiki.vn/sach-frieren-phap-su-tien-tang-tap-11-p279199148.html?spid=279199149,Tiki,Truyện tranh/Manga,False
279112380,Sách - Spy X Family - Tập 14 - Tặng Kèm Standee PVC,29400.0,5.0,50,https://tiki.vn/sach-spy-x-family-tap-14-tang-kem-standee-pvc-p279112380.html?spid=279112381,Tiki,Truyện tranh/Manga,False
279082301,Dấu Ấn Hoàng Gia - Tập 40,28500.0,5.0,66,https://tiki.vn/dau-an-hoang-gia-tap-40-p279082301.html?spid=279082304,Tiki,Truyện tranh/Manga,False
279057678,Khi “Trai” Đẹp Hẹn Hò – Tập 9 [Tặng Kèm Postcard],44100.0,0.0,9,https://tiki.vn/khi-trai-dep-hen-ho-tap-9-tang-kem-postcard-p279057678.html?spid=279057679,Tiki,Truyện tranh/Manga,False
278961975,Truyện tranh Marriagetoxin - Mai Mối Cho Độc Sư (Chang Book),53000.0,5.0,9,https://tiki.vn/truyen-tranh-marriagetoxin-mai-moi-cho-doc-su-chang-book-p278961975.html?spid=279182159,Tiki,Truyện tranh/Manga,False
278883286,Sách - Thám Tử Lừng Danh Conan - Hoạt Hình Màu - Nàng Dâu Halloween - Tập 2,58800.0,0.0,7,https://tiki.vn/sach-tham-tu-lung-danh-conan-hoat-hinh-mau-nang-dau-halloween-tap-2-p278883286.html?spid=278883287,Tiki,Truyện tranh/Manga,False
278883268,Sách - Thám Tử Lừng Danh Conan - Hoạt Hình Màu - Nàng Dâu Halloween - Tập 1,58800.0,0.0,7,https://tiki.vn/sach-tham-tu-lung-danh-conan-hoat-hinh-mau-nang-dau-halloween-tap-1-p278883268.html?spid=278883269,Tiki,Truyện tranh/Manga,False
278830785,Sách - Dấu Ấn Hoàng Gia - Tập 35,30000.0,0.0,65,https://tiki.vn/sach-dau-an-hoang-gia-tap-35-p278830785.html?spid=278830786,Tiki,Truyện tranh/Manga,False
278638429,Bảng Xếp Hạng Quân Vương – Tập 14 [Tặng Kèm Bookmark],42750.0,5.0,17,https://tiki.vn/bang-xep-hang-quan-vuong-tap-14-tang-kem-bookmark-p278638429.html?spid=278638433,Tiki,Truyện tranh/Manga,False
278572375,Servamp - Hầu Cận Ma Cà Rồng – Tập 19,33250.0,5.0,5,https://tiki.vn/servamp-hau-can-ma-ca-rong-tap-19-p278572375.html?spid=278572377,Tiki,Truyện tranh/Manga,False
277384188,3x3 Eyes - Cô bé ba mắt,85000.0,5.0,37,https://tiki.vn/3x3-eyes-co-be-ba-mat-p277384188.html?spid=277670730,Tiki,Truyện tranh/Manga,False
276563060,Dấu Ấn Hoàng Gia Tập 11,28500.0,4.6,185,https://tiki.vn/dau-an-hoang-gia-tap-11-tang-kem-postcard-p276563060.html?spid=276563062,Tiki,Truyện tranh/Manga,False
276563036,Câu Lạc Bộ Những Kẻ Mất Ngủ - Insomniacs After School Tập 9 [Tặng Kèm Postcard],38000.0,5.0,22,https://tiki.vn/cau-lac-bo-nhung-ke-mat-ngu-insomniacs-after-school-tap-9-tang-kem-postcard-p276563036.html?spid=276563042,Tiki,Truyện tranh/Manga,False
276487775,Truyện tranh Skip and Loafer - Nhịp bước tuổi xanh (Chang Book),58000.0,1.0,2,https://tiki.vn/truyen-tranh-skip-and-loafer-nhip-buoc-tuoi-xanh-chang-book-p276487775.html?spid=276487791,Tiki,Truyện tranh/Manga,False
276075635,Câu Lạc Bộ Những Kẻ Mất Ngủ - Insomniacs After School Tập 6 [Tặng Kèm Postcard],38400.0,5.0,26,https://tiki.vn/cau-lac-bo-nhung-ke-mat-ngu-insomniacs-after-school-tap-6-tang-kem-postcard-p276075635.html?spid=276075636,Tiki,Truyện tranh/Manga,False
275946551,Hirayasumi – Những Tháng Ngày Chơi Vơi (Tập 1),53512.0,5.0,168,https://tiki.vn/hirayasumi-nhung-thang-ngay-choi-voi-tap-1-p275946551.html?spid=275947062,Tiki,Truyện tranh/Manga,False
275185693,Asari - Cô Bé Tinh Nghịch Tập 11 – Tập 20 [Tái Bản 2024,23500.0,0.0,35,https://tiki.vn/asari-co-be-tinh-nghich-tap-11-tap-20-tai-ban-2024-p275185693.html?spid=275186773,Tiki,Truyện tranh/Manga,False
274813505,Nhóc Miko! Cô Bé Nhí Nhảnh - Tập 27,24000.0,5.0,35,https://tiki.vn/nhoc-miko-co-be-nhi-nhanh-tap-27-p274813505.html?spid=274813509,Tiki,Truyện tranh/Manga,False
274660763,Dragon Ball Super Tập 20: Lao Tâm Khổ Chiến,28500.0,5.0,110,https://tiki.vn/dragon-ball-super-tap-20-lao-tam-kho-chien-tang-kem-postcard-p274660763.html?spid=274660767,Tiki,Truyện tranh/Manga,False
273381058,Ma đạo tổ sư - Tập 3 - Bản Thường tặng 01 Card bo góc random ¼,151050.0,4.7,203,https://tiki.vn/ma-dao-to-su-tap-3-p273381058.html?spid=273381404,Tiki,Truyện tranh/Manga,False
272382702,Shin Cậu Bé Bút Chì - Tập 2,25000.0,0.0,5,https://tiki.vn/shin-cau-be-but-chi-tap-2-p272382702.html?spid=272382703,Tiki,Truyện tranh/Manga,False
270790464,Shin - Cậu Bé Bút Chì - Tập 38,23750.0,4.6,27,https://tiki.vn/shin-cau-be-but-chi-tap-38-p270790464.html?spid=270790467,Tiki,Truyện tranh/Manga,False
270790373,Shin - Cậu Bé Bút Chì Tập 44,23275.0,4.7,15,https://tiki.vn/shin-cau-be-but-chi-tap-44-p270790373.html?spid=270790376,Tiki,Truyện tranh/Manga,False
270790305,Doraemon Plus Tập 1,23750.0,4.8,29,https://tiki.vn/doraemon-plus-tap-1-p270790305.html?spid=270790308,Tiki,Truyện tranh/Manga,False
270789203,Shin - Cậu Bé Bút Chì - Tập 2 (Bản Đặc Biệt),23750.0,4.8,21,https://tiki.vn/shin-cau-be-but-chi-tap-2-ban-dac-biet-p270789203.html?spid=270789206,Tiki,Truyện tranh/Manga,False
270751053,Fire Force 10,40000.0,5.0,76,https://tiki.vn/fire-force-10-p270751053.html?spid=270751054,Tiki,Truyện tranh/Manga,False
270464655,Cherry Magic - Tập 7,65400.0,5.0,324,https://tiki.vn/cherry-magic-tap-7-p270464655.html?spid=270464657,Tiki,Truyện tranh/Manga,False
254085701,Kingdom 49,42000.0,5.0,256,https://tiki.vn/kingdom-49-p254085701.html?spid=254085703,Tiki,Truyện tranh/Manga,False
250074902,Thám Tử Lừng Danh Conan Tập 3 [Tái Bản 2023],23750.0,5.0,95,https://tiki.vn/tham-tu-lung-danh-conan-tap-3-tai-ban-2023-p250074902.html?spid=250074909,Tiki,Truyện tranh/Manga,False
243023700,Doraemon - Chú Mèo Máy Đến Từ Tương Lai Tập 38 (Tái Bản),23750.0,0.0,25,https://tiki.vn/doraemon-chu-meo-may-den-tu-tuong-lai-tap-38-tai-ban-2023-p243023700.html?spid=243023703,Tiki,Truyện tranh/Manga,False
202878483,"Gửi em, người bất tử - Tập 14",26950.0,5.0,378,https://tiki.vn/gui-em-nguoi-bat-tu-tap-14-p202878483.html?spid=202878484,Tiki,Truyện tranh/Manga,False
176906737,Dragon Ball Super Tập 10: Điều Ước Của Moro (Tái Bản),28500.0,5.0,100,https://tiki.vn/dragon-ball-super-tap-10-dieu-uoc-cua-moro-tai-ban-2022-p176906737.html?spid=176906740,Tiki,Truyện tranh/Manga,False
91774356,Fullmetal Alchemist - Cang Giả Kim Thuật Sư - Fullmetal Edition Tập 8,71250.0,5.0,148,https://tiki.vn/fullmetal-alchemist-cang-gia-kim-thuat-su-fullmetal-edition-tap-8-p91774356.html?spid=127545037,Tiki,Truyện tranh/Manga,False
17948445,Thám Tử Lừng Danh Conan - Tập 71 ( Tái Bản ),23750.0,5.0,619,https://tiki.vn/tham-tu-lung-danh-conan-tap-71-tai-ban-p17948445.html?spid=17948446,Tiki,Truyện tranh/Manga,False
16306339,Combo Shin - Cậu Bé Bút Chì - Bản Đặt Biệt (6 Tập),142500.0,4.8,1753,https://tiki.vn/combo-shin-cau-be-but-chi-ban-dat-biet-6-tap-p16306339.html?spid=16306340,Tiki,Truyện tranh/Manga,False
13637679,Thám Tử Lừng Danh Conan - Tập 68 (Tái Bản 2019),23750.0,5.0,527,https://tiki.vn/tham-tu-lung-danh-conan-tap-68-tai-ban-2019-p13637679.html?spid=13637680,Tiki,Truyện tranh/Manga,False
279353678,Sách - Host Club Trường Ouran - Tập 4,34600.0,5.0,20,https://tiki.vn/sach-host-club-truong-ouran-tap-4-p279353678.html?spid=279353679,Tiki,Truyện tranh/Manga,False
279301375,Sách - Dấu Ấn Hoàng Gia - Tập 48,29400.0,0.0,18,https://tiki.vn/sach-dau-an-hoang-gia-tap-48-p279301375.html?spid=279301376,Tiki,Truyện tranh/Manga,False
279235511,Sách Nhật Kí Nơi Xứ Lạ (Tập 8),62000.0,5.0,16,https://tiki.vn/nhat-ki-noi-xu-la-tap-8-p279235511.html?spid=279235513,Tiki,Truyện tranh/Manga,False
279212528,Sách - Hikaru - Kì Thủ Cờ Vây - Ultimate Edition - Tập 2 - Tặng Kèm Character Card,78400.0,0.0,15,https://tiki.vn/sach-hikaru-ki-thu-co-vay-ultimate-edition-tap-2-tang-kem-character-card-p279212528.html?spid=279212529,Tiki,Truyện tranh/Manga,False
279063602,Sách Quý Ngài Hoàn Mỹ,96000.0,5.0,7,https://tiki.vn/sach-quy-ngai-hoan-my-p279063602.html?spid=279063603,Tiki,Truyện tranh/Manga,False
279059440,Doraemon Movie Story Màu: Nobita Và Đảo Giấu Vàng,31500.0,0.0,20,https://tiki.vn/doraemon-movie-story-mau-nobita-va-dao-giau-vang-p279059440.html?spid=279059441,Tiki,Truyện tranh/Manga,False
278945831,Thiên Sứ Nhà Bên – (Bản Phổ Thông) [chọn Tập Lẻ,85500.0,5.0,18,https://tiki.vn/thien-su-nha-ben-tap-9-ban-pho-thong-tang-bookmark-p278945831.html?spid=277360189,Tiki,Truyện tranh/Manga,False
278903287,Sách - Dấu Ấn Hoàng Gia - Tập 37,30000.0,5.0,62,https://tiki.vn/sach-dau-an-hoang-gia-tap-37-p278903287.html?spid=278903288,Tiki,Truyện tranh/Manga,False
278881506,Truyện tranh Đại Pháp Sư của Thư Viện full 7 tập (Chang Book),52600.0,0.0,0,https://tiki.vn/truyen-tranh-dai-phap-su-cua-thu-vien-chang-book-p278881506.html?spid=278881510,Tiki,Truyện tranh/Manga,False
278733177,Truyện tranh Rắc rối đáng yêu (Lovely Complex) full 17 tập - Chang Book,58500.0,5.0,9,https://tiki.vn/truyen-tranh-rac-roi-dang-yeu-lovely-complex-chang-book-p278733177.html?spid=279419011,Tiki,Truyện tranh/Manga,False
278596739,Sách - Thị Trấn Mèo - Tập 10 - Tặng Kèm Postcard,66600.0,5.0,24,https://tiki.vn/sach-thi-tran-meo-tap-10-tang-kem-postcard-p278596739.html?spid=278596740,Tiki,Truyện tranh/Manga,False
278493331,Bé Lớn Lên Cùng Những Câu Chuyện Nhỏ,50400.0,0.0,13,https://tiki.vn/be-lon-len-cung-nhung-cau-chuyen-nho-p278493331.html?spid=278492745,Tiki,Truyện tranh/Manga,False
278293943,Cherry Magic - Tập 14,87200.0,5.0,104,https://tiki.vn/cherry-magic-tap-14-p278293943.html?spid=278294736,Tiki,Truyện tranh/Manga,False
278095717,Dấu Ấn Hoàng Gia - Tập 25,29400.0,5.0,114,https://tiki.vn/dau-an-hoang-gia-tap-25-p278095717.html?spid=278095718,Tiki,Truyện tranh/Manga,False
277591498,Truyện tranh Chú thuật hồi chiến lẻ tập (0 -> 28) - Chang Book,35100.0,4.0,8,https://tiki.vn/truyen-tranh-chu-thuat-hoi-chien-le-tap-chang-book-p277591498.html?spid=279437083,Tiki,Truyện tranh/Manga,False
276947999,Yêu Thầm - Tập 2,164000.0,5.0,242,https://tiki.vn/yeu-tham-tap-2-p276947999.html?spid=276948017,Tiki,Truyện tranh/Manga,False
276944222,Truyện - Doraemon Tranh Truyện Màu - Nobita Và Cuộc Phiêu Lưu Ở Thành Phố Dây Cót - Chọn Lẻ 2 Tập - Kim Đồng,34000.0,0.0,4,https://tiki.vn/truyen-doraemon-tranh-truyen-mau-nobita-va-cuoc-phieu-luu-o-thanh-pho-day-cot-chon-le-2-tap-kim-dong-p276944222.html?spid=276944224,Tiki,Truyện tranh/Manga,False
276910676,Truyện tranh Spy X Family - Điệp vụ tô màu (Tuyển tập tô màu),35100.0,5.0,22,https://tiki.vn/truyen-tranh-spy-x-family-kim-dong-p276910676.html?spid=279104904,Tiki,Truyện tranh/Manga,False
276819713,Thám Tử Lừng Danh Conan - Giờ Trà Của Zero Tập 4 [Tặng Kèm Obi Metalize],34300.0,5.0,54,https://tiki.vn/tham-tu-lung-danh-conan-gio-tra-cua-zero-tap-4-tang-kem-obi-metalize-p276819713.html?spid=276819718,Tiki,Truyện tranh/Manga,False
276589155,Truyện tranh Câu Lạc Bộ Những Kẻ Mất Ngủ - Insomniacs After School (Chang Book),46800.0,0.0,3,https://tiki.vn/truyen-tranh-cau-lac-bo-nhung-ke-mat-ngu-insomniacs-after-school-chang-book-p276589155.html?spid=276969552,Tiki,Truyện tranh/Manga,False
276581136,Truyện tranh Dấu ấn Hoàng Gia lẻ Tập (1 -> 66) - Chang Book,35100.0,0.0,9,https://tiki.vn/truyen-tranh-dau-an-hoang-gia-chang-book-p276581136.html?spid=279417290,Tiki,Truyện tranh/Manga,False
276528404,Truyện Tranh - Thám Tử Lừng Danh Conan - Bản Nâng Cấp - Tập 1 Đến Tập 72,35000.0,5.0,1,https://tiki.vn/tham-tu-lung-danh-conan-ban-nang-cap-p276528404.html?spid=277600998,Tiki,Truyện tranh/Manga,False
276425590,Bluelock Tập 24 (Bản Thường),32300.0,5.0,20,https://tiki.vn/bluelock-tap-24-ban-thuong-tang-kem-pvc-card-p276425590.html?spid=276425591,Tiki,Truyện tranh/Manga,False
276173672,Bộ Thiên Ca - Tập 7,125610.0,4.6,133,https://tiki.vn/bo-thien-ca-tap-7-p276173672.html?spid=276173674,Tiki,Truyện tranh/Manga,False
275129547,One-Punch Man Tập 27: Tatsumaki Toàn Phần Công Lực,29400.0,5.0,128,https://tiki.vn/one-punch-man-tap-27-tatsumaki-toan-phan-cong-luc-p275129547.html?spid=275129548,Tiki,Truyện tranh/Manga,False
274136484,Dược Sư Tự Sự (Light Novel) - Tập 3,112500.0,4.6,186,https://tiki.vn/duoc-su-tu-su-light-novel-p274136484.html?spid=263401196,Tiki,Truyện tranh/Manga,False
273952771,Tớ Là Mèo Pusheen Tập 2 - Cuộc Sống Muôn Màu Của Pusheen,62400.0,5.0,50,https://tiki.vn/to-la-meo-pusheen-tap-2-cuoc-song-muon-mau-cua-pusheen-p273952771.html?spid=273952772,Tiki,Truyện tranh/Manga,False
273789471,Slam Dunk - Deluxe Edition - Tập 18 - Tặng Kèm Obi + Bìa Áo Limited Ngẫu Nhiên,59400.0,5.0,39,https://tiki.vn/slam-dunk-deluxe-edition-tap-18-tang-kem-obi-bia-ao-limited-ngau-nhien-p273789471.html?spid=273789472,Tiki,Truyện tranh/Manga,False
273321955,Thám Tử Lừng Danh Conan Tập 101,23750.0,5.0,959,https://tiki.vn/tham-tu-lung-danh-conan-tap-101-p273321955.html?spid=273321956,Tiki,Truyện tranh/Manga,False
272376581,Thám Tử Lừng Danh Conan - Tập 71 (Tái Bản 2023),25000.0,0.0,13,https://tiki.vn/tham-tu-lung-danh-conan-tap-71-tai-ban-2023-p272376581.html?spid=272376582,Tiki,Truyện tranh/Manga,False
270790479,Shin - Cậu Bé Bút Chì - Tập 42,23750.0,5.0,17,https://tiki.vn/shin-cau-be-but-chi-tap-42-p270790479.html?spid=270790482,Tiki,Truyện tranh/Manga,False
247444616,My Hero Academia - Học Viện Siêu Anh Hùng Tập 32: Kẻ Tiếp Theo,28500.0,5.0,292,https://tiki.vn/my-hero-academia-hoc-vien-sieu-anh-hung-tap-32-ke-tiep-theo-tang-kem-bookmark-nhan-vat-p247444616.html?spid=247444617,Tiki,Truyện tranh/Manga,False
246073878,Thám Tử Lừng Danh Conan - Tuyển Tập Đặc Biệt: FBI Selection (Tái Bản),52250.0,4.8,87,https://tiki.vn/tham-tu-lung-danh-conan-tuyen-tap-dac-biet-fbi-selection-tai-ban-2023-p246073878.html?spid=246073879,Tiki,Truyện tranh/Manga,False
242424351,Khu Rừng Đom Đóm (Bản Mới),63000.0,5.0,324,https://tiki.vn/khu-rung-dom-dom-ban-moi-p242424351.html?spid=242424352,Tiki,Truyện tranh/Manga,False
215983658,Combo Đội Quân Doraemon Đặc Biệt - Trường Học Robot (3 Tập),65550.0,5.0,94,https://tiki.vn/combo-doi-quan-doraemon-dac-biet-truong-hoc-robot-3-tap-p215983658.html?spid=215983659,Tiki,Truyện tranh/Manga,False
197990867,Doraemon Movie Story: Nobita Và Viện Bảo Tàng Bảo Bối,33250.0,5.0,340,https://tiki.vn/doraemon-movie-story-nobita-va-vien-bao-tang-bao-boi-p197990867.html?spid=197990868,Tiki,Truyện tranh/Manga,False
192115858,Chú Thuật Hồi Chiến -  Tập 5,28500.0,5.0,3104,https://tiki.vn/chu-thuat-hoi-chien-tap-5-p192115858.html?spid=271536111,Tiki,Truyện tranh/Manga,False
72970903,Doraemon Hoạt Hình Màu - Tập 1 (Tái Bản 2020),33250.0,5.0,31,https://tiki.vn/doraemon-hoat-hinh-mau-tap-1-tai-ban-2020-p72970903.html?spid=72970905,Tiki,Truyện tranh/Manga,False
59260763,Dr.SLUMP Ultimate Edition - Tập 2,57000.0,5.0,1030,https://tiki.vn/dr-slump-ultimate-edition-tap-2-p59260763.html?spid=59260764,Tiki,Truyện tranh/Manga,False
50724989,Combo Thám Tử Lừng Danh Conan Tập 51 - 60 (Bộ 10 cuốn),237500.0,5.0,661,https://tiki.vn/combo-tham-tu-lung-danh-conan-tap-51-60-bo-10-cuon-p50724989.html?spid=58806030,Tiki,Truyện tranh/Manga,False
279323588,Sách Dấu Ấn Hoàng Gia - Tập 52,28500.0,5.0,90,https://tiki.vn/sach-dau-an-hoang-gia-tap-52-p279323588.html?spid=279323589,Tiki,Truyện tranh/Manga,False
279290855,Sách - Nisekoi - Cặp Đôi Giả Tạo - Tập 13 - Yên Tâm - Tặng Kèm Card Nhựa Trong,39200.0,5.0,14,https://tiki.vn/sach-nisekoi-cap-doi-gia-tao-tap-13-yen-tam-tang-kem-card-nhua-trong-p279290855.html?spid=279290856,Tiki,Truyện tranh/Manga,False
279008841,Sách - Ở Đây Có Một Con Én - Tập 2,87100.0,0.0,29,https://tiki.vn/sach-o-day-co-mot-con-en-tap-2-p279008841.html?spid=279008842,Tiki,Truyện tranh/Manga,False
278948832,Dấu Ấn Hoàng Gia - Tập 38,28500.0,5.0,79,https://tiki.vn/dau-an-hoang-gia-tap-38-p278948832.html?spid=278948833,Tiki,Truyện tranh/Manga,False
278916765,"Nhất Quỷ Nhì Ma, Thứ Ba (Vẫn Là) Takagi - Tập 19 [Tặng Kèm Postcard]",28500.0,5.0,11,https://tiki.vn/nhat-quy-nhi-ma-thu-ba-van-la-takagi-tap-19-tang-kem-postcard-p278916765.html?spid=278916766,Tiki,Truyện tranh/Manga,False
278566337,Thám Tử Lừng Danh Conan - Tập 106,25000.0,5.0,54,https://tiki.vn/tham-tu-lung-danh-conan-tap-106-p278566337.html?spid=278566338,Tiki,Truyện tranh/Manga,False
278296309,Điều Kỳ Diệu Tại Cửa Tiệm Mỳ Xưa,84000.0,5.0,51,https://tiki.vn/dieu-ky-dieu-tai-cua-tiem-my-xua-p278296309.html?spid=278296311,Tiki,Truyện tranh/Manga,False
278147678,Sách - Spy X Family - Tập 7 (Tái Bản 2025),30000.0,5.0,10,https://tiki.vn/sach-spy-x-family-tap-7-tai-ban-2025-p278147678.html?spid=278147679,Tiki,Truyện tranh/Manga,False
278031021,Dấu Ấn Hoàng Gia - Tập 24,29400.0,5.0,99,https://tiki.vn/dau-an-hoang-gia-tap-24-p278031021.html?spid=278031023,Tiki,Truyện tranh/Manga,False
278028497,3x3 Eyes - Cô bé ba mắt 24,87000.0,5.0,19,https://tiki.vn/3x3-eyes-co-be-ba-mat-24-tang-kem-card-giay-va-hop-dung-card-p278028497.html?spid=278028500,Tiki,Truyện tranh/Manga,False
277978140,Sách - Spy X Family - Tập 2 (Tái Bản 2025),30000.0,5.0,17,https://tiki.vn/sach-spy-x-family-tap-2-tai-ban-2025-p277978140.html?spid=277978141,Tiki,Truyện tranh/Manga,False
277977222,Sách - Spy X Family - Tập 9 (Tái Bản 2025),30000.0,5.0,17,https://tiki.vn/sach-spy-x-family-tap-9-tai-ban-2025-p277977222.html?spid=277977223,Tiki,Truyện tranh/Manga,False
276819733,Bluelock Tập 25 (Bản Thường),31825.0,5.0,24,https://tiki.vn/bluelock-tap-25-ban-thuong-tang-kem-standee-ivory-pvc-card-p276819733.html?spid=276819735,Tiki,Truyện tranh/Manga,False
276473221,Tý Quậy - Tập 14,30720.0,5.0,64,https://tiki.vn/ty-quay-tap-14-p276473221.html?spid=276473225,Tiki,Truyện tranh/Manga,False
275231408,Doraemon Truyện Dài - Tập 15: Đấng Toàn Năng Nobita,22000.0,5.0,18,https://tiki.vn/doraemon-truyen-dai-tap-15-dang-toan-nang-nobita-p275231408.html?spid=275231409,Tiki,Truyện tranh/Manga,False
274390304,Dragon Ball Super Tập 19: Niềm Tự Hào Nguồn Cội,28500.0,5.0,79,https://tiki.vn/dragon-ball-super-tap-19-niem-tu-hao-nguon-coi-tang-kem-postcard-p274390304.html?spid=274390308,Tiki,Truyện tranh/Manga,False
274056391,"Nagahama To Be, or Not To Be - Nagahama To Be, or Not To Be - Bản Thường",70400.0,5.0,175,https://tiki.vn/nagahama-to-be-or-not-to-be-p274056391.html?spid=274056421,Tiki,Truyện tranh/Manga,False
273456914,Series các tập Hội con trai,36000.0,5.0,244,https://tiki.vn/series-cac-tap-hoi-con-trai-p273456914.html?spid=274972069,Tiki,Truyện tranh/Manga,False
273026004,Soul Eater 02,87000.0,5.0,87,https://tiki.vn/soul-eater-02-p273026004.html?spid=273026005,Tiki,Truyện tranh/Manga,False
270465812,Shin - Cậu Bé Bút Chì - Tập 8,24500.0,5.0,51,https://tiki.vn/shin-cau-be-but-chi-tap-8-p270465812.html?spid=270465815,Tiki,Truyện tranh/Manga,False
267179047,Doraemon Tuyển Tập Tranh Truyện Màu - Tập 5,47500.0,5.0,76,https://tiki.vn/doraemon-tuyen-tap-tranh-truyen-mau-tap-5-p267179047.html?spid=267179050,Tiki,Truyện tranh/Manga,False
263970094,Doraemon - Chú Mèo Máy Đến Từ Tương Lai Tập 4,23750.0,0.0,36,https://tiki.vn/doraemon-chu-meo-may-den-tu-tuong-lai-tap-4-p263970094.html?spid=263970097,Tiki,Truyện tranh/Manga,False
263401181,Chú Thuật Hồi Chiến Tập 14: Biến Cố Shibuya – Đúng Sai,28500.0,5.0,726,https://tiki.vn/chu-thuat-hoi-chien-tap-14-bien-co-shibuya-dung-sai-p263401181.html?spid=263401183,Tiki,Truyện tranh/Manga,False
253366271,Doraemon - Chú Mèo Máy Đến Từ Tương Lai Tập 35 (Tái Bản),20900.0,0.0,21,https://tiki.vn/doraemon-chu-meo-may-den-tu-tuong-lai-tap-35-tai-ban-2023-p253366271.html?spid=253366272,Tiki,Truyện tranh/Manga,False
253366264,Doraemon - Chú Mèo Máy Đến Từ Tương Lai Tập 14 [Tái Bản 2023],22000.0,5.0,30,https://tiki.vn/doraemon-chu-meo-may-den-tu-tuong-lai-tap-14-tai-ban-2023-p253366264.html?spid=253366266,Tiki,Truyện tranh/Manga,False
252012337,Bluelock Tập 5,33250.0,4.8,355,https://tiki.vn/bluelock-tap-5-tang-kem-card-pvc-va-standee-nhan-vat-p252012337.html?spid=252012340,Tiki,Truyện tranh/Manga,False
247761774,Shin - Cậu Bé Bút Chì Truyện Dài Tập 4: Kho Báu Vương Quốc Ụt Ịt [Tái Bản 2023],23750.0,0.0,16,https://tiki.vn/shin-cau-be-but-chi-truyen-dai-tap-4-kho-bau-vuong-quoc-ut-it-tai-ban-2023-p247761774.html?spid=247761775,Tiki,Truyện tranh/Manga,False
247444626,Blue Lock Tập 3,33250.0,5.0,534,https://tiki.vn/blue-lock-tap-3-tang-kem-card-pvc-p247444626.html?spid=247444627,Tiki,Truyện tranh/Manga,False
247444612,Doraemon Tập 17: Nobita Và Cuộc Phiêu Lưu Ở Thành Phố Dây Cót [Tái Bản 2023],23750.0,5.0,34,https://tiki.vn/doraemon-tap-17-nobita-va-cuoc-phieu-luu-o-thanh-pho-day-cot-tai-ban-2023-p247444612.html?spid=247444613,Tiki,Truyện tranh/Manga,False
242085710,Doraemon Tập 9: Nobita Và Nước Nhật Thời Nguyên Thủy [Tái Bản 2023],23750.0,5.0,54,https://tiki.vn/doraemon-tap-9-nobita-va-nuoc-nhat-thoi-nguyen-thuy-tai-ban-2023-p242085710.html?spid=242085711,Tiki,Truyện tranh/Manga,False
242085696,Doraemon Tập 5: Nobita Và Chuyến Phiêu Lưu Vào Xứ Quỷ [Tái Bản 2023],22500.0,5.0,86,https://tiki.vn/doraemon-tap-5-nobita-va-chuyen-phieu-luu-vao-xu-quy-tai-ban-2023-p242085696.html?spid=242085698,Tiki,Truyện tranh/Manga,False
189572565,Dragon Ball Super Tập 11: Cuộc Đại Vượt Ngục (Tái Bản 2022),28500.0,5.0,121,https://tiki.vn/dragon-ball-super-tap-11-cuoc-dai-vuot-nguc-tai-ban-2022-p189572565.html?spid=189572567,Tiki,Truyện tranh/Manga,False
186434700,Người Bà Tài Giỏi Vùng Saga – Tập 8,43000.0,4.6,2305,https://tiki.vn/nguoi-ba-tai-gioi-vung-saga-tap-8-tang-kem-01-postcard-p186434700.html?spid=186434702,Tiki,Truyện tranh/Manga,False
184036405,Người Bà Tài Giỏi Vùng Saga – Tập 2,41080.0,5.0,1004,https://tiki.vn/nguoi-ba-tai-gioi-vung-saga-tap-2-p184036405.html?spid=184036406,Tiki,Truyện tranh/Manga,False
178032047,Fullmetal Alchemist - Cang Giả Kim Thuật Sư - Fullmetal Edition Tập 14,71250.0,4.8,873,https://tiki.vn/fullmetal-alchemist-cang-gia-kim-thuat-su-fullmetal-edition-tap-14-tang-kem-bookmark-pvc-p178032047.html?spid=178032048,Tiki,Truyện tranh/Manga,False
170706992,Thám Tử Lừng Danh Conan: Hồ Sơ Tuyệt Mật - Shuichi Akai & Toru Amuro,114000.0,5.0,652,https://tiki.vn/tham-tu-lung-danh-conan-ho-so-tuyet-mat-shuichi-akai-toru-amuro-p170706992.html?spid=170706993,Tiki,Truyện tranh/Manga,False
170706973,Chú Thuật Hồi Chiến: Tập 1,28800.0,4.8,6748,https://tiki.vn/chu-thuat-hoi-chien-tap-1-p170706973.html?spid=271535956,Tiki,Truyện tranh/Manga,False
77621605,Dr.SLUMP Deluxe Edition - Tập 5,57000.0,5.0,835,https://tiki.vn/dr-slump-deluxe-edition-tap-5-tang-kem-lot-ly-p77621605.html?spid=77621606,Tiki,Truyện tranh/Manga,False
73851449,Dr.SLUMP Ultimate Edition - Tập 4,58000.0,5.0,894,https://tiki.vn/dr-slump-ultimate-edition-tap-4-p73851449.html?spid=73851450,Tiki,Truyện tranh/Manga,False
15257986,Thám Tử Lừng Danh Conan - Tập 36 (Tái Bản),23750.0,5.0,546,https://tiki.vn/tham-tu-lung-danh-conan-tap-36-tai-ban-2019-p15257986.html?spid=15257987,Tiki,Truyện tranh/Manga,False
279414789,Sách - Thám Tử Thừa Kế - Tập 1 - Tặng Kèm Standee Giấy,55000.0,4.7,7,https://tiki.vn/sach-tham-tu-thua-ke-tap-1-tang-kem-standee-giay-p279414789.html?spid=279414790,Tiki,Truyện tranh/Manga,False
279407589,Sách - Vòng Lặp Thứ 7 Của Tiểu Thư Phản Diện - Cuộc Sống Hôn Nhân Tự Tại Giữa Lòng Địch Quốc - Tập 7 - Tặng Kèm Postcard,50000.0,0.0,3,https://tiki.vn/sach-vong-lap-thu-7-cua-tieu-thu-phan-dien-cuoc-song-hon-nhan-tu-tai-giua-long-dich-quoc-tap-7-tang-kem-postcard-p279407589.html?spid=279407590,Tiki,Truyện tranh/Manga,False
279396003,Sách One Piece - (Bản Đặc Biệt + Bản bìa gập),213750.0,0.0,3,https://tiki.vn/sach-one-piece-ban-dac-biet-ban-bia-gap-p279396003.html?spid=279396004,Tiki,Truyện tranh/Manga,False
279392860,Sách - Chú Thuật Hồi Chiến - Tập 27 - Kẻ Sống Còn Ngốc Nghếch - Limited Edition - Tặng Kèm Bọc Bảo Vệ Sách + Bổ Sung Trang Màu Độc Quyền,64300.0,0.0,11,https://tiki.vn/sach-chu-thuat-hoi-chien-tap-27-ke-song-con-ngoc-nghech-limited-edition-tang-kem-boc-bao-ve-sach-bo-sung-trang-mau-doc-quyen-p279392860.html?spid=279392861,Tiki,Truyện tranh/Manga,False
279371820,Sách - Khúc Hát Đêm Thâu - Tập 4,34600.0,5.0,6,https://tiki.vn/sach-khuc-hat-dem-thau-tap-4-p279371820.html?spid=279371821,Tiki,Truyện tranh/Manga,False
279369825,Sobotei Dinh Thự Ma Ám 21 - Truyện Tranh NXB Trẻ,41850.0,5.0,4,https://tiki.vn/sobotei-dinh-thu-ma-am-21-truyen-tranh-nxb-tre-p279369825.html?spid=279369826,Tiki,Truyện tranh/Manga,False
279274032,Sách - Rắc Rối Đáng Yêu - Love Com - Tập 10,49000.0,0.0,8,https://tiki.vn/sach-rac-roi-dang-yeu-love-com-tap-10-p279274032.html?spid=279274033,Tiki,Truyện tranh/Manga,False
279274000,Sách - Thám Tử Lừng Danh Conan - Tập 64 - Bản Nâng Cấp - Tặng Kèm Bookmark,34300.0,0.0,7,https://tiki.vn/sach-tham-tu-lung-danh-conan-tap-64-ban-nang-cap-tang-kem-bookmark-p279274000.html?spid=279274001,Tiki,Truyện tranh/Manga,False
279073211,Sách - Doraemon - Movie Story Màu - Nobita Và Đảo Giấu Vàng,34300.0,5.0,11,https://tiki.vn/sach-doraemon-movie-story-mau-nobita-va-dao-giau-vang-p279073211.html?spid=279073212,Tiki,Truyện tranh/Manga,False
278903315,Sách - Sobotei - Dinh Thự Ma Ám - Tập 11,44100.0,0.0,7,https://tiki.vn/sach-sobotei-dinh-thu-ma-am-tap-11-p278903315.html?spid=278903316,Tiki,Truyện tranh/Manga,False
278842702,Combo Sách Lặng Lẽ Đáy Sâu (Tập 1-2-3) (Tặng Kèm Card Bo Góc In 2 Mặt - Card Dạng Ảnh Polaroid),171000.0,5.0,16,https://tiki.vn/combo-sach-lang-le-day-sau-tap-1-2-3-tang-kem-card-bo-goc-in-2-mat-card-dang-anh-polaroid-p278842702.html?spid=278842703,Tiki,Truyện tranh/Manga,False
278788836,Sách Tanukoi - Mùa Xuân Của Tanuki,63900.0,5.0,9,https://tiki.vn/sach-tanukoi-mua-xuan-cua-tanuki-p278788836.html?spid=278732334,Tiki,Truyện tranh/Manga,False
278756454,Chú Thuật Hồi Chiến - Tập 14: Biến Cố Shibuya - Đúng Sai,30000.0,4.8,69,https://tiki.vn/chu-thuat-hoi-chien-tap-14-bien-co-shibuya-dung-sai-p278756454.html?spid=263572534,Tiki,Truyện tranh/Manga,False
278123130,Miko Selection - Tuyển Tập LGBT,39900.0,5.0,18,https://tiki.vn/miko-selection-tuyen-tap-lgbt-p278123130.html?spid=278123131,Tiki,Truyện tranh/Manga,False
278119232,Sách - Dragon Quest - Cuộc Phiêu Lưu Của Dũng Sĩ Dai - Tập 7 - Kị Sĩ Rồng II - Tặng Kèm Postcard,67600.0,5.0,35,https://tiki.vn/sach-dragon-quest-cuoc-phieu-luu-cua-dung-si-dai-tap-7-ki-si-rong-ii-tang-kem-postcard-p278119232.html?spid=278119233,Tiki,Truyện tranh/Manga,False
277837126,Tây du lầy lội ký 1,173250.0,5.0,58,https://tiki.vn/tay-du-lay-loi-ky-1-p277837126.html?spid=277837127,Tiki,Truyện tranh/Manga,False
277827108,Dragon Quest - Cuộc Phiêu Lưu Của Dũng Sĩ Dai - Tập 6: Kị Sĩ Rồng I [Tặng Kèm Postcard],68000.0,5.0,110,https://tiki.vn/dragon-quest-cuoc-phieu-luu-cua-dung-si-dai-tap-6-ki-si-rong-i-tang-kem-postcard-p277827108.html?spid=277827112,Tiki,Truyện tranh/Manga,False
277527674,Nhật Ký Hướng Thố Đường,45000.0,5.0,59,https://tiki.vn/nhat-ky-huong-tho-duong-p277527674.html?spid=277838145,Tiki,Truyện tranh/Manga,False
276640797,Người Ở Trong Mơ – Tập 2,85500.0,5.0,122,https://tiki.vn/nguoi-o-trong-mo-tap-2-p276640797.html?spid=276640894,Tiki,Truyện tranh/Manga,False
276480972,Dấu Ấn Hoàng Gia Tập 10,29400.0,5.0,204,https://tiki.vn/dau-an-hoang-gia-tap-10-p276480972.html?spid=276480974,Tiki,Truyện tranh/Manga,False
276369265,Haikyu!! - Tập 18,40000.0,0.0,3,https://tiki.vn/haikyu-tap-18-p276369265.html?spid=276369266,Tiki,Truyện tranh/Manga,False
276353078,Hirayasumi – Những Tháng Ngày Chơi Vơi (Tập 3),63000.0,5.0,177,https://tiki.vn/hirayasumi-nhung-thang-ngay-choi-voi-tap-3-p276353078.html?spid=276353111,Tiki,Truyện tranh/Manga,False
275617261,"Sơn, Goal! Tập 3 [Tặng Kèm Standee PVC + Obi + Bìa Áo Đặc Biệt]",43600.0,5.0,25,https://tiki.vn/son-goal-tap-3-tang-kem-standee-pvc-obi-bia-ao-dac-biet-p275617261.html?spid=275617263,Tiki,Truyện tranh/Manga,False
275231368,Doraemon Truyện Dài - Tập 6: Nobita Và Cuộc Chiến Vũ Trụ,22000.0,5.0,17,https://tiki.vn/doraemon-truyen-dai-tap-6-nobita-va-cuoc-chien-vu-tru-p275231368.html?spid=275231369,Tiki,Truyện tranh/Manga,False
274811862,Nhóc Miko! Cô Bé Nhí Nhảnh - Tập 17,24000.0,4.8,24,https://tiki.vn/nhoc-miko-co-be-nhi-nhanh-tap-17-p274811862.html?spid=274811865,Tiki,Truyện tranh/Manga,False
273347045,Truyện Tranh - Combo 5 cuốn Doraemon Truyện Ngắn - Kim đồng,169000.0,5.0,23,https://tiki.vn/truyen-tranh-combo-5-cuon-doraemon-truyen-ngan-kim-dong-p273347045.html?spid=273347059,Tiki,Truyện tranh/Manga,False
272452443,Here U Are – Tập 6,134250.0,5.0,146,https://tiki.vn/here-u-are-tap-6-p272452443.html?spid=272452445,Tiki,Truyện tranh/Manga,False
262364822,Thám Tử Lừng Danh Conan - Tập 88,24500.0,5.0,34,https://tiki.vn/tham-tu-lung-danh-conan-tap-88-p262364822.html?spid=262364825,Tiki,Truyện tranh/Manga,False
262304776,Thám Tử Lừng Danh Conan Tập 7,23750.0,4.8,84,https://tiki.vn/tham-tu-lung-danh-conan-tap-7-p262304776.html?spid=262304779,Tiki,Truyện tranh/Manga,False
262304698,Doraemon - Chú Mèo Máy Đến Từ Tương Lai Tập 40,23750.0,5.0,44,https://tiki.vn/doraemon-chu-meo-may-den-tu-tuong-lai-tap-40-p262304698.html?spid=262304701,Tiki,Truyện tranh/Manga,False
262303707,Thám Tử Lừng Danh Conan Tập 2,24500.0,4.8,112,https://tiki.vn/tham-tu-lung-danh-conan-tap-2-tai-ban-2014-p262303707.html?spid=262303710,Tiki,Truyện tranh/Manga,False
251255488,Doraemon - Chú Mèo Máy Đến Từ Tương Lai Tập 5 [Tái Bản 2023],23750.0,0.0,26,https://tiki.vn/doraemon-chu-meo-may-den-tu-tuong-lai-tap-5-tai-ban-2023-p251255488.html?spid=251255489,Tiki,Truyện tranh/Manga,False
249025941,Thám Tử Lừng Danh Conan - Tập 98 (Tái Bản 2023),23750.0,5.0,139,https://tiki.vn/tham-tu-lung-danh-conan-tap-98-tai-ban-2023-p249025941.html?spid=249025943,Tiki,Truyện tranh/Manga,False
246080007,Doraemon Tập 20: Nobita Và Truyền Thuyết Vua Mặt Trời (Tái Bản),23750.0,5.0,56,https://tiki.vn/doraemon-tap-20-nobita-va-truyen-thuyet-vua-mat-troi-tai-ban-2023-p246080007.html?spid=246080015,Tiki,Truyện tranh/Manga,False
242086765,Doraemon - Chú Mèo Máy Đến Từ Tương Lai Tập 17 (Tái Bản),23750.0,5.0,66,https://tiki.vn/doraemon-chu-meo-may-den-tu-tuong-lai-tap-17-tai-ban-2023-p242086765.html?spid=242086766,Tiki,Truyện tranh/Manga,False
200780130,Người bà tài giỏi vùng Saga – Tập 9,46800.0,5.0,2248,https://tiki.vn/nguoi-ba-tai-gioi-vung-saga-tap-9-p200780130.html?spid=200780131,Tiki,Truyện tranh/Manga,False
175724125,Chú Thuật Hồi Chiến Tập 2: Chú Thai Đới Thiên,29400.0,5.0,3018,https://tiki.vn/chu-thuat-hoi-chien-tap-2-chu-thai-doi-thien-p175724125.html?spid=175724126,Tiki,Truyện tranh/Manga,False
167149970,Naruto Tập 1: Uzumaki Naruto (Tái Bản),28500.0,4.7,97,https://tiki.vn/naruto-tap-1-uzumaki-naruto-tai-ban-2022-p167149970.html?spid=167149972,Tiki,Truyện tranh/Manga,False
13116555,Thị Trấn Mèo Tập 2 (Tái Bản 2019),64600.0,5.0,924,https://tiki.vn/thi-tran-meo-tap-2-tai-ban-2019-p13116555.html?spid=13116556,Tiki,Truyện tranh/Manga,False
13116553,Thị Trấn Mèo Tập 1 (Tái Bản 2019),61750.0,4.8,1074,https://tiki.vn/thi-tran-meo-tap-1-tai-ban-2019-p13116553.html?spid=13116554,Tiki,Truyện tranh/Manga,False
279392846,Sách - Host Club Trường Ouran - Tập 5 - Tặng Kèm Postcard,34600.0,5.0,13,https://tiki.vn/sach-host-club-truong-ouran-tap-5-tang-kem-postcard-p279392846.html?spid=279392847,Tiki,Truyện tranh/Manga,False
279316999,Sách - Đại Pháp Sư Của Thư Viện - Magus Of The Library - Tập 6,44100.0,5.0,23,https://tiki.vn/sach-dai-phap-su-cua-thu-vien-magus-of-the-library-tap-6-p279316999.html?spid=279317000,Tiki,Truyện tranh/Manga,False
279303315,Sách - Beastars - Tập 12,34300.0,0.0,12,https://tiki.vn/sach-beastars-tap-12-p279303315.html?spid=279303316,Tiki,Truyện tranh/Manga,False
279269732,Sách - Cardcaptor Sakura - Thẻ Bài Pha Lê - Tập 7 (Tái Bản 2026),34300.0,0.0,3,https://tiki.vn/sach-cardcaptor-sakura-the-bai-pha-le-tap-7-tai-ban-2026-p279269732.html?spid=279269733,Tiki,Truyện tranh/Manga,False
279162299,Truyện tranh Hikaru Kì Thủ Cờ Vây Ultimate Edition full 6 tập (Chang Book),93500.0,0.0,7,https://tiki.vn/truyen-tranh-hikaru-ki-thu-co-vay-ultimate-edition-chang-book-p279162299.html?spid=279406303,Tiki,Truyện tranh/Manga,False
279154042,Sách - Dấu Ấn Hoàng Gia - Tập 41 - Tặng Kèm Postcard,30000.0,0.0,17,https://tiki.vn/sach-dau-an-hoang-gia-tap-41-tang-kem-postcard-p279154042.html?spid=279154043,Tiki,Truyện tranh/Manga,False
279112268,Sách - Bản Sách Tranh Hàng Xóm Của Tôi Totoro - Tặng Kèm Bookmark + Card PVC,114000.0,5.0,20,https://tiki.vn/sach-ban-sach-tranh-hang-xom-cua-toi-totoro-tang-kem-bookmark-card-pvc-p279112268.html?spid=279112269,Tiki,Truyện tranh/Manga,False
278959512,Sách - Tuyển Tập Kiệt Tác Fujiko F Fujio - F The Best - Tặng Kèm Set Sticker Khổ Lớn,196000.0,5.0,79,https://tiki.vn/sach-tuyen-tap-kiet-tac-fujiko-f-fujio-f-the-best-tang-kem-set-sticker-kho-lon-p278959512.html?spid=278959513,Tiki,Truyện tranh/Manga,False
278940606,Sách - Doraemon - Movie Story Màu - Phiên Bản Mới - Nobita Thám Hiểm Vùng Đất Mới,34300.0,5.0,8,https://tiki.vn/sach-doraemon-movie-story-mau-phien-ban-moi-nobita-tham-hiem-vung-dat-moi-p278940606.html?spid=278940607,Tiki,Truyện tranh/Manga,False
278728680,Thám Tử Lừng Danh Conan - Special Volume 1 [Tặng Kèm Bookmark PVC],61750.0,5.0,67,https://tiki.vn/tham-tu-lung-danh-conan-special-volume-1-tang-kem-bookmark-pvc-p278728680.html?spid=278728682,Tiki,Truyện tranh/Manga,False
278111222,Sách - Dr.STONE - Tập 13 - Chiến Tranh Khoa Học,30000.0,0.0,3,https://tiki.vn/sach-dr-stone-tap-13-chien-tranh-khoa-hoc-p278111222.html?spid=278111223,Tiki,Truyện tranh/Manga,False
278062733,Sách - Dragon Ball Super - Tập 15 - Moro - Kẻ Ăn Hành Tinh (Tái Bản 2025),30000.0,0.0,5,https://tiki.vn/sach-dragon-ball-super-tap-15-moro-ke-an-hanh-tinh-tai-ban-2025-p278062733.html?spid=278062734,Tiki,Truyện tranh/Manga,False
278045182,Sách - Spy X Family - Tập 6 (Tái Bản 2025),30000.0,5.0,8,https://tiki.vn/sach-spy-x-family-tap-6-tai-ban-2025-p278045182.html?spid=278045183,Tiki,Truyện tranh/Manga,False
277977096,Sách - Combo Manga - Siêu Quậy Teppei: Tập 21 - 31 (Bộ 11 Tập),269500.0,0.0,6,https://tiki.vn/sach-combo-manga-sieu-quay-teppei-tap-21-31-bo-11-tap-p277977096.html?spid=277977097,Tiki,Truyện tranh/Manga,False
277946326,"Hirayasumi - Những Tháng Ngày Chơi Vơi"" - Tập 5",63000.0,5.0,64,https://tiki.vn/hirayasumi-nhung-thang-ngay-choi-voi-tap-5-p277946326.html?spid=277946327,Tiki,Truyện tranh/Manga,False
277521575,Dược Sư Tự Sự (Manga) – Tập 13 (Bản Phổ Thông) [Tặng Standee Ivory],45100.0,5.0,69,https://tiki.vn/duoc-su-tu-su-manga-tap-13-ban-pho-thong-tang-standee-ivory-p277521575.html?spid=277521578,Tiki,Truyện tranh/Manga,False
277174402,Truyện tranh Frieren - Pháp Sư Tiễn Táng (Chang Book),52600.0,5.0,2,https://tiki.vn/truyen-tranh-frieren-phap-su-tien-tang-chang-book-p277174402.html?spid=277449791,Tiki,Truyện tranh/Manga,False
277017968,One-Punch Man Tập 28: Xuống Vực Sâu,28800.0,5.0,106,https://tiki.vn/one-punch-man-tap-28-xuong-vuc-sau-tang-kem-bookmark-p277017968.html?spid=277017969,Tiki,Truyện tranh/Manga,False
276425588,Chú Già Nuôi Mèo Ú – Tập 12 [Tặng Postcard],47500.0,5.0,50,https://tiki.vn/chu-gia-nuoi-meo-u-tap-12-tang-postcard-p276425588.html?spid=276425589,Tiki,Truyện tranh/Manga,False
276369279,Haikyu!! - Tập 25,40000.0,0.0,4,https://tiki.vn/haikyu-tap-25-p276369279.html?spid=276369280,Tiki,Truyện tranh/Manga,False
276242871,Nàng Juliet Ở Trường Nội Trú Tập 5,33250.0,0.0,18,https://tiki.vn/nang-juliet-o-truong-noi-tru-tap-5-p276242871.html?spid=276242872,Tiki,Truyện tranh/Manga,False
276152119,Shin Cậu Bé Bút Chì - Truyện Dài Tập 17: Công Phá Xứ Sở Mộng Mơ,24500.0,5.0,20,https://tiki.vn/shin-cau-be-but-chi-truyen-dai-tap-17-cong-pha-xu-so-mong-mo-p276152119.html?spid=276152121,Tiki,Truyện tranh/Manga,False
276152112,Bluelock Tập 23,33250.0,5.0,25,https://tiki.vn/bluelock-tap-23-tang-kem-pvc-card-p276152112.html?spid=276152114,Tiki,Truyện tranh/Manga,False
276075631,Dấu Ấn Hoàng Gia Tập 6 [Tặng Kèm Postcard],29400.0,5.0,458,https://tiki.vn/dau-an-hoang-gia-tap-6-tang-kem-postcard-p276075631.html?spid=276075633,Tiki,Truyện tranh/Manga,False
275419067,Nhóc Maruko Tập 9,38000.0,5.0,128,https://tiki.vn/nhoc-maruko-tap-9-tang-kem-set-postcard-polaroid-p275419067.html?spid=275419069,Tiki,Truyện tranh/Manga,False
275337997,Dragon Quest - Cuộc Phiêu Lưu Của Dũng Sĩ Dai Tập 1: Đệ Tử Của Avan I ( Tái Bản),66000.0,4.8,116,https://tiki.vn/dragon-quest-cuoc-phieu-luu-cua-dung-si-dai-tap-1-de-tu-cua-avan-i-tang-kem-postcard-p275337997.html?spid=275338002,Tiki,Truyện tranh/Manga,False
275305960,Thị Trấn Mèo - Tập 9 - Tặng Kèm Postcard,66600.0,5.0,63,https://tiki.vn/thi-tran-meo-tap-9-tang-kem-postcard-p275305960.html?spid=275305961,Tiki,Truyện tranh/Manga,False
275009874,Veil - Một thoáng sách vàng - Tập 5,89300.0,5.0,64,https://tiki.vn/veil-mot-thoang-sach-vang-tap-5-p275009874.html?spid=275009876,Tiki,Truyện tranh/Manga,False
273724331,Hôn Nhân Hạnh Phúc Của Tôi (Manga) – Tập 4 [Tặng 02 Bookmark + Set 03 Bao Lì Xì],47500.0,5.0,54,https://tiki.vn/hon-nhan-hanh-phuc-cua-toi-manga-tap-4-tang-02-bookmark-set-03-bao-li-xi-p273724331.html?spid=273724332,Tiki,Truyện tranh/Manga,False
271191615,Chú Thuật Hồi Chiến Tập 16: Biến Cố Shibuya -Bế Môn,28500.0,5.0,444,https://tiki.vn/chu-thuat-hoi-chien-tap-16-bien-co-shibuya-be-mon-p271191615.html?spid=271191617,Tiki,Truyện tranh/Manga,False
270690064,Thám Tử Lừng Danh Conan - Tiểu Thuyết - Tàu Ngầm Sắt Màu Đen,47500.0,4.8,111,https://tiki.vn/tham-tu-lung-danh-conan-tieu-thuyet-tau-ngam-sat-mau-den-p270690064.html?spid=270690065,Tiki,Truyện tranh/Manga,False
270463668,Doraemon Bóng Chày - Truyền Kì Về Bóng Chày Siêu Cấp - Tập 23,21400.0,5.0,18,https://tiki.vn/doraemon-bong-chay-truyen-ki-ve-bong-chay-sieu-cap-tap-23-p270463668.html?spid=270463671,Tiki,Truyện tranh/Manga,False
269978954,Banana Fish 02,40500.0,4.6,77,https://tiki.vn/banana-fish-02-p269978954.html?spid=269978957,Tiki,Truyện tranh/Manga,False
252044263,Chú Thuật Hồi Chiến Tập 12: Biến Cố Shibuya - Giáng Linh,28500.0,5.0,374,https://tiki.vn/chu-thuat-hoi-chien-tap-12-bien-co-shibuya-giang-linh-p252044263.html?spid=252044266,Tiki,Truyện tranh/Manga,False
246070523,Doraemon Tập 15: Đấng Toàn Năng Nobita (Tái Bản),22000.0,5.0,30,https://tiki.vn/doraemon-tap-15-dang-toan-nang-nobita-tai-ban-2023-p246070523.html?spid=246070524,Tiki,Truyện tranh/Manga,False
225267784,My Hero Academia - Học Viện Siêu Anh Hùng Tập 31: Midoriya Izuku Và Yagi Toshinori,28500.0,5.0,482,https://tiki.vn/my-hero-academia-hoc-vien-sieu-anh-hung-tap-31-midoriya-izuku-va-yagi-toshinori-tang-kem-bookmark-nhan-vat-p225267784.html?spid=225267785,Tiki,Truyện tranh/Manga,False
189573148,Hồ Sơ One Piece - Green Secret Pieces (Tái Bản 2022),54000.0,5.0,29,https://tiki.vn/ho-so-one-piece-green-secret-pieces-tai-ban-2022-p189573148.html?spid=189573155,Tiki,Truyện tranh/Manga,False
189572592,Naruto Tập 32: Hướng Tới Sasuke!! (Tái Bản 2022),28500.0,5.0,31,https://tiki.vn/naruto-tap-32-huong-toi-sasuke-tai-ban-2022-p189572592.html?spid=189572593,Tiki,Truyện tranh/Manga,False
188408329,Combo Người Bà Tài Giỏi Vùng Saga (Tập 1+2+3+4+5+6+7+8)_Tặng Kèm Khóa và Bookmark,420350.0,5.0,170,https://tiki.vn/combo-nguoi-ba-tai-gioi-vung-saga-tap-1-2-3-4-5-6-7-8-_tang-kem-khoa-va-bookmark-p188408329.html?spid=188408330,Tiki,Truyện tranh/Manga,True
165098780,My Hero Academia - Học Viện Siêu Anh Hùng - Tập 25: Shigaraki Tomura: Khởi Đầu,28500.0,5.0,113,https://tiki.vn/my-hero-academia-hoc-vien-sieu-anh-hung-tap-25-shigaraki-tomura-khoi-dau-p165098780.html?spid=165098784,Tiki,Truyện tranh/Manga,False
279332549,Sách - Truyện Tranh Tương Tác - Giải Cứu Thỏ Bảy Màu Trong Xứ Sở Không Màu - Bản Đặc Biệt Fahasa - Tặng Kèm 1 Bìa Áo Ngoài Phiên Bản Sáng + 1 Bookmark 2 Mặt Cán Holo + 3 Sticker Cán Holo,220100.0,5.0,11,https://tiki.vn/sach-truyen-tranh-tuong-tac-giai-cuu-tho-bay-mau-trong-xu-so-khong-mau-ban-dac-biet-fahasa-tang-kem-1-bia-ao-ngoai-phien-ban-sang-1-bookmark-2-mat-can-holo-3-sticker-can-holo-p279332549.html?spid=279332550,Tiki,Truyện tranh/Manga,False
279332537,Sách - Truyện Tranh Tương Tác - Giải Cứu Thỏ Bảy Màu Trong Xứ Sở Không Màu - Tặng Kèm Bookmark 2 Mặt Cán Holo,166300.0,0.0,3,https://tiki.vn/sach-truyen-tranh-tuong-tac-giai-cuu-tho-bay-mau-trong-xu-so-khong-mau-tang-kem-bookmark-2-mat-can-holo-p279332537.html?spid=279332538,Tiki,Truyện tranh/Manga,False
279321746,Sách - Nisekoi - Cặp Đôi Giả Tạo - Tập 14 - Chị Gái,39200.0,0.0,8,https://tiki.vn/sach-nisekoi-cap-doi-gia-tao-tap-14-chi-gai-p279321746.html?spid=279321747,Tiki,Truyện tranh/Manga,False
279269368,Sách - Combo Manga - Cuốn Từ Điển Kì Bí: Tập 1 - 3 (Bộ 3 Tập) - Tặng Kèm Bảng Sticker,73500.0,0.0,8,https://tiki.vn/sach-combo-manga-cuon-tu-dien-ki-bi-tap-1-3-bo-3-tap-tang-kem-bang-sticker-p279269368.html?spid=279269369,Tiki,Truyện tranh/Manga,False
279269256,Sách - Cardcaptor Sakura - Thẻ Bài Pha Lê - Tập 9 (Tái Bản 2026),34300.0,0.0,4,https://tiki.vn/sach-cardcaptor-sakura-the-bai-pha-le-tap-9-tai-ban-2026-p279269256.html?spid=279269257,Tiki,Truyện tranh/Manga,False
279260037,Sách - Dấu Ấn Hoàng Gia - Tập 43,29400.0,0.0,10,https://tiki.vn/sach-dau-an-hoang-gia-tap-43-p279260037.html?spid=279260038,Tiki,Truyện tranh/Manga,False
279078938,Sách - Nisekoi - Cặp Đôi Giả Tạo - Tập 8 - Suýt Soát,39200.0,5.0,14,https://tiki.vn/sach-nisekoi-cap-doi-gia-tao-tap-8-suyt-soat-p279078938.html?spid=279078939,Tiki,Truyện tranh/Manga,False
278906622,"Sách - ""Cậu"" Ma Nhà Xí Hanako - Tập 19 (Tái Bản 2025)",34300.0,0.0,5,https://tiki.vn/sach-cau-ma-nha-xi-hanako-tap-19-tai-ban-2025-p278906622.html?spid=278906623,Tiki,Truyện tranh/Manga,False
278898435,Sách Cherry Magic - Tập 15,97900.0,5.0,77,https://tiki.vn/sach-cherry-magic-tap-15-p278898435.html?spid=278898554,Tiki,Truyện tranh/Manga,False
278883290,Sách - Thánh Địa Khủng Long - Tập 6 - Tặng Kèm Dinosaur Card,53900.0,0.0,6,https://tiki.vn/sach-thanh-dia-khung-long-tap-6-tang-kem-dinosaur-card-p278883290.html?spid=278883291,Tiki,Truyện tranh/Manga,False
278824742,Sách 13 Giờ Sáng - Khung Giờ Vô Thực Cho Những Câu Chuyện Bất Thường,70400.0,0.0,17,https://tiki.vn/sach-13-gio-sang-khung-gio-vo-thuc-cho-nhung-cau-chuyen-bat-thuong-p278824742.html?spid=278824744,Tiki,Truyện tranh/Manga,False
278795869,Truyện Ác nữ nửa vời - Truyền Kì Hoán Hồn Đổi Xác (Chang Book),115000.0,5.0,0,https://tiki.vn/truyen-ac-nu-nua-voi-truyen-ki-hoan-hon-doi-xac-chang-book-p278795869.html?spid=279145180,Tiki,Truyện tranh/Manga,False
278793004,Sách - One Piece - Tập 6 - Lời Thề - Bản Bìa Áo (Tái Bản 2025),30000.0,5.0,4,https://tiki.vn/sach-one-piece-tap-6-loi-the-ban-bia-ao-tai-ban-2025-p278793004.html?spid=278793005,Tiki,Truyện tranh/Manga,False
278719055,Sách - Dragon Ball Full Color - Phần Năm - Truy Lùng Cell Bọ Hung - Tập 5 (Tái Bản 2025),78400.0,5.0,7,https://tiki.vn/sach-dragon-ball-full-color-phan-nam-truy-lung-cell-bo-hung-tap-5-tai-ban-2025-p278719055.html?spid=278719057,Tiki,Truyện tranh/Manga,False
278596733,Sách - Solo Leveling - Tôi Thăng Cấp Một Mình - Tập 22 - Tặng Kèm Obi + 2 PVC Card,86200.0,0.0,10,https://tiki.vn/sach-solo-leveling-toi-thang-cap-mot-minh-tap-22-tang-kem-obi-2-pvc-card-p278596733.html?spid=278596734,Tiki,Truyện tranh/Manga,False
278485855,"Nhất Quỷ Nhì Ma, Thứ Ba Takagi – Tập 20 [Tặng Kèm Postcard]",28400.0,5.0,7,https://tiki.vn/nhat-quy-nhi-ma-thu-ba-takagi-tap-20-tang-kem-postcard-p278485855.html?spid=278485862,Tiki,Truyện tranh/Manga,False
278148727,Sách - Sobotei - Dinh Thự Ma Ám - Tập 1,44100.0,5.0,13,https://tiki.vn/sach-sobotei-dinh-thu-ma-am-tap-1-p278148727.html?spid=278148730,Tiki,Truyện tranh/Manga,False
278103447,Sách - One-Punch Man - Tập 27 - Tatsumaki Toàn Phần Công Lực (Tái Bản 2025),30000.0,0.0,12,https://tiki.vn/sach-one-punch-man-tap-27-tatsumaki-toan-phan-cong-luc-tai-ban-2025-p278103447.html?spid=278103448,Tiki,Truyện tranh/Manga,False
277762147,Tác Phẩm Đoạt Giải Cuộc Thi Sáng Tác Truyện Tranh – Bài Văn Về Trứng Vịt Lộn - Ma mère vend des baluts (Song Ngữ Việt – Pháp) [Tặng Postcard],47500.0,5.0,22,https://tiki.vn/tac-pham-doat-giai-cuoc-thi-sang-tac-truyen-tranh-bai-van-ve-trung-vit-lon-ma-mere-vend-des-baluts-song-ngu-viet-phap-tang-postcard-p277762147.html?spid=277762149,Tiki,Truyện tranh/Manga,False
277267317,Combo Cecilia & Lawrence – Tập 11 + 12 [Tặng 01 Bookmark PVC],76000.0,4.0,24,https://tiki.vn/combo-cecilia-lawrence-tap-11-12-tang-01-bookmark-pvc-p277267317.html?spid=277267322,Tiki,Truyện tranh/Manga,False
276674142,Thám Tử Lừng Danh Conan - Tập 104,25000.0,5.0,64,https://tiki.vn/tham-tu-lung-danh-conan-tap-104-p276674142.html?spid=276674143,Tiki,Truyện tranh/Manga,False
276602300,Truyện tranh Hắc Quản Gia full 34 tập (Chang Book),68000.0,0.0,10,https://tiki.vn/truyen-tranh-hac-quan-gia-chang-book-p276602300.html?spid=277583220,Tiki,Truyện tranh/Manga,False
276380204,One Piece Tập 104 (Bản Bìa Áo): “Kozuki Momonosuke - Tướng Quân Của Wano Quốc”,29400.0,5.0,117,https://tiki.vn/one-piece-tap-104-ban-bia-ao-kozuki-momonosuke-tuong-quan-cua-wano-quoc-p276380204.html?spid=276380207,Tiki,Truyện tranh/Manga,False
275813963,Theo Dấu Mây Ngàn Tập 2 [Tặng Kèm Obi + Postcard + Phong Thư + Giấy Viết Thư],53000.0,5.0,61,https://tiki.vn/theo-dau-may-ngan-tap-2-tang-kem-obi-postcard-phong-thu-giay-viet-thu-p275813963.html?spid=275813964,Tiki,Truyện tranh/Manga,False
275384926,Alice In Borderland - Tập 12,35000.0,0.0,8,https://tiki.vn/alice-in-borderland-tap-12-p275384926.html?spid=275384927,Tiki,Truyện tranh/Manga,False
275075618,One Piece Tập 102 (Bản Bìa Áo): “Bước Ngoặt Quan Trọng”,29400.0,5.0,132,https://tiki.vn/one-piece-tap-102-ban-bia-ao-buoc-ngoat-quan-trong-p275075618.html?spid=275075620,Tiki,Truyện tranh/Manga,False
273322891,Thám Tử Lừng Danh Conan - Tập 78,23750.0,5.0,19,https://tiki.vn/tham-tu-lung-danh-conan-tap-78-p273322891.html?spid=273322894,Tiki,Truyện tranh/Manga,False
273252575,Boxset Nicola Dạo Chơi Xứ Quỷ (4 Tập) [Tặng Kèm 2 Thẻ Nhân Vật],171000.0,5.0,50,https://tiki.vn/boxset-nicola-dao-choi-xu-quy-4-tap-tang-kem-2-the-nhan-vat-p273252575.html?spid=273252577,Tiki,Truyện tranh/Manga,False
273094650,Bluelock Tập 18,33250.0,5.0,98,https://tiki.vn/bluelock-tap-18-p273094650.html?spid=273094651,Tiki,Truyện tranh/Manga,False
270791089,Thám Tử Lừng Danh Conan Tập 53,23750.0,4.8,24,https://tiki.vn/tham-tu-lung-danh-conan-tap-53-p270791089.html?spid=270791092,Tiki,Truyện tranh/Manga,False
262304228,Thám Tử Lừng Danh Conan - Tập 20,24400.0,5.0,46,https://tiki.vn/tham-tu-lung-danh-conan-tap-20-p262304228.html?spid=262304231,Tiki,Truyện tranh/Manga,False
262303846,Thám Tử Lừng Danh Conan Tập 4,23750.0,4.8,91,https://tiki.vn/tham-tu-lung-danh-conan-tap-4-p262303846.html?spid=262303849,Tiki,Truyện tranh/Manga,False
253366283,Doraemon - Chú Mèo Máy Đến Từ Tương Lai Tập 19 (Tái Bản),21340.0,5.0,34,https://tiki.vn/doraemon-chu-meo-may-den-tu-tuong-lai-tap-19-tai-ban-2023-p253366283.html?spid=253366284,Tiki,Truyện tranh/Manga,False
251255486,Doraemon - Chú Mèo Máy Đến Từ Tương Lai Tập 16 (Tái Bản),23750.0,5.0,35,https://tiki.vn/doraemon-chu-meo-may-den-tu-tuong-lai-tap-16-tai-ban-2023-p251255486.html?spid=251255491,Tiki,Truyện tranh/Manga,False
249026036,Thám Tử Lừng Danh Conan - Tập 99 (Tái Bản),23750.0,5.0,217,https://tiki.vn/tham-tu-lung-danh-conan-tap-99-tai-ban-2023-p249026036.html?spid=249026037,Tiki,Truyện tranh/Manga,False
246080073,Doraemon Tập 14: Nobita Và Ba Chàng Hiệp Sĩ Mộng Mơ (Tái Bản),23750.0,5.0,51,https://tiki.vn/doraemon-tap-14-nobita-va-ba-chang-hiep-si-mong-mo-tai-ban-2023-p246080073.html?spid=246080075,Tiki,Truyện tranh/Manga,False
204053390,Đội Quân Doraemon Tập 2 [Tái Bản 2022],21120.0,5.0,42,https://tiki.vn/doi-quan-doraemon-tap-2-tai-ban-2022-p204053390.html?spid=204053391,Tiki,Truyện tranh/Manga,False
50215275,Nhóc Miko! Cô Bé Nhí Nhảnh - Tập 20 (Tái Bản 2020),22000.0,4.8,498,https://tiki.vn/nhoc-miko-co-be-nhi-nhanh-tap-20-tai-ban-2020-p50215275.html?spid=53867087,Tiki,Truyện tranh/Manga,False
49883392,Combo Thám Tử Lừng Danh Conan Tập 01 - 10 (Bộ 10 cuốn),240000.0,5.0,955,https://tiki.vn/combo-tham-tu-lung-danh-conan-tap-01-10-bo-10-cuon-p49883392.html?spid=58806025,Tiki,Truyện tranh/Manga,False
383391,Thần Đồng Đất Việt 28 - Bí Mật Bong Bóng,10000.0,4.8,653,https://tiki.vn/than-dong-dat-viet-28-bi-mat-bong-bong-p383391.html?spid=21296039,Tiki,Truyện tranh/Manga,False
279273981,Sách - Sobotei - Dinh Thự Ma Ám - Tập 18,44100.0,5.0,7,https://tiki.vn/sach-sobotei-dinh-thu-ma-am-tap-18-p279273981.html?spid=279273983,Tiki,Truyện tranh/Manga,False
278947484,Truyện tranh - One-Punch Man - Tập 33 - Ngang Ngửa,30000.0,0.0,20,https://tiki.vn/sach-one-punch-man-tap-33-ngang-ngua-p278947484.html?spid=278947485,Tiki,Truyện tranh/Manga,False
278907191,Sách - Bạch Tuyết Tóc Đỏ - Tập 19 - Tặng Kèm Card PVC,30000.0,0.0,3,https://tiki.vn/sach-bach-tuyet-toc-do-tap-19-tang-kem-card-pvc-p278907191.html?spid=278907192,Tiki,Truyện tranh/Manga,False
278895000,Truyện tranh - Combo 5 Cuốn Siêu quậy Teppei - Kim Đồng,160000.0,0.0,10,https://tiki.vn/truyen-tranh-combo-5-cuon-sieu-quay-teppei-kim-dong-p278895000.html?spid=278895008,Tiki,Truyện tranh/Manga,False
278830721,Sách - Dragon Ball - 7 Viên Ngọc Rồng - Tập 40 - Vũ Khí Cuối Cùng Của Trái Đất (Tái Bản 2025),30000.0,0.0,2,https://tiki.vn/sach-dragon-ball-7-vien-ngoc-rong-tap-40-vu-khi-cuoi-cung-cua-trai-dat-tai-ban-2025-p278830721.html?spid=278830722,Tiki,Truyện tranh/Manga,False
278807768,Sách - Dragon Ball - 7 Viên Ngọc Rồng - Tập 8 - Đột Kích Đại Bản Doanh Red Ribbon (Tái Bản 2025),30000.0,5.0,4,https://tiki.vn/sach-dragon-ball-7-vien-ngoc-rong-tap-8-dot-kich-dai-ban-doanh-red-ribbon-tai-ban-2025-p278807768.html?spid=278807769,Tiki,Truyện tranh/Manga,False
278711921,Sách - Nhà Có 5 Nàng Dâu - Tập 9 (Tái Bản 2025),30000.0,5.0,3,https://tiki.vn/sach-nha-co-5-nang-dau-tap-9-tai-ban-2025-p278711921.html?spid=278711922,Tiki,Truyện tranh/Manga,False
278711873,Sách - Nhà Có 5 Nàng Dâu - Tập 14 (Tái Bản 2025),30000.0,5.0,5,https://tiki.vn/sach-nha-co-5-nang-dau-tap-14-tai-ban-2025-p278711873.html?spid=278711874,Tiki,Truyện tranh/Manga,False
277135750,Bánh Ngọt Nhỏ Ngốc Nghếch (Tập 1),127200.0,5.0,37,https://tiki.vn/banh-ngot-nho-ngoc-nghech-tap-1-p277135750.html?spid=277136078,Tiki,Truyện tranh/Manga,False
276755557,Arya Bàn Bên Thỉnh Thoảng Lại Trêu Ghẹo Tôi Bằng Tiếng Nga – Tập 6 (Bản Phổ Thông) [Tặng Bookmark Bế Hình + Bìa Áo Bonus],72800.0,5.0,32,https://tiki.vn/arya-ban-ben-thinh-thoang-lai-treu-gheo-toi-bang-tieng-nga-tap-6-ban-pho-thong-tang-bookmark-be-hinh-bia-ao-bonus-p276755557.html?spid=276755559,Tiki,Truyện tranh/Manga,False
276672420,Dấu Ấn Hoàng Gia - Tập 12,30000.0,5.0,72,https://tiki.vn/dau-an-hoang-gia-tap-12-p276672420.html?spid=276672421,Tiki,Truyện tranh/Manga,False
276344117,Rồng Không Trung Tập 11 [Tặng Kèm Postcard],38000.0,0.0,22,https://tiki.vn/rong-khong-trung-tap-11-tang-kem-postcard-p276344117.html?spid=276344119,Tiki,Truyện tranh/Manga,False
276152115,Cún Bự Nơi Phòng Nhỏ – Tập 1 [Tặng Standee Ivory],38400.0,5.0,17,https://tiki.vn/cun-bu-noi-phong-nho-tap-1-tang-standee-ivory-p276152115.html?spid=276152117,Tiki,Truyện tranh/Manga,False
275721886,Itto - Cơn Lốc Sân Cỏ - Tập 9 - Cuộc Giằng Co Máu Lửa! (Tái Bản 2024),25000.0,5.0,19,https://tiki.vn/itto-con-loc-san-co-tap-9-cuoc-giang-co-mau-lua-tai-ban-2024-p275721886.html?spid=275721887,Tiki,Truyện tranh/Manga,False
274948798,Nhóc Maruko Tập 8,38400.0,5.0,141,https://tiki.vn/nhoc-maruko-tap-8-tang-kem-set-postcard-polaroid-p274948798.html?spid=274948801,Tiki,Truyện tranh/Manga,False
274813719,Nhóc Miko! Cô Bé Nhí Nhảnh - Tập 29,24000.0,5.0,36,https://tiki.vn/nhoc-miko-co-be-nhi-nhanh-tap-29-p274813719.html?spid=274813722,Tiki,Truyện tranh/Manga,False
274813058,Nhóc Miko! Cô Bé Nhí Nhảnh - Tập 23,23000.0,5.0,27,https://tiki.vn/nhoc-miko-co-be-nhi-nhanh-tap-23-p274813058.html?spid=274813061,Tiki,Truyện tranh/Manga,False
274454084,Thám Tử Lừng Danh Conan - Hanzawa Chàng Hung Thủ Số Nhọ Tập 5,23750.0,5.0,11,https://tiki.vn/tham-tu-lung-danh-conan-hanzawa-chang-hung-thu-so-nho-tap-5-tang-kem-bang-sticker-p274454084.html?spid=274454085,Tiki,Truyện tranh/Manga,False
273983788,Người nói đạo lý thường sống khá giả,130130.0,4.8,82,https://tiki.vn/nguoi-noi-dao-ly-thuong-song-kha-gia-p273983788.html?spid=273983790,Tiki,Truyện tranh/Manga,False
272059213,Banana Fish 07,43000.0,5.0,70,https://tiki.vn/banana-fish-07-p272059213.html?spid=272059214,Tiki,Truyện tranh/Manga,False
271535866,Shin - Cậu Bé Bút Chì Tập 5,23750.0,4.8,55,https://tiki.vn/shin-cau-be-but-chi-tap-5-p271535866.html?spid=271535869,Tiki,Truyện tranh/Manga,False
271315791,Thám Tử Lừng Danh Conan Tập 35,23750.0,5.0,16,https://tiki.vn/tham-tu-lung-danh-conan-tap-35-p271315791.html?spid=271315794,Tiki,Truyện tranh/Manga,False
270438222,Chú Thuật Hồi Chiến Tập 15: Biến Cố Shibuya -Biến Thân,28500.0,5.0,505,https://tiki.vn/chu-thuat-hoi-chien-tap-15-bien-co-shibuya-bien-than-p270438222.html?spid=270438224,Tiki,Truyện tranh/Manga,False
269957405,Dược Sư Tự Sự - Tập 8 [Tặng Standee Ivory],45120.0,5.0,49,https://tiki.vn/duoc-su-tu-su-tap-8-tang-standee-ivory-p269957405.html?spid=269957406,Tiki,Truyện tranh/Manga,False
262362956,Thám Tử Lừng Danh Conan Tập 39,23750.0,4.8,43,https://tiki.vn/tham-tu-lung-danh-conan-tap-39-p262362956.html?spid=262362959,Tiki,Truyện tranh/Manga,False
262304813,Thám Tử Lừng Danh Conan - Tập 23,23750.0,5.0,32,https://tiki.vn/tham-tu-lung-danh-conan-tap-23-p262304813.html?spid=262304816,Tiki,Truyện tranh/Manga,False
253391266,BlueLock - Tập 6,34300.0,5.0,39,https://tiki.vn/bluelock-tap-6-tang-kem-card-pvc-p253391266.html?spid=253391267,Tiki,Truyện tranh/Manga,False
243023713,Doraemon - Chú Mèo Máy Đến Từ Tương Lai Tập 36 [Tái Bản 2023],21600.0,0.0,17,https://tiki.vn/doraemon-chu-meo-may-den-tu-tuong-lai-tap-36-tai-ban-2023-p243023713.html?spid=243023714,Tiki,Truyện tranh/Manga,False
222418220,BlueLock Tập 1,33250.0,4.7,214,https://tiki.vn/bluelock-tap-1-tang-kem-obi-standee-ivory-va-card-pvc-p222418220.html?spid=222418223,Tiki,Truyện tranh/Manga,False
207852953,Blue Period - Tập 07,46000.0,5.0,699,https://tiki.vn/blue-period-tap-07-p207852953.html?spid=207852954,Tiki,Truyện tranh/Manga,False
194960244,Fullmetal Alchemist - Cang Giả Kim Thuật Sư - Fullmetal Edition - Tập 16,71250.0,5.0,577,https://tiki.vn/fullmetal-alchemist-cang-gia-kim-thuat-su-fullmetal-edition-tap-16-p194960244.html?spid=194960247,Tiki,Truyện tranh/Manga,False
186495802,One Piece - Tập 82: Thế Giới Xao Động (Tái Bản 2022),25000.0,5.0,24,https://tiki.vn/one-piece-tap-82-the-gioi-xao-dong-tai-ban-2022-p186495802.html?spid=186495803,Tiki,Truyện tranh/Manga,False
175967753,Komi - Nữ Thần Sợ Giao Tiếp Tập 9,28500.0,4.8,729,https://tiki.vn/komi-nu-than-so-giao-tiep-tap-9-p175967753.html?spid=175967755,Tiki,Truyện tranh/Manga,False
165030720,Miko! Tất Tần Tật - Best Selection,24000.0,5.0,626,https://tiki.vn/miko-tat-tan-tat-best-selection-p165030720.html?spid=165030723,Tiki,Truyện tranh/Manga,False
139567591,Dr.Slump Deluxe Edition - Tập 8,57600.0,5.0,701,https://tiki.vn/dr-slump-deluxe-edition-tap-8-p139567591.html?spid=139567592,Tiki,Truyện tranh/Manga,False
87391037,Dr.SLUMP Deluxe Edition - Tập 6,57600.0,5.0,717,https://tiki.vn/dr-slump-deluxe-edition-tap-6-p87391037.html?spid=87391038,Tiki,Truyện tranh/Manga,False
13637681,Thám Tử Lừng Danh Conan - Tập 79 (Tái Bản 2019),23750.0,5.0,683,https://tiki.vn/tham-tu-lung-danh-conan-tap-79-tai-ban-2019-p13637681.html?spid=13637682,Tiki,Truyện tranh/Manga,False
10863104,Thám Tử Lừng Danh Conan Tập 80,23750.0,5.0,865,https://tiki.vn/tham-tu-lung-danh-conan-tap-80-p10863104.html?spid=10863105,Tiki,Truyện tranh/Manga,False
2388227,Doraemon Đố Vui (Tập 1) - Doraemon Xuất Hiện,33950.0,5.0,210,https://tiki.vn/doraemon-do-vui-tap-1-doraemon-xuat-hien-p2388227.html?spid=2388229,Tiki,Truyện tranh/Manga,False
378992,Thần Đồng Đất Việt 159 - Đại Quan Thiếu Gạo,9900.0,5.0,145,https://tiki.vn/than-dong-dat-viet-159-dai-quan-thieu-gao-p378992.html?spid=20427048,Tiki,Truyện tranh/Manga,False
279082152,Sách Dốc Hết Trái Tim - Cách Starbucks Xây Dựng Công Ty Bằng Từng Tách Cà Phê,145000.0,4.8,12,https://tiki.vn/sach-doc-het-trai-tim-cach-starbucks-xay-dung-cong-ty-bang-tung-tach-ca-phe-tai-ban-2018-p279082152.html?spid=279082155,Tiki,Mỹ phẩm,False
277400773,"Sách Bá chủ AI - Trí tuệ nhân tạo ChatGPT, và cuộc chạy đua thay đổi thế giới",207130.0,4.5,168,https://tiki.vn/sach-ba-chu-ai-tri-tue-nhan-tao-chatgpt-va-cuoc-chay-dua-thay-doi-the-gioi-p277400773.html?spid=277400774,Tiki,Mỹ phẩm,False
277361862,Sách Kỹ thuật đặt câu lệnh cho ChatGPT,117100.0,4.8,652,https://tiki.vn/sach-ky-thuat-dat-cau-lenh-cho-chatgpt-p277361862.html?spid=277361864,Tiki,Mỹ phẩm,False
276642618,Sách Tuần Làm Việc 4 Giờ (Tái Bản),100400.0,4.8,297,https://tiki.vn/sach-tuan-lam-viec-4-gio-tai-ban-p276642618.html?spid=276642621,Tiki,Mỹ phẩm,False
275875006,Sách Tăng Tốc Bán Hàng Bằng SPIN,107400.0,4.5,183,https://tiki.vn/sach-tang-toc-ban-hang-bang-spin-p275875006.html?spid=275875009,Tiki,Mỹ phẩm,False
275702538,Sách Chat GPT Thực Chiến,110600.0,4.7,3540,https://tiki.vn/sach-chat-gpt-thuc-chien-p275702538.html?spid=275702540,Tiki,Mỹ phẩm,False
274807860,Combo 2 Cuốn Building A Second Brain - Thiết Lập Bộ Não Thứ 2 & The PARA Method - Phương Pháp Tổ Chức Thông Tin Trong Công Việc,169000.0,4.6,250,https://tiki.vn/combo-2-cuon-building-a-second-brain-thiet-lap-bo-nao-thu-2-the-para-method-phuong-phap-to-chuc-thong-tin-trong-cong-viec-p274807860.html?spid=274807861,Tiki,Mỹ phẩm,False
273316208,Sách Nguyên Lý 80/20 - Bí Quyết Làm Ít Được Nhiều (Tái Bản,111000.0,4.7,658,https://tiki.vn/sach-nguyen-ly-80-20-bi-quyet-lam-it-duoc-nhieu-p273316208.html?spid=273316211,Tiki,Mỹ phẩm,False
273273784,Sách Những Nguyên Tắc Để Giàu Có,115200.0,4.5,36,https://tiki.vn/sach-nhung-nguyen-tac-de-giau-co-p273273784.html?spid=273273787,Tiki,Mỹ phẩm,False
273114486,Sách Quản Lý Công Việc Hiệu Quả Theo Phương Pháp Horenso,63300.0,5.0,56,https://tiki.vn/sach-quan-ly-cong-viec-hieu-qua-theo-phuong-phap-horenso-p273114486.html?spid=273114487,Tiki,Mỹ phẩm,False
272349551,Sách Cú hích - Phiên bản cuối cùng (Tái bản),152460.0,5.0,317,https://tiki.vn/sach-cu-hich-phien-ban-cuoi-cung-tai-ban-p272349551.html?spid=272349554,Tiki,Mỹ phẩm,False
270850449,Sách Mọi Chuyện Đều Là Sự An Bài Tốt Nhất,90300.0,5.0,213,https://tiki.vn/sach-moi-chuyen-deu-la-su-an-bai-tot-nhat-p270850449.html?spid=270850450,Tiki,Mỹ phẩm,False
205010302,Sách Đọc vị bất kỳ ai - Để không bị lợi dụng (Tái bản),78700.0,5.0,2275,https://tiki.vn/sach-doc-vi-bat-ky-ai-de-khong-bi-loi-dung-tai-ban-p205010302.html?spid=205010303,Tiki,Mỹ phẩm,False
164921979,Sách Câu Hỏi Là Câu Trả Lời (Tái Bản),43400.0,5.0,922,https://tiki.vn/sach-cau-hoi-la-cau-tra-loi-tai-ban-p164921979.html?spid=164921981,Tiki,Mỹ phẩm,False
153045603,Sách Người Giỏi Không Phải Là Người Làm Tất Cả (Tái Bản 2021),44660.0,5.0,4029,https://tiki.vn/sach-nguoi-gioi-khong-phai-la-nguoi-lam-tat-ca-tai-ban-2021-p153045603.html?spid=153045604,Tiki,Mỹ phẩm,False
150838230,Sách Everybody Writes - Ai Rồi Cũng Viết (Cuốn Cẩm Nang Giúp Bạn Viết Content “Chất Như Nước Cất”),123500.0,5.0,1031,https://tiki.vn/sach-everybody-writes-ai-roi-cung-viet-cuon-cam-nang-giup-ban-viet-content-chat-nhu-nuoc-cat-p150838230.html?spid=150838231,Tiki,Mỹ phẩm,False
78975610,Sách Siêu Tập Trung (Tái Bản),107800.0,4.8,2014,https://tiki.vn/sach-sieu-tap-trung-tai-ban-p78975610.html?spid=78975611,Tiki,Mỹ phẩm,False
77109209,Sách Nghệ Thuật Đánh Cắp Ý Tưởng (10 Bí Mật Không Ai Nói Với Bạn Về Sáng Tạo),67300.0,4.8,3713,https://tiki.vn/sach-nghe-thuat-danh-cap-y-tuong-10-bi-mat-khong-ai-noi-voi-ban-ve-sang-tao-p77109209.html?spid=77109210,Tiki,Mỹ phẩm,False
53728878,Sách Tối Đa Hóa Hiệu Suất Công Việc – Việc 12 Tháng Làm Trong 12 Tuần,123000.0,4.7,1808,https://tiki.vn/sach-toi-da-hoa-hieu-suat-cong-viec-viec-12-thang-lam-trong-12-tuan-p53728878.html?spid=54056505,Tiki,Mỹ phẩm,False
42742283,Sách Sử Dụng Trí Nhớ Của Bạn - Use Your Memory (Tái Bản),175000.0,5.0,309,https://tiki.vn/sach-su-dung-tri-nho-cua-ban-use-your-memory-tai-ban-p42742283.html?spid=42742284,Tiki,Mỹ phẩm,False
41092629,Cuốn Sách Tư Duy - Kỹ Năng Kinh Doanh Cực Hay: Binh Pháp Tôn Tử Trong Kinh Doanh / Tặng Kèm Bookmark Happy Life,107500.0,4.6,146,https://tiki.vn/cuon-sach-tu-duy-ky-nang-kinh-doanh-cuc-hay-binh-phap-ton-tu-trong-kinh-doanh-tang-kem-bookmark-happy-life-p41092629.html?spid=41092630,Tiki,Mỹ phẩm,False
14684312,Sách Dấn Thân (Tái Bản),88000.0,5.0,8821,https://tiki.vn/sach-dan-than-tai-ban-p14684312.html?spid=14684313,Tiki,Mỹ phẩm,False
12138656,Sách Nghệ Thuật Tư Duy Chiến Lược,162400.0,4.8,4024,https://tiki.vn/sach-nghe-thuat-tu-duy-chien-luoc-p12138656.html?spid=12138657,Tiki,Mỹ phẩm,False
10227722,Sách 45 Giây Tạo Nên Thay Đổi - Thấu Hiểu Tiếp Thị Mạng Lưới,64000.0,4.8,12234,https://tiki.vn/sach-45-giay-tao-nen-thay-doi-thau-hieu-tiep-thi-mang-luoi-p10227722.html?spid=10227723,Tiki,Mỹ phẩm,False
7958959,Sách 5 Điểm Chết Trong Teamwork,87780.0,4.8,2946,https://tiki.vn/sach-5-diem-chet-trong-teamwork-p7958959.html?spid=7958960,Tiki,Mỹ phẩm,False
6512113,Sách Người Dám Cho Đi - Bán Được Nhiều Hơn,106000.0,4.8,2244,https://tiki.vn/sach-nguoi-dam-cho-di-ban-duoc-nhieu-hon-p6512113.html?spid=6512115,Tiki,Mỹ phẩm,False
2473637,Sách Thịnh Vượng Tài Chính Tuổi 30 - Tập 2 (Tái Bản),70000.0,4.5,52,https://tiki.vn/sach-thinh-vuong-tai-chinh-tuoi-30-tap-2-tai-ban-p2473637.html?spid=2476719,Tiki,Mỹ phẩm,False
2316589,Sách Siêu Dự Báo,148800.0,4.3,1099,https://tiki.vn/sach-sieu-du-bao-p2316589.html?spid=2337713,Tiki,Mỹ phẩm,False
1938895,Sách Nghệ Thuật PR Bản Thân (Tái Bản 2018),69000.0,4.7,4724,https://tiki.vn/sach-nghe-thuat-pr-ban-than-tai-ban-2018-p1938895.html?spid=1939041,Tiki,Mỹ phẩm,False
1750249,Sách Phân Tích Chứng Khoán,324200.0,4.7,10478,https://tiki.vn/sach-phan-tich-chung-khoan-p1750249.html?spid=1750251,Tiki,Mỹ phẩm,True
1085104,Sách Nghệ Thuật Đàm Phán Đỉnh Cao,101200.0,4.5,898,https://tiki.vn/sach-nghe-thuat-dam-phan-dinh-cao-p1085104.html?spid=1085218,Tiki,Mỹ phẩm,False
1000276,Sách Phát Triển Kỹ Năng Lãnh Đạo (Tái Bản),121700.0,4.8,2417,https://tiki.vn/sach-phat-trien-ky-nang-lanh-dao-tai-ban-p1000276.html?spid=1000374,Tiki,Mỹ phẩm,False
279288070,Range - Sức Mạnh Của Tư Duy Đa Lĩnh Vực - David Epstein,138100.0,5.0,29,https://tiki.vn/range-suc-manh-cua-tu-duy-da-linh-vuc-david-epstein-p279288070.html?spid=279291235,Tiki,Mỹ phẩm,False
278631534,Tư Duy Có Tổ Chức - Phương Pháp Hiệu Quả Trong Điều Hướng Dòng Chảy Thông Tin - Alpha Books,187100.0,4.8,57,https://tiki.vn/tu-duy-co-to-chuc-phuong-phap-hieu-qua-trong-dieu-huong-dong-chay-thong-tin-alpha-books-p278631534.html?spid=278791935,Tiki,Mỹ phẩm,False
278462795,Sách Năng suất nhanh và chậm,127600.0,4.5,101,https://tiki.vn/sach-nang-suat-nhanh-va-cham-p278462795.html?spid=278462796,Tiki,Mỹ phẩm,False
278098972,"Sách Nỗ Lực Từng Chút, Ngòi Bút Nở Hoa",117660.0,4.7,93,https://tiki.vn/sach-no-luc-tung-chut-ngoi-but-no-hoa-p278098972.html?spid=278098973,Tiki,Mỹ phẩm,False
278035268,Sách Ứng Dụng AI Trong Công Việc,156400.0,4.5,187,https://tiki.vn/sach-ung-dung-ai-trong-cong-viec-p278035268.html?spid=278035271,Tiki,Mỹ phẩm,False
277313227,Sách Tứ Thư Lãnh Đạo - Thuật Xử Thế,158200.0,4.7,19,https://tiki.vn/sach-tu-thu-lanh-dao-thuat-xu-the-p277313227.html?spid=277313230,Tiki,Mỹ phẩm,False
276509008,Sách Ra Quyết Định Dựa Trên Phân Tích Dữ Liệu,92300.0,4.6,214,https://tiki.vn/sach-ra-quyet-dinh-dua-tren-phan-tich-du-lieu-p276509008.html?spid=276509009,Tiki,Mỹ phẩm,False
275909699,Sách Bắt Đầu Với Câu Hỏi Tại Sao - Nghệ Thuật Truyền Cảm Hứng Trong Kinh Doanh,95900.0,4.8,562,https://tiki.vn/sach-bat-dau-voi-cau-hoi-tai-sao-nghe-thuat-truyen-cam-hung-trong-kinh-doanh-p275909699.html?spid=275909706,Tiki,Mỹ phẩm,False
274875194,Trò Chơi Quyền Lực Tại Nơi Làm Việc - Vanlangbooks,68600.0,5.0,7,https://tiki.vn/tro-choi-quyen-luc-tai-noi-lam-viec-vanlangbooks-p274875194.html?spid=274875201,Tiki,Mỹ phẩm,False
274807858,Sách Brain On! Rèn Luyện Tâm Trí Trong Công Việc,76000.0,5.0,24,https://tiki.vn/sach-brain-on-ren-luyen-tam-tri-trong-cong-viec-p274807858.html?spid=274807859,Tiki,Mỹ phẩm,False
274733053,Tham Vọng Vĩ Đại - 6 Nguyên Tắc Điều Hướng Tham Vọng Để Có Một Cuộc Sống Tốt Đẹp Hơn,121660.0,5.0,177,https://tiki.vn/tham-vong-vi-dai-6-nguyen-tac-dieu-huong-tham-vong-de-co-mot-cuoc-song-tot-dep-hon-p274733053.html?spid=274733054,Tiki,Mỹ phẩm,False
274630374,"Không Đọc Sách Này, Chụp Xấu Đừng Buồn",97000.0,4.8,76,https://tiki.vn/khong-doc-sach-nay-chup-xau-dung-buon-p274630374.html?spid=278323387,Tiki,Mỹ phẩm,False
273273816,Sách Những Quy Tắc Trong Công Việc,115200.0,4.5,83,https://tiki.vn/sach-nhung-quy-tac-trong-cong-viec-p273273816.html?spid=273273819,Tiki,Mỹ phẩm,False
272000446,"Sách Dọn Dẹp Công Việc, Gọn Gàng Tâm Trí",93800.0,4.0,85,https://tiki.vn/sach-don-dep-cong-viec-gon-gang-tam-tri-p272000446.html?spid=272000447,Tiki,Mỹ phẩm,False
272000442,Sách Thiên Đường Và Địa Ngục,78700.0,4.8,150,https://tiki.vn/sach-thien-duong-va-dia-nguc-p272000442.html?spid=272000443,Tiki,Mỹ phẩm,False
263066292,Chat GPT - Ứng Dụng Trí Tuệ Nhân Tạo Trong Công Việc,126750.0,4.1,538,https://tiki.vn/chat-gpt-ung-dung-tri-tue-nhan-tao-trong-cong-viec-p263066292.html?spid=263066293,Tiki,Mỹ phẩm,False
245787181,Sách Đam mê tìm kiếm khách hàng tiềm năng: Mở ra đối thoại và giành được thương vụ,121000.0,4.5,155,https://tiki.vn/sach-dam-me-tim-kiem-khach-hang-tiem-nang-mo-ra-doi-thoai-va-gianh-duoc-thuong-vu-p245787181.html?spid=245787182,Tiki,Mỹ phẩm,False
241899630,Sách Những Quy Tắc Trong Quản Lý,100000.0,5.0,78,https://tiki.vn/sach-nhung-quy-tac-trong-quan-ly-p241899630.html?spid=241899632,Tiki,Mỹ phẩm,False
222607393,Bản Đồ Chiến Lược - Strategy Maps,199750.0,5.0,18,https://tiki.vn/ban-do-chien-luoc-strategy-maps-p222607393.html?spid=222607394,Tiki,Mỹ phẩm,False
203937562,Bí Quyết Đọc Sách 2.000 Từ/Phút,271700.0,5.0,727,https://tiki.vn/bi-quyet-doc-sach-2-000-tu-phut-p203937562.html?spid=203937563,Tiki,Mỹ phẩm,False
201383195,"Peter Drucker - Tư Duy Đúng, Quản Lý Đúng",79500.0,5.0,67,https://tiki.vn/peter-drucker-tu-duy-dung-quan-ly-dung-p201383195.html?spid=201383196,Tiki,Mỹ phẩm,False
189336449,Sách Xây Dựng Để Trường Tồn - Các Thói Quen Thành Công Của Những Tập Đoàn Vĩ Đại Và Hàng Đầu Thế Giới,157000.0,5.0,699,https://tiki.vn/sach-xay-dung-de-truong-ton-cac-thoi-quen-thanh-cong-cua-nhung-tap-doan-vi-dai-va-hang-dau-the-gioi-p189336449.html?spid=189336454,Tiki,Mỹ phẩm,False
170708223,Sách 17 Nguyên Tắc Vàng Trong Làm Việc Nhóm,71600.0,4.8,527,https://tiki.vn/sach-17-nguyen-tac-vang-trong-lam-viec-nhom-p170708223.html?spid=170708224,Tiki,Mỹ phẩm,False
138226289,Sách Storytelling With Data: Let’S Practice! - Thực Hành Kể Chuyện Thông Qua Dữ Liệu!,281000.0,5.0,2691,https://tiki.vn/sach-storytelling-with-data-let-s-practice-thuc-hanh-ke-chuyen-thong-qua-du-lieu-p138226289.html?spid=138226290,Tiki,Mỹ phẩm,False
85396173,Sách Dự Án Kỳ Lân,161400.0,4.8,491,https://tiki.vn/sach-du-an-ky-lan-p85396173.html?spid=85396174,Tiki,Mỹ phẩm,False
73166878,Sách Tái Tạo Mô Hình Kinh Doanh Hiệu Quả,93100.0,5.0,240,https://tiki.vn/sach-tai-tao-mo-hinh-kinh-doanh-hieu-qua-p73166878.html?spid=73166880,Tiki,Mỹ phẩm,False
60863030,"Sách Think And Grow Rich - 16 Nguyên Tắc Nghĩ Giàu, Làm Giàu Trong Thế Kỉ 21",133000.0,4.7,611,https://tiki.vn/sach-think-and-grow-rich-16-nguyen-tac-nghi-giau-lam-giau-trong-the-ki-21-p60863030.html?spid=60863032,Tiki,Mỹ phẩm,False
57762732,Sách Nhà Đầu Tư Thông Minh (Tái Bản),272350.0,4.8,875,https://tiki.vn/sach-nha-dau-tu-thong-minh-tai-ban-p57762732.html?spid=68521156,Tiki,Mỹ phẩm,False
49204092,"Sách Tái Tạo Tổ Chức: Phá Vỡ Rào Cản, Thổi Bùng Sinh Khí (Tái Bản)",146300.0,4.8,6724,https://tiki.vn/sach-tai-tao-to-chuc-pha-vo-rao-can-thoi-bung-sinh-khi-tai-ban-p49204092.html?spid=49204094,Tiki,Mỹ phẩm,False
34935355,Sách Đầu Tư - Kế Hoạch 12 Tháng Đến Với Tự Do Tài Chính,141000.0,4.6,533,https://tiki.vn/sach-dau-tu-ke-hoach-12-thang-den-voi-tu-do-tai-chinh-p34935355.html?spid=34935356,Tiki,Mỹ phẩm,False
34454430,Sách Tăng Trưởng Thần Tốc,121660.0,4.7,1902,https://tiki.vn/sach-tang-truong-than-toc-p34454430.html?spid=34454431,Tiki,Mỹ phẩm,False
33492447,Sách Mục Tiêu,159700.0,4.7,2317,https://tiki.vn/sach-muc-tieu-p33492447.html?spid=33492448,Tiki,Mỹ phẩm,False
32543726,Sách Dạy Con Dùng Tiền (Tái Bản),61000.0,5.0,676,https://tiki.vn/sach-day-con-dung-tien-tai-ban-p32543726.html?spid=32543728,Tiki,Mỹ phẩm,False
32314551,"Không Đọc Sách Này, Chụp Xấu Đừng Buồn !",117300.0,0.0,22,https://tiki.vn/khong-doc-sach-nay-chup-xau-dung-buon-p32314551.html?spid=270801280,Tiki,Mỹ phẩm,False
10192047,Sách Hình Ảnh Của Bạn Đáng Giá Triệu Đô ( Tái Bản 2019),85000.0,4.7,2639,https://tiki.vn/sach-hinh-anh-cua-ban-dang-gia-trieu-do-tai-ban-2019-p10192047.html?spid=10867647,Tiki,Mỹ phẩm,False
7718735,Sách Nhà Đầu Tư Thông Minh (Tái Bản),271350.0,4.8,1063,https://tiki.vn/sach-nha-dau-tu-thong-minh-tai-ban-p7718735.html?spid=9496112,Tiki,Mỹ phẩm,False
3083805,Sách Kinh Tế Thành Viên,133500.0,3.9,398,https://tiki.vn/sach-kinh-te-thanh-vien-p3083805.html?spid=3155765,Tiki,Mỹ phẩm,False
2542273,Sách Những Bố Già Châu Á (Tái Bản 2018),135200.0,4.6,737,https://tiki.vn/sach-nhung-bo-gia-chau-a-tai-ban-2018-p2542273.html?spid=2567535,Tiki,Mỹ phẩm,False
1999163,Sách Tối Đa Hóa Năng Lực Bản Thân (Tái Bản),80600.0,4.3,1136,https://tiki.vn/sach-toi-da-hoa-nang-luc-ban-than-tai-ban-p1999163.html?spid=1999165,Tiki,Mỹ phẩm,False
1053642,Sách Sức Mạnh Của Việc Đặt Câu Hỏi Tại Sao,71700.0,4.6,1308,https://tiki.vn/sach-suc-manh-cua-viec-dat-cau-hoi-tai-sao-p1053642.html?spid=1053674,Tiki,Mỹ phẩm,False
278730514,Làm Việc Với Người Khó Chịu - Vanlangbooks,105000.0,0.0,1,https://tiki.vn/lam-viec-voi-nguoi-kho-chiu-vanlangbooks-p278730514.html?spid=278730515,Tiki,Mỹ phẩm,False
278089724,Sách AI Tạo Sinh,143300.0,4.7,90,https://tiki.vn/sach-ai-tao-sinh-p278089724.html?spid=278089726,Tiki,Mỹ phẩm,False
276713390,Sách Sức Mạnh Của Tư Duy Hình Ảnh,122100.0,0.0,34,https://tiki.vn/sach-suc-manh-cua-tu-duy-hinh-anh-p276713390.html?spid=276713392,Tiki,Mỹ phẩm,False
276048853,Thay đổi tư duy (Mind Shift) - Erwin Raphael McManus - PACE Books,155000.0,0.0,36,https://tiki.vn/thay-doi-tu-duy-mind-shift-erwin-raphael-mcmanus-pace-books-p276048853.html?spid=276048854,Tiki,Mỹ phẩm,False
275060789,Sách - Nghệ thuật kiêng khem tin tức - Bí kíp sinh tồn thời kỹ thuật số - Nhã Nam Official,115200.0,0.0,1,https://tiki.vn/sach-nghe-thuat-kieng-khem-tin-tuc-bi-kip-sinh-ton-thoi-ky-thuat-so-nha-nam-official-p275060789.html?spid=275060790,Tiki,Mỹ phẩm,False
274949989,Sách Làm Việc Bằng Tâm Phật,106000.0,5.0,13,https://tiki.vn/sach-lam-viec-bang-tam-phat-p274949989.html?spid=274949991,Tiki,Mỹ phẩm,False
274807852,Sách The PARA Method - Phương Pháp Tổ Chức Thông Tin Trong Công Việc,63300.0,4.8,142,https://tiki.vn/sach-the-para-method-phuong-phap-to-chuc-thong-tin-trong-cong-viec-p274807852.html?spid=274807854,Tiki,Mỹ phẩm,False
274455494,Sách Storytelling With You – Kể Chuyện Từ Chính Bạn,267300.0,5.0,170,https://tiki.vn/sach-storytelling-with-you-ke-chuyen-tu-chinh-ban-p274455494.html?spid=274455495,Tiki,Mỹ phẩm,False
274146594,Combo 3 Cuốn Quản Trị Bằng Văn Hóa + Sư Phạm Khai Phóng + Đúng Việc - Giản Tư Trung,510000.0,0.0,25,https://tiki.vn/combo-3-cuon-quan-tri-bang-van-hoa-su-pham-khai-phong-dung-viec-gian-tu-trung-p274146594.html?spid=274146595,Tiki,Mỹ phẩm,True
271144909,Sách Thoát Khỏi Mối Quan Hệ Độc Hại,75000.0,0.0,24,https://tiki.vn/sach-thoat-khoi-moi-quan-he-doc-hai-p271144909.html?spid=271144910,Tiki,Mỹ phẩm,False
270717881,Chat GPT - Ứng Dụng Trí Tuệ Nhân Tạo Trong Công Việc,169000.0,0.0,3,https://tiki.vn/chat-gpt-ung-dung-tri-tue-nhan-tao-trong-cong-viec-p270717881.html?spid=270717882,Tiki,Mỹ phẩm,False
270660559,Sách Ai Che Lưng Cho Bạn,114000.0,4.8,236,https://tiki.vn/sach-ai-che-lung-cho-ban-p270660559.html?spid=270660562,Tiki,Mỹ phẩm,False
263294847,Tư Duy Pháp Lý Của Luật Sư,215800.0,5.0,24,https://tiki.vn/tu-duy-phap-ly-cua-luat-su-p263294847.html?spid=274961478,Tiki,Mỹ phẩm,False
263066347,Chat GPT - Ứng Dụng Trí Tuệ Nhân Tạo Trong Công Việc,126750.0,4.0,206,https://tiki.vn/chat-gpt-ung-dung-tri-tue-nhan-tao-trong-cong-viec-p263066347.html?spid=263066348,Tiki,Mỹ phẩm,False
247878730,Phát Triển Kỹ Năng Lãnh Đạo (*** Sách Bản Quyền ***),152000.0,0.0,3,https://tiki.vn/phat-trien-ky-nang-lanh-dao-sach-ban-quyen-p247878730.html?spid=263566904,Tiki,Mỹ phẩm,False
247264724,Những Đòn Tâm Lý Trong Thuyết Phục,194000.0,5.0,37,https://tiki.vn/nhung-don-tam-ly-trong-thuyet-phuc-p247264724.html?spid=262017155,Tiki,Mỹ phẩm,False
221229411,Sách Trở Thành Phiên Bản Tốt Hơn Của Chính Mình,68000.0,4.8,111,https://tiki.vn/sach-tro-thanh-phien-ban-tot-hon-cua-chinh-minh-p221229411.html?spid=221229412,Tiki,Mỹ phẩm,False
214160510,Sách Thấu Hiểu Khách Hàng,173600.0,4.7,691,https://tiki.vn/sach-thau-hieu-khach-hang-p214160510.html?spid=214160512,Tiki,Mỹ phẩm,False
197655112,Sách Bản Đồ Tư Duy Trong Thuyết Trình (Tái bản 2022),60325.0,4.7,133,https://tiki.vn/sach-ban-do-tu-duy-trong-thuyet-trinh-tai-ban-2022-p197655112.html?spid=197655114,Tiki,Mỹ phẩm,False
193439380,Sách Đội Nhóm Trong Mơ,73150.0,4.7,141,https://tiki.vn/sach-doi-nhom-trong-mo-p193439380.html?spid=193439381,Tiki,Mỹ phẩm,False
70650709,Sách Nghệ Thuật Thăng Tiến Nơi Công Sở - 32 Kỹ Năng Giúp Bạn Thành Công Trong Bất Cứ Doanh Nghiệp Nào,110500.0,4.8,41,https://tiki.vn/sach-nghe-thuat-thang-tien-noi-cong-so-32-ky-nang-giup-ban-thanh-cong-trong-bat-cu-doanh-nghiep-nao-p70650709.html?spid=74153177,Tiki,Mỹ phẩm,False
63448617,"Sách Định Giá Thông Minh, Chinh Phục Người Dùng",164000.0,5.0,12,https://tiki.vn/sach-dinh-gia-thong-minh-chinh-phuc-nguoi-dung-p63448617.html?spid=63448618,Tiki,Mỹ phẩm,False
63448530,Sách Những Nguyên Tắc Định Giá Sản Phẩm Thỏa Mãn Người Dùng,121500.0,4.0,32,https://tiki.vn/sach-nhung-nguyen-tac-dinh-gia-san-pham-thoa-man-nguoi-dung-p63448530.html?spid=63448531,Tiki,Mỹ phẩm,False
48587150,Sách : Dream Teams – Đội nhóm trong mơ,154160.0,0.0,17,https://tiki.vn/sach-dream-teams-doi-nhom-trong-mo-p48587150.html?spid=164092011,Tiki,Mỹ phẩm,False
32002185,Nghệ Thuật Đàm Phán Đỉnh Cao - Crucial Conversations (Tặng Kèm Notebook tự thiết kế),149000.0,0.0,1,https://tiki.vn/nghe-thuat-dam-phan-dinh-cao-crucial-conversations-tang-kem-notebook-tu-thiet-ke-p32002185.html?spid=277134865,Tiki,Mỹ phẩm,False
14683083,Sách Nhượng Quyền Khỏi Nghiệp - Con Đường Ngắn Để Bước Ra Thế Giới (Tái Bản),123000.0,4.8,1447,https://tiki.vn/sach-nhuong-quyen-khoi-nghiep-con-duong-ngan-de-buoc-ra-the-gioi-tai-ban-p14683083.html?spid=14683084,Tiki,Mỹ phẩm,False
14453290,"Sách Bản Đồ Chiến Lược (Strategy Maps) - Robert S. Kaplan, David P. Norton - PACE Books",216200.0,5.0,819,https://tiki.vn/sach-ban-do-chien-luoc-strategy-maps-robert-s-kaplan-david-p-norton-pace-books-p14453290.html?spid=50931320,Tiki,Mỹ phẩm,False
12141298,Sách Kotler Bàn Về Tiếp Thị (Tái Bản 2019),123000.0,4.8,750,https://tiki.vn/sach-kotler-ban-ve-tiep-thi-tai-ban-2019-p12141298.html?spid=12141299,Tiki,Mỹ phẩm,False
11227911,Sách Giữ Vững Thương Hiệu,88100.0,5.0,35,https://tiki.vn/sach-giu-vung-thuong-hieu-p11227911.html?spid=11227912,Tiki,Mỹ phẩm,False
10397239,Sách Chiến Lược Dữ Liệu,121660.0,4.7,1969,https://tiki.vn/sach-chien-luoc-du-lieu-p10397239.html?spid=10397240,Tiki,Mỹ phẩm,False
8011017,Sách Lý Thuyết Trò Chơi Và Ứng Dụng Trong Quản Trị - Kinh Doanh (Tái Bản 2018),87600.0,4.5,442,https://tiki.vn/sach-ly-thuyet-tro-choi-va-ung-dung-trong-quan-tri-kinh-doanh-tai-ban-2018-p8011017.html?spid=8011018,Tiki,Mỹ phẩm,False
5808777,Sách Bán Đảo Ả Rập: Tinh Thần Hồi Giáo Và Thảm Kịch Dầu Mỏ,131000.0,4.6,445,https://tiki.vn/sach-ban-dao-a-rap-tinh-than-hoi-giao-va-tham-kich-dau-mo-p5808777.html?spid=5808779,Tiki,Mỹ phẩm,False
5061485,Sách Bán Hàng Cho Những Gã Khổng Lồ,122500.0,4.5,289,https://tiki.vn/sach-ban-hang-cho-nhung-ga-khong-lo-p5061485.html?spid=5062195,Tiki,Mỹ phẩm,False
2917517,Sách Phong Cách Virgin,114800.0,4.6,238,https://tiki.vn/sach-phong-cach-virgin-p2917517.html?spid=2995809,Tiki,Mỹ phẩm,False
2407105,Sách Khiêu Vũ Với Áp Lực,125700.0,4.5,300,https://tiki.vn/sach-khieu-vu-voi-ap-luc-p2407105.html?spid=2418125,Tiki,Mỹ phẩm,False
1747357,Sách Sức Mạnh Của Việc Đặt Câu Hỏi Đúng (Tái Bản 2018),79200.0,5.0,51,https://tiki.vn/sach-suc-manh-cua-viec-dat-cau-hoi-dung-tai-ban-2018-p1747357.html?spid=59556846,Tiki,Mỹ phẩm,False
1743865,Sách Giải Pháp Bán Hàng 4.0 (Tái bản 2018),55300.0,4.6,484,https://tiki.vn/sach-giai-phap-ban-hang-4-0-tai-ban-2018-p1743865.html?spid=1743867,Tiki,Mỹ phẩm,False
442032,Sách Tư Duy Đúng Cách - Tư Duy Khách Quan,23900.0,4.5,1255,https://tiki.vn/sach-tu-duy-dung-cach-tu-duy-khach-quan-p442032.html?spid=147974,Tiki,Mỹ phẩm,False
419127,Sách Thuật Đàm Phán,81100.0,5.0,1275,https://tiki.vn/sach-thuat-dam-phan-p419127.html?spid=122566,Tiki,Mỹ phẩm,False
391666,Sách Kỹ Năng Học Tập Theo Phương Pháp Buzan (Tái Bản 2014),169000.0,4.8,1460,https://tiki.vn/sach-ky-nang-hoc-tap-theo-phuong-phap-buzan-tai-ban-2014-p391666.html?spid=92516,Tiki,Mỹ phẩm,False
279322838,Sách Unibooks - Taylor Swift – Điều Chưa Từng Có – Nhà Chiến Lược Thiên Tài,188000.0,0.0,5,https://tiki.vn/sach-unibooks-taylor-swift-dieu-chua-tung-co-nha-chien-luoc-thien-tai-p279322838.html?spid=279322839,Tiki,Mỹ phẩm,False
279260309,Sách -  Làm Chủ AI (Celia Quillian) -FN,146160.0,4.0,2,https://tiki.vn/sach-lam-chu-ai-celia-quillian-fn-p279260309.html?spid=279260310,Tiki,Mỹ phẩm,False
278446332,Sách Nghề Coaching,125000.0,3.0,81,https://tiki.vn/sach-nghe-coaching-p278446332.html?spid=278446334,Tiki,Mỹ phẩm,False
277181328,Sách Canva cấp tốc - Bí Quyết Thiết Kế Dễ Dàng Cho Người Mới Bắt Đầu Biết Đến Canva,195000.0,0.0,19,https://tiki.vn/sach-canva-cap-toc-bi-quyet-thiet-ke-de-dang-cho-nguoi-moi-bat-dau-p277181328.html?spid=277181329,Tiki,Mỹ phẩm,False
275932576,Vượt hiệu suất: Bí quyết làm việc của những bậc thầy tốc độ,126280.0,5.0,72,https://tiki.vn/vuot-hieu-suat-bi-quyet-lam-viec-cua-nhung-bac-thay-toc-do-p275932576.html?spid=275932577,Tiki,Mỹ phẩm,False
275900071,Sách Suy Nghĩ Thống Kê Trong Đời Thường,135000.0,5.0,170,https://tiki.vn/sach-suy-nghi-thong-ke-trong-doi-thuong-p275900071.html?spid=275900074,Tiki,Mỹ phẩm,False
274807855,Sách To Do List - Phương Pháp Lập Kế Hoạch Công Việc Và Quản Lý Thời Gian Hiệu Quả,90800.0,5.0,102,https://tiki.vn/sach-to-do-list-phuong-phap-lap-ke-hoach-cong-viec-va-quan-ly-thoi-gian-hieu-qua-p274807855.html?spid=274807857,Tiki,Mỹ phẩm,False
273718982,17 Nguyên Tắc Vàng Trong Làm Việc Nhóm,92600.0,4.3,110,https://tiki.vn/17-nguyen-tac-vang-trong-lam-viec-nhom-p273718982.html?spid=76143922,Tiki,Mỹ phẩm,False
273134989,Sách Quảng Cáo Theo Phong Cách Ogilvy,119400.0,4.6,84,https://tiki.vn/sach-quang-cao-theo-phong-cach-ogilvy-p273134989.html?spid=273134992,Tiki,Mỹ phẩm,False
272129446,Sách AI - Công Cụ Nâng Cao Hiệu Suất Công Việc,110600.0,4.0,615,https://tiki.vn/sach-ai-cong-cu-nang-cao-hieu-suat-cong-viec-p272129446.html?spid=272129447,Tiki,Mỹ phẩm,False
270660457,Sách Làm Chủ Giọng Nói Trong Đầu,74000.0,4.7,478,https://tiki.vn/sach-lam-chu-giong-noi-trong-dau-p270660457.html?spid=270660460,Tiki,Mỹ phẩm,False
245787191,Sách Vượt qua phản đối: Nghệ thuật và khoa học thương thảo trong bán hàng,112000.0,5.0,67,https://tiki.vn/sach-vuot-qua-phan-doi-nghe-thuat-va-khoa-hoc-thuong-thao-trong-ban-hang-p245787191.html?spid=245787192,Tiki,Mỹ phẩm,False
202796284,Sách Kỹ Năng Quản Lý Thời Gian,121800.0,5.0,337,https://tiki.vn/sach-ky-nang-quan-ly-thoi-gian-p202796284.html?spid=202796285,Tiki,Mỹ phẩm,False
200852596,Sách Dạy Con Làm Giàu 4 - Con Giàu Con Thông Minh - Để Có Khởi Đầu Thuận Lợi Về Tài Chính,80000.0,5.0,140,https://tiki.vn/sach-day-con-lam-giau-4-con-giau-con-thong-minh-de-co-khoi-dau-thuan-loi-ve-tai-chinh-p200852596.html?spid=200852597,Tiki,Mỹ phẩm,False
200852589,Sách Quy Luật Của Chiến Lược,113000.0,5.0,121,https://tiki.vn/sach-quy-luat-cua-chien-luoc-p200852589.html?spid=200852594,Tiki,Mỹ phẩm,False
198414177,Sách Thuật Lãnh Đạo ( Tái bản 2022),65800.0,5.0,86,https://tiki.vn/sach-thuat-lanh-dao-tai-ban-2022-p198414177.html?spid=198414179,Tiki,Mỹ phẩm,False
194104215,Sách Đến Apple Học Về Sáng Tạo,135000.0,5.0,140,https://tiki.vn/sach-den-apple-hoc-ve-sang-tao-p194104215.html?spid=194104218,Tiki,Mỹ phẩm,False
191781259,"Sách Sống theo phương thức 80/20: Bớt công việc, bớt ưu phiền, thêm thành công, thêm niềm vui sống",67000.0,4.8,270,https://tiki.vn/sach-song-theo-phuong-thuc-80-20-bot-cong-viec-bot-uu-phien-them-thanh-cong-them-niem-vui-song-p191781259.html?spid=191781261,Tiki,Mỹ phẩm,False
175845415,Bí Quyết Tìm Kiếm Mặt Bằng Kinh Doanh - Đến Sahara Mở Quán Trà Đá - Bộ Sách Khởi Nghiệp Bán Lẻ,169000.0,5.0,2740,https://tiki.vn/bi-quyet-tim-kiem-mat-bang-kinh-doanh-den-sahara-mo-quan-tra-da-bo-sach-khoi-nghiep-ban-le-p175845415.html?spid=175845416,Tiki,Mỹ phẩm,False
173135272,Sách Market With Wizards - Phù Thủy Sàn Chứng Khoán (Thế Hệ Mới),176000.0,4.6,143,https://tiki.vn/sach-market-with-wizards-phu-thuy-san-chung-khoan-the-he-moi-p173135272.html?spid=173135273,Tiki,Mỹ phẩm,False
160371987,Giao Tiếp Bất Bạo Động (Nonviolent Communication),147000.0,5.0,26,https://tiki.vn/giao-tiep-bat-bao-dong-nonviolent-communication-p160371987.html?spid=275301597,Tiki,Mỹ phẩm,False
143144186,Sách-Nguyên Lý 80/20 - Bí Quyết Làm Ít Được Nhiều,135000.0,5.0,11,https://tiki.vn/sach-nguyen-ly-80-20-bi-quyet-lam-it-duoc-nhieu-p143144186.html?spid=262799826,Tiki,Mỹ phẩm,False
114451807,Sách Động Lực Chèo Lái Hành Vi (Tái Bản 2021),107400.0,5.0,399,https://tiki.vn/sach-dong-luc-cheo-lai-hanh-vi-tai-ban-2021-p114451807.html?spid=127524411,Tiki,Mỹ phẩm,False
75630595,Sách The Design Thinking Playbook- Thực Hành Tư Duy Thiết Kế,204000.0,4.8,2576,https://tiki.vn/sach-the-design-thinking-playbook-thuc-hanh-tu-duy-thiet-ke-p75630595.html?spid=75630596,Tiki,Mỹ phẩm,False
67991610,Sách Muốn Thành Công Nói Không Với Trì Hoãn – 21 Nguyên Tắc Vàng Đập Tan Sự Trì Hoãn,74000.0,4.8,2706,https://tiki.vn/sach-muon-thanh-cong-noi-khong-voi-tri-hoan-21-nguyen-tac-vang-dap-tan-su-tri-hoan-p67991610.html?spid=67991611,Tiki,Mỹ phẩm,False
66089884,Sách Những Đòn Tâm Lý Trong Thuyết Phục,194000.0,5.0,47,https://tiki.vn/sach-nhung-don-tam-ly-trong-thuyet-phuc-p66089884.html?spid=71305862,Tiki,Mỹ phẩm,False
52788684,Sách True North Groups - Nhóm Chính Bắc,73600.0,5.0,808,https://tiki.vn/sach-true-north-groups-nhom-chinh-bac-p52788684.html?spid=52788685,Tiki,Mỹ phẩm,False
37118918,Sách Thịnh Vượng Tài Chính Tuổi 30 - Tập 1 (Tái Bản 2019),78700.0,4.7,1957,https://tiki.vn/sach-thinh-vuong-tai-chinh-tuoi-30-tap-1-tai-ban-2019-p37118918.html?spid=37118919,Tiki,Mỹ phẩm,False
36727163,Sách Người Nam Châm (Tái Bản 2019),60830.0,5.0,555,https://tiki.vn/sach-nguoi-nam-cham-tai-ban-2019-p36727163.html?spid=49022920,Tiki,Mỹ phẩm,False
13333355,Sách Đọc Nhiều Nhớ Được Bao Nhiêu?,90860.0,4.8,4572,https://tiki.vn/sach-doc-nhieu-nho-duoc-bao-nhieu-p13333355.html?spid=13333356,Tiki,Mỹ phẩm,False
3048153,Sách Phương Pháp Đầu Tư Warren Buffett (Tái Bản 2018),143000.0,4.6,72,https://tiki.vn/sach-phuong-phap-dau-tu-warren-buffett-tai-ban-2018-p3048153.html?spid=50745732,Tiki,Mỹ phẩm,False
2407107,"Sách Mặc Kệ Nó, Làm Tới Đi! (Tái Bản 2018)",71800.0,4.6,2618,https://tiki.vn/sach-mac-ke-no-lam-toi-di-tai-ban-2018-p2407107.html?spid=2418127,Tiki,Mỹ phẩm,False
2208377,Sách 12 Tuyệt Kỹ Bán Hàng (Tái Bản),75600.0,4.7,1464,https://tiki.vn/sach-12-tuyet-ky-ban-hang-tai-ban-p2208377.html?spid=2208379,Tiki,Mỹ phẩm,False
2120185,Sách Nghĩ Ngược Lại Và Làm Khác Đi (Tái Bản),64350.0,4.0,2412,https://tiki.vn/sach-nghi-nguoc-lai-va-lam-khac-di-tai-ban-p2120185.html?spid=2126319,Tiki,Mỹ phẩm,False
1826115,Sách Những Bài Học Đầu Tư Từ Warren Buffett,127700.0,4.8,1800,https://tiki.vn/sach-nhung-bai-hoc-dau-tu-tu-warren-buffett-p1826115.html?spid=1826621,Tiki,Mỹ phẩm,False
1681473,Sách Cảm Ơn Vì Đến Trễ,181000.0,4.8,1799,https://tiki.vn/sach-cam-on-vi-den-tre-p1681473.html?spid=1681475,Tiki,Mỹ phẩm,False
1565661,Sách Chỉ Cần Mẩu Khăn Giấy (Tái Bản 2018),123000.0,4.8,574,https://tiki.vn/sach-chi-can-mau-khan-giay-tai-ban-2018-p1565661.html?spid=1566609,Tiki,Mỹ phẩm,False
886154,Sách Có Điều Kiện Cứ Thể Hiện - Chuyện Công Ở Xứ Cụt,44660.0,4.8,544,https://tiki.vn/sach-co-dieu-kien-cu-the-hien-chuyen-cong-o-xu-cut-p886154.html?spid=886160,Tiki,Mỹ phẩm,False
598628,Sách Sửa Đổi Lối Làm Việc (Khổ Nhỏ),37000.0,4.8,805,https://tiki.vn/sach-sua-doi-loi-lam-viec-kho-nho-p598628.html?spid=598638,Tiki,Mỹ phẩm,False
446480,Sách Kỹ Năng Đi Trước Đam Mê,115000.0,5.0,168,https://tiki.vn/sach-ky-nang-di-truoc-dam-me-p446480.html?spid=184783223,Tiki,Mỹ phẩm,False
279213881,"Gõ Cửa Nghề Sales - Cứ Gõ Cửa Sẽ Mở - BQ9S: Định Hình Tư Duy, Kỹ Năng & Hệ Thống Sales Hiện Đại - Nguyễn Bão Quốc - Alpha Books",160400.0,0.0,2,https://tiki.vn/go-cua-nghe-sales-cu-go-cua-se-mo-bq9s-dinh-hinh-tu-duy-ky-nang-he-thong-sales-hien-dai-nguyen-bao-quoc-alpha-books-p279213881.html?spid=279224157,Tiki,Mỹ phẩm,False
279067201,Chiến Lược Đại Dương Xanh – Nghệ thuật tạo ra thị trường không cạnh tranh,119000.0,0.0,1,https://tiki.vn/chien-luoc-dai-duong-xanh-nghe-thuat-tao-ra-thi-truong-khong-canh-tranh-p279067201.html?spid=279067202,Tiki,Mỹ phẩm,False
278870984,Tư Duy Thiết Kế Và Các Chỉ Số Đo Lường Đổi Mới Sáng Tạo,339000.0,0.0,1,https://tiki.vn/tu-duy-thiet-ke-va-cac-chi-so-do-luong-doi-moi-sang-tao-p278870984.html?spid=278880210,Tiki,Mỹ phẩm,True
278446370,Sách Tư Duy Đa Chiều,117100.0,5.0,14,https://tiki.vn/sach-tu-duy-da-chieu-p278446370.html?spid=278446371,Tiki,Mỹ phẩm,False
278169526,Sách NVIDIA - Gã Khổng Lồ Công Nghệ Thống Trị Chip Bán Dẫn AI,123700.0,0.0,33,https://tiki.vn/sach-nvidia-ga-khong-lo-cong-nghe-thong-tri-chip-ban-dan-ai-p278169526.html?spid=278169529,Tiki,Mỹ phẩm,False
278089725,Sách Mastering AI - Ứng Dụng Trí Tuệ Nhân Tạo Để Làm Chủ Tương Lai,143300.0,5.0,63,https://tiki.vn/sach-mastering-ai-ung-dung-tri-tue-nhan-tao-de-lam-chu-tuong-lai-p278089725.html?spid=278089727,Tiki,Mỹ phẩm,False
278035269,Sách AI Trong Chăm Sóc Sức Khỏe,156400.0,5.0,26,https://tiki.vn/sach-ai-trong-cham-soc-suc-khoe-p278035269.html?spid=278035272,Tiki,Mỹ phẩm,False
277923270,Sách Thuật Sinh Tồn Thời AI,89000.0,0.0,16,https://tiki.vn/sach-thuat-sinh-ton-thoi-ai-p277923270.html?spid=277923273,Tiki,Mỹ phẩm,False
276833384,Bộ 3 Cuốn Sách Kiếm Tiền Cùng ChatGPT - Đồ Họa AI - Viết Và Sáng Tạo Nội Dung - Vanlangbooks,711200.0,4.5,19,https://tiki.vn/bo-3-cuon-sach-kiem-tien-cung-chatgpt-do-hoa-ai-viet-va-sang-tao-noi-dung-vanlangbooks-p276833384.html?spid=276833385,Tiki,Mỹ phẩm,True
275569822,6 Bí Quyết Quản Lý Dự Án Hiệu Quả - Vanlangbooks,54600.0,0.0,8,https://tiki.vn/6-bi-quyet-quan-ly-du-an-hieu-qua-vanlangbooks-p275569822.html?spid=275569823,Tiki,Mỹ phẩm,False
275152249,Sách - Human Design,132000.0,1.0,13,https://tiki.vn/sach-human-design-p275152249.html?spid=279335056,Tiki,Mỹ phẩm,False
273911638,"Gieo Thói Quen Nhỏ, Gặt Thành Công Lớn",84000.0,5.0,402,https://tiki.vn/gieo-thoi-quen-nho-gat-thanh-cong-lon-p273911638.html?spid=74796722,Tiki,Mỹ phẩm,False
272420246,"Event Planning - Tổ Chức Sự Kiện, Nâng Tầm Thương Hiệu",84500.0,4.5,58,https://tiki.vn/event-planning-to-chuc-su-kien-nang-tam-thuong-hieu-p272420246.html?spid=272420247,Tiki,Mỹ phẩm,False
271381318,Sách Biết Người Dùng Người Quản Người (Bìa Mềm),98600.0,0.0,54,https://tiki.vn/sach-biet-nguoi-dung-nguoi-quan-nguoi-bia-mem-p271381318.html?spid=271381330,Tiki,Mỹ phẩm,False
250264392, Dạy con làm giàu Tập 01 - NXB Trẻ,80000.0,5.0,21,https://tiki.vn/day-con-lam-giau-tap-01-nxb-tre-p250264392.html?spid=250264393,Tiki,Mỹ phẩm,False
247686079,Sách - The Design Thinking Toolbox - Bộ Công Cụ Tư Duy Thiết Kế,254000.0,0.0,27,https://tiki.vn/sach-the-design-thinking-toolbox-bo-cong-cu-tu-duy-thiet-ke-p247686079.html?spid=270906773,Tiki,Mỹ phẩm,False
241758784,Sách Đánh Giá Kết Quả Đào Tạo,178600.0,5.0,202,https://tiki.vn/sach-danh-gia-ket-qua-dao-tao-p241758784.html?spid=241758786,Tiki,Mỹ phẩm,False
219134715,Sách Nghệ Thuật Thiết Kế Game,332900.0,5.0,31,https://tiki.vn/sach-nghe-thuat-thiet-ke-game-p219134715.html?spid=219134716,Tiki,Mỹ phẩm,True
195801313,Sách Bộ HBR Phát Triển Sự Nghiệp,477000.0,5.0,59,https://tiki.vn/sach-bo-hbr-phat-trien-su-nghiep-p195801313.html?spid=195801316,Tiki,Mỹ phẩm,True
194104222,Sách Thiết Kế Sự Nghiệp Cá Nhân,134000.0,4.8,181,https://tiki.vn/sach-thiet-ke-su-nghiep-ca-nhan-p194104222.html?spid=194104224,Tiki,Mỹ phẩm,False
180850900,Tư Duy Nhanh và Chậm ( Tái bản 2022 ),228000.0,4.5,95,https://tiki.vn/tu-duy-nhanh-va-cham-tai-ban-2022-p180850900.html?spid=212582644,Tiki,Mỹ phẩm,False
178032065,Sách Thuật Thiết Lập Và Hoàn Thành Mục Tiêu,103400.0,5.0,153,https://tiki.vn/sach-thuat-thiet-lap-va-hoan-thanh-muc-tieu-p178032065.html?spid=178032066,Tiki,Mỹ phẩm,False
173515430,Sách Khám Phá Vận Mệnh - 7 Bước Đánh Thức Bản Thân,112000.0,5.0,709,https://tiki.vn/sach-kham-pha-van-menh-7-buoc-danh-thuc-ban-than-p173515430.html?spid=173515432,Tiki,Mỹ phẩm,False
171549967,Sách Con Người 80/20: 9 Yếu Tố Cốt Lõi Của Thành Công 80/20 Trong Công Việc,78000.0,5.0,182,https://tiki.vn/sach-con-nguoi-80-20-9-yeu-to-cot-loi-cua-thanh-cong-80-20-trong-cong-viec-p171549967.html?spid=171549969,Tiki,Mỹ phẩm,False
170708211,Sách Hùng Biện Kiểu Ted 1,129400.0,4.5,145,https://tiki.vn/sach-hung-bien-kieu-ted-1-p170708211.html?spid=170708212,Tiki,Mỹ phẩm,False
69219921,"Sách OKRs - Hiểu Đúng, Làm Đúng - Cách Để Áp Dụng Thành Công OKRs Ngay Từ Đầu",176800.0,4.8,3497,https://tiki.vn/sach-okrs-hieu-dung-lam-dung-cach-de-ap-dung-thanh-cong-okrs-ngay-tu-dau-p69219921.html?spid=69219922,Tiki,Mỹ phẩm,False
68399020,Sách 5 Phương Thức Ghi Nhận Nỗ Lực Của Nhân Viên,80800.0,5.0,297,https://tiki.vn/sach-5-phuong-thuc-ghi-nhan-no-luc-cua-nhan-vien-p68399020.html?spid=73314001,Tiki,Mỹ phẩm,False
54928497,Combo Sách Làm Giàu Hay và Hiệu Quả: Think & Grow Rich - Nghĩ Giàu Và Làm Giàu + Dạy Con Làm Giàu (Tập 1) - Để Không Có Tiền Vẫn Tạo Ra Tiền - Cha Giàu Cha Nghèo (Tái Bản) ,182000.0,0.0,1,https://tiki.vn/combo-sach-lam-giau-hay-va-hieu-qua-think-grow-rich-nghi-giau-va-lam-giau-day-con-lam-giau-tap-1-de-khong-co-tien-van-tao-ra-tien-cha-giau-cha-ngheo-tai-ban-p54928497.html?spid=277048586,Tiki,Mỹ phẩm,False
52807442,Sách Để Trở Thành Người Bán Hàng Giỏi Nhất Thế Giới(Tái bản 2020),125900.0,4.6,193,https://tiki.vn/sach-de-tro-thanh-nguoi-ban-hang-gioi-nhat-the-gioi-tai-ban-2020-p52807442.html?spid=102695587,Tiki,Mỹ phẩm,False
24155178,Sách Mưu Hèn Kế Bẩn Nơi Công Sở (Tái Bản),118000.0,5.0,28,https://tiki.vn/sach-muu-hen-ke-ban-noi-cong-so-tai-ban-p24155178.html?spid=70771607,Tiki,Mỹ phẩm,False
7021477,Sách Cạnh Tranh Không Cần May Mắn,116000.0,4.8,330,https://tiki.vn/sach-canh-tranh-khong-can-may-man-p7021477.html?spid=7021479,Tiki,Mỹ phẩm,False
6778697,Sách Nền Kinh Tế Tăng Trưởng Và Sụp Đổ Như Thế Nào? (Tái Bản),157520.0,5.0,50,https://tiki.vn/sach-nen-kinh-te-tang-truong-va-sup-do-nhu-the-nao-tai-ban-p6778697.html?spid=162148841,Tiki,Mỹ phẩm,False
5490667,Quyền Lực Mềm,119000.0,4.7,197,https://tiki.vn/quyen-luc-mem-p5490667.html?spid=66566702,Tiki,Mỹ phẩm,False
4393167,Sách Bộ Jim Rohn (Trọn Bộ 5 Cuốn) - Tái Bản,441350.0,4.6,110,https://tiki.vn/sach-bo-jim-rohn-tron-bo-5-cuon-tai-ban-p4393167.html?spid=71024722,Tiki,Mỹ phẩm,True
4319337,Sách Tạo Dựng Thương Hiệu Cá Nhân,81750.0,4.8,678,https://tiki.vn/sach-tao-dung-thuong-hieu-ca-nhan-p4319337.html?spid=55708027,Tiki,Mỹ phẩm,False
2917519,Sách Thấu Hiểu Hệ Thống,159000.0,0.0,3,https://tiki.vn/sach-thau-hieu-he-thong-p2917519.html?spid=214789647,Tiki,Mỹ phẩm,False
2316649,Sách Vận Hành Tinh Gọn,109200.0,4.6,1392,https://tiki.vn/sach-van-hanh-tinh-gon-p2316649.html?spid=2337717,Tiki,Mỹ phẩm,False
2290081,Sách Những Điều Trường Harvard Vẫn Không Dạy Bạn (Tái Bản),92800.0,4.3,360,https://tiki.vn/sach-nhung-dieu-truong-harvard-van-khong-day-ban-tai-ban-p2290081.html?spid=2290083,Tiki,Mỹ phẩm,False
1732659,Sách Mô Hình Kinh Doanh Nhóm,185000.0,4.6,1886,https://tiki.vn/sach-mo-hinh-kinh-doanh-nhom-p1732659.html?spid=1733473,Tiki,Mỹ phẩm,False
345465,Sách Những Đòn Tâm Lý Trong Thuyết Phục,194000.0,5.0,43,https://tiki.vn/sach-nhung-don-tam-ly-trong-thuyet-phuc-p345465.html?spid=271799072,Tiki,Mỹ phẩm,False
278443307,Sách Người Viết Tiến - Thoái Cùng AI,90000.0,0.0,26,https://tiki.vn/sach-nguoi-viet-tien-thoai-cung-ai-p278443307.html?spid=278443311,Tiki,Mỹ phẩm,False
278169527,Sách Ứng Dụng Tư Duy Hệ Thống Trong Công Việc,114000.0,0.0,18,https://tiki.vn/sach-ung-dung-tu-duy-he-thong-trong-cong-viec-p278169527.html?spid=278169528,Tiki,Mỹ phẩm,False
278015817,Sách - Kỹ Năng Tư Duy Thực Chiến,126750.0,0.0,3,https://tiki.vn/sach-ky-nang-tu-duy-chien-luoc-p278015817.html?spid=278015818,Tiki,Mỹ phẩm,False
278014950,Sách Lãnh Đạo Bản Thân,112000.0,5.0,19,https://tiki.vn/sach-lanh-dao-ban-than-p278014950.html?spid=278014952,Tiki,Mỹ phẩm,False
277522348,Sách 30 Bí Kíp Làm Việc Tại Nhật Bản,53000.0,0.0,17,https://tiki.vn/sach-30-bi-kip-lam-viec-tai-nhat-ban-p277522348.html?spid=277522349,Tiki,Mỹ phẩm,False
276509018,Sách Hồi Ức Về Một Thiên Tài Đầu Tư Chứng Khoán,135200.0,4.0,85,https://tiki.vn/sach-hoi-uc-ve-mot-thien-tai-dau-tu-chung-khoan-p276509018.html?spid=276509021,Tiki,Mỹ phẩm,False
276504813,Bộ công cụ tài liệu tặng kèm cuốn Thành Thạo Soạn thảo Văn bản Word: Mẹo và các Lỗi thường gặp,159000.0,0.0,3,https://tiki.vn/bo-cong-cu-tai-lieu-tang-kem-cuon-thanh-thao-soan-thao-van-ban-word-meo-va-cac-loi-thuong-gap-p276504813.html?spid=276504814,Tiki,Mỹ phẩm,False
275803730,Sức Mạnh Của Việc Đặt Câu Hỏi Tại Sao,84000.0,5.0,18,https://tiki.vn/suc-manh-cua-viec-dat-cau-hoi-tai-sao-p275803730.html?spid=76448930,Tiki,Mỹ phẩm,False
275068865,Sách - Chốt Đơn Trong 3 Phút,146250.0,5.0,5,https://tiki.vn/sach-chot-don-trong-3-phut-p275068865.html?spid=275068866,Tiki,Mỹ phẩm,False
274101256,The Art Of Strategy - Nghệ Thuật Tư Duy Chiến Lược,203000.0,4.7,2825,https://tiki.vn/the-art-of-strategy-nghe-thuat-tu-duy-chien-luoc-p274101256.html?spid=68562407,Tiki,Mỹ phẩm,False
273896690,Những Bố Già Châu Á,169000.0,5.0,205,https://tiki.vn/nhung-bo-gia-chau-a-p273896690.html?spid=59323688,Tiki,Mỹ phẩm,False
273218423,Sách - Quản Lý Nghiệp - Thái Hà Books,53130.0,0.0,10,https://tiki.vn/sach-quan-ly-nghiep-thai-ha-books-p273218423.html?spid=273218424,Tiki,Mỹ phẩm,False
271660051,SUY NGHĨ THỐNG KÊ TRONG ĐỜI THƯỜNG,165000.0,0.0,1,https://tiki.vn/suy-nghi-thong-ke-trong-doi-thuong-p271660051.html?spid=274776713,Tiki,Mỹ phẩm,False
208198122,Sách Brian Tracy - Thuật Hùng Biện,93500.0,5.0,139,https://tiki.vn/sach-brian-tracy-thuat-hung-bien-p208198122.html?spid=208198124,Tiki,Mỹ phẩm,False
205279736,Làm Chủ Giọng Nói Trong Đầu,95000.0,4.7,47,https://tiki.vn/lam-chu-giong-noi-trong-dau-p205279736.html?spid=205279737,Tiki,Mỹ phẩm,False
202462019,Kỹ Năng Quản Lý Thời Gian,146250.0,4.7,690,https://tiki.vn/ky-nang-quan-ly-thoi-gian-p202462019.html?spid=202462020,Tiki,Mỹ phẩm,False
202015688,Sách Chinh Phục Kỹ Năng Viết Văn Tiếng Hoa Toàn Tập (Tái Bản 2022),108000.0,4.7,84,https://tiki.vn/sach-chinh-phuc-ky-nang-viet-van-tieng-hoa-toan-tap-tai-ban-2022-p202015688.html?spid=202015689,Tiki,Mỹ phẩm,False
190755678,Sách Nghệ Thuật Thuyết Phục Người Khác,79000.0,0.0,38,https://tiki.vn/sach-nghe-thuat-thuyet-phuc-nguoi-khac-p190755678.html?spid=190755679,Tiki,Mỹ phẩm,False
138504792,Sách OKR Căn Bản,109300.0,4.7,114,https://tiki.vn/sach-okr-can-ban-p138504792.html?spid=138504794,Tiki,Mỹ phẩm,False
129381084,Sách Chuyển Đổi Số: 6 Câu Hỏi Giúp Bạn Xây Dựng Doanh Nghiệp Thế Hệ Mới,91000.0,5.0,197,https://tiki.vn/sach-chuyen-doi-so-6-cau-hoi-giup-ban-xay-dung-doanh-nghiep-the-he-moi-p129381084.html?spid=129381085,Tiki,Mỹ phẩm,False
113398558,Sách - HBR Guide 2021: Kỹ Năng Quản Lý Chuyên Sâu Từ Harvard Business Review ( Bộ 10 cuốn + tặng kèm boxset),595000.0,0.0,8,https://tiki.vn/sach-hbr-guide-2021-ky-nang-quan-ly-chuyen-sau-tu-harvard-business-review-bo-10-cuon-tang-kem-boxset-p113398558.html?spid=134404532,Tiki,Mỹ phẩm,True
106153848,Sách Kẻ Thành Công Phải Biết Lắng Nghe (Tái Bản),99300.0,4.2,55,https://tiki.vn/sach-ke-thanh-cong-phai-biet-lang-nghe-tai-ban-p106153848.html?spid=106153850,Tiki,Mỹ phẩm,False
76601014,Sách The Money Hackers - Cách Mạng Fintech,80300.0,4.7,209,https://tiki.vn/sach-the-money-hackers-cach-mang-fintech-p76601014.html?spid=76601015,Tiki,Mỹ phẩm,False
41299104,Sách Lợi Thế Bán Hàng (Tái Bản),106260.0,4.8,675,https://tiki.vn/sach-loi-the-ban-hang-tai-ban-p41299104.html?spid=41299105,Tiki,Mỹ phẩm,False
41294593,Sách Cách Tạo Ra Những Sản Phẩm Trường Tồn,69100.0,4.5,178,https://tiki.vn/sach-cach-tao-ra-nhung-san-pham-truong-ton-p41294593.html?spid=41294594,Tiki,Mỹ phẩm,False
34452531,Combo Sách Thịnh Vượng Tài Chính Tuổi 30 (Trọn bộ 2 Tập) (Tặng Kèm Sổ Tay),187200.0,4.8,392,https://tiki.vn/combo-sach-thinh-vuong-tai-chinh-tuoi-30-tron-bo-2-tap-tang-kem-so-tay-p34452531.html?spid=34452532,Tiki,Mỹ phẩm,False
34230855,Sách Điều Kỳ Diệu Của Xác Lập Mục Tiêu,51700.0,4.5,122,https://tiki.vn/sach-dieu-ky-dieu-cua-xac-lap-muc-tieu-p34230855.html?spid=34230856,Tiki,Mỹ phẩm,False
15248193,Combo Năng Đoạn Kim Cương và Nghiệp Tình Yêu (Tặng Kèm Sổ Tay),389300.0,5.0,342,https://tiki.vn/combo-nang-doan-kim-cuong-va-nghiep-tinh-yeu-tang-kem-so-tay-p15248193.html?spid=15248194,Tiki,Mỹ phẩm,True
12221362,Sách Musk Mania - Cơn Cuồng Musk,59290.0,4.5,242,https://tiki.vn/sach-musk-mania-con-cuong-musk-p12221362.html?spid=12221363,Tiki,Mỹ phẩm,False
6512125,Sách Mba Trong Đời Thực,84000.0,5.0,325,https://tiki.vn/sach-mba-trong-doi-thuc-p6512125.html?spid=6512127,Tiki,Mỹ phẩm,False
3311725,Sách Tư Duy Logic (Tái Bản 2018),75600.0,0.0,1,https://tiki.vn/sach-tu-duy-logic-tai-ban-2018-p3311725.html?spid=89920491,Tiki,Mỹ phẩm,False
2429811,Tư Duy Phản Biện,81750.0,4.5,96,https://tiki.vn/tu-duy-phan-bien-p2429811.html?spid=55698170,Tiki,Mỹ phẩm,False
1914679,Sách Bí Mật Của Cảm Hứng Và Say Mê,44660.0,4.8,120,https://tiki.vn/sach-bi-mat-cua-cam-hung-va-say-me-p1914679.html?spid=1914681,Tiki,Mỹ phẩm,False
1625603,"Phụ Nữ Hiện Đại Nghĩ Giàu Và Làm Giàu - Cuốn Sách Mang Đến Kim Chỉ Nam Thành Công, Hạnh Phúc Cho Một Nửa Thế Giới",110880.0,4.8,840,https://tiki.vn/phu-nu-hien-dai-nghi-giau-va-lam-giau-cuon-sach-mang-den-kim-chi-nam-thanh-cong-hanh-phuc-cho-mot-nua-the-gioi-p1625603.html?spid=1625605,Tiki,Mỹ phẩm,False
1577283,Sách Trí Tuệ Băng Giám,112040.0,4.3,253,https://tiki.vn/sach-tri-tue-bang-giam-p1577283.html?spid=1577331,Tiki,Mỹ phẩm,False
1565657,Sách Dốc Hết Trái Tim - Cách Starbucks Xây Dựng Công Ty Bằng Từng Tách Cà Phê (Tái Bản 2018),150000.0,0.0,2,https://tiki.vn/sach-doc-het-trai-tim-cach-starbucks-xay-dung-cong-ty-bang-tung-tach-ca-phe-tai-ban-2018-p1565657.html?spid=273242008,Tiki,Mỹ phẩm,False
1352349,Sách HBR Guide To – Trình Bày Thuyết Phục (Tái Bản 2018),78400.0,4.8,888,https://tiki.vn/sach-hbr-guide-to-trinh-bay-thuyet-phuc-tai-ban-2018-p1352349.html?spid=1353077,Tiki,Mỹ phẩm,False
991941,Sách Trang Bị 101 – Những Điều Nhà Lãnh Đạo Cần Biết,70520.0,5.0,14,https://tiki.vn/sach-trang-bi-101-nhung-dieu-nha-lanh-dao-can-biet-p991941.html?spid=164092008,Tiki,Mỹ phẩm,False
558403,Sách Binh Pháp Tôn Tử Ứng Dụng Trong Cuộc Sống,230000.0,4.5,158,https://tiki.vn/sach-binh-phap-ton-tu-ung-dung-trong-cuoc-song-p558403.html?spid=1044776,Tiki,Mỹ phẩm,False
337587,Sách Bảo Mật Thông Tin Nơi Công Sở - 50 Điều Lưu Ý Để Bảo Vệ Bí Mật Cho Công Ty,30600.0,5.0,8,https://tiki.vn/sach-bao-mat-thong-tin-noi-cong-so-50-dieu-luu-y-de-bao-ve-bi-mat-cho-cong-ty-p337587.html?spid=143700570,Tiki,Mỹ phẩm,False
278737256,Sách Giáo trình Kế toán Xuất Nhập Khẩu,109800.0,0.0,4,https://tiki.vn/sach-giao-trinh-ke-toan-xuat-nhap-khau-p278737256.html?spid=278737257,Tiki,Mỹ phẩm,False
278730204,Bộ Sách Tính Hiệu Quả - Hoàng Nam Tiến: 13 Bài Giảng Của Giáo Tiến+ Quy Tắc Làm Việc Của Google+ Mục Tiêu,186000.0,0.0,0,https://tiki.vn/combo-le-tinh-hieu-qua-hoang-nam-tien-13-bai-giang-cua-giao-tien-quy-tac-lam-viec-cua-google-muc-tieu-p278730204.html?spid=278730218,Tiki,Mỹ phẩm,False
275900290,Sách Cẩm Nang Tư Duy Học Tập Và Nghiên Cứu,29900.0,4.6,42,https://tiki.vn/sach-cam-nang-tu-duy-hoc-tap-va-nghien-cuu-p275900290.html?spid=275900293,Tiki,Mỹ phẩm,False
274917137,Sách TRỢ LÝ THỜI HIỆN ĐẠI - BÍ QUYẾT THÀNH CÔNG CHO NGƯỜI LÀM TRỢ LÝ & CHUYÊN VIÊN HÀNH CHÍNH THỜI 4.0,249000.0,5.0,50,https://tiki.vn/sach-tro-ly-thoi-hien-dai-p274917137.html?spid=274917138,Tiki,Mỹ phẩm,False
274746814,"Viết Sao Cho Hay, Bán Sao Cho Chạy",318000.0,5.0,32,https://tiki.vn/viet-sao-cho-hay-ban-sao-cho-chay-p274746814.html?spid=274746815,Tiki,Mỹ phẩm,True
274544984,Những Bố Già Châu Á ( Trạm Đọc - Tái Bản 2024),169000.0,4.0,18,https://tiki.vn/nhung-bo-gia-chau-a-tram-doc-tai-ban-2024-p274544984.html?spid=274645203,Tiki,Mỹ phẩm,False
274541737,Kỹ Năng Quản Trị Học Tập (Eat That Frog! for Students) - Brian Tracy và Anna Leinberger - IRED Books,156750.0,5.0,21,https://tiki.vn/ky-nang-quan-tri-hoc-tap-eat-that-frog-for-students-brian-tracy-va-anna-leinberger-ired-books-p274541737.html?spid=274541738,Tiki,Mỹ phẩm,False
273929004,Động Lực Chèo Lái Hành Vi,118000.0,4.8,237,https://tiki.vn/dong-luc-cheo-lai-hanh-vi-p273929004.html?spid=114987710,Tiki,Mỹ phẩm,False
273134920,Sách Cú Đánh Thức Tỉnh Trí Sáng Tạo,80600.0,4.8,31,https://tiki.vn/sach-cu-danh-thuc-tinh-tri-sang-tao-p273134920.html?spid=273134923,Tiki,Mỹ phẩm,False
271218688,Sách Bộ Công Cụ Nâng Cao Hiệu Suất Làm Việc Nhóm,185000.0,5.0,138,https://tiki.vn/sach-bo-cong-cu-nang-cao-hieu-suat-lam-viec-nhom-p271218688.html?spid=271218689,Tiki,Mỹ phẩm,False
270820820,Sách - Think and grow rich - NAPONEON HILL 13 nguyên tắc nghĩ giàu và làm giàu (bìa cứng),145000.0,0.0,1,https://tiki.vn/sach-think-and-grow-rich-naponeon-hill-13-nguyen-tac-nghi-giau-va-lam-giau-bia-cung-p270820820.html?spid=275063659,Tiki,Mỹ phẩm,False
263023509,"Bản Chất Của Trưởng Nhóm - Khi Team-Work""Không Còn Là Tao-Work",131200.0,0.0,84,https://tiki.vn/ban-chat-cua-truong-nhom-khi-team-work-khong-con-la-tao-work-p263023509.html?spid=263023510,Tiki,Mỹ phẩm,False
261969114,Sách Khiến Người Khác Thay Đổi Suy Nghĩ: Nghệ Thuật Gây Ảnh Hưởng Mà Không Thao Túng,86000.0,5.0,33,https://tiki.vn/sach-khien-nguoi-khac-thay-doi-suy-nghi-nghe-thuat-gay-anh-huong-ma-khong-thao-tung-p261969114.html?spid=261969115,Tiki,Mỹ phẩm,False
248644102,Sách Tư Duy Tối Giản,92700.0,5.0,69,https://tiki.vn/sach-tu-duy-toi-gian-p248644102.html?spid=248644108,Tiki,Mỹ phẩm,False
221223552,Sách Sáng Tạo Sâu Thâu Ý Tưởng,51000.0,5.0,48,https://tiki.vn/sach-sang-tao-sau-thau-y-tuong-p221223552.html?spid=221223553,Tiki,Mỹ phẩm,False
215739378,Huy Động Vốn: Khó Mà Dễ - những kiến thức cũng như kinh nghiệm đã được đúc kết từ thực tế về huy động vốn trong khởi nghiệp,89000.0,0.0,0,https://tiki.vn/huy-dong-von-kho-ma-de-nhung-kien-thuc-cung-nhu-kinh-nghiem-da-duoc-duc-ket-tu-thuc-te-ve-huy-dong-von-trong-khoi-nghiep-p215739378.html?spid=247528140,Tiki,Mỹ phẩm,False
206837193,Sách Khách Hàng Thật Sự Cần Gì?,117000.0,4.8,310,https://tiki.vn/sach-khach-hang-that-su-can-gi-p206837193.html?spid=206837196,Tiki,Mỹ phẩm,False
202425483,"Làm Chủ Thời Gian, Nâng Cao Hiệu Suất, Thành Công Vượt Trội",84500.0,0.0,5,https://tiki.vn/lam-chu-thoi-gian-nang-cao-hieu-suat-thanh-cong-vuot-troi-p202425483.html?spid=202425484,Tiki,Mỹ phẩm,False
202028583,Sách Phân Tích Dữ Liệu Với R (Tái Bản 2022),250000.0,5.0,29,https://tiki.vn/sach-phan-tich-du-lieu-voi-r-tai-ban-2022-p202028583.html?spid=247795504,Tiki,Mỹ phẩm,False
196283632,Sách WORK WITH ME - 8 Điểm Mù Tư duy giữa nam và nữ trong công việc,90300.0,5.0,45,https://tiki.vn/sach-work-with-me-8-diem-mu-tu-duy-giua-nam-va-nu-trong-cong-viec-p196283632.html?spid=196283634,Tiki,Mỹ phẩm,False
195801642,Sách Tư Duy Sáng Tạo: Làm Chủ 6 Kỹ Năng Khơi Nguồn Đổi Mới,86000.0,5.0,89,https://tiki.vn/sach-tu-duy-sang-tao-lam-chu-6-ky-nang-khoi-nguon-doi-moi-p195801642.html?spid=195801651,Tiki,Mỹ phẩm,False
194104214,"Sách Độc Thân Không Phải ""Ế""",104000.0,5.0,54,https://tiki.vn/sach-doc-than-khong-phai-e-p194104214.html?spid=194104217,Tiki,Mỹ phẩm,False
160262893,"Giao Tiếp Bất Bạo Động (Nonviolent Communication) - Marshall B. Rosenberg, Ph.D - PACE Books",147000.0,0.0,17,https://tiki.vn/giao-tiep-bat-bao-dong-nonviolent-communication-marshall-b-rosenberg-ph-d-pace-books-p160262893.html?spid=275301600,Tiki,Mỹ phẩm,False
150869018,Nghệ Thuật Làm Việc Tuyệt Vời Của TOYOTA,112500.0,5.0,51,https://tiki.vn/nghe-thuat-lam-viec-tuyet-voi-cua-toyota-p150869018.html?spid=205986507,Tiki,Mỹ phẩm,False
107350113,Làm Chủ Bình Minh - Sống Đời Xuất Chúng,153550.0,4.7,53,https://tiki.vn/lam-chu-binh-minh-song-doi-xuat-chung-p107350113.html?spid=107350114,Tiki,Mỹ phẩm,False
75630591,Sách Người Đồng Đội Lý Tưởng,94900.0,5.0,179,https://tiki.vn/sach-nguoi-dong-doi-ly-tuong-p75630591.html?spid=75630592,Tiki,Mỹ phẩm,False
68267305,Sách Quản Lý Bằng Thiện Chí - Thực Hành,57850.0,4.0,3,https://tiki.vn/sach-quan-ly-bang-thien-chi-thuc-hanh-p68267305.html?spid=68430811,Tiki,Mỹ phẩm,False
57798819,Sách OKR - Phương Pháp Thiết Lập Mục Tiêu Và Quản Lý Công Việc Vượt Trội,96750.0,4.6,225,https://tiki.vn/sach-okr-phuong-phap-thiet-lap-muc-tieu-va-quan-ly-cong-viec-vuot-troi-p57798819.html?spid=59240035,Tiki,Mỹ phẩm,False
53693493,Sách Think And Grow Rich - 13 Nguyên Tắc Nghĩ Giàu Làm Giàu - Bìa Mềm (Tái Bản 2020),126500.0,5.0,18,https://tiki.vn/sach-think-and-grow-rich-13-nguyen-tac-nghi-giau-lam-giau-bia-mem-tai-ban-2020-p53693493.html?spid=55445052,Tiki,Mỹ phẩm,False
37407347,Sách Lấy Khách Hàng Làm Trung Tâm - Yếu Tố Phát Triển Thương Hiệu Bền Vững,98000.0,5.0,229,https://tiki.vn/sach-lay-khach-hang-lam-trung-tam-yeu-to-phat-trien-thuong-hieu-ben-vung-p37407347.html?spid=37407348,Tiki,Mỹ phẩm,False
11221400,Sách Đam Mê - Bí Quyết Tạo Thành Công (Tái Bản 2019),58520.0,4.7,806,https://tiki.vn/sach-dam-me-bi-quyet-tao-thanh-cong-tai-ban-2019-p11221400.html?spid=11221401,Tiki,Mỹ phẩm,False
8840449,Sách Nguyên Tắc Kinh Doanh Của Brian Tracy,111750.0,5.0,55,https://tiki.vn/sach-nguyen-tac-kinh-doanh-cua-brian-tracy-p8840449.html?spid=55704558,Tiki,Mỹ phẩm,False
5503097,Sách Harvard Business Review - On Innovation - Đổi Mới Sáng Tạo,139300.0,4.2,1097,https://tiki.vn/sach-harvard-business-review-on-innovation-doi-moi-sang-tao-p5503097.html?spid=5503099,Tiki,Mỹ phẩm,False
5503093,Sách Harvard Business Review - ON COMMUNICATION - Truyền Thông Giao Tiếp,143700.0,4.5,1239,https://tiki.vn/sach-harvard-business-review-on-communication-truyen-thong-giao-tiep-p5503093.html?spid=5503095,Tiki,Mỹ phẩm,False
5503089,Sách Harvard Business Review - ON STRATEGIC MARKETING - Marketing Chiến Lược,141400.0,4.3,1405,https://tiki.vn/sach-harvard-business-review-on-strategic-marketing-marketing-chien-luoc-p5503089.html?spid=5503091,Tiki,Mỹ phẩm,False
2128471,Sách Hoàn Thành Mọi Việc Không Hề Khó (Tái Bản),160000.0,5.0,66,https://tiki.vn/sach-hoan-thanh-moi-viec-khong-he-kho-tai-ban-p2128471.html?spid=59565112,Tiki,Mỹ phẩm,False
2111643,Sách Chuẩn Bị Để Thăng Tiến Trong Sự Nghiệp,103000.0,4.5,228,https://tiki.vn/sach-chuan-bi-de-thang-tien-trong-su-nghiep-p2111643.html?spid=2111645,Tiki,Mỹ phẩm,False
2027775,Sách Những Người Thành Công Nhất Làm Gì Trước Bữa Sáng? (Tái Bản),60500.0,4.5,471,https://tiki.vn/sach-nhung-nguoi-thanh-cong-nhat-lam-gi-truoc-bua-sang-tai-ban-p2027775.html?spid=2027833,Tiki,Mỹ phẩm,False
927193,Sách 101 Mẹo Đối Phó Với Sếp,59000.0,4.5,263,https://tiki.vn/sach-101-meo-doi-pho-voi-sep-p927193.html?spid=1100094,Tiki,Mỹ phẩm,False
602458,Sách Tư Duy Logic,106350.0,0.0,11,https://tiki.vn/sach-tu-duy-logic-p602458.html?spid=11584631,Tiki,Mỹ phẩm,False
279106463,Ngân hàng số - Nguyễn Quang Lộc - TH189,159000.0,0.0,2,https://tiki.vn/ngan-hang-so-nguyen-quang-loc-th189-p279106463.html?spid=279106464,Tiki,Mỹ phẩm,False
278961379,KỸ THUẬT AI: XÂY DỰNG ỨNG DỤNG VỚI MÔ HÌNH NỀN TẢNG - CHIP HUYEN - Dịch giả: Lê Thành Hưng - Times Book,555000.0,0.0,17,https://tiki.vn/ky-thuat-ai-xay-dung-ung-dung-voi-mo-hinh-nen-tang-chip-huyen-dich-gia-le-thanh-hung-times-book-p278961379.html?spid=278961380,Tiki,Mỹ phẩm,True
278029327,Sách DeepSeek Thực Chiến,125000.0,0.0,43,https://tiki.vn/sach-deepseek-thuc-chien-p278029327.html?spid=278029328,Tiki,Mỹ phẩm,False
277702259,Sách Brand Storytelling - Tư duy thiết kế trong kể chuyện thương hiệu,133000.0,5.0,64,https://tiki.vn/sach-brand-storytelling-tu-duy-thiet-ke-trong-ke-chuyen-thuong-hieu-p277702259.html?spid=277702260,Tiki,Mỹ phẩm,False
277320529,"Sách - Quản Lý Bất Động Sản Cho Thuê - Tìm Kiếm, Sàng Lọc Và Quản Lý Người Thuê Nhẹ Nhàng Hơn Với Tối Đa Lợi Nhuận - NXB Xây Dựng",545000.0,0.0,1,https://tiki.vn/sach-quan-ly-bat-dong-san-cho-thue-tim-kiem-sang-loc-va-quan-ly-nguoi-thue-nhe-nhang-hon-voi-toi-da-loi-nhuan-nxb-xay-dung-p277320529.html?spid=279333105,Tiki,Mỹ phẩm,True
276375233,"Sách Data Analysis Quyển 2, Ứng Dụng Thực Tế, Kèm Video Hướng Dẫn Thành Thạo Sau 30 Ngày",219000.0,5.0,19,https://tiki.vn/sach-data-analysis-quyen-2-ung-dung-thuc-te-kem-video-huong-dan-thanh-thao-sau-30-ngay-p276375233.html?spid=276375234,Tiki,Mỹ phẩm,False
274587895,Kỹ Năng Quản Trị Học Tập - Dành Cho Học Sinh Và Sinh Viên,140250.0,0.0,0,https://tiki.vn/ky-nang-quan-tri-hoc-tap-p274587895.html?spid=274610555,Tiki,Mỹ phẩm,False
274145492,Sách Bàn Về Đam Mê,137000.0,5.0,25,https://tiki.vn/sach-ban-ve-dam-me-p274145492.html?spid=274145496,Tiki,Mỹ phẩm,False
272999616,Hướng Dẫn Xây Kênh Podcast Từ A - Z,137760.0,5.0,13,https://tiki.vn/huong-dan-xay-kenh-podcast-tu-a-z-p272999616.html?spid=272999617,Tiki,Mỹ phẩm,False
272349549,Sách Chiến lược bứt phá từ MCKINSEY & COMPANY,138600.0,5.0,153,https://tiki.vn/sach-chien-luoc-but-pha-tu-mckinsey-company-p272349549.html?spid=272349550,Tiki,Mỹ phẩm,False
262687940,Nâng tầm dịch vụ ( tái bản 2023),150000.0,0.0,3,https://tiki.vn/nang-tam-dich-vu-tai-ban-2023-p262687940.html?spid=274107414,Tiki,Mỹ phẩm,False
252563291,Vị Giám Đốc Một Phút,58000.0,0.0,0,https://tiki.vn/vi-giam-doc-mot-phut-p252563291.html?spid=270670146,Tiki,Mỹ phẩm,False
251256195,NHỮNG QUY TẮC TƯ DUY,118000.0,0.0,3,https://tiki.vn/nhung-quy-tac-tu-duy-p251256195.html?spid=275969442,Tiki,Mỹ phẩm,False
195192251,Quản Trị Nhân Sự Đúng - The Big Book Of HR,237100.0,0.0,3,https://tiki.vn/quan-tri-nhan-su-dung-the-big-book-of-hr-p195192251.html?spid=195192252,Tiki,Mỹ phẩm,False
192909302,Sách Mỗi Ngày Tiết Kiệm Một Giờ,57000.0,5.0,343,https://tiki.vn/sach-moi-ngay-tiet-kiem-mot-gio-p192909302.html?spid=192909303,Tiki,Mỹ phẩm,False
174586732,"OKRs - Hiểu Đúng, Làm Đúng (Mai Xuân Đạt)",239000.0,0.0,2,https://tiki.vn/okrs-hieu-dung-lam-dung-mai-xuan-dat-p174586732.html?spid=179367801,Tiki,Mỹ phẩm,False
148856051,BIZBOOKS - Sách Tối Đa Hoá Hiệu Suất Công Việc - Việc 12 Tháng Làm Trong 12 Tuần - MinhAnBooks,138580.0,4.8,81,https://tiki.vn/bizbooks-sach-toi-da-hoa-hieu-suat-cong-viec-viec-12-thang-lam-trong-12-tuan-minhanbooks-p148856051.html?spid=153416218,Tiki,Mỹ phẩm,False
106186736,Sách Những Vị Thần Quản Lý,126750.0,5.0,102,https://tiki.vn/sach-nhung-vi-than-quan-ly-p106186736.html?spid=106186742,Tiki,Mỹ phẩm,False
100931416,Bắt Đầu Với Câu Hỏi Tại Sao - Nghệ Thuật Truyền Cảm Hứng Trong Kinh Doanh (Tái Bản),99330.0,4.7,48,https://tiki.vn/bat-dau-voi-cau-hoi-tai-sao-nghe-thuat-truyen-cam-hung-trong-kinh-doanh-tai-ban-p100931416.html?spid=160081089,Tiki,Mỹ phẩm,False
77231614, Sách - Kỹ Năng Sáng Tạo Trong Làm Việc Nhóm,110000.0,0.0,0,https://tiki.vn/sach-ky-nang-sang-tao-trong-lam-viec-nhom-p77231614.html?spid=277050620,Tiki,Mỹ phẩm,False
76217401,Sách Kỹ Năng Giao Tiếp Và Tác Phong Nơi Công Sở,99000.0,5.0,1,https://tiki.vn/sach-ky-nang-giao-tiep-va-tac-phong-noi-cong-so-p76217401.html?spid=274779492,Tiki,Mỹ phẩm,False
75627527,Tối đa hóa hiệu suất công việc - Việc 12 tháng làm trong 12 tuần,130130.0,5.0,27,https://tiki.vn/toi-da-hoa-hieu-suat-cong-viec-viec-12-thang-lam-trong-12-tuan-p75627527.html?spid=277775256,Tiki,Mỹ phẩm,False
74628435,Quái Kiệt Làm Điều Khác Biệt,126000.0,5.0,29,https://tiki.vn/quai-kiet-lam-dieu-khac-biet-p74628435.html?spid=74793638,Tiki,Mỹ phẩm,False
59077389,Sách Khí Phách Nữ Nhân Nơi Công Sở,64000.0,5.0,34,https://tiki.vn/sach-khi-phach-nu-nhan-noi-cong-so-p59077389.html?spid=59300567,Tiki,Mỹ phẩm,False
58696238,Sách Giải Mã Hành Vi – Bắt Gọn Tâm Lý (23 Thủ Thuật Nhìn Thấu Tâm Lý Đối Phương),109725.0,4.7,746,https://tiki.vn/sach-giai-ma-hanh-vi-bat-gon-tam-ly-23-thu-thuat-nhin-thau-tam-ly-doi-phuong-p58696238.html?spid=58696239,Tiki,Mỹ phẩm,False
58616753,Sách Quản Lý Chiến Lược,70400.0,5.0,196,https://tiki.vn/sach-quan-ly-chien-luoc-p58616753.html?spid=58616754,Tiki,Mỹ phẩm,False
57766321,Sách Businessbooks - Kỹ Năng Bán Hàng Đỉnh Cao,70000.0,4.3,52,https://tiki.vn/sach-businessbooks-ky-nang-ban-hang-dinh-cao-p57766321.html?spid=57766323,Tiki,Mỹ phẩm,False
47273271,Sách Inbound Selling - Thay Đổi Phương Thức Bán Hàng Theo Mô Hình Inbound,121660.0,4.8,393,https://tiki.vn/sach-inbound-selling-thay-doi-phuong-thuc-ban-hang-theo-mo-hinh-inbound-p47273271.html?spid=47273272,Tiki,Mỹ phẩm,False
41093465,Cuốn Sách Kỹ Năng Làm Việc Cực Hay: Data Strategy - Chiến Lược Dữ Liệu / Tặng Kèm Bookmark Thiết Kế Happy Life,142200.0,3.5,16,https://tiki.vn/cuon-sach-ky-nang-lam-viec-cuc-hay-data-strategy-chien-luoc-du-lieu-tang-kem-bookmark-thiet-ke-happy-life-p41093465.html?spid=112535595,Tiki,Mỹ phẩm,False
35855829,Sách Inbound PR - Dịch Chuyển Hoạt Động Theo Mô Hình Inbound,83160.0,4.6,415,https://tiki.vn/sach-inbound-pr-dich-chuyen-hoat-dong-theo-mo-hinh-inbound-p35855829.html?spid=35855830,Tiki,Mỹ phẩm,False
32314553,"Không Đọc Sách Này, Vẽ Xấu Ráng Chịu !",88000.0,4.7,994,https://tiki.vn/khong-doc-sach-nay-ve-xau-rang-chiu-p32314553.html?spid=32314554,Tiki,Mỹ phẩm,False
31207517,Nghệ Thuật Tư Duy Chiến Lược (Tặng Tickbook đặc biệt),203000.0,4.7,136,https://tiki.vn/nghe-thuat-tu-duy-chien-luoc-tang-tickbook-dac-biet-p31207517.html?spid=68985700,Tiki,Mỹ phẩm,False
31088842,Combo Warren Buffett - Quá Trình Hình Thành Một Nhà Tư Bản Mỹ + Warren Buffett - Nhà Đầu Tư Vĩ Đại Nhất Thế Giới Dưới Góc Nhìn Truyền Thông + Những Bài Học Đầu Tư Từ Warren Buffett +Phương Pháp Đầu Tư Warren Buffett,791500.0,4.8,43,https://tiki.vn/combo-warren-buffett-qua-trinh-hinh-thanh-mot-nha-tu-ban-my-warren-buffett-nha-dau-tu-vi-dai-nhat-the-gioi-duoi-goc-nhin-truyen-thong-nhung-bai-hoc-dau-tu-tu-warren-buffett-phuong-phap-dau-tu-warren-buffett-p31088842.html?spid=36843636,Tiki,Mỹ phẩm,True
8047926,Combo Sách Thịnh Vượng Tài Chính Tuổi 30 (Trọn bộ 2 Tập) ,190250.0,4.8,504,https://tiki.vn/combo-sach-thinh-vuong-tai-chinh-tuoi-30-tron-bo-2-tap-p8047926.html?spid=12543654,Tiki,Mỹ phẩm,False
5400025,Sách Để Trở Thành Nhà Lãnh Đạo Quần Chúng Xuất Sắc,74800.0,5.0,39,https://tiki.vn/sach-de-tro-thanh-nha-lanh-dao-quan-chung-xuat-sac-p5400025.html?spid=20490794,Tiki,Mỹ phẩm,False
1665307,Sách MBA Căn Bản,141750.0,4.8,204,https://tiki.vn/sach-mba-can-ban-p1665307.html?spid=99621330,Tiki,Mỹ phẩm,False
1352353,"Sách Gieo Thói Quen Nhỏ, Gặt Thành Công Lớn (Tái Bản 2018)",84000.0,5.0,166,https://tiki.vn/sach-gieo-thoi-quen-nho-gat-thanh-cong-lon-tai-ban-2018-p1352353.html?spid=88962574,Tiki,Mỹ phẩm,False
452629,Sách Đắc Nhân Tâm (Bìa Cứng),79020.0,0.0,0,https://tiki.vn/sach-dac-nhan-tam-bia-cung-p452629.html?spid=274018474,Tiki,Mỹ phẩm,False
438031,Sách Bản Đồ Tư Duy Trong Thuyết Trình,75600.0,0.0,0,https://tiki.vn/sach-ban-do-tu-duy-trong-thuyet-trinh-p438031.html?spid=278319996,Tiki,Mỹ phẩm,False
345391,Sách Năng Đoạn Kim Cương (Tái Bản),149000.0,0.0,0,https://tiki.vn/sach-nang-doan-kim-cuong-tai-ban-p345391.html?spid=196230640,Tiki,Mỹ phẩm,False
279370538,Sách nâng cao hiệu suất làm việc: Việc 12 Tháng Làm Trong 12 Tuần + Master Your Life +  Hãy Làm Việc Thông Minh,103360.0,0.0,0,https://tiki.vn/sach-nang-cao-hieu-suat-lam-viec-viec-12-thang-lam-trong-12-tuan-master-your-life-hay-lam-viec-thong-minh-p279370538.html?spid=279370653,Tiki,Mỹ phẩm,False
279310255,Tổ chức và Quản trị Sự kiện,241200.0,0.0,4,https://tiki.vn/to-chuc-va-quan-tri-su-kien-p279310255.html?spid=279310256,Tiki,Mỹ phẩm,False
279308077,Đam Mê - Bí Quyết Tạo Thành Công,76000.0,0.0,0,https://tiki.vn/dam-me-bi-quyet-tao-thanh-cong-p279308077.html?spid=279308078,Tiki,Mỹ phẩm,False
278894454,Nghệ Thuật Ra Quyết Định,90400.0,0.0,3,https://tiki.vn/nghe-thuat-ra-quyet-dinh-p278894454.html?spid=278917042,Tiki,Mỹ phẩm,False
278729989,Kiếm Tiền Cùng ChatGPT - Phân Tích Dữ Liệu,152000.0,0.0,13,https://tiki.vn/kiem-tien-cung-chatgpt-phan-tich-du-lieu-p278729989.html?spid=278729990,Tiki,Mỹ phẩm,False
278357224,Chỉ Đạo Nghệ Thuật Dành Cho Đạo Diễn,360000.0,0.0,0,https://tiki.vn/chi-dao-nghe-thuat-danh-cho-dao-dien-p278357224.html?spid=278813448,Tiki,Mỹ phẩm,True
277921250,Thuật Sinh Tồn Thời AI - Vanlangbooks,108360.0,0.0,2,https://tiki.vn/thuat-sinh-ton-thoi-ai-vanlangbooks-p277921250.html?spid=277921251,Tiki,Mỹ phẩm,False
277910852,Work Clean - Phương Pháp Tổ Chức Công Việc Và Đời Sống Như Một Đầu Bếp Chuyên Nghiệp,198000.0,0.0,2,https://tiki.vn/work-clean-phuong-phap-to-chuc-cong-viec-va-doi-song-nhu-mot-dau-bep-chuyen-nghiep-p277910852.html?spid=277910853,Tiki,Mỹ phẩm,False
277370135,Combo 5 cuốn: Chat GPT + Chat GPT Thực Chiến + AI 5.0 + The AI Edge + AI Công Cụ Nâng Cao Hiệu Suất Công Việc,599900.0,5.0,70,https://tiki.vn/combo-5-cuon-chat-gpt-chat-gpt-thuc-chien-ai-5-0-the-ai-edge-ai-cong-cu-nang-cao-hieu-suat-cong-viec-p277370135.html?spid=277480642,Tiki,Mỹ phẩm,True
277347624,Bộ Sách 11 Cuốn Bí Quyết Thành Công Cùng Brian Tracy- Alpha Books,67000.0,0.0,0,https://tiki.vn/bo-sach-11-cuon-bi-quyet-thanh-cong-cung-brian-tracy-alpha-books-p277347624.html?spid=277347628,Tiki,Mỹ phẩm,False
277005554,Sách - 7 Thói Quen Hiệu Quả - Stephen Covey,250000.0,0.0,2,https://tiki.vn/sach-7-thoi-quen-hieu-qua-stephen-covey-p277005554.html?spid=277005555,Tiki,Mỹ phẩm,False
273718975,"Gieo Thói Quen Nhỏ, Gặt Thành Công Lớn",84000.0,5.0,23,https://tiki.vn/gieo-thoi-quen-nho-gat-thanh-cong-lon-p273718975.html?spid=87902221,Tiki,Mỹ phẩm,False
273655430,Trạm Đọc Official |  Phù Thủy Sàn Chứng Khoán (Thế Hệ Mới),220000.0,5.0,4,https://tiki.vn/tram-doc-official-phu-thuy-san-chung-khoan-the-he-moi-p273655430.html?spid=274826244,Tiki,Mỹ phẩm,False
273623136,Sách Hồi Ký Phóng Viên Chiến Trường,176000.0,3.7,39,https://tiki.vn/sach-hoi-ky-phong-vien-chien-truong-p273623136.html?spid=273623139,Tiki,Mỹ phẩm,False
272438306,Kỹ Năng Phát Triển Bản Thân Trong Công Việc,84500.0,0.0,2,https://tiki.vn/ky-nang-phat-trien-ban-than-trong-cong-viec-p272438306.html?spid=272438307,Tiki,Mỹ phẩm,False
263053851,"Sách NHỮNG NGÀY CUỐI CÙNG CỦA KHỦNG LONG: Thiên Thạch, Sự Tuyệt Chủng Và Khởi Đầu Của Thế Giới Chúng Ta",83400.0,5.0,49,https://tiki.vn/sach-nhung-ngay-cuoi-cung-cua-khung-long-thien-thach-su-tuyet-chung-va-khoi-dau-cua-the-gioi-chung-ta-p263053851.html?spid=263053852,Tiki,Mỹ phẩm,False
247264755,Những Đòn Tâm Lý Trong Thuyết Phục,194000.0,0.0,1,https://tiki.vn/nhung-don-tam-ly-trong-thuyet-phuc-p247264755.html?spid=262725461,Tiki,Mỹ phẩm,False
217186745,Sách Một Chủ Nghĩa Tư Bản Vì Lợi Ích Của Tất Cả Các Bên,190500.0,4.7,82,https://tiki.vn/sach-mot-chu-nghia-tu-ban-vi-loi-ich-cua-tat-ca-cac-ben-p217186745.html?spid=217186746,Tiki,Mỹ phẩm,False
210943157,Tư Duy Thiết Kế Cho Đổi Mới Sáng Tạo Chiến Lược ,280000.0,0.0,23,https://tiki.vn/tu-duy-thiet-ke-cho-doi-moi-sang-tao-chien-luoc-p210943157.html?spid=212934271,Tiki,Mỹ phẩm,False
197655117,Sách Bản Đồ Tư Duy Trong Quản Lý Thời Gian (Tái bản 2022),62300.0,4.3,94,https://tiki.vn/sach-ban-do-tu-duy-trong-quan-ly-thoi-gian-tai-ban-2022-p197655117.html?spid=197655119,Tiki,Mỹ phẩm,False
196284170,Sách Bí Kíp Chống Tụt MOOD,84700.0,4.8,476,https://tiki.vn/sach-bi-kip-chong-tut-mood-p196284170.html?spid=196284171,Tiki,Mỹ phẩm,False
194033659,HBR OnPoint 2022 - Combo 3 Cuốn Phát Triển Sự Nghiệp (Kỳ 2),685000.0,5.0,28,https://tiki.vn/hbr-onpoint-2022-combo-3-cuon-phat-trien-su-nghiep-ky-2-p194033659.html?spid=194134335,Tiki,Mỹ phẩm,True
187642221,Nghệ thuật xây dựng thương hiệu cá nhân,141750.0,4.5,194,https://tiki.vn/nghe-thuat-xay-dung-thuong-hieu-ca-nhan-p187642221.html?spid=187642222,Tiki,Mỹ phẩm,False
183233661,Ai Che Lưng Cho Bạn,140000.0,0.0,0,https://tiki.vn/ai-che-lung-cho-ban-p183233661.html?spid=273290399,Tiki,Mỹ phẩm,False
173347859,Sách Thiết Kế Sự Nghiệp Tương Lai,65400.0,4.7,108,https://tiki.vn/sach-thiet-ke-su-nghiep-tuong-lai-p173347859.html?spid=173347860,Tiki,Mỹ phẩm,False
163661511,"Think And Grow Rich - 13 Nguyên Tắc Nghĩ Giàu, Làm Giàu (Tái Bản)- Free Bookcare",125000.0,0.0,3,https://tiki.vn/think-and-grow-rich-13-nguyen-tac-nghi-giau-lam-giau-tai-ban-free-bookcare-p163661511.html?spid=241736397,Tiki,Mỹ phẩm,False
152920362,Data Story-telling - Nghệ Thuật Kể Chuyện Bằng Dữ Liệu ,169000.0,4.8,54,https://tiki.vn/data-story-telling-nghe-thuat-ke-chuyen-bang-du-lieu-p152920362.html?spid=155111518,Tiki,Mỹ phẩm,False
129381098,Sách Tiếp Thị 5.0: Công Nghệ Vị Nhân Sinh,100000.0,5.0,4280,https://tiki.vn/sach-tiep-thi-5-0-cong-nghe-vi-nhan-sinh-p129381098.html?spid=129381099,Tiki,Mỹ phẩm,False
74173572,Sách Để Trở Thành Người Bán Hàng Xuất Sắc (Tái Bản),52360.0,4.7,586,https://tiki.vn/sach-de-tro-thanh-nguoi-ban-hang-xuat-sac-tai-ban-p74173572.html?spid=74173573,Tiki,Mỹ phẩm,False
72680632,Sách Năng Lực Tìm Kiếm,63700.0,4.8,5859,https://tiki.vn/sach-nang-luc-tim-kiem-p72680632.html?spid=72680633,Tiki,Mỹ phẩm,False
58268249,Sách Phụ Nữ Lãnh Đạo Bằng Yêu Thương (Tái Bản 2020),94400.0,5.0,142,https://tiki.vn/sach-phu-nu-lanh-dao-bang-yeu-thuong-tai-ban-2020-p58268249.html?spid=58268250,Tiki,Mỹ phẩm,False
48873337,Sách Dẫn Dắt Sự Thay Đổi (Tái Bản),118000.0,5.0,138,https://tiki.vn/sach-dan-dat-su-thay-doi-tai-ban-2020-p48873337.html?spid=51372840,Tiki,Mỹ phẩm,False
38436478,Sách Cú Hích (Tái Bản),99000.0,4.0,2,https://tiki.vn/sach-cu-hich-tai-ban-p38436478.html?spid=263655685,Tiki,Mỹ phẩm,False
19774808,"Sách Làm Giàu Theo Cách ""Bá Đạo""",81900.0,4.6,363,https://tiki.vn/sach-lam-giau-theo-cach-ba-dao-p19774808.html?spid=19774809,Tiki,Mỹ phẩm,False
5494043,Sách Kiến Tạo Doanh Nghiệp Ưu Việt,181900.0,4.2,387,https://tiki.vn/sach-kien-tao-doanh-nghiep-uu-viet-p5494043.html?spid=5495277,Tiki,Mỹ phẩm,False
1738467,Sách Thuật Marketing (Tái Bản 2018),84000.0,4.0,26,https://tiki.vn/sach-thuat-marketing-tai-ban-2018-p1738467.html?spid=70772889,Tiki,Mỹ phẩm,False
1660831,Sách 13 Nguyên Tắc Nghĩ Giàu Làm Giàu - Think And Grow Rich (Tái Bản),132000.0,4.3,43,https://tiki.vn/sach-13-nguyen-tac-nghi-giau-lam-giau-think-and-grow-rich-tai-ban-p1660831.html?spid=205927557,Tiki,Mỹ phẩm,False
1019478,Sách Tâm Thư Nhà Doanh Nghiệp,138100.0,5.0,134,https://tiki.vn/sach-tam-thu-nha-doanh-nghiep-p1019478.html?spid=1019480,Tiki,Mỹ phẩm,False
992007,Sách Làm Việc Nhóm 101 – Những Điều Nhà Lãnh Đạo Cần Biết,70520.0,5.0,93,https://tiki.vn/sach-lam-viec-nhom-101-nhung-dieu-nha-lanh-dao-can-biet-p992007.html?spid=164091981,Tiki,Mỹ phẩm,False
335936,Sách Những Nguyên Tắc Thành Công - Vươn Tới Đỉnh Cao Từ Xuất Phát Điểm Hiện Tại,138350.0,5.0,45,https://tiki.vn/sach-nhung-nguyen-tac-thanh-cong-vuon-toi-dinh-cao-tu-xuat-phat-diem-hien-tai-p335936.html?spid=34737982,Tiki,Mỹ phẩm,False
279349841,AI Thực Chiến Trong Công Việc,171750.0,0.0,1,https://tiki.vn/ai-thuc-chien-trong-cong-viec-p279349841.html?spid=279349842,Tiki,Mỹ phẩm,False
278838021,Flashcard Chìa Khóa Khai Vấn - 48 Tình Huống Coaching Thực Tế Giúp Đội Ngũ Tự Tìm Ra Giải Pháp,179000.0,0.0,0,https://tiki.vn/flashcard-chia-khoa-khai-van-48-tinh-huong-coaching-thuc-te-giup-doi-ngu-tu-tim-ra-giai-phap-p278838021.html?spid=278838022,Tiki,Mỹ phẩm,False
278837915,Flashcard Tư Duy Phản Biện - Rèn Luyện Tư Duy Khác Biệt Và Logic,179000.0,0.0,0,https://tiki.vn/flashcard-tu-duy-phan-bien-ren-luyen-tu-duy-khac-biet-va-logic-p278837915.html?spid=278837916,Tiki,Mỹ phẩm,False
278813765,Sách  Tư Duy Màu Sắc Trong Thiết Kế - Hướng Dẫn Dùng Màu Sắc Trong Thiết Kế Đồ Họa - SKU: 9786320200535 Nhà sản xuất: Artbook - là một cẩm nang thiết yếu dành cho các nhà thiết kế đồ họa muốn làm chủ việc sử dụng màu sắc trong các dự án chuyên nghiệp.,500000.0,5.0,11,https://tiki.vn/sach-tu-duy-mau-sac-trong-thiet-ke-huong-dan-dung-mau-sac-trong-thiet-ke-do-hoa-sku-9786320200535-nha-san-xuat-artbook-la-mot-cam-nang-thiet-yeu-danh-cho-cac-nha-thiet-ke-do-hoa-muon-lam-chu-viec-su-dung-mau-sac-trong-cac-du-an-chuyen-nghiep-p278813765.html?spid=278813766,Tiki,Mỹ phẩm,True
278035266,Sách Kỹ Năng Tư Duy Thực Chiến,108300.0,5.0,16,https://tiki.vn/sach-ky-nang-tu-duy-thuc-chien-p278035266.html?spid=278035267,Tiki,Mỹ phẩm,False
277521144,Combo 2 cuốn: Nghệ Thuật Kể Chuyện Bằng Hình Ảnh + Kiếm Tiền Bằng Video Ngắn,298500.0,5.0,5,https://tiki.vn/combo-2-cuon-nghe-thuat-ke-chuyen-bang-hinh-anh-kiem-tien-bang-video-ngan-p277521144.html?spid=277521145,Tiki,Mỹ phẩm,True
277416552,Sách AI tạo sinh: 100 ứng dụng thay đổi xã hội - kinh doanh (NXB4T),415000.0,0.0,3,https://tiki.vn/sach-ai-tao-sinh-100-ung-dung-thay-doi-xa-hoi-kinh-doanh-nxb4t-p277416552.html?spid=277416553,Tiki,Mỹ phẩm,True
277327216,DÁM LÀM: Những Bài Học Về Lãnh Đạo Của Tôi Tại GE – Jeff Immelt – Nguyễn Thị Kim Ngọc dịch – NXB Trẻ,195000.0,0.0,0,https://tiki.vn/dam-lam-nhung-bai-hoc-ve-lanh-dao-cua-toi-tai-ge-jeff-immelt-nguyen-thi-kim-ngoc-dich-nxb-tre-p277327216.html?spid=277341628,Tiki,Mỹ phẩm,False
275952072,Sách - Chat GPT Thực Chiến - Sử Dụng AI Hiệu Quả Trong Sáng Tạo Nội Dung Marketing,126750.0,4.5,77,https://tiki.vn/sach-chat-gpt-thuc-chien-su-dung-ai-hieu-qua-trong-sang-tao-noi-dung-marketing-p275952072.html?spid=275952073,Tiki,Mỹ phẩm,False
275504439,Ứng Dụng Công Nghệ Trong Quản Lý Nhân Sự - Rohit Bhargava (bìa mềm),119250.0,0.0,3,https://tiki.vn/ung-dung-cong-nghe-trong-quan-ly-nhan-su-rohit-bhargava-bia-mem-p275504439.html?spid=275578500,Tiki,Mỹ phẩm,False
273394784,Sách Thành thạo Canva trong 21 ngày - Richdad Loc,199000.0,4.6,344,https://tiki.vn/sach-thanh-thao-canva-trong-21-ngay-richdad-loc-p273394784.html?spid=273394785,Tiki,Mỹ phẩm,False
272462976,45 Giây Tạo Nên Thay Đổi: Thấu Hiểu Tiếp Thị Mạng Lưới (Tái Bản 2023),80000.0,0.0,4,https://tiki.vn/45-giay-tao-nen-thay-doi-thau-hieu-tiep-thi-mang-luoi-tai-ban-2023-p272462976.html?spid=272462977,Tiki,Mỹ phẩm,False
272438351,Cách Người Nhật Quản Lý Hiệu Suất Công Việc,111750.0,0.0,14,https://tiki.vn/cach-nguoi-nhat-quan-ly-hieu-suat-cong-viec-p272438351.html?spid=272882144,Tiki,Mỹ phẩm,False
272405379,Sách Phương Pháp Quản Lý Hiệu Suất Công Việc Của Người Nhật,67500.0,0.0,43,https://tiki.vn/sach-phuong-phap-quan-ly-hieu-suat-cong-viec-cua-nguoi-nhat-p272405379.html?spid=272405383,Tiki,Mỹ phẩm,False
261798871,Tất tần tật về quản lý dự án,119000.0,0.0,0,https://tiki.vn/tat-tan-tat-ve-quan-ly-du-an-p261798871.html?spid=261953050,Tiki,Mỹ phẩm,False
253304132,Người nam châm,79000.0,0.0,0,https://tiki.vn/nguoi-nam-cham-p253304132.html?spid=274589759,Tiki,Mỹ phẩm,False
247322750,Công ước quốc tế về chuyên chở hàng hóa bằng đường biển và vấn đề gia nhập củaViệt Nam (Sách chuyên khảo),70000.0,0.0,8,https://tiki.vn/cong-uoc-quoc-te-ve-chuyen-cho-hang-hoa-bang-duong-bien-va-van-de-gia-nhap-cuaviet-nam-sach-chuyen-khao-p247322750.html?spid=247322751,Tiki,Mỹ phẩm,False
221229414,Sách Cùng Dale Carnegie Tiến Tới Thành Công - Đứng Dậy Lần Nữa (Những Bài Học Về Tạo Dựng Thành Công,48750.0,0.0,24,https://tiki.vn/sach-cung-dale-carnegie-tien-toi-thanh-cong-dung-day-lan-nua-nhung-bai-hoc-ve-tao-dung-thanh-cong-p221229414.html?spid=221229415,Tiki,Mỹ phẩm,False
216406416,Văn Hóa Trong Tổ Chức - Cách Để Tạo Ra Một Nơi Mà Mọi Người Thích Làm Việc - ML,110000.0,5.0,3,https://tiki.vn/van-hoa-trong-to-chuc-cach-de-tao-ra-mot-noi-ma-moi-nguoi-thich-lam-viec-ml-p216406416.html?spid=216406417,Tiki,Mỹ phẩm,False
201794648,HBR On Point - Sức Bật Trong Sự Nghiệp.,228000.0,5.0,37,https://tiki.vn/hbr-on-point-suc-bat-trong-su-nghiep-p201794648.html?spid=201794649,Tiki,Mỹ phẩm,False
190467246,"Lập, thẩm định phê duyệt, quản lý & điều hành dự án đầu tư xây dựng (Tái bản lần thứ 1, có sửa chữa bổ sung)",399000.0,5.0,10,https://tiki.vn/lap-tham-dinh-phe-duyet-quan-ly-dieu-hanh-du-an-dau-tu-xay-dung-tai-ban-lan-thu-1-co-sua-chua-bo-sung-p190467246.html?spid=191807691,Tiki,Mỹ phẩm,True
146085239,Nhà Đầu Tư Thông Minh (Tái Bản 2020) Tặng bookmark Vadata,282350.0,0.0,2,https://tiki.vn/nha-dau-tu-thong-minh-tai-ban-2020-tang-bookmark-vadata-p146085239.html?spid=170359952,Tiki,Mỹ phẩm,False
109776146,Sách - HBR OnPoint 2021- Quý I - Quản Lý Xuyên Khủng Hoảng (Combo 3 cuốn),597000.0,0.0,0,https://tiki.vn/sach-hbr-onpoint-2021-quy-i-quan-ly-xuyen-khung-hoang-combo-3-cuon-p109776146.html?spid=258929243,Tiki,Mỹ phẩm,True
55636789,Sách Tư Duy Amazon - 50 ½ Ý Tưởng Để Dẫn Đầu Ngành Công Nghệ,102700.0,4.8,226,https://tiki.vn/sach-tu-duy-amazon-50-y-tuong-de-dan-dau-nganh-cong-nghe-p55636789.html?spid=56069742,Tiki,Mỹ phẩm,False
52399985,Sách Quản Lý Thời Gian Thông Minh Của Người Thành Đạt: Bí Quyết Thành Công Của Triệu Phú Anh,120000.0,4.8,2900,https://tiki.vn/sach-quan-ly-thoi-gian-thong-minh-cua-nguoi-thanh-dat-bi-quyet-thanh-cong-cua-trieu-phu-anh-p52399985.html?spid=54056011,Tiki,Mỹ phẩm,False
37699900,Sách 13 Nguyên Tắc Nghĩ Giàu Làm Giàu - Think And Grow Rich (Tái Bản 2019),139000.0,5.0,450,https://tiki.vn/sach-13-nguyen-tac-nghi-giau-lam-giau-think-and-grow-rich-tai-ban-2019-p37699900.html?spid=48610089,Tiki,Mỹ phẩm,False
37686038,Phương Thức Toyota - Câu Chuyện Về Đội Nhóm Tuyệt Đật Đã Làm Nên Thành Công Của Toyota - Tặng Kèm Sổ Tay,199000.0,0.0,1,https://tiki.vn/phuong-thuc-toyota-cau-chuyen-ve-doi-nhom-tuyet-dat-da-lam-nen-thanh-cong-cua-toyota-tang-kem-so-tay-p37686038.html?spid=272298605,Tiki,Mỹ phẩm,False
32899051,Giới Siêu Giàu Châu Á 1 - Siêu Giàu ( Tặng Bookmark Tuyệt Đẹp ),194000.0,0.0,0,https://tiki.vn/gioi-sieu-giau-chau-a-1-sieu-giau-tang-bookmark-tuyet-dep-p32899051.html?spid=69025342,Tiki,Mỹ phẩm,False
21927719,Sách 7 Loại Hình Thông Minh (Tặng Kèm Bookmark Tiki),189000.0,0.0,0,https://tiki.vn/sach-7-loai-hinh-thong-minh-tang-kem-bookmark-tiki-p21927719.html?spid=179229890,Tiki,Mỹ phẩm,False
17045194,Sách Thuật Hùng Biện (Tái Bản 2019),109600.0,5.0,33,https://tiki.vn/sach-thuat-hung-bien-tai-ban-2019-p17045194.html?spid=70772180,Tiki,Mỹ phẩm,False
7151055,Sách Thành Phố Khởi Nghiệp,102100.0,4.3,39,https://tiki.vn/sach-thanh-pho-khoi-nghiep-p7151055.html?spid=7151057,Tiki,Mỹ phẩm,False
6543923,Sách Dịch Vụ Khách Hàng 5 Sao,135000.0,0.0,14,https://tiki.vn/sach-dich-vu-khach-hang-5-sao-p6543923.html?spid=89920687,Tiki,Mỹ phẩm,False
4549511,Sách The Leadership Gap,122300.0,4.7,12,https://tiki.vn/sach-the-leadership-gap-p4549511.html?spid=20442320,Tiki,Mỹ phẩm,False
3020373,Sách Kỹ Năng Bán Hàng Tuyệt Đỉnh,114000.0,0.0,12,https://tiki.vn/sach-ky-nang-ban-hang-tuyet-dinh-p3020373.html?spid=73362445,Tiki,Mỹ phẩm,False
1577281,Sách Trí Tuệ Trường Đoản Kinh,164800.0,3.0,14,https://tiki.vn/sach-tri-tue-truong-doan-kinh-p1577281.html?spid=1744125,Tiki,Mỹ phẩm,False
1410655,Sách Đọc Vị Bất Kỳ Ai (Tái Bản),86350.0,5.0,1409,https://tiki.vn/sach-doc-vi-bat-ky-ai-tai-ban-p1410655.html?spid=6010071,Tiki,Mỹ phẩm,False
1367809,Sách 17 Nguyên Tắc Vàng Trong Làm Việc Nhóm (Tái Bản 2018),92600.0,5.0,56,https://tiki.vn/sach-17-nguyen-tac-vang-trong-lam-viec-nhom-tai-ban-2018-p1367809.html?spid=89920274,Tiki,Mỹ phẩm,False
687551,Sách Sống Theo Phương Thức 80/20 - Living The 80/20 Way (Tái Bản 2017),65000.0,0.0,1,https://tiki.vn/sach-song-theo-phuong-thuc-80-20-living-the-80-20-way-tai-ban-2017-p687551.html?spid=277056886,Tiki,Mỹ phẩm,False
594525,Sách 101 Quan Điểm Kinh Doanh Sẽ Thay Đổi Cách Bạn Làm Việc,100000.0,0.0,0,https://tiki.vn/sach-101-quan-diem-kinh-doanh-se-thay-doi-cach-ban-lam-viec-p594525.html?spid=276705706,Tiki,Mỹ phẩm,False
335818,Sách Tuần Làm Việc 4 Giờ (Tái Bản 2015),115000.0,0.0,4,https://tiki.vn/sach-tuan-lam-viec-4-gio-tai-ban-2015-p335818.html?spid=192987428,Tiki,Mỹ phẩm,False
278837072,"Sách Chiến Binh (Bìa cứng) - Làm việc Hiệu quả, Nâng cao giá trị",279650.0,0.0,0,https://tiki.vn/sach-chien-binh-bia-cung-lam-viec-hieu-qua-nang-cao-gia-tri-p278837072.html?spid=278837073,Tiki,Mỹ phẩm,False
278631399,Tư Duy Có Tổ Chức - Phương Pháp Hiệu Quả Trong Điều Hướng Dòng Chảy Thông Tin - Alpha Books,211000.0,0.0,0,https://tiki.vn/tu-duy-co-to-chuc-alphabooks-p278631399.html?spid=278631400,Tiki,Mỹ phẩm,False
278629821,Sách 2030: Những Xu Hướng Lớn Sẽ Định Hình Thế Giới Tương Lai (Tái bản năm 2025),209000.0,0.0,2,https://tiki.vn/sach-2030-nhung-xu-huong-lon-se-dinh-hinh-the-gioi-tuong-lai-tai-ban-nam-2025-p278629821.html?spid=278629822,Tiki,Mỹ phẩm,False
277837463,Tư Duy Dã Tràng - Tim Trí Giao Tranh,160000.0,5.0,22,https://tiki.vn/tu-duy-da-trang-tim-tri-giao-tranh-p277837463.html?spid=277837464,Tiki,Mỹ phẩm,False
277621801,Sách Làm Giỏi Lương Cao,72000.0,0.0,0,https://tiki.vn/sach-lam-gioi-luong-cao-p277621801.html?spid=277621803,Tiki,Mỹ phẩm,False
275405716,Sách - Thương mại điện tử ( xbtt),162000.0,0.0,2,https://tiki.vn/sach-thuong-mai-dien-tu-xbtt-p275405716.html?spid=275405717,Tiki,Mỹ phẩm,False
274363769,Sách Đi Làm Là Niềm Vui,75000.0,4.7,14,https://tiki.vn/sach-di-lam-la-niem-vui-p274363769.html?spid=274363770,Tiki,Mỹ phẩm,False
270907995,Sách - Kỹ Năng Bán Hàng Tuyệt Đỉnh,108000.0,0.0,19,https://tiki.vn/sach-ky-nang-ban-hang-tuyet-dinh-p270907995.html?spid=270907996,Tiki,Mỹ phẩm,False
262830238,Combo 3 quyển sách không thể thiếu tại tủ sách BAC: Sổ tay Business Analyst - Sách Phát Triển Doanh Nghiệp & Sách Babok V3 Phiên Bản Tiếng Việt,1318000.0,4.0,16,https://tiki.vn/combo-3-quyen-sach-khong-the-thieu-tai-tu-sach-bac-so-tay-business-analyst-sach-phat-trien-doanh-nghiep-sach-babok-v3-phien-ban-tieng-viet-p262830238.html?spid=262830239,Tiki,Mỹ phẩm,True
262792438,CÔNG SỞ HYBRID - HYBRID WORKPLACE - Harvard Business Review - Nguyễn Bảo Trâm dịch - (bìa mềm),228000.0,0.0,5,https://tiki.vn/cong-so-hybrid-hybrid-workplace-harvard-business-review-nguyen-bao-tram-dich-bia-mem-p262792438.html?spid=263334620,Tiki,Mỹ phẩm,False
261993416,Tư Duy Như Một Kẻ Lập Dị,119000.0,0.0,0,https://tiki.vn/tu-duy-nhu-mot-ke-lap-di-p261993416.html?spid=274065649,Tiki,Mỹ phẩm,False
261943014,Combo sách: Tip công sở 1 & Tip công sở 2 - bộ 10 cuốn,848750.0,0.0,0,https://tiki.vn/combo-sach-tip-cong-so-1-tip-cong-so-2-bo-10-cuon-minhlongbooks-p261943014.html?spid=261943033,Tiki,Mỹ phẩm,True
252858758,Sách - Công ty thông thái: Bí quyết đổi mới không ngừng,384230.0,0.0,1,https://tiki.vn/sach-cong-ty-thong-thai-bi-quyet-doi-moi-khong-ngung-p252858758.html?spid=260925662,Tiki,Mỹ phẩm,True
249150920,Đam mê tìm kiếm khách hàng tiềm năng: Mở ra đối thoại và giành được thương vụ,155000.0,0.0,0,https://tiki.vn/dam-me-tim-kiem-khach-hang-tiem-nang-mo-ra-doi-thoai-va-gianh-duoc-thuong-vu-p249150920.html?spid=274190843,Tiki,Mỹ phẩm,False
241899647,Sách Thuật Quản Lý Thời Gian,77400.0,5.0,184,https://tiki.vn/sach-thuat-quan-ly-thoi-gian-p241899647.html?spid=241899651,Tiki,Mỹ phẩm,False
221230186,"Sách Tư duy ngoài khuôn khổ - Lãnh đạo tiến bộ, đổi mới thế giới",112400.0,0.0,19,https://tiki.vn/sach-tu-duy-ngoai-khuon-kho-lanh-dao-tien-bo-doi-moi-the-gioi-p221230186.html?spid=221230189,Tiki,Mỹ phẩm,False
204429317,Thói Quen Của Toyota - Nghệ Thuật Nâng Cao Năng Suất Công Việc (Tái Bản 2022),97000.0,0.0,0,https://tiki.vn/thoi-quen-cua-toyota-nghe-thuat-nang-cao-nang-suat-cong-viec-tai-ban-2022-p204429317.html?spid=260919806,Tiki,Mỹ phẩm,False
194186820,Làm Chủ Giọng Nói Trong Đầu (Tái Bản),78850.0,5.0,34,https://tiki.vn/lam-chu-giong-noi-trong-dau-tai-ban-p194186820.html?spid=254146867,Tiki,Mỹ phẩm,False
181215937,Người Thông Minh Giải Quyết Vấn Đề Như Thế Nào?,64500.0,0.0,7,https://tiki.vn/nguoi-thong-minh-giai-quyet-van-de-nhu-the-nao-p181215937.html?spid=191729592,Tiki,Mỹ phẩm,False
179563236,Sách Sức Mạnh Để Hoàn Thành Mọi Việc,60000.0,5.0,69,https://tiki.vn/sach-suc-manh-de-hoan-thanh-moi-viec-p179563236.html?spid=179563237,Tiki,Mỹ phẩm,False
164439623,Làm Thế Nào Để Thể Hiện Bản Thân Trong Đối Thoại,73000.0,0.0,0,https://tiki.vn/lam-the-nao-de-the-hien-ban-than-trong-doi-thoai-p164439623.html?spid=225202939,Tiki,Mỹ phẩm,False
162133040,Cố vấn 101 - Mentoring 101_ Sách hay mỗi ngày ,70520.0,5.0,4,https://tiki.vn/co-van-101-mentoring-101_-sach-hay-moi-ngay-p162133040.html?spid=187804595,Tiki,Mỹ phẩm,False
69611570,Combo Môi Trường Làm Việc Lành Mạnh: Mưu Hèn Kế Bẩn Nơi Công Sở Tập 2 + Đối Phó Với Những Tên Khốn Tài Ba,210000.0,5.0,6,https://tiki.vn/combo-moi-truong-lam-viec-lanh-manh-muu-hen-ke-ban-noi-cong-so-tap-2-doi-pho-voi-nhung-ten-khon-tai-ba-p69611570.html?spid=69611571,Tiki,Mỹ phẩm,False
57771332,Tư Duy Doanh Nhân (Beverly E. Jones),159000.0,0.0,0,https://tiki.vn/tu-duy-doanh-nhan-beverly-e-jones-p57771332.html?spid=74599663,Tiki,Mỹ phẩm,False
52589874,Tri Thức Cực Hạn - Tối Ưu Hóa Kĩ Năng Học Tập Và Quản Lí Tri Thức Cá Nhân,94031.0,5.0,3,https://tiki.vn/tri-thuc-cuc-han-toi-uu-hoa-ki-nang-hoc-tap-va-quan-li-tri-thuc-ca-nhan-p52589874.html?spid=80878147,Tiki,Mỹ phẩm,False
33343200,Giới Siêu Giàu Châu Á 1 - Siêu Giàu (Quà Tặng Card đánh dấu sách đặc biệt),194000.0,0.0,3,https://tiki.vn/gioi-sieu-giau-chau-a-1-sieu-giau-qua-tang-card-danh-dau-sach-dac-biet-p33343200.html?spid=69025344,Tiki,Mỹ phẩm,False
16325490,Sách Trở Thành Vị Sếp Ai Cũng Muốn Làm Việc Cùng,66000.0,0.0,10,https://tiki.vn/sach-tro-thanh-vi-sep-ai-cung-muon-lam-viec-cung-p16325490.html?spid=249849512,Tiki,Mỹ phẩm,False
14334575,Combo T­ư duy tích cực tao thành công + Để thế giới biết bạn là ai + Những nguyên tắc vàng của napoleon hill,309650.0,0.0,11,https://tiki.vn/combo-t-u-duy-tich-cuc-tao-thanh-cong-de-the-gioi-biet-ban-la-ai-nhung-nguyen-tac-vang-cua-napoleon-hill-p14334575.html?spid=53581519,Tiki,Mỹ phẩm,True
11227913,Sách Một Phút Với Jack Welch,40000.0,4.7,282,https://tiki.vn/sach-mot-phut-voi-jack-welch-p11227913.html?spid=11227914,Tiki,Mỹ phẩm,False
9687416,Sách Để Trở Thành Người Bán Hàng Giỏi Nhất Thế Giới,137760.0,5.0,129,https://tiki.vn/sach-de-tro-thanh-nguoi-ban-hang-gioi-nhat-the-gioi-p9687416.html?spid=164091960,Tiki,Mỹ phẩm,False
2386569,Sách Tôi Ghét Mọi Người,84000.0,5.0,59,https://tiki.vn/sach-toi-ghet-moi-nguoi-p2386569.html?spid=2452557,Tiki,Mỹ phẩm,False
2299087,Sách Bộ Jim Rohn (Trọn Bộ 5 Cuốn),530350.0,5.0,257,https://tiki.vn/sach-bo-jim-rohn-tron-bo-5-cuon-p2299087.html?spid=71024721,Tiki,Mỹ phẩm,True
1704327,Sách Năng Đoạn Kim Cương (Tái Bản 2018),114730.0,5.0,413,https://tiki.vn/sach-nang-doan-kim-cuong-tai-ban-2018-p1704327.html?spid=49025982,Tiki,Mỹ phẩm,False
1656013,Sách Tư Duy Tối Ưu - First Things First (Tái Bản),210500.0,5.0,12,https://tiki.vn/sach-tu-duy-toi-uu-first-things-first-tai-ban-p1656013.html?spid=7167055,Tiki,Mỹ phẩm,False
601605,Sách Tổ Chức Công Việc Làm Ăn - Kim Chỉ Nam Của Nhà Doanh Nghiệp,48000.0,5.0,167,https://tiki.vn/sach-to-chuc-cong-viec-lam-an-kim-chi-nam-cua-nha-doanh-nghiep-p601605.html?spid=601612,Tiki,Mỹ phẩm,False
578817,Sách Giải Quyết Vấn Đề Theo Phương Thức Toyota,69000.0,5.0,5,https://tiki.vn/sach-giai-quyet-van-de-theo-phuong-thuc-toyota-p578817.html?spid=53033055,Tiki,Mỹ phẩm,False
474796,Sách Tư Duy Như Một Kẻ Lập Dị (Tái Bản),101000.0,5.0,23,https://tiki.vn/sach-tu-duy-nhu-mot-ke-lap-di-tai-ban-p474796.html?spid=70780437,Tiki,Mỹ phẩm,False
433545,Sách Cẩm Nang Tư Duy Phân Tích,45000.0,0.0,1,https://tiki.vn/sach-cam-nang-tu-duy-phan-tich-p433545.html?spid=274572600,Tiki,Mỹ phẩm,False
409928,Sách 17 Nguyên Tắc Vàng Trong Làm Việc Nhóm (Tái Bản 2013),109000.0,0.0,0,https://tiki.vn/sach-17-nguyen-tac-vang-trong-lam-viec-nhom-tai-ban-2013-p409928.html?spid=274547425,Tiki,Mỹ phẩm,False
394000,Sách Vĩ Đại Do Lựa Chọn,141500.0,5.0,257,https://tiki.vn/sach-vi-dai-do-lua-chon-p394000.html?spid=14195888,Tiki,Mỹ phẩm,False
279319638,Quan hệ Công chúng - Từ truyền thống đến hiện đại,212400.0,0.0,3,https://tiki.vn/quan-he-cong-chung-tu-truyen-thong-den-hien-dai-p279319638.html?spid=279319639,Tiki,Mỹ phẩm,False
279273261,Sách Hợp Đồng Trong Hoạt Động Kinh Doanh ( kinh nghiệm đàm phán và soạn thảo),430000.0,0.0,1,https://tiki.vn/sach-hop-dong-trong-hoat-dong-kinh-doanh-kinh-nghiem-dam-phan-va-soan-thao-p279273261.html?spid=279273262,Tiki,Mỹ phẩm,True
278944154,Sách Giáo trình Kế toán Xuất Nhập Khẩu,109800.0,0.0,0,https://tiki.vn/sach-giao-trinh-ke-toan-xuat-nhap-khau-p278944154.html?spid=278944155,Tiki,Mỹ phẩm,False
278819952,Khi Bạn Tắc Đường Thì Tôi Đang Chơi Golf: Bí Quyết Thành Công Trong Kinh Doanh Theo Mạng (Tái Bản 2025),128000.0,0.0,0,https://tiki.vn/khi-ban-tac-duong-thi-toi-dang-choi-golf-bi-quyet-thanh-cong-trong-kinh-doanh-theo-mang-tai-ban-2025-p278819952.html?spid=278819953,Tiki,Mỹ phẩm,False
278790518,Combo 2 Sách Sách Google Sheets & AI – Làm việc thông minh cùng Trí tuệ nhân tạo,219000.0,0.0,0,https://tiki.vn/combo-2-sach-sach-google-sheets-ai-lam-viec-thong-minh-cung-tri-tue-nhan-tao-p278790518.html?spid=278790519,Tiki,Mỹ phẩm,False
278293617,Sách - AI Agent Thực Chiến,194250.0,0.0,3,https://tiki.vn/sach-ai-agent-thuc-chien-p278293617.html?spid=278293618,Tiki,Mỹ phẩm,False
278169530,Sách Rèn Luyện Và Phát Triển Tư Duy Phản Biện,104000.0,0.0,9,https://tiki.vn/sach-ren-luyen-va-phat-trien-tu-duy-phan-bien-p278169530.html?spid=278169531,Tiki,Mỹ phẩm,False
277012751,Chinh Phục Khách Hàng (Customer Succes) - PACE Books,216200.0,5.0,10,https://tiki.vn/sach-chinh-phuc-khach-hang-customer-succes-pace-books-p277012751.html?spid=277012752,Tiki,Mỹ phẩm,False
274966435,Nghệ Thuật Kể Chuyện Bằng Hình Ảnh,170000.0,0.0,2,https://tiki.vn/nghe-thuat-ke-chuyen-bang-hinh-anh-p274966435.html?spid=275084382,Tiki,Mỹ phẩm,False
273929016,Đừng Để Nước Đến Chân Mới Nhảy,101000.0,0.0,0,https://tiki.vn/dung-de-nuoc-den-chan-moi-nhay-p273929016.html?spid=68562951,Tiki,Mỹ phẩm,False
273882323,Sách - Kỹ Năng Quản Lý Tài Chính Cho Gen Z - Ray & Jessica Higdon,119250.0,0.0,0,https://tiki.vn/sach-ky-nang-quan-ly-tai-chinh-cho-gen-z-ray-jessica-higdon-p273882323.html?spid=273882324,Tiki,Mỹ phẩm,False
272839395,Công ước quốc tế về chuyên chở hàng hóa bằng đường biển và vấn đề gia nhập củaViệt Nam (Sách chuyên khảo) (14),69900.0,0.0,2,https://tiki.vn/cong-uoc-quoc-te-ve-chuyen-cho-hang-hoa-bang-duong-bien-va-van-de-gia-nhap-cuaviet-nam-sach-chuyen-khao-14-p272839395.html?spid=273721307,Tiki,Mỹ phẩm,False
271461100,"Dọn Dẹp Công Việc, Gọn Gàng Tâm Trí (Marie KonDo + Scott Sonenshein)",83400.0,0.0,0,https://tiki.vn/don-dep-cong-viec-gon-gang-tam-tri-marie-kondo-scott-sonenshein-p271461100.html?spid=271461101,Tiki,Mỹ phẩm,False
262758477,Phân Tích Chứng Khoán,424000.0,0.0,0,https://tiki.vn/phan-tich-chung-khoan-p262758477.html?spid=263989712,Tiki,Mỹ phẩm,True
262758473,Phân Tích Chứng Khoán,424000.0,0.0,0,https://tiki.vn/phan-tich-chung-khoan-p262758473.html?spid=263032820,Tiki,Mỹ phẩm,True
260819486,The Design Thinking Life Playbook: Tư Duy Thiết Kế Ứng Dụng Trong Cuộc Sống,254000.0,0.0,1,https://tiki.vn/the-design-thinking-life-playbook-tu-duy-thiet-ke-ung-dung-trong-cuoc-song-p260819486.html?spid=270446565,Tiki,Mỹ phẩm,False
259567812,Vua Bán Lẻ,199000.0,0.0,0,https://tiki.vn/vua-ban-le-p259567812.html?spid=276679824,Tiki,Mỹ phẩm,False
230260059,Người nam châm,79000.0,0.0,0,https://tiki.vn/nguoi-nam-cham-p230260059.html?spid=274589761,Tiki,Mỹ phẩm,False
207345972,"Sách - Lắng Nghe Chủ Động, Giao Tiếp Thông Minh, Ứng Xử Linh Hoạt",143000.0,0.0,0,https://tiki.vn/sach-lang-nghe-chu-dong-giao-tiep-thong-minh-ung-xu-linh-hoat-p207345972.html?spid=207345973,Tiki,Mỹ phẩm,False
198414194,Sách Thuật Marketing ( Tái bản 2022),70700.0,5.0,46,https://tiki.vn/sach-thuat-marketing-tai-ban-2022-p198414194.html?spid=198414195,Tiki,Mỹ phẩm,False
174606489,Sách 10 Bước Thực Hành Trở Thành Chuyên Gia Thuyết Trình,59000.0,5.0,43,https://tiki.vn/sach-10-buoc-thuc-hanh-tro-thanh-chuyen-gia-thuyet-trinh-p174606489.html?spid=174606490,Tiki,Mỹ phẩm,False
174291370,Combo Đọc Vị Bất Kỳ Ai - Để Không Bị Lừa Dối Và Lợi Dụng + Đọc Vị Bất Kỳ Ai - Áp Dụng Trong Doanh Nghiệp,194000.0,0.0,1,https://tiki.vn/combo-doc-vi-bat-ky-ai-de-khong-bi-lua-doi-va-loi-dung-doc-vi-bat-ky-ai-ap-dung-trong-doanh-nghiep-p174291370.html?spid=275518726,Tiki,Mỹ phẩm,False
158248608,Combo Mô Hình Kinh Doanh Tối Ưu + Mô Hình Phân Phối Và Bán Lẻ + Mô Hình Chất Lượng Dịch Vụ Trong Bán Lẻ (Bộ 3 Cuốn),267000.0,0.0,4,https://tiki.vn/combo-mo-hinh-kinh-doanh-toi-uu-mo-hinh-phan-phoi-va-ban-le-mo-hinh-chat-luong-dich-vu-trong-ban-le-bo-3-cuon-p158248608.html?spid=195741962,Tiki,Mỹ phẩm,False
151950439,Bí Quyết Tuyển Dụng & Đãi Ngộ Người Tài (Tái Bản),57800.0,5.0,24,https://tiki.vn/bi-quyet-tuyen-dung-dai-ngo-nguoi-tai-tai-ban-p151950439.html?spid=151950440,Tiki,Mỹ phẩm,False
137331167,Sách Để Làm Nên Sự Nghiệp - 400 Điều Bạn Không Được Học Ở Trường,101000.0,0.0,1,https://tiki.vn/sach-de-lam-nen-su-nghiep-400-dieu-ban-khong-duoc-hoc-o-truong-p137331167.html?spid=276451728,Tiki,Mỹ phẩm,False
95220861,Tuần Làm Việc 4 Giờ (Tái Bản),107030.0,4.5,53,https://tiki.vn/tuan-lam-viec-4-gio-tai-ban-p95220861.html?spid=109601105,Tiki,Mỹ phẩm,False
76175426,Sách Chiến Lược Kết Nối,138100.0,4.7,285,https://tiki.vn/sach-chien-luoc-ket-noi-p76175426.html?spid=76175427,Tiki,Mỹ phẩm,False
36526246,Sách Nhà Đầu Tư Thông Minh (Tái Bản) - Tặng Kèm Sổ Tay,273500.0,5.0,50,https://tiki.vn/sach-nha-dau-tu-thong-minh-tai-ban-tang-kem-so-tay-p36526246.html?spid=52581729,Tiki,Mỹ phẩm,False
33596834,Sách Khiêu Vũ Với Ngòi Bút (Tái Bản),130500.0,5.0,218,https://tiki.vn/sach-khieu-vu-voi-ngoi-but-tai-ban-p33596834.html?spid=36314136,Tiki,Mỹ phẩm,False
5975121,Sách 10 Đồng Tiền Thay Đổi Thế Giới,59250.0,0.0,3,https://tiki.vn/sach-10-dong-tien-thay-doi-the-gioi-p5975121.html?spid=249373587,Tiki,Mỹ phẩm,False
5869385,"Sách Tư Duy Doanh Nhân, Hành Động Lãnh Đạo",123000.0,0.0,3,https://tiki.vn/sach-tu-duy-doanh-nhan-hanh-dong-lanh-dao-p5869385.html?spid=164092368,Tiki,Mỹ phẩm,False
3859117,Sách Bản Đồ Tư Duy Trong Giải Quyết Vấn Đề (Tái Bản),75600.0,5.0,31,https://tiki.vn/sach-ban-do-tu-duy-trong-giai-quyet-van-de-tai-ban-p3859117.html?spid=73580194,Tiki,Mỹ phẩm,False
3653521,Sách Nghệ Thuật “Bán Mình” Cho Sếp (Tái Bản 2018),75600.0,0.0,1,https://tiki.vn/sach-nghe-thuat-ban-minh-cho-sep-tai-ban-2018-p3653521.html?spid=70766583,Tiki,Mỹ phẩm,False
2776927,Sách PACE Books - Trở nên tốt hơn (Get Better) - Todd Davis,72200.0,5.0,31,https://tiki.vn/sach-pace-books-tro-nen-tot-hon-get-better-todd-davis-p2776927.html?spid=20450558,Tiki,Mỹ phẩm,False
1938931,Sách Những Người Thành Công Tin Tưởng Vào Điều Gì? (Tái Bản),99000.0,0.0,0,https://tiki.vn/sach-nhung-nguoi-thanh-cong-tin-tuong-vao-dieu-gi-tai-ban-p1938931.html?spid=273431682,Tiki,Mỹ phẩm,False
1367811,Sách 25 Thuật Đắc Nhân Tâm (Tái Bản 2018),101000.0,0.0,19,https://tiki.vn/sach-25-thuat-dac-nhan-tam-tai-ban-2018-p1367811.html?spid=70772510,Tiki,Mỹ phẩm,False
1036474,Sách Bạn Làm Việc Vì Ai?,50400.0,5.0,68,https://tiki.vn/sach-ban-lam-viec-vi-ai-p1036474.html?spid=20451232,Tiki,Mỹ phẩm,False
1028651,Cú Đánh Thức Tỉnh Trí Sáng Tạo (Tái Bản 2017),109600.0,0.0,3,https://tiki.vn/cu-danh-thuc-tinh-tri-sang-tao-tai-ban-2017-p1028651.html?spid=252174927,Tiki,Mỹ phẩm,False
952146,Sách Không Phải Thiếu May Mắn Chỉ Là Chưa Cố Gắng,60500.0,0.0,17,https://tiki.vn/sach-khong-phai-thieu-may-man-chi-la-chua-co-gang-p952146.html?spid=52408619,Tiki,Mỹ phẩm,False
682015,Sách Con Người 80/20: 9 Yếu Tố Cốt Lõi Của Thành Công 80/20 Trong Công Việc (Tái Bản 2017),75000.0,0.0,6,https://tiki.vn/sach-con-nguoi-80-20-9-yeu-to-cot-loi-cua-thanh-cong-80-20-trong-cong-viec-tai-ban-2017-p682015.html?spid=192584426,Tiki,Mỹ phẩm,False
279368577,AI Thực Chiến Trong Công Việc - Lưu Điển,217550.0,0.0,1,https://tiki.vn/ai-thuc-chien-trong-cong-viec-luu-dien-p279368577.html?spid=279368578,Tiki,Mỹ phẩm,False
279164457,Làm Chủ AI Trong Giáo Dục - Từ Lý Thuyết Đến Thực Hành,239000.0,0.0,0,https://tiki.vn/lam-chu-ai-trong-giao-duc-tu-ly-thuyet-den-thuc-hanh-p279164457.html?spid=279164458,Tiki,Mỹ phẩm,False
278964879,Tuần Làm Việc 4 Giờ (Sách Bỏ Túi),145000.0,0.0,0,https://tiki.vn/tuan-lam-viec-4-gio-sach-bo-tui-p278964879.html?spid=279006508,Tiki,Mỹ phẩm,False
278826847,Kiếm Tiền Cùng ChatGPT - Data Analysis - Phân Tích Dữ Liệu,198000.0,0.0,0,https://tiki.vn/kiem-tien-cung-chatgpt-data-analysis-phan-tich-du-lieu-p278826847.html?spid=278826848,Tiki,Mỹ phẩm,False
277534647,Binh Pháp Tôn Tử Và Nghệ Thuật Kiếm Tiền,88000.0,0.0,0,https://tiki.vn/binh-phap-ton-tu-va-nghe-thuat-kiem-tien-p277534647.html?spid=277534648,Tiki,Mỹ phẩm,False
277005600,Sách - Tái Tạo Kép - Scott Anthony & Clark Gilbert & Mark Johnson - Pace Books,135000.0,0.0,1,https://tiki.vn/sach-tai-tao-kep-scott-anthony-clark-gilbert-mark-johnson-pace-books-p277005600.html?spid=277005602,Tiki,Mỹ phẩm,False
276639723,Nhân Sự Thực Chiến,131100.0,0.0,0,https://tiki.vn/nhan-su-thuc-chien-p276639723.html?spid=276639724,Tiki,Mỹ phẩm,False
276525456,"Ngân hàng biết tìm khách hàng ở đâu? (có chữ ký của tác giả Trịnh Minh Thảo, phiên bản 2020)",143000.0,0.0,6,https://tiki.vn/ngan-hang-biet-tim-khach-hang-o-dau-co-chu-ky-cua-tac-gia-trinh-minh-thao-phien-ban-2020-p276525456.html?spid=276525457,Tiki,Mỹ phẩm,False
275924696,QUẢN TRỊ DỰ ÁN (Project Management QuickStart Guide) - Cẩm Nang Hướng Dẫn Chi Tiết Để Quản Trị Dự Án Một Cách Hiệu Quả - Chris Croft (bìa mềm),285000.0,0.0,0,https://tiki.vn/quan-tri-du-an-project-management-quickstart-guide-cam-nang-huong-dan-chi-tiet-de-quan-tri-du-an-mot-cach-hieu-qua-chris-croft-bia-mem-p275924696.html?spid=276704361,Tiki,Mỹ phẩm,False
275853520,Sách Vui Cười Lên Cùng Chứng Khoán,101900.0,5.0,70,https://tiki.vn/sach-vui-cuoi-len-cung-chung-khoan-p275853520.html?spid=275853522,Tiki,Mỹ phẩm,False
275337810,Sách Thuật Ủy Quyền Và Giám Sát,65800.0,4.3,71,https://tiki.vn/sach-thuat-uy-quyen-va-giam-sat-p275337810.html?spid=275337813,Tiki,Mỹ phẩm,False
274896610,Tư duy sáng tạo - Làm chủ 6 kỹ năng khơi nguồn đổi mới,110000.0,0.0,0,https://tiki.vn/tu-duy-sang-tao-lam-chu-6-ky-nang-khoi-nguon-doi-moi-p274896610.html?spid=274896611,Tiki,Mỹ phẩm,False
274865682,Tư Duy Nhanh và Chậm,228000.0,0.0,10,https://tiki.vn/tu-duy-nhanh-va-cham-p274865682.html?spid=248654598,Tiki,Mỹ phẩm,False
273411910,Sách - Google Ads 69 giờ: Kiến thức chọn lọc từ vận hành thực tế,249000.0,1.0,14,https://tiki.vn/sach-google-ads-69-gio-kien-thuc-chon-loc-tu-van-hanh-thuc-te-p273411910.html?spid=273411911,Tiki,Mỹ phẩm,False
271966500,Sách 200+ Bí Kíp Dùng Tiền Thông Minh Cho Người Trẻ,87500.0,4.3,27,https://tiki.vn/sach-200-bi-kip-dung-tien-thong-minh-cho-nguoi-tre-p271966500.html?spid=271966502,Tiki,Mỹ phẩm,False
271479936,Sách Khéo Ăn Nói Bán Hàng Thành Công (Bìa Mềm),70400.0,5.0,223,https://tiki.vn/sach-kheo-an-noi-ban-hang-thanh-cong-bia-mem-p271479936.html?spid=271479939,Tiki,Mỹ phẩm,False
253304125,Người nam châm,79000.0,0.0,3,https://tiki.vn/nguoi-nam-cham-p253304125.html?spid=274589765,Tiki,Mỹ phẩm,False
253235032,Phố tan màn đêm (Higashino Keigo) - Bản Quyền,179000.0,0.0,0,https://tiki.vn/pho-tan-man-dem-higashino-keigo-ban-quyen-p253235032.html?spid=275091475,Tiki,Mỹ phẩm,False
248656082,Sách Bí Mật Của Trí Nhớ Siêu Phàm,100000.0,5.0,32,https://tiki.vn/sach-bi-mat-cua-tri-nho-sieu-pham-p248656082.html?spid=248656084,Tiki,Mỹ phẩm,False
242718971,Freelancing for Dummies,189000.0,0.0,0,https://tiki.vn/freelancing-for-dummies-p242718971.html?spid=274580847,Tiki,Mỹ phẩm,False
204009105,Sách 6 Thói Quen Của Người Làm Việc Hiệu Suất Cao,105800.0,5.0,50,https://tiki.vn/sach-6-thoi-quen-cua-nguoi-lam-viec-hieu-suat-cao-p204009105.html?spid=204009106,Tiki,Mỹ phẩm,False
193439374,Sách Kiến Tạo Tương Lai - Sổ Tay Đổi Mới Sáng Tạo,143000.0,0.0,50,https://tiki.vn/sach-kien-tao-tuong-lai-so-tay-doi-moi-sang-tao-p193439374.html?spid=193439375,Tiki,Mỹ phẩm,False
176550197,Sách Nơi Làm Việc Nhân Văn,150000.0,5.0,108,https://tiki.vn/sach-noi-lam-viec-nhan-van-p176550197.html?spid=176550200,Tiki,Mỹ phẩm,False
168661082,Sách - MBO Phương pháp quản lý mục tiêu và đánh giá nhân sự chuyên nghiệp - 1980Books,126750.0,4.5,94,https://tiki.vn/sach-mbo-phuong-phap-quan-ly-muc-tieu-va-danh-gia-nhan-su-chuyen-nghiep-1980books-p168661082.html?spid=168661083,Tiki,Mỹ phẩm,False
149974912,"Sách Micromastery - Thành Thạo Kỹ Năng Nhỏ, Vươn Đến Thành Công Lớn",100500.0,5.0,103,https://tiki.vn/sach-micromastery-thanh-thao-ky-nang-nho-vuon-den-thanh-cong-lon-p149974912.html?spid=149974914,Tiki,Mỹ phẩm,False
68823444,Sách Khát Vọng Dấn Thân (Tái Bản 2020),91600.0,4.7,87,https://tiki.vn/sach-khat-vong-dan-than-tai-ban-2020-p68823444.html?spid=68823445,Tiki,Mỹ phẩm,False
68267303,Sách Quản Lý Bằng Thiện Chí - Nguyên Tắc,57850.0,0.0,3,https://tiki.vn/sach-quan-ly-bang-thien-chi-nguyen-tac-p68267303.html?spid=68424291,Tiki,Mỹ phẩm,False
68168895,Combo Sách : Những Quy Tắc Trong Công Việc + Những Quy Tắc Trong Cuộc Sống + Những Quy Tắc Trong Quản Lý,404000.0,0.0,1,https://tiki.vn/combo-sach-nhung-quy-tac-trong-cong-viec-nhung-quy-tac-trong-cuoc-song-nhung-quy-tac-trong-quan-ly-p68168895.html?spid=248906048,Tiki,Mỹ phẩm,True
53240957,Combo D.Trump. Nghệ Thuật Đàm Phán và D. Trump - Đừng Bao Giờ Bỏ Cuộc ,189000.0,5.0,321,https://tiki.vn/combo-d-trump-nghe-thuat-dam-phan-va-d-trump-dung-bao-gio-bo-cuoc-p53240957.html?spid=53245065,Tiki,Mỹ phẩm,False
48035325,Sách Đời Sống Mới,24000.0,4.6,122,https://tiki.vn/sach-doi-song-moi-p48035325.html?spid=48035326,Tiki,Mỹ phẩm,False
40849005,Sách Kỹ Năng Làm Việc Để Thành Công: Dám Hành Động / Tặng Kèm Bookmark Happy Life,279000.0,0.0,0,https://tiki.vn/sach-ky-nang-lam-viec-de-thanh-cong-dam-hanh-dong-tang-kem-bookmark-happy-life-p40849005.html?spid=261953051,Tiki,Mỹ phẩm,False
31207368,Luyện Trí Nhớ (Quà Tặng Tickbook Đặc Biệt),84000.0,0.0,0,https://tiki.vn/luyen-tri-nho-qua-tang-tickbook-dac-biet-p31207368.html?spid=89920153,Tiki,Mỹ phẩm,False
25037586,Sách The Big Nine,94500.0,4.8,29,https://tiki.vn/sach-the-big-nine-p25037586.html?spid=97902100,Tiki,Mỹ phẩm,False
12288804,Combo Làm Chủ Trí Nhớ Của Bạn và Sử Dụng Trí Nhớ Của Bạn - Use Your Memory ( Tặng Kèm Bút ),426000.0,4.7,113,https://tiki.vn/combo-lam-chu-tri-nho-cua-ban-va-su-dung-tri-nho-cua-ban-use-your-memory-tang-kem-but-p12288804.html?spid=12288805,Tiki,Mỹ phẩm,True
11222058,Sách Cẩm Nang Quản Lý,142200.0,0.0,1,https://tiki.vn/sach-cam-nang-quan-ly-p11222058.html?spid=276615990,Tiki,Mỹ phẩm,False
10695080,"Làm Chủ Tư Duy, Thay Đổi Vận Mệnh",212500.0,5.0,257,https://tiki.vn/lam-chu-tu-duy-thay-doi-van-menh-p10695080.html?spid=11582318,Tiki,Mỹ phẩm,False
2782635,Sách Nghệ Thuật Quản Lý Tài Chính Cá Nhân,119250.0,4.7,572,https://tiki.vn/sach-nghe-thuat-quan-ly-tai-chinh-ca-nhan-p2782635.html?spid=55653393,Tiki,Mỹ phẩm,False
1339061,Sách Sức Mạnh Của Tập Trung (Tái Bản),143000.0,5.0,87,https://tiki.vn/sach-suc-manh-cua-tap-trung-tai-ban-p1339061.html?spid=76596809,Tiki,Mỹ phẩm,False
772761,Sách Tăng Tốc Đọc Hiểu Để Thành Công,83000.0,4.5,755,https://tiki.vn/sach-tang-toc-doc-hieu-de-thanh-cong-p772761.html?spid=772979,Tiki,Mỹ phẩm,False
336021,Sách Người Nam Châm - Bí Mật Của Luật Hấp Dẫn,94000.0,0.0,7,https://tiki.vn/sach-nguoi-nam-cham-bi-mat-cua-luat-hap-dan-p336021.html?spid=205984808,Tiki,Mỹ phẩm,False
279370529,Sách nâng cao hiệu suất làm việc: Việc 12 Tháng Làm Trong 12 Tuần + Master Your Life +  Hãy Làm Việc Thông Minh,104720.0,0.0,0,https://tiki.vn/sach-nang-cao-hieu-suat-lam-viec-viec-12-thang-lam-trong-12-tuan-master-your-life-hay-lam-viec-thong-minh-p279370529.html?spid=279370533,Tiki,Mỹ phẩm,False
279261815,Live Stream Thực Chiến,186750.0,0.0,0,https://tiki.vn/live-stream-thuc-chien-p279261815.html?spid=279261816,Tiki,Mỹ phẩm,False
278938174,Sách - Tại sao chúng ta ăn quá nhiều: Hiểu rõ lầm tưởng và bí mật giảm cân bền vững (Bác sĩ Andrew Jenkinson) (Nhã Nam Official),234000.0,0.0,0,https://tiki.vn/sach-tai-sao-chung-ta-an-qua-nhieu-hieu-ro-lam-tuong-va-bi-mat-giam-can-ben-vung-bac-si-andrew-jenkinson-nha-nam-official-p278938174.html?spid=278938175,Tiki,Mỹ phẩm,False
278274616,AI Agent - Ứng Dụng,239000.0,0.0,1,https://tiki.vn/ai-agent-ung-dung-p278274616.html?spid=278274617,Tiki,Mỹ phẩm,False
278197395,Tư Duy Thực Chiến - Ứng Dụng Tư Duy Hệ Thống Trong Công Việc,159000.0,0.0,1,https://tiki.vn/tu-duy-thuc-chien-ung-dung-tu-duy-he-thong-trong-cong-viec-p278197395.html?spid=278197396,Tiki,Mỹ phẩm,False
276846955,Combo 2 cuốn Bộ Công Cụ Nâng Cao Hiệu Suất Làm Việc Nhóm + Mô Hình Kinh Doanh Nhóm,448500.0,0.0,5,https://tiki.vn/combo-2-cuon-bo-cong-cu-nang-cao-hieu-suat-lam-viec-nhom-mo-hinh-kinh-doanh-nhom-p276846955.html?spid=276846956,Tiki,Mỹ phẩm,True
276840136,Kiếm Tiền Cùng Chatgpt - Vào Nghề ChatGPT Chỉ Trong 5 Giờ Học,169150.0,4.0,11,https://tiki.vn/kiem-tien-cung-chatgpt-vao-nghe-chatgpt-chi-trong-5-gio-hoc-p276840136.html?spid=276840301,Tiki,Mỹ phẩm,False
273714137,CANH BẠC AI - CHAT GPT VÀ TƯƠNG LAI LOÀI NGƯỜI – Ngô Di Lân - NXB Trẻ ,85000.0,0.0,2,https://tiki.vn/canh-bac-ai-chat-gpt-va-tuong-lai-loai-nguoi-ngo-di-lan-nxb-tre-p273714137.html?spid=274191530,Tiki,Mỹ phẩm,False
273314937,Chiến Lược Phân Phối Hàng Hóa Tuyệt Vời,125000.0,0.0,1,https://tiki.vn/chien-luoc-phan-phoi-hang-hoa-tuyet-voi-p273314937.html?spid=273314938,Tiki,Mỹ phẩm,False
272645622,Chiến Lược Phân Phối Hàng Hóa Tuyệt Vời,106250.0,0.0,1,https://tiki.vn/chien-luoc-phan-phoi-hang-hoa-tuyet-voi-p272645622.html?spid=272972230,Tiki,Mỹ phẩm,False
271959495,"""Dọn Dẹp"" Công Việc, Gọn Gàng Tâm Trí - Marie Kondo, Scott Sonenshein - Trịnh Trung dịch - (bìa mềm)",118000.0,0.0,4,https://tiki.vn/don-dep-cong-viec-gon-gang-tam-tri-marie-kondo-scott-sonenshein-trinh-trung-dich-bia-mem-p271959495.html?spid=274031838,Tiki,Mỹ phẩm,False
262758471,Phân Tích Chứng Khoán,424000.0,0.0,0,https://tiki.vn/phan-tich-chung-khoan-p262758471.html?spid=263989711,Tiki,Mỹ phẩm,True
262034963,Mật Mã Tài Năng,118000.0,0.0,1,https://tiki.vn/mat-ma-tai-nang-p262034963.html?spid=278840868,Tiki,Mỹ phẩm,False
257835471,Quản Lý Nghiệp (Tái Bản),69000.0,0.0,0,https://tiki.vn/quan-ly-nghiep-tai-ban-p257835471.html?spid=274146411,Tiki,Mỹ phẩm,False
253229863,Bắt Đầu Với Câu Hỏi Tại Sao,109000.0,0.0,0,https://tiki.vn/bat-dau-voi-cau-hoi-tai-sao-p253229863.html?spid=274145426,Tiki,Mỹ phẩm,False
252387163,Sức Mạnh Của Việc Đặt Câu Hỏi Đúng (Tái Bản)_AL,84000.0,0.0,3,https://tiki.vn/suc-manh-cua-viec-dat-cau-hoi-dung-tai-ban-_al-p252387163.html?spid=262060770,Tiki,Mỹ phẩm,False
250548876,Đàm Đạo Với Lão Tử,60900.0,0.0,0,https://tiki.vn/sach-dam-dao-voi-lao-tu-p250548876.html?spid=270473222,Tiki,Mỹ phẩm,False
249883318,Sách Thiên nga và dơi (Higashino Keigo) - Nhã Nam - BẢN QUYỀN,266000.0,0.0,0,https://tiki.vn/sach-thien-nga-va-doi-higashino-keigo-nha-nam-ban-quyen-p249883318.html?spid=250722384,Tiki,Mỹ phẩm,False
249024635,Thành Công Trong Kinh Doanh Nhờ NLP - Cách Thức Nhanh Chóng Để Đạt Được Thành Công -  Jeremy Lazarus,150000.0,0.0,0,https://tiki.vn/thanh-cong-trong-kinh-doanh-nho-nlp-cach-thuc-nhanh-chong-de-dat-duoc-thanh-cong-jeremy-lazarus-p249024635.html?spid=274648787,Tiki,Mỹ phẩm,False
230309425,Nhảy Việc Hay Thay Đổi Chính Mình,139000.0,0.0,0,https://tiki.vn/nhay-viec-hay-thay-doi-chinh-minh-p230309425.html?spid=248279379,Tiki,Mỹ phẩm,False
221229416,Sách Sức Tàn Lực Kiệt Ở Nơi Làm Việc - Hướng Dẫn Ngăn Chặn Và Phục Hồi 5,73500.0,0.0,12,https://tiki.vn/sach-suc-tan-luc-kiet-o-noi-lam-viec-huong-dan-ngan-chan-va-phuc-hoi-5-p221229416.html?spid=221229417,Tiki,Mỹ phẩm,False
216231980,Sách Những Đòn Tâm Lý Trong Thuyết Phục,194000.0,0.0,2,https://tiki.vn/sach-nhung-don-tam-ly-trong-thuyet-phuc-p216231980.html?spid=262725458,Tiki,Mỹ phẩm,False
215382269,Giao Tiếp Khiêm Nhường - Thu Phục Nhân Tâm - ý nghĩa thật sự của phương pháp hỏi han khiêm nhường trong cuộc sống thực tế hằng ngày.,121400.0,0.0,0,https://tiki.vn/giao-tiep-khiem-nhuong-thu-phuc-nhan-tam-y-nghia-that-su-cua-phuong-phap-hoi-han-khiem-nhuong-trong-cuoc-song-thuc-te-hang-ngay-p215382269.html?spid=215382270,Tiki,Mỹ phẩm,False
212567852,Tái Tạo Mô Hình Kinh Doanh Hiệu Quả - Bản Quyền,149000.0,0.0,3,https://tiki.vn/tai-tao-mo-hinh-kinh-doanh-hieu-qua-ban-quyen-p212567852.html?spid=274140670,Tiki,Mỹ phẩm,False
183481788,Đàm Phán Điều Không Thể Đàm Phán - Negotiating The impossible,148000.0,0.0,4,https://tiki.vn/dam-phan-dieu-khong-the-dam-phan-negotiating-the-impossible-p183481788.html?spid=274822653,Tiki,Mỹ phẩm,False
148807241,BIZBOOKS - Sách Giải Mã Hành Vi DISC: Bạn Thuộc Kiểu Lãnh Đạo Nào Trong 8 Nhóm Hành Vi? - MinhAnBooks,146780.0,4.8,161,https://tiki.vn/bizbooks-sach-giai-ma-hanh-vi-disc-ban-thuoc-kieu-lanh-dao-nao-trong-8-nhom-hanh-vi-minhanbooks-p148807241.html?spid=157195062,Tiki,Mỹ phẩm,False
101459411,Đầu Tư Hiệu Quả,93081.0,0.0,0,https://tiki.vn/dau-tu-hieu-qua-p101459411.html?spid=191894737,Tiki,Mỹ phẩm,False
77111818,Sách Bí Quyết Thành Công Cho Người Đi Làm,52300.0,5.0,25,https://tiki.vn/sach-bi-quyet-thanh-cong-cho-nguoi-di-lam-p77111818.html?spid=77111819,Tiki,Mỹ phẩm,False
73923118,Sách Vòng Lặp Ooda - Phương Pháp Ra Quyết Định Và Hành Động Tối Ưu Trong Công Việc,69500.0,4.7,512,https://tiki.vn/sach-vong-lap-ooda-phuong-phap-ra-quyet-dinh-va-hanh-dong-toi-uu-trong-cong-viec-p73923118.html?spid=73923119,Tiki,Mỹ phẩm,False
71981417,Sách: Digital Transformation - Chuyển đổi số - 5 giai đoạn triển khai công nghệ số cho doanh nghiệp,169000.0,5.0,45,https://tiki.vn/sach-digital-transformation-chuyen-doi-so-5-giai-doan-trien-khai-cong-nghe-so-cho-doanh-nghiep-p71981417.html?spid=89921058,Tiki,Mỹ phẩm,False
14512212,Sách Thiết Lập Đội Nhóm Xuất Sắc,119000.0,4.3,418,https://tiki.vn/sach-thiet-lap-doi-nhom-xuat-sac-p14512212.html?spid=14512213,Tiki,Mỹ phẩm,False
7440087,Sách Marketing Mở Đường Tăng Trưởng,106200.0,4.1,283,https://tiki.vn/sach-marketing-mo-duong-tang-truong-p7440087.html?spid=7440089,Tiki,Mỹ phẩm,False
5494041,Sách Kẻ Làm Thay Đổi Cuộc Chơi (Tái Bản 2018),71600.0,1.5,78,https://tiki.vn/sach-ke-lam-thay-doi-cuoc-choi-tai-ban-2018-p5494041.html?spid=5495275,Tiki,Mỹ phẩm,False
4216625,"Sách Kinh Doanh Nhỏ, Thu Lợi Lớn",84000.0,4.5,72,https://tiki.vn/sach-kinh-doanh-nho-thu-loi-lon-p4216625.html?spid=50744744,Tiki,Mỹ phẩm,False
3598241,Sách Platform Ứng Dụng,169900.0,4.5,870,https://tiki.vn/sach-platform-ung-dung-p3598241.html?spid=3615385,Tiki,Mỹ phẩm,False
2386709,Sách Lãnh Đạo Đội Ngũ 10 Thách Thức 10 Giải Pháp,71250.0,0.0,8,https://tiki.vn/sach-lanh-dao-doi-ngu-10-thach-thuc-10-giai-phap-p2386709.html?spid=2545431,Tiki,Mỹ phẩm,False
1746347,Sách 21 Ngày Cho Một Ý Tưởng Lớn,70200.0,0.0,3,https://tiki.vn/sach-21-ngay-cho-mot-y-tuong-lon-p1746347.html?spid=21295586,Tiki,Mỹ phẩm,False
1354113,Sách Người Dám Cho Đi,63350.0,3.8,65,https://tiki.vn/sach-nguoi-dam-cho-di-p1354113.html?spid=8373744,Tiki,Mỹ phẩm,False
1028025,Sách Tư Duy Làm Giàu,89900.0,5.0,15,https://tiki.vn/sach-tu-duy-lam-giau-p1028025.html?spid=113235711,Tiki,Mỹ phẩm,False
578827,Sách Nghệ Thuật Làm Việc Tuyệt Vời Của Toyota,112500.0,0.0,2,https://tiki.vn/sach-nghe-thuat-lam-viec-tuyet-voi-cua-toyota-p578827.html?spid=177338088,Tiki,Mỹ phẩm,False
279426086,(Bộ Sách 3 Tập) HỢP ĐỒNG TRONG HOẠT ĐỘNG KINH DOANH – Kinh Nghiệm Đàm Phán Và Soạn Thảo – Hanna Hạnh Nguyễn – NXB Xây Dựng,1359000.0,0.0,1,https://tiki.vn/bo-sach-3-tap-hop-dong-trong-hoat-dong-kinh-doanh-kinh-nghiem-dam-phan-va-soan-thao-hanna-hanh-nguyen-nxb-xay-dung-p279426086.html?spid=279426087,Tiki,Mỹ phẩm,True
278377286,￼Sách - Nghệ thuật để làm gì ?,135000.0,0.0,1,https://tiki.vn/sach-nghe-thuat-de-lam-gi-p278377286.html?spid=279055759,Tiki,Mỹ phẩm,False
277585973,Combo 2 cuốn: AI Thực Chiến + Kỹ Thuật Đặt Câu Lệnh Cho Chat GPT,321000.0,0.0,5,https://tiki.vn/combo-2-cuon-ai-thuc-chien-ky-thuat-dat-cau-lenh-cho-chat-gpt-p277585973.html?spid=277585974,Tiki,Mỹ phẩm,True
277521023,Tư Duy Thiết Kế Trong Kể Chuyện Thương Hiệu - Brand Storytelling - Miri Rodriguez,169000.0,0.0,0,https://tiki.vn/tu-duy-thiet-ke-trong-ke-chuyen-thuong-hieu-brand-storytelling-miri-rodriguez-p277521023.html?spid=277521024,Tiki,Mỹ phẩm,False
277375368,Kỹ Thuật Đặt Câu Lệnh Cho Chat GPT,170000.0,0.0,15,https://tiki.vn/ky-thuat-dat-cau-lenh-cho-chat-gpt-p277375368.html?spid=277403501,Tiki,Mỹ phẩm,False
275196434,Những điều công ty không dạy bạn: BÍ QUYẾT THĂNG TIẾN TRONG CÔNG VIỆC,68400.0,0.0,1,https://tiki.vn/nhung-dieu-cong-ty-khong-day-ban-bi-quyet-thang-tien-trong-cong-viec-p275196434.html?spid=275196435,Tiki,Mỹ phẩm,False
273910322,Sách Đau Cũng Là Sống,75000.0,5.0,14,https://tiki.vn/sach-dau-cung-la-song-p273910322.html?spid=273910324,Tiki,Mỹ phẩm,False
273609633,Ứng Dụng Sáng Tạo Trong Thiết Kế,320000.0,5.0,18,https://tiki.vn/ung-dung-sang-tao-trong-thiet-ke-p273609633.html?spid=273609634,Tiki,Mỹ phẩm,True
273382338,Những Quy Tắc Để Giàu Có,126000.0,0.0,1,https://tiki.vn/nhung-quy-tac-de-giau-co-p273382338.html?spid=277505648,Tiki,Mỹ phẩm,False
261113265,Nổi Bật Cũng Cần Chiến Thuật,99000.0,0.0,0,https://tiki.vn/noi-bat-cung-can-chien-thuat-p261113265.html?spid=274039052,Tiki,Mỹ phẩm,False
260107933,Kinh Tế Thành Viên,299000.0,0.0,0,https://tiki.vn/kinh-te-thanh-vien-p260107933.html?spid=274754844,Tiki,Mỹ phẩm,True
253300518,Hố đen sâu thẳm - Bản Quyền,108000.0,0.0,0,https://tiki.vn/ho-den-sau-tham-ba-n-quye-n-p253300518.html?spid=274366727,Tiki,Mỹ phẩm,False
249007411,Sách Hố đen sâu thẳm - Nhã Nam - BẢN QUYỀN,108000.0,0.0,0,https://tiki.vn/sach-ho-den-sau-tham-nha-nam-ban-quyen-p249007411.html?spid=274366734,Tiki,Mỹ phẩm,False
230252334,"Think And Grow Rich - 13 Nguyên Tắc Nghĩ Giàu, Làm Giàu (Tái Bản)",125075.0,0.0,0,https://tiki.vn/think-and-grow-rich-13-nguyen-tac-nghi-giau-lam-giau-tai-ban-p230252334.html?spid=276933638,Tiki,Mỹ phẩm,False
214908398,Quy Trình Bán Hàng Chuyên Nghiệp - Bản Quyền,119000.0,0.0,1,https://tiki.vn/quy-trinh-ban-hang-chuyen-nghiep-ban-quyen-p214908398.html?spid=215898074,Tiki,Mỹ phẩm,False
208907115,17 Nguyên Tắc Vàng Trong Làm Việc Nhóm - John C. Maxwell - Bản Quyền,109000.0,0.0,0,https://tiki.vn/17-nguyen-tac-vang-trong-lam-viec-nhom-john-c-maxwell-ban-quyen-p208907115.html?spid=270822696,Tiki,Mỹ phẩm,False
205273522,Người Nam Châm - Bí Mật Của Luật Hấp Dẫn (Tái bản),79000.0,0.0,0,https://tiki.vn/nguoi-nam-cham-bi-mat-cua-luat-hap-dan-tai-ban-p205273522.html?spid=274583558,Tiki,Mỹ phẩm,False
200851521,Sách Thích Nghi Toàn Diện Để Khác Biệt - Cạnh Tranh Thành Công Trong Thế Giới Mới Về Việc Làm,109000.0,5.0,57,https://tiki.vn/sach-thich-nghi-toan-dien-de-khac-biet-canh-tranh-thanh-cong-trong-the-gioi-moi-ve-viec-lam-p200851521.html?spid=200851523,Tiki,Mỹ phẩm,False
195311878,Dấn Thân (Tái Bản),112000.0,0.0,0,https://tiki.vn/dan-than-tai-ban-p195311878.html?spid=275113245,Tiki,Mỹ phẩm,False
184045662,Sếp Thật Sự Muốn Gì Ở Bạn? - 15 Bí Quyết Để Cải Thiện Mối Quan Hệ Của Bạn Trong Công Việc,65000.0,0.0,0,https://tiki.vn/sep-that-su-muon-gi-o-ban-15-bi-quyet-de-cai-thien-moi-quan-he-cua-ban-trong-cong-viec-p184045662.html?spid=274851410,Tiki,Mỹ phẩm,False
182774058,Tuần Làm Việc 4 Giờ,132000.0,0.0,4,https://tiki.vn/tuan-lam-viec-4-gio-p182774058.html?spid=276815378,Tiki,Mỹ phẩm,False
181990463,Nghệ Thuật Bán Hàng Bậc Cao,178200.0,0.0,0,https://tiki.vn/nghe-thuat-ban-hang-bac-cao-p181990463.html?spid=278763934,Tiki,Mỹ phẩm,False
171095907,Sách Để Cuộc Họp Làm Tăng Doanh Số,115000.0,0.0,0,https://tiki.vn/sach-de-cuoc-hop-lam-tang-doanh-so-p171095907.html?spid=274861932,Tiki,Mỹ phẩm,False
143277064,COMBO EQ - NGHỆ THUẬT LÀM CHỦ CẢM XÚC ,596000.0,0.0,0,https://tiki.vn/combo-eq-nghe-thuat-lam-chu-cam-xuc-p143277064.html?spid=277111652,Tiki,Mỹ phẩm,True
143200373,Sách Doing Good Better: Làm việc thiện đúng cách,119200.0,5.0,396,https://tiki.vn/sach-doing-good-better-lam-viec-thien-dung-cach-p143200373.html?spid=143200374,Tiki,Mỹ phẩm,False
90624188,Sách Sống Sót Nơi Công Sở - English Presentation - Ngôi Sao Báo Cáo Và Thuyết Trình,135000.0,3.7,33,https://tiki.vn/sach-song-sot-noi-cong-so-english-presentation-ngoi-sao-bao-cao-va-thuyet-trinh-p90624188.html?spid=94581969,Tiki,Mỹ phẩm,False
64242423,Combo Sách Hay Về Kỹ Năng Làm Việc: Bản Đồ Tư Duy Trong Công Việc + Quy Tắc Làm Việc Của Google,318000.0,0.0,0,https://tiki.vn/combo-sach-hay-ve-ky-nang-lam-viec-ban-do-tu-duy-trong-cong-viec-quy-tac-lam-viec-cua-google-p64242423.html?spid=192802542,Tiki,Mỹ phẩm,True
53495949,Sách Lập Kế Hoạch Công Việc Theo Chu Trình PDCA,111750.0,4.8,307,https://tiki.vn/sach-lap-ke-hoach-cong-viec-theo-chu-trinh-pdca-p53495949.html?spid=99109504,Tiki,Mỹ phẩm,False
37216721,"Cuốn Sách Kinh Doanh Được Bán Chạy Nhất Hoa Kỳ Năm 2016: Siêu Dịch Vụ, Siêu Lợi Nhuận; Tặng Kèm BookMark",118000.0,0.0,13,https://tiki.vn/cuon-sach-kinh-doanh-duoc-ban-chay-nhat-hoa-ky-nam-2016-sieu-dich-vu-sieu-loi-nhuan-tang-kem-bookmark-p37216721.html?spid=76468036,Tiki,Mỹ phẩm,False
29810898,Đổi Mới Từ Cốt Lõi (Tái Bản 2018) ( Tặng Bookmark Sáng Tạo ),149000.0,0.0,0,https://tiki.vn/doi-moi-tu-cot-loi-tai-ban-2018-tang-bookmark-sang-tao-p29810898.html?spid=274718968,Tiki,Mỹ phẩm,False
26076336,Bí Quyết Đàm Phán Để Nắm Bắt Mọi Thương Vụ (Tặng 01 bút bi độc đáo),110000.0,0.0,0,https://tiki.vn/bi-quyet-dam-phan-de-nam-bat-moi-thuong-vu-tang-01-but-bi-doc-dao-p26076336.html?spid=277090798,Tiki,Mỹ phẩm,False
23404359,Combo 2 cuốn sách hay nhất về kinh tế từ Warren Buffett : Những Bài Học Đầu Tư Từ Warren Buffett + Phương Pháp Đầu Tư Warren Buffett ( Tặng kèm Postcard Happy Life),368000.0,0.0,2,https://tiki.vn/combo-2-cuon-sach-hay-nhat-ve-kinh-te-tu-warren-buffett-nhung-bai-hoc-dau-tu-tu-warren-buffett-phuong-phap-dau-tu-warren-buffett-tang-kem-postcard-happy-life-p23404359.html?spid=192128140,Tiki,Mỹ phẩm,True
6543931,Sách Những Ngã Rẽ Nghề Nghiệp,86800.0,5.0,77,https://tiki.vn/sach-nhung-nga-re-nghe-nghiep-p6543931.html?spid=6543933,Tiki,Mỹ phẩm,False
4995805,Sách 100 Ý Tưởng Tiếp Thị Tuyệt Hay (Tái Bản),70000.0,4.8,215,https://tiki.vn/sach-100-y-tuong-tiep-thi-tuyet-hay-tai-ban-p4995805.html?spid=4995807,Tiki,Mỹ phẩm,False
3517773,Sách Xây Dựng Câu Chuyện Thương Hiệu,219000.0,0.0,0,https://tiki.vn/sach-xay-dung-cau-chuyen-thuong-hieu-p3517773.html?spid=277116539,Tiki,Mỹ phẩm,False
3343903,"Sách Thông Minh Hơn, Nhanh Hơn, Giỏi Hơn (Tái Bản 2018)",114800.0,5.0,335,https://tiki.vn/sach-thong-minh-hon-nhanh-hon-gioi-hon-tai-ban-2018-p3343903.html?spid=3488545,Tiki,Mỹ phẩm,False
1699263,Sách Sinh Ra Để Chạy,136300.0,4.7,4398,https://tiki.vn/sach-sinh-ra-de-chay-p1699263.html?spid=1702533,Tiki,Mỹ phẩm,False
719135,Sách Cú Hích,198000.0,0.0,1,https://tiki.vn/sach-cu-hich-p719135.html?spid=126035708,Tiki,Mỹ phẩm,False
515857,Sách Thuật Thiết Lập Chiến Lược Kinh Doanh,69000.0,0.0,0,https://tiki.vn/sach-thuat-thiet-lap-chien-luoc-kinh-doanh-p515857.html?spid=274704315,Tiki,Mỹ phẩm,False
433515,Sách Cẩm Nang Tư Duy Phản Biện,30000.0,0.0,0,https://tiki.vn/sach-cam-nang-tu-duy-phan-bien-p433515.html?spid=276908346,Tiki,Mỹ phẩm,False
